time(UTC),ghi,dni,dhi,temp_air,wind_speed
1990-01-01 00:00:00+00:00,0.0,0.0,0.0,2.43,4.3
1990-01-01 01:00:00+00:00,0.0,0.0,0.0,2.85,4.36
1990-01-01 02:00:00+00:00,0.0,0.0,0.0,3.27,4.41
1990-01-01 03:00:00+00:00,0.0,0.0,0.0,3.69,4.46
1990-01-01 04:00:00+00:00,0.0,0.0,0.0,4.11,4.51
1990-01-01 05:00:00+00:00,0.0,0.0,0.0,4.53,4.57
1990-01-01 06:00:00+00:00,0.0,0.0,0.0,4.95,4.62
1990-01-01 07:00:00+00:00,0.0,0.0,0.0,5.37,4.67
1990-01-01 08:00:00+00:00,0.0,0.0,0.0,6.04,5.66
1990-01-01 09:00:00+00:00,21.0,0.0,21.0,6.29,6.21
1990-01-01 10:00:00+00:00,54.0,5.7,53.0,6.55,7.17
1990-01-01 11:00:00+00:00,44.0,0.0,44.0,6.31,8.34
1990-01-01 12:00:00+00:00,50.0,0.0,50.0,6.13,8.62
1990-01-01 13:00:00+00:00,17.0,0.0,17.0,7.24,9.03
1990-01-01 14:00:00+00:00,64.0,17.11,61.0,8.23,8.07
1990-01-01 15:00:00+00:00,27.0,23.21,25.0,9.12,7.24
1990-01-01 16:00:00+00:00,0.0,0.0,0.0,9.24,6.69
1990-01-01 17:00:00+00:00,0.0,0.0,0.0,9.39,6.55
1990-01-01 18:00:00+00:00,0.0,0.0,0.0,9.67,6.76
1990-01-01 19:00:00+00:00,0.0,0.0,0.0,9.25,6.14
1990-01-01 20:00:00+00:00,0.0,0.0,0.0,9.58,6.48
1990-01-01 21:00:00+00:00,0.0,0.0,0.0,9.48,6.76
1990-01-01 22:00:00+00:00,0.0,0.0,0.0,8.74,6.0
1990-01-01 23:00:00+00:00,0.0,0.0,0.0,8.18,5.52
1990-01-02 00:00:00+00:00,0.0,0.0,0.0,7.76,5.38
1990-01-02 01:00:00+00:00,0.0,0.0,0.0,7.46,4.62
1990-01-02 02:00:00+00:00,0.0,0.0,0.0,7.07,4.07
1990-01-02 03:00:00+00:00,0.0,0.0,0.0,6.61,3.86
1990-01-02 04:00:00+00:00,0.0,0.0,0.0,6.07,3.93
1990-01-02 05:00:00+00:00,0.0,0.0,0.0,5.44,3.79
1990-01-02 06:00:00+00:00,0.0,0.0,0.0,4.61,3.45
1990-01-02 07:00:00+00:00,0.0,0.0,0.0,4.22,3.79
1990-01-02 08:00:00+00:00,0.0,0.0,0.0,3.86,3.59
1990-01-02 09:00:00+00:00,55.0,298.9,29.0,3.87,3.52
1990-01-02 10:00:00+00:00,138.0,465.1,56.0,4.8,4.0
1990-01-02 11:00:00+00:00,198.0,563.29,67.0,6.01,3.86
1990-01-02 12:00:00+00:00,232.0,690.72,58.0,6.98,4.62
1990-01-02 13:00:00+00:00,168.0,317.54,94.0,7.51,5.79
1990-01-02 14:00:00+00:00,52.0,5.64,51.0,7.62,5.03
1990-01-02 15:00:00+00:00,44.0,135.91,32.0,7.36,4.97
1990-01-02 16:00:00+00:00,0.0,0.0,0.0,6.66,4.62
1990-01-02 17:00:00+00:00,0.0,0.0,0.0,6.17,4.62
1990-01-02 18:00:00+00:00,0.0,0.0,0.0,5.99,4.83
1990-01-02 19:00:00+00:00,0.0,0.0,0.0,6.44,4.97
1990-01-02 20:00:00+00:00,0.0,0.0,0.0,6.66,4.97
1990-01-02 21:00:00+00:00,0.0,0.0,0.0,6.78,5.93
1990-01-02 22:00:00+00:00,0.0,0.0,0.0,7.48,6.97
1990-01-02 23:00:00+00:00,0.0,0.0,0.0,8.2,7.79
1990-01-03 00:00:00+00:00,0.0,0.0,0.0,8.44,8.07
1990-01-03 01:00:00+00:00,0.0,0.0,0.0,8.86,7.31
1990-01-03 02:00:00+00:00,0.0,0.0,0.0,8.37,6.55
1990-01-03 03:00:00+00:00,0.0,0.0,0.0,7.45,6.28
1990-01-03 04:00:00+00:00,0.0,0.0,0.0,6.99,6.83
1990-01-03 05:00:00+00:00,0.0,0.0,0.0,6.82,7.24
1990-01-03 06:00:00+00:00,0.0,0.0,0.0,6.85,7.59
1990-01-03 07:00:00+00:00,0.0,0.0,0.0,6.82,7.03
1990-01-03 08:00:00+00:00,0.0,0.0,0.0,6.39,7.52
1990-01-03 09:00:00+00:00,48.0,182.48,32.0,5.94,7.59
1990-01-03 10:00:00+00:00,141.0,490.72,54.0,6.07,7.38
1990-01-03 11:00:00+00:00,173.0,346.39,92.0,6.56,7.59
1990-01-03 12:00:00+00:00,200.0,426.06,92.0,6.92,8.48
1990-01-03 13:00:00+00:00,111.0,55.35,98.0,7.0,8.34
1990-01-03 14:00:00+00:00,88.0,78.08,74.0,6.43,8.69
1990-01-03 15:00:00+00:00,61.0,386.66,26.0,6.0,8.0
1990-01-03 16:00:00+00:00,0.0,0.0,0.0,5.75,8.0
1990-01-03 17:00:00+00:00,0.0,0.0,0.0,5.61,8.62
1990-01-03 18:00:00+00:00,0.0,0.0,0.0,5.88,9.45
1990-01-03 19:00:00+00:00,0.0,0.0,0.0,5.53,8.9
1990-01-03 20:00:00+00:00,0.0,0.0,0.0,5.7,9.1
1990-01-03 21:00:00+00:00,0.0,0.0,0.0,5.7,8.83
1990-01-03 22:00:00+00:00,0.0,0.0,0.0,5.73,8.34
1990-01-03 23:00:00+00:00,0.0,0.0,0.0,5.37,7.59
1990-01-04 00:00:00+00:00,0.0,0.0,0.0,5.32,6.83
1990-01-04 01:00:00+00:00,0.0,0.0,0.0,5.08,5.59
1990-01-04 02:00:00+00:00,0.0,0.0,0.0,4.51,4.83
1990-01-04 03:00:00+00:00,0.0,0.0,0.0,4.04,3.86
1990-01-04 04:00:00+00:00,0.0,0.0,0.0,3.94,3.38
1990-01-04 05:00:00+00:00,0.0,0.0,0.0,4.09,3.38
1990-01-04 06:00:00+00:00,0.0,0.0,0.0,4.4,3.45
1990-01-04 07:00:00+00:00,0.0,0.0,0.0,5.38,3.45
1990-01-04 08:00:00+00:00,0.0,0.0,0.0,5.79,3.03
1990-01-04 09:00:00+00:00,50.0,214.68,31.0,6.02,3.17
1990-01-04 10:00:00+00:00,70.0,28.03,65.0,6.12,3.17
1990-01-04 11:00:00+00:00,66.0,0.0,66.0,6.05,2.48
1990-01-04 12:00:00+00:00,52.0,0.0,52.0,5.98,2.07
1990-01-04 13:00:00+00:00,62.0,0.0,62.0,5.87,2.07
1990-01-04 14:00:00+00:00,92.0,88.17,76.0,5.62,2.55
1990-01-04 15:00:00+00:00,49.0,172.31,33.0,5.41,3.45
1990-01-04 16:00:00+00:00,0.0,0.0,0.0,4.9,4.14
1990-01-04 17:00:00+00:00,0.0,0.0,0.0,4.47,4.0
1990-01-04 18:00:00+00:00,0.0,0.0,0.0,3.99,3.45
1990-01-04 19:00:00+00:00,0.0,0.0,0.0,3.74,3.17
1990-01-04 20:00:00+00:00,0.0,0.0,0.0,3.07,3.24
1990-01-04 21:00:00+00:00,0.0,0.0,0.0,2.23,3.1
1990-01-04 22:00:00+00:00,0.0,0.0,0.0,1.44,2.9
1990-01-04 23:00:00+00:00,0.0,0.0,0.0,0.81,2.97
1990-01-05 00:00:00+00:00,0.0,0.0,0.0,0.5,3.17
1990-01-05 01:00:00+00:00,0.0,0.0,0.0,0.54,3.31
1990-01-05 02:00:00+00:00,0.0,0.0,0.0,0.7,3.38
1990-01-05 03:00:00+00:00,0.0,0.0,0.0,0.71,3.31
1990-01-05 04:00:00+00:00,0.0,0.0,0.0,0.6,3.24
1990-01-05 05:00:00+00:00,0.0,0.0,0.0,0.43,3.17
1990-01-05 06:00:00+00:00,0.0,0.0,0.0,0.27,3.1
1990-01-05 07:00:00+00:00,0.0,0.0,0.0,0.56,2.9
1990-01-05 08:00:00+00:00,0.0,0.0,0.0,0.55,3.03
1990-01-05 09:00:00+00:00,36.0,55.9,31.0,0.82,3.24
1990-01-05 10:00:00+00:00,67.0,16.7,64.0,2.31,3.79
1990-01-05 11:00:00+00:00,58.0,0.0,58.0,3.44,4.34
1990-01-05 12:00:00+00:00,58.0,0.0,58.0,4.32,4.9
1990-01-05 13:00:00+00:00,70.0,0.0,70.0,4.88,5.38
1990-01-05 14:00:00+00:00,57.0,5.44,56.0,5.72,6.14
1990-01-05 15:00:00+00:00,29.0,10.49,28.0,6.57,6.76
1990-01-05 16:00:00+00:00,0.0,0.0,0.0,7.09,7.1
1990-01-05 17:00:00+00:00,0.0,0.0,0.0,7.56,7.38
1990-01-05 18:00:00+00:00,0.0,0.0,0.0,7.83,7.52
1990-01-05 19:00:00+00:00,0.0,0.0,0.0,7.89,8.07
1990-01-05 20:00:00+00:00,0.0,0.0,0.0,8.92,8.21
1990-01-05 21:00:00+00:00,0.0,0.0,0.0,10.47,8.41
1990-01-05 22:00:00+00:00,0.0,0.0,0.0,11.12,8.48
1990-01-05 23:00:00+00:00,0.0,0.0,0.0,11.33,8.69
1990-01-06 00:00:00+00:00,0.0,0.0,0.0,10.98,7.79
1990-01-06 01:00:00+00:00,0.0,0.0,0.0,10.17,7.24
1990-01-06 02:00:00+00:00,0.0,0.0,0.0,9.33,7.31
1990-01-06 03:00:00+00:00,0.0,0.0,0.0,8.59,6.9
1990-01-06 04:00:00+00:00,0.0,0.0,0.0,8.24,6.9
1990-01-06 05:00:00+00:00,0.0,0.0,0.0,7.88,6.83
1990-01-06 06:00:00+00:00,0.0,0.0,0.0,7.57,6.83
1990-01-06 07:00:00+00:00,0.0,0.0,0.0,7.35,6.55
1990-01-06 08:00:00+00:00,0.0,0.0,0.0,7.38,6.83
1990-01-06 09:00:00+00:00,54.0,254.08,31.0,7.79,7.17
1990-01-06 10:00:00+00:00,120.0,259.67,73.0,8.55,7.72
1990-01-06 11:00:00+00:00,184.0,402.61,88.0,9.36,8.34
1990-01-06 12:00:00+00:00,207.0,444.09,92.0,9.71,8.83
1990-01-06 13:00:00+00:00,188.0,418.86,87.0,9.77,9.45
1990-01-06 14:00:00+00:00,126.0,284.67,73.0,9.74,8.55
1990-01-06 15:00:00+00:00,61.0,306.58,31.0,9.6,8.55
1990-01-06 16:00:00+00:00,0.0,0.0,0.0,9.37,8.55
1990-01-06 17:00:00+00:00,0.0,0.0,0.0,8.87,8.07
1990-01-06 18:00:00+00:00,0.0,0.0,0.0,8.72,7.93
1990-01-06 19:00:00+00:00,0.0,0.0,0.0,8.52,7.59
1990-01-06 20:00:00+00:00,0.0,0.0,0.0,8.51,7.59
1990-01-06 21:00:00+00:00,0.0,0.0,0.0,8.57,7.72
1990-01-06 22:00:00+00:00,0.0,0.0,0.0,8.61,7.45
1990-01-06 23:00:00+00:00,0.0,0.0,0.0,8.24,7.03
1990-01-07 00:00:00+00:00,0.0,0.0,0.0,8.36,6.97
1990-01-07 01:00:00+00:00,0.0,0.0,0.0,8.25,7.03
1990-01-07 02:00:00+00:00,0.0,0.0,0.0,8.0,6.9
1990-01-07 03:00:00+00:00,0.0,0.0,0.0,7.9,6.76
1990-01-07 04:00:00+00:00,0.0,0.0,0.0,7.56,6.76
1990-01-07 05:00:00+00:00,0.0,0.0,0.0,7.64,6.76
1990-01-07 06:00:00+00:00,0.0,0.0,0.0,7.71,6.97
1990-01-07 07:00:00+00:00,0.0,0.0,0.0,7.77,6.55
1990-01-07 08:00:00+00:00,0.0,0.0,0.0,7.67,6.28
1990-01-07 09:00:00+00:00,40.0,76.32,33.0,7.49,6.28
1990-01-07 10:00:00+00:00,150.0,537.04,52.0,7.8,6.62
1990-01-07 11:00:00+00:00,132.0,104.07,107.0,8.12,7.86
1990-01-07 12:00:00+00:00,217.0,505.7,85.0,8.44,6.48
1990-01-07 13:00:00+00:00,119.0,61.61,104.0,8.82,6.28
1990-01-07 14:00:00+00:00,81.0,37.1,74.0,8.77,7.66
1990-01-07 15:00:00+00:00,55.0,189.03,36.0,8.77,7.38
1990-01-07 16:00:00+00:00,0.0,0.0,0.0,8.47,7.17
1990-01-07 17:00:00+00:00,0.0,0.0,0.0,8.23,6.97
1990-01-07 18:00:00+00:00,0.0,0.0,0.0,8.13,6.76
1990-01-07 19:00:00+00:00,0.0,0.0,0.0,7.71,6.21
1990-01-07 20:00:00+00:00,0.0,0.0,0.0,7.77,5.93
1990-01-07 21:00:00+00:00,0.0,0.0,0.0,7.82,5.66
1990-01-07 22:00:00+00:00,0.0,0.0,0.0,7.68,5.38
1990-01-07 23:00:00+00:00,0.0,0.0,0.0,7.49,5.24
1990-01-08 00:00:00+00:00,0.0,0.0,0.0,7.15,5.24
1990-01-08 01:00:00+00:00,0.0,0.0,0.0,6.75,5.17
1990-01-08 02:00:00+00:00,0.0,0.0,0.0,6.44,5.24
1990-01-08 03:00:00+00:00,0.0,0.0,0.0,6.49,5.45
1990-01-08 04:00:00+00:00,0.0,0.0,0.0,6.58,5.66
1990-01-08 05:00:00+00:00,0.0,0.0,0.0,6.81,5.72
1990-01-08 06:00:00+00:00,0.0,0.0,0.0,6.78,5.59
1990-01-08 07:00:00+00:00,0.0,0.0,0.0,6.82,5.17
1990-01-08 08:00:00+00:00,0.0,0.0,0.0,6.62,4.62
1990-01-08 09:00:00+00:00,64.0,397.7,27.0,6.4,4.28
1990-01-08 10:00:00+00:00,131.0,331.35,70.0,6.99,4.07
1990-01-08 11:00:00+00:00,133.0,103.25,108.0,7.75,3.17
1990-01-08 12:00:00+00:00,115.0,34.19,106.0,8.54,3.93
1990-01-08 13:00:00+00:00,83.0,8.13,81.0,9.12,4.9
1990-01-08 14:00:00+00:00,39.0,0.0,39.0,8.98,2.97
1990-01-08 15:00:00+00:00,38.0,38.73,34.0,8.64,2.83
1990-01-08 16:00:00+00:00,0.0,0.0,0.0,7.85,2.28
1990-01-08 17:00:00+00:00,0.0,0.0,0.0,7.23,2.28
1990-01-08 18:00:00+00:00,0.0,0.0,0.0,7.09,2.69
1990-01-08 19:00:00+00:00,0.0,0.0,0.0,7.35,3.66
1990-01-08 20:00:00+00:00,0.0,0.0,0.0,8.07,4.62
1990-01-08 21:00:00+00:00,0.0,0.0,0.0,8.89,5.1
1990-01-08 22:00:00+00:00,0.0,0.0,0.0,9.37,5.1
1990-01-08 23:00:00+00:00,0.0,0.0,0.0,9.57,5.03
1990-01-09 00:00:00+00:00,0.0,0.0,0.0,9.88,4.76
1990-01-09 01:00:00+00:00,0.0,0.0,0.0,9.62,4.69
1990-01-09 02:00:00+00:00,0.0,0.0,0.0,8.77,4.76
1990-01-09 03:00:00+00:00,0.0,0.0,0.0,8.22,4.55
1990-01-09 04:00:00+00:00,0.0,0.0,0.0,7.82,4.34
1990-01-09 05:00:00+00:00,0.0,0.0,0.0,7.64,4.21
1990-01-09 06:00:00+00:00,0.0,0.0,0.0,7.49,4.76
1990-01-09 07:00:00+00:00,0.0,0.0,0.0,6.83,6.55
1990-01-09 08:00:00+00:00,0.0,0.0,0.0,5.29,6.07
1990-01-09 09:00:00+00:00,34.0,31.75,31.0,4.62,5.79
1990-01-09 10:00:00+00:00,100.0,113.01,79.0,5.09,4.62
1990-01-09 11:00:00+00:00,116.0,53.24,103.0,5.81,4.83
1990-01-09 12:00:00+00:00,225.0,538.55,82.0,6.62,6.48
1990-01-09 13:00:00+00:00,165.0,229.43,108.0,6.83,5.24
1990-01-09 14:00:00+00:00,120.0,195.8,82.0,6.76,4.97
1990-01-09 15:00:00+00:00,69.0,339.19,33.0,6.39,4.76
1990-01-09 16:00:00+00:00,0.0,0.0,0.0,5.49,4.21
1990-01-09 17:00:00+00:00,0.0,0.0,0.0,4.84,4.07
1990-01-09 18:00:00+00:00,0.0,0.0,0.0,4.18,3.86
1990-01-09 19:00:00+00:00,0.0,0.0,0.0,3.85,3.86
1990-01-09 20:00:00+00:00,0.0,0.0,0.0,3.5,3.72
1990-01-09 21:00:00+00:00,0.0,0.0,0.0,3.11,3.52
1990-01-09 22:00:00+00:00,0.0,0.0,0.0,2.76,3.31
1990-01-09 23:00:00+00:00,0.0,0.0,0.0,2.45,3.24
1990-01-10 00:00:00+00:00,0.0,0.0,0.0,2.25,3.17
1990-01-10 01:00:00+00:00,0.0,0.0,0.0,2.17,3.24
1990-01-10 02:00:00+00:00,0.0,0.0,0.0,2.15,3.17
1990-01-10 03:00:00+00:00,0.0,0.0,0.0,2.16,3.17
1990-01-10 04:00:00+00:00,0.0,0.0,0.0,2.06,3.24
1990-01-10 05:00:00+00:00,0.0,0.0,0.0,2.04,3.24
1990-01-10 06:00:00+00:00,0.0,0.0,0.0,2.04,3.17
1990-01-10 07:00:00+00:00,0.0,0.0,0.0,2.36,3.1
1990-01-10 08:00:00+00:00,0.0,0.0,0.0,2.52,3.17
1990-01-10 09:00:00+00:00,44.0,93.71,35.0,2.75,3.38
1990-01-10 10:00:00+00:00,86.0,53.28,76.0,3.91,3.59
1990-01-10 11:00:00+00:00,207.0,527.75,77.0,5.04,3.24
1990-01-10 12:00:00+00:00,194.0,306.02,112.0,6.01,3.59
1990-01-10 13:00:00+00:00,167.0,230.98,109.0,6.7,3.79
1990-01-10 14:00:00+00:00,148.0,396.09,70.0,7.01,3.52
1990-01-10 15:00:00+00:00,53.0,109.99,41.0,6.99,4.07
1990-01-10 16:00:00+00:00,0.0,0.0,0.0,6.75,3.86
1990-01-10 17:00:00+00:00,0.0,0.0,0.0,6.48,3.79
1990-01-10 18:00:00+00:00,0.0,0.0,0.0,6.26,3.72
1990-01-10 19:00:00+00:00,0.0,0.0,0.0,6.54,4.07
1990-01-10 20:00:00+00:00,0.0,0.0,0.0,6.61,4.34
1990-01-10 21:00:00+00:00,0.0,0.0,0.0,6.53,4.55
1990-01-10 22:00:00+00:00,0.0,0.0,0.0,6.6,4.69
1990-01-10 23:00:00+00:00,0.0,0.0,0.0,6.64,4.76
1990-01-11 00:00:00+00:00,0.0,0.0,0.0,6.64,4.55
1990-01-11 01:00:00+00:00,0.0,0.0,0.0,6.65,4.21
1990-01-11 02:00:00+00:00,0.0,0.0,0.0,6.57,3.86
1990-01-11 03:00:00+00:00,0.0,0.0,0.0,5.72,3.66
1990-01-11 04:00:00+00:00,0.0,0.0,0.0,4.89,3.52
1990-01-11 05:00:00+00:00,0.0,0.0,0.0,4.23,3.17
1990-01-11 06:00:00+00:00,0.0,0.0,0.0,3.51,2.9
1990-01-11 07:00:00+00:00,0.0,0.0,0.0,2.76,3.17
1990-01-11 08:00:00+00:00,0.0,0.0,0.0,2.14,2.97
1990-01-11 09:00:00+00:00,63.0,317.21,32.0,1.9,2.76
1990-01-11 10:00:00+00:00,155.0,521.96,56.0,2.79,3.17
1990-01-11 11:00:00+00:00,218.0,599.35,69.0,3.94,2.83
1990-01-11 12:00:00+00:00,181.0,218.11,122.0,4.62,4.41
1990-01-11 13:00:00+00:00,215.0,531.74,80.0,4.83,3.93
1990-01-11 14:00:00+00:00,147.0,365.22,74.0,4.86,3.52
1990-01-11 15:00:00+00:00,77.0,374.46,35.0,4.59,2.69
1990-01-11 16:00:00+00:00,0.0,0.0,0.0,4.24,2.34
1990-01-11 17:00:00+00:00,0.0,0.0,0.0,3.15,1.79
1990-01-11 18:00:00+00:00,0.0,0.0,0.0,1.94,1.45
1990-01-11 19:00:00+00:00,0.0,0.0,0.0,0.4,1.66
1990-01-11 20:00:00+00:00,0.0,0.0,0.0,-0.68,1.66
1990-01-11 21:00:00+00:00,0.0,0.0,0.0,-1.3,1.59
1990-01-11 22:00:00+00:00,0.0,0.0,0.0,-1.99,1.66
1990-01-11 23:00:00+00:00,0.0,0.0,0.0,-2.64,1.72
1990-01-12 00:00:00+00:00,0.0,0.0,0.0,-2.97,2.0
1990-01-12 01:00:00+00:00,0.0,0.0,0.0,-2.74,2.28
1990-01-12 02:00:00+00:00,0.0,0.0,0.0,-2.13,2.48
1990-01-12 03:00:00+00:00,0.0,0.0,0.0,-1.65,2.62
1990-01-12 04:00:00+00:00,0.0,0.0,0.0,-1.41,2.69
1990-01-12 05:00:00+00:00,0.0,0.0,0.0,-1.14,3.1
1990-01-12 06:00:00+00:00,0.0,0.0,0.0,-0.77,3.45
1990-01-12 07:00:00+00:00,0.0,0.0,0.0,-0.11,3.1
1990-01-12 08:00:00+00:00,0.0,0.0,0.0,-0.15,3.24
1990-01-12 09:00:00+00:00,47.0,100.47,37.0,0.34,3.79
1990-01-12 10:00:00+00:00,132.0,286.8,77.0,1.57,4.34
1990-01-12 11:00:00+00:00,82.0,3.98,81.0,2.56,4.9
1990-01-12 12:00:00+00:00,82.0,0.0,82.0,3.25,5.17
1990-01-12 13:00:00+00:00,69.0,0.0,69.0,3.68,4.62
1990-01-12 14:00:00+00:00,18.0,0.0,18.0,4.07,4.69
1990-01-12 15:00:00+00:00,41.0,26.01,38.0,4.54,4.83
1990-01-12 16:00:00+00:00,0.0,0.0,0.0,5.0,4.97
1990-01-12 17:00:00+00:00,0.0,0.0,0.0,5.52,5.03
1990-01-12 18:00:00+00:00,0.0,0.0,0.0,5.96,5.24
1990-01-12 19:00:00+00:00,0.0,0.0,0.0,5.8,5.38
1990-01-12 20:00:00+00:00,0.0,0.0,0.0,6.22,5.66
1990-01-12 21:00:00+00:00,0.0,0.0,0.0,6.78,5.52
1990-01-12 22:00:00+00:00,0.0,0.0,0.0,7.32,5.1
1990-01-12 23:00:00+00:00,0.0,0.0,0.0,7.69,4.41
1990-01-13 00:00:00+00:00,0.0,0.0,0.0,7.46,5.31
1990-01-13 01:00:00+00:00,0.0,0.0,0.0,5.92,4.69
1990-01-13 02:00:00+00:00,0.0,0.0,0.0,4.61,3.93
1990-01-13 03:00:00+00:00,0.0,0.0,0.0,3.84,3.72
1990-01-13 04:00:00+00:00,0.0,0.0,0.0,3.9,3.86
1990-01-13 05:00:00+00:00,0.0,0.0,0.0,3.7,3.86
1990-01-13 06:00:00+00:00,0.0,0.0,0.0,3.34,3.72
1990-01-13 07:00:00+00:00,0.0,0.0,0.0,3.39,3.59
1990-01-13 08:00:00+00:00,0.0,0.0,0.0,3.0,3.52
1990-01-13 09:00:00+00:00,68.0,354.81,32.0,2.99,3.45
1990-01-13 10:00:00+00:00,159.0,530.94,56.0,3.74,3.38
1990-01-13 11:00:00+00:00,225.0,623.25,67.0,4.78,3.66
1990-01-13 12:00:00+00:00,242.0,587.08,80.0,5.78,4.97
1990-01-13 13:00:00+00:00,199.0,373.41,102.0,6.47,5.24
1990-01-13 14:00:00+00:00,132.0,218.35,87.0,6.83,4.55
1990-01-13 15:00:00+00:00,56.0,92.77,45.0,6.7,3.86
1990-01-13 16:00:00+00:00,0.0,0.0,0.0,6.17,4.0
1990-01-13 17:00:00+00:00,0.0,0.0,0.0,5.77,4.07
1990-01-13 18:00:00+00:00,0.0,0.0,0.0,5.31,3.93
1990-01-13 19:00:00+00:00,0.0,0.0,0.0,4.72,4.07
1990-01-13 20:00:00+00:00,0.0,0.0,0.0,3.93,4.21
1990-01-13 21:00:00+00:00,0.0,0.0,0.0,3.22,3.66
1990-01-13 22:00:00+00:00,0.0,0.0,0.0,2.82,3.45
1990-01-13 23:00:00+00:00,0.0,0.0,0.0,2.61,3.17
1990-01-14 00:00:00+00:00,0.0,0.0,0.0,2.58,2.83
1990-01-14 01:00:00+00:00,0.0,0.0,0.0,2.32,2.55
1990-01-14 02:00:00+00:00,0.0,0.0,0.0,2.22,2.62
1990-01-14 03:00:00+00:00,0.0,0.0,0.0,2.13,2.62
1990-01-14 04:00:00+00:00,0.0,0.0,0.0,1.93,2.34
1990-01-14 05:00:00+00:00,0.0,0.0,0.0,1.45,2.34
1990-01-14 06:00:00+00:00,0.0,0.0,0.0,1.1,2.55
1990-01-14 07:00:00+00:00,0.0,0.0,0.0,1.02,3.03
1990-01-14 08:00:00+00:00,0.0,0.0,0.0,0.86,2.76
1990-01-14 09:00:00+00:00,70.0,367.1,32.0,0.79,2.55
1990-01-14 10:00:00+00:00,150.0,417.64,68.0,1.62,2.69
1990-01-14 11:00:00+00:00,218.0,546.58,78.0,2.84,2.55
1990-01-14 12:00:00+00:00,249.0,624.03,75.0,3.77,2.69
1990-01-14 13:00:00+00:00,209.0,426.06,97.0,4.28,2.69
1990-01-14 14:00:00+00:00,174.0,544.53,60.0,4.52,2.62
1990-01-14 15:00:00+00:00,71.0,205.05,46.0,4.27,2.41
1990-01-14 16:00:00+00:00,0.0,0.0,0.0,3.42,2.41
1990-01-14 17:00:00+00:00,0.0,0.0,0.0,2.67,2.83
1990-01-14 18:00:00+00:00,0.0,0.0,0.0,2.92,3.45
1990-01-14 19:00:00+00:00,0.0,0.0,0.0,3.74,4.28
1990-01-14 20:00:00+00:00,0.0,0.0,0.0,3.75,4.69
1990-01-14 21:00:00+00:00,0.0,0.0,0.0,4.01,5.1
1990-01-14 22:00:00+00:00,0.0,0.0,0.0,4.52,5.17
1990-01-14 23:00:00+00:00,0.0,0.0,0.0,5.09,4.9
1990-01-15 00:00:00+00:00,0.0,0.0,0.0,5.65,4.34
1990-01-15 01:00:00+00:00,0.0,0.0,0.0,6.18,3.72
1990-01-15 02:00:00+00:00,0.0,0.0,0.0,6.67,3.31
1990-01-15 03:00:00+00:00,0.0,0.0,0.0,7.17,3.17
1990-01-15 04:00:00+00:00,0.0,0.0,0.0,7.73,3.45
1990-01-15 05:00:00+00:00,0.0,0.0,0.0,8.07,3.72
1990-01-15 06:00:00+00:00,0.0,0.0,0.0,8.26,4.0
1990-01-15 07:00:00+00:00,0.0,0.0,0.0,8.4,4.55
1990-01-15 08:00:00+00:00,0.0,0.0,0.0,8.37,4.55
1990-01-15 09:00:00+00:00,26.0,0.0,26.0,8.31,4.62
1990-01-15 10:00:00+00:00,84.0,35.21,77.0,8.47,4.83
1990-01-15 11:00:00+00:00,155.0,154.51,115.0,8.72,5.1
1990-01-15 12:00:00+00:00,208.0,337.08,113.0,9.22,5.93
1990-01-15 13:00:00+00:00,104.0,18.79,99.0,9.1,5.66
1990-01-15 14:00:00+00:00,147.0,296.17,84.0,9.45,5.45
1990-01-15 15:00:00+00:00,88.0,406.83,37.0,9.28,5.66
1990-01-15 16:00:00+00:00,0.0,0.0,0.0,9.06,4.97
1990-01-15 17:00:00+00:00,0.0,0.0,0.0,8.81,4.97
1990-01-15 18:00:00+00:00,0.0,0.0,0.0,8.5,5.03
1990-01-15 19:00:00+00:00,0.0,0.0,0.0,8.63,4.83
1990-01-15 20:00:00+00:00,0.0,0.0,0.0,8.45,4.62
1990-01-15 21:00:00+00:00,0.0,0.0,0.0,8.34,4.07
1990-01-15 22:00:00+00:00,0.0,0.0,0.0,8.16,3.1
1990-01-15 23:00:00+00:00,0.0,0.0,0.0,7.9,2.28
1990-01-16 00:00:00+00:00,0.0,0.0,0.0,7.58,2.69
1990-01-16 01:00:00+00:00,0.0,0.0,0.0,7.06,2.69
1990-01-16 02:00:00+00:00,0.0,0.0,0.0,6.42,2.97
1990-01-16 03:00:00+00:00,0.0,0.0,0.0,5.84,3.38
1990-01-16 04:00:00+00:00,0.0,0.0,0.0,5.79,3.52
1990-01-16 05:00:00+00:00,0.0,0.0,0.0,5.35,3.45
1990-01-16 06:00:00+00:00,0.0,0.0,0.0,5.05,3.59
1990-01-16 07:00:00+00:00,0.0,0.0,0.0,4.0,3.24
1990-01-16 08:00:00+00:00,0.0,0.0,0.0,4.06,3.52
1990-01-16 09:00:00+00:00,69.0,296.38,37.0,4.36,3.93
1990-01-16 10:00:00+00:00,174.0,610.79,51.0,5.15,4.28
1990-01-16 11:00:00+00:00,207.0,427.9,95.0,6.33,4.55
1990-01-16 12:00:00+00:00,179.0,171.96,130.0,7.13,6.21
1990-01-16 13:00:00+00:00,213.0,423.16,99.0,7.46,6.0
1990-01-16 14:00:00+00:00,163.0,397.83,77.0,7.6,5.38
1990-01-16 15:00:00+00:00,72.0,178.45,49.0,7.53,5.03
1990-01-16 16:00:00+00:00,0.0,0.0,0.0,6.89,4.62
1990-01-16 17:00:00+00:00,0.0,0.0,0.0,6.44,4.48
1990-01-16 18:00:00+00:00,0.0,0.0,0.0,6.23,4.48
1990-01-16 19:00:00+00:00,0.0,0.0,0.0,5.34,4.34
1990-01-16 20:00:00+00:00,0.0,0.0,0.0,4.99,4.28
1990-01-16 21:00:00+00:00,0.0,0.0,0.0,5.03,4.21
1990-01-16 22:00:00+00:00,0.0,0.0,0.0,5.34,4.14
1990-01-16 23:00:00+00:00,0.0,0.0,0.0,5.38,4.21
1990-01-17 00:00:00+00:00,0.0,0.0,0.0,5.33,4.34
1990-01-17 01:00:00+00:00,0.0,0.0,0.0,5.15,4.48
1990-01-17 02:00:00+00:00,0.0,0.0,0.0,4.98,4.69
1990-01-17 03:00:00+00:00,0.0,0.0,0.0,5.1,4.9
1990-01-17 04:00:00+00:00,0.0,0.0,0.0,5.17,4.97
1990-01-17 05:00:00+00:00,0.0,0.0,0.0,5.34,4.97
1990-01-17 06:00:00+00:00,0.0,0.0,0.0,5.34,4.83
1990-01-17 07:00:00+00:00,0.0,0.0,0.0,4.8,4.62
1990-01-17 08:00:00+00:00,0.0,0.0,0.0,4.73,4.55
1990-01-17 09:00:00+00:00,66.0,235.57,40.0,4.9,4.55
1990-01-17 10:00:00+00:00,113.0,122.5,88.0,5.53,4.48
1990-01-17 11:00:00+00:00,183.0,256.88,115.0,6.21,5.31
1990-01-17 12:00:00+00:00,139.0,52.05,124.0,6.63,5.31
1990-01-17 13:00:00+00:00,178.0,205.27,122.0,7.21,5.52
1990-01-17 14:00:00+00:00,137.0,186.6,96.0,7.32,4.76
1990-01-17 15:00:00+00:00,87.0,309.43,46.0,7.15,3.59
1990-01-17 16:00:00+00:00,0.0,0.0,0.0,6.67,3.03
1990-01-17 17:00:00+00:00,0.0,0.0,0.0,5.52,2.76
1990-01-17 18:00:00+00:00,0.0,0.0,0.0,4.87,2.76
1990-01-17 19:00:00+00:00,0.0,0.0,0.0,4.46,2.76
1990-01-17 20:00:00+00:00,0.0,0.0,0.0,4.18,2.76
1990-01-17 21:00:00+00:00,0.0,0.0,0.0,3.78,2.69
1990-01-17 22:00:00+00:00,0.0,0.0,0.0,3.69,2.62
1990-01-17 23:00:00+00:00,0.0,0.0,0.0,3.43,2.55
1990-01-18 00:00:00+00:00,0.0,0.0,0.0,3.14,2.55
1990-01-18 01:00:00+00:00,0.0,0.0,0.0,2.8,2.62
1990-01-18 02:00:00+00:00,0.0,0.0,0.0,2.79,2.9
1990-01-18 03:00:00+00:00,0.0,0.0,0.0,3.38,2.9
1990-01-18 04:00:00+00:00,0.0,0.0,0.0,3.83,2.9
1990-01-18 05:00:00+00:00,0.0,0.0,0.0,4.46,3.31
1990-01-18 06:00:00+00:00,0.0,0.0,0.0,5.39,4.28
1990-01-18 07:00:00+00:00,0.0,0.0,0.0,6.89,5.45
1990-01-18 08:00:00+00:00,0.0,0.0,0.0,6.78,5.38
1990-01-18 09:00:00+00:00,54.0,97.44,43.0,6.59,5.59
1990-01-18 10:00:00+00:00,78.0,19.33,74.0,6.51,5.52
1990-01-18 11:00:00+00:00,84.0,3.73,83.0,6.97,5.52
1990-01-18 12:00:00+00:00,94.0,3.43,93.0,7.76,6.55
1990-01-18 13:00:00+00:00,70.0,0.0,70.0,7.94,6.07
1990-01-18 14:00:00+00:00,67.0,4.48,66.0,7.93,5.59
1990-01-18 15:00:00+00:00,78.0,183.55,53.0,7.76,5.24
1990-01-18 16:00:00+00:00,0.0,0.0,0.0,7.45,5.17
1990-01-18 17:00:00+00:00,0.0,0.0,0.0,7.31,5.31
1990-01-18 18:00:00+00:00,0.0,0.0,0.0,7.15,5.31
1990-01-18 19:00:00+00:00,0.0,0.0,0.0,7.15,5.31
1990-01-18 20:00:00+00:00,0.0,0.0,0.0,6.96,5.66
1990-01-18 21:00:00+00:00,0.0,0.0,0.0,6.81,5.59
1990-01-18 22:00:00+00:00,0.0,0.0,0.0,6.81,5.31
1990-01-18 23:00:00+00:00,0.0,0.0,0.0,6.89,5.24
1990-01-19 00:00:00+00:00,0.0,0.0,0.0,6.81,5.24
1990-01-19 01:00:00+00:00,0.0,0.0,0.0,6.73,4.9
1990-01-19 02:00:00+00:00,0.0,0.0,0.0,6.39,3.72
1990-01-19 03:00:00+00:00,0.0,0.0,0.0,6.19,2.9
1990-01-19 04:00:00+00:00,0.0,0.0,0.0,5.81,2.28
1990-01-19 05:00:00+00:00,0.0,0.0,0.0,5.42,2.21
1990-01-19 06:00:00+00:00,0.0,0.0,0.0,5.11,2.28
1990-01-19 07:00:00+00:00,0.0,0.0,0.0,5.04,2.0
1990-01-19 08:00:00+00:00,0.0,0.0,0.0,4.68,2.41
1990-01-19 09:00:00+00:00,76.0,320.26,39.0,4.45,2.69
1990-01-19 10:00:00+00:00,168.0,481.4,67.0,4.41,2.69
1990-01-19 11:00:00+00:00,237.0,590.43,77.0,4.57,2.62
1990-01-19 12:00:00+00:00,258.0,576.44,88.0,4.93,2.76
1990-01-19 13:00:00+00:00,251.0,632.27,74.0,5.37,2.9
1990-01-19 14:00:00+00:00,195.0,590.05,61.0,5.58,2.62
1990-01-19 15:00:00+00:00,99.0,385.75,45.0,5.65,2.21
1990-01-19 16:00:00+00:00,0.0,0.0,0.0,4.72,2.07
1990-01-19 17:00:00+00:00,0.0,0.0,0.0,3.34,2.41
1990-01-19 18:00:00+00:00,0.0,0.0,0.0,2.41,2.41
1990-01-19 19:00:00+00:00,0.0,0.0,0.0,2.25,2.62
1990-01-19 20:00:00+00:00,0.0,0.0,0.0,1.98,2.62
1990-01-19 21:00:00+00:00,0.0,0.0,0.0,1.79,2.62
1990-01-19 22:00:00+00:00,0.0,0.0,0.0,1.6,2.55
1990-01-19 23:00:00+00:00,0.0,0.0,0.0,1.43,2.55
1990-01-20 00:00:00+00:00,0.0,0.0,0.0,1.15,2.48
1990-01-20 01:00:00+00:00,0.0,0.0,0.0,0.88,2.34
1990-01-20 02:00:00+00:00,0.0,0.0,0.0,0.62,2.21
1990-01-20 03:00:00+00:00,0.0,0.0,0.0,0.41,2.14
1990-01-20 04:00:00+00:00,0.0,0.0,0.0,0.07,2.07
1990-01-20 05:00:00+00:00,0.0,0.0,0.0,-0.37,1.93
1990-01-20 06:00:00+00:00,0.0,0.0,0.0,-0.77,1.79
1990-01-20 07:00:00+00:00,0.0,0.0,0.0,-1.28,1.31
1990-01-20 08:00:00+00:00,0.0,0.0,0.0,-1.18,1.03
1990-01-20 09:00:00+00:00,79.0,329.72,40.0,-1.22,1.03
1990-01-20 10:00:00+00:00,174.0,502.72,67.0,1.17,0.48
1990-01-20 11:00:00+00:00,242.0,597.9,78.0,3.07,0.76
1990-01-20 12:00:00+00:00,273.0,656.74,77.0,4.4,1.59
1990-01-20 13:00:00+00:00,269.0,733.29,61.0,4.84,1.45
1990-01-20 14:00:00+00:00,154.0,238.17,99.0,5.23,1.45
1990-01-20 15:00:00+00:00,41.0,6.95,40.0,5.39,1.45
1990-01-20 16:00:00+00:00,0.0,0.0,0.0,5.09,1.1
1990-01-20 17:00:00+00:00,0.0,0.0,0.0,4.75,0.62
1990-01-20 18:00:00+00:00,0.0,0.0,0.0,4.65,0.21
1990-01-20 19:00:00+00:00,0.0,0.0,0.0,3.63,1.1
1990-01-20 20:00:00+00:00,0.0,0.0,0.0,3.87,0.76
1990-01-20 21:00:00+00:00,0.0,0.0,0.0,3.47,1.1
1990-01-20 22:00:00+00:00,0.0,0.0,0.0,3.27,1.38
1990-01-20 23:00:00+00:00,0.0,0.0,0.0,3.17,1.52
1990-01-21 00:00:00+00:00,0.0,0.0,0.0,3.07,1.52
1990-01-21 01:00:00+00:00,0.0,0.0,0.0,2.82,1.59
1990-01-21 02:00:00+00:00,0.0,0.0,0.0,2.66,1.66
1990-01-21 03:00:00+00:00,0.0,0.0,0.0,2.24,1.86
1990-01-21 04:00:00+00:00,0.0,0.0,0.0,2.03,2.07
1990-01-21 05:00:00+00:00,0.0,0.0,0.0,1.67,2.28
1990-01-21 06:00:00+00:00,0.0,0.0,0.0,1.33,2.48
1990-01-21 07:00:00+00:00,0.0,0.0,0.0,0.63,2.55
1990-01-21 08:00:00+00:00,0.0,0.0,0.0,0.68,2.69
1990-01-21 09:00:00+00:00,44.0,24.76,41.0,0.93,2.9
1990-01-21 10:00:00+00:00,117.0,106.49,94.0,2.11,3.24
1990-01-21 11:00:00+00:00,176.0,180.05,126.0,3.69,3.86
1990-01-21 12:00:00+00:00,237.0,390.63,119.0,5.05,4.28
1990-01-21 13:00:00+00:00,201.0,260.91,126.0,6.13,4.69
1990-01-21 14:00:00+00:00,124.0,93.68,102.0,6.83,6.14
1990-01-21 15:00:00+00:00,73.0,94.72,59.0,6.84,4.97
1990-01-21 16:00:00+00:00,4.0,0.0,4.0,6.44,4.97
1990-01-21 17:00:00+00:00,0.0,0.0,0.0,5.98,5.1
1990-01-21 18:00:00+00:00,0.0,0.0,0.0,5.58,5.1
1990-01-21 19:00:00+00:00,0.0,0.0,0.0,5.48,5.38
1990-01-21 20:00:00+00:00,0.0,0.0,0.0,5.24,5.52
1990-01-21 21:00:00+00:00,0.0,0.0,0.0,5.2,5.59
1990-01-21 22:00:00+00:00,0.0,0.0,0.0,5.3,5.59
1990-01-21 23:00:00+00:00,0.0,0.0,0.0,5.47,5.66
1990-01-22 00:00:00+00:00,0.0,0.0,0.0,5.45,5.38
1990-01-22 01:00:00+00:00,0.0,0.0,0.0,5.51,4.97
1990-01-22 02:00:00+00:00,0.0,0.0,0.0,5.59,4.41
1990-01-22 03:00:00+00:00,0.0,0.0,0.0,5.65,3.86
1990-01-22 04:00:00+00:00,0.0,0.0,0.0,5.75,3.24
1990-01-22 05:00:00+00:00,0.0,0.0,0.0,5.78,2.69
1990-01-22 06:00:00+00:00,0.0,0.0,0.0,5.79,2.34
1990-01-22 07:00:00+00:00,0.0,0.0,0.0,5.54,1.93
1990-01-22 08:00:00+00:00,0.0,0.0,0.0,5.43,1.86
1990-01-22 09:00:00+00:00,89.0,418.94,37.0,5.44,1.93
1990-01-22 10:00:00+00:00,124.0,127.71,96.0,5.61,2.28
1990-01-22 11:00:00+00:00,126.0,35.56,116.0,5.91,3.03
1990-01-22 12:00:00+00:00,139.0,39.24,127.0,6.68,3.86
1990-01-22 13:00:00+00:00,232.0,425.61,108.0,7.5,3.59
1990-01-22 14:00:00+00:00,188.0,448.02,81.0,7.85,2.34
1990-01-22 15:00:00+00:00,107.0,368.86,51.0,7.87,2.34
1990-01-22 16:00:00+00:00,7.0,0.0,7.0,7.6,2.21
1990-01-22 17:00:00+00:00,0.0,0.0,0.0,6.33,2.34
1990-01-22 18:00:00+00:00,0.0,0.0,0.0,5.79,2.48
1990-01-22 19:00:00+00:00,0.0,0.0,0.0,4.9,2.41
1990-01-22 20:00:00+00:00,0.0,0.0,0.0,4.6,2.55
1990-01-22 21:00:00+00:00,0.0,0.0,0.0,4.46,2.55
1990-01-22 22:00:00+00:00,0.0,0.0,0.0,4.16,2.41
1990-01-22 23:00:00+00:00,0.0,0.0,0.0,3.8,2.28
1990-01-23 00:00:00+00:00,0.0,0.0,0.0,3.13,2.28
1990-01-23 01:00:00+00:00,0.0,0.0,0.0,2.69,2.34
1990-01-23 02:00:00+00:00,0.0,0.0,0.0,2.08,2.62
1990-01-23 03:00:00+00:00,0.0,0.0,0.0,1.8,2.62
1990-01-23 04:00:00+00:00,0.0,0.0,0.0,1.44,2.55
1990-01-23 05:00:00+00:00,0.0,0.0,0.0,1.22,2.83
1990-01-23 06:00:00+00:00,0.0,0.0,0.0,1.35,3.1
1990-01-23 07:00:00+00:00,0.0,0.0,0.0,2.27,3.52
1990-01-23 08:00:00+00:00,0.0,0.0,0.0,2.93,4.28
1990-01-23 09:00:00+00:00,49.0,31.44,45.0,4.16,4.83
1990-01-23 10:00:00+00:00,185.0,521.1,69.0,5.1,5.24
1990-01-23 11:00:00+00:00,256.0,631.96,76.0,5.14,6.07
1990-01-23 12:00:00+00:00,244.0,387.56,124.0,5.02,5.66
1990-01-23 13:00:00+00:00,193.0,196.39,135.0,5.43,5.72
1990-01-23 14:00:00+00:00,109.0,41.17,99.0,4.92,5.86
1990-01-23 15:00:00+00:00,34.0,0.0,34.0,4.93,5.72
1990-01-23 16:00:00+00:00,4.0,0.0,4.0,4.33,5.1
1990-01-23 17:00:00+00:00,0.0,0.0,0.0,3.65,4.62
1990-01-23 18:00:00+00:00,0.0,0.0,0.0,3.11,4.34
1990-01-23 19:00:00+00:00,0.0,0.0,0.0,3.15,3.86
1990-01-23 20:00:00+00:00,0.0,0.0,0.0,2.84,3.38
1990-01-23 21:00:00+00:00,0.0,0.0,0.0,2.42,2.9
1990-01-23 22:00:00+00:00,0.0,0.0,0.0,2.04,2.62
1990-01-23 23:00:00+00:00,0.0,0.0,0.0,1.35,2.41
1990-01-24 00:00:00+00:00,0.0,0.0,0.0,0.99,2.34
1990-01-24 01:00:00+00:00,0.0,0.0,0.0,0.86,2.07
1990-01-24 02:00:00+00:00,0.0,0.0,0.0,0.94,1.86
1990-01-24 03:00:00+00:00,0.0,0.0,0.0,1.28,1.72
1990-01-24 04:00:00+00:00,0.0,0.0,0.0,1.5,1.66
1990-01-24 05:00:00+00:00,0.0,0.0,0.0,1.68,1.86
1990-01-24 06:00:00+00:00,0.0,0.0,0.0,1.93,2.14
1990-01-24 07:00:00+00:00,0.0,0.0,0.0,2.62,2.21
1990-01-24 08:00:00+00:00,0.0,0.0,0.0,2.93,2.55
1990-01-24 09:00:00+00:00,35.0,0.0,35.0,3.31,2.9
1990-01-24 10:00:00+00:00,48.0,0.0,48.0,3.76,3.31
1990-01-24 11:00:00+00:00,134.0,48.52,120.0,4.14,3.72
1990-01-24 12:00:00+00:00,76.0,0.0,76.0,4.49,3.79
1990-01-24 13:00:00+00:00,51.0,0.0,51.0,4.73,4.0
1990-01-24 14:00:00+00:00,29.0,0.0,29.0,5.02,4.07
1990-01-24 15:00:00+00:00,29.0,0.0,29.0,5.21,4.0
1990-01-24 16:00:00+00:00,3.0,0.0,3.0,5.35,4.14
1990-01-24 17:00:00+00:00,0.0,0.0,0.0,5.5,4.34
1990-01-24 18:00:00+00:00,0.0,0.0,0.0,5.62,4.55
1990-01-24 19:00:00+00:00,0.0,0.0,0.0,5.9,4.69
1990-01-24 20:00:00+00:00,0.0,0.0,0.0,6.09,4.28
1990-01-24 21:00:00+00:00,0.0,0.0,0.0,6.25,3.79
1990-01-24 22:00:00+00:00,0.0,0.0,0.0,6.43,3.45
1990-01-24 23:00:00+00:00,0.0,0.0,0.0,6.57,2.83
1990-01-25 00:00:00+00:00,0.0,0.0,0.0,6.79,2.28
1990-01-25 01:00:00+00:00,0.0,0.0,0.0,7.18,2.14
1990-01-25 02:00:00+00:00,0.0,0.0,0.0,7.27,2.48
1990-01-25 03:00:00+00:00,0.0,0.0,0.0,6.79,2.48
1990-01-25 04:00:00+00:00,0.0,0.0,0.0,6.08,2.48
1990-01-25 05:00:00+00:00,0.0,0.0,0.0,5.36,2.62
1990-01-25 06:00:00+00:00,0.0,0.0,0.0,5.0,2.83
1990-01-25 07:00:00+00:00,0.0,0.0,0.0,5.22,3.17
1990-01-25 08:00:00+00:00,0.0,0.0,0.0,5.09,3.52
1990-01-25 09:00:00+00:00,58.0,59.83,50.0,5.58,3.79
1990-01-25 10:00:00+00:00,180.0,431.1,81.0,6.61,4.28
1990-01-25 11:00:00+00:00,277.0,731.98,63.0,7.65,4.34
1990-01-25 12:00:00+00:00,263.0,469.19,114.0,8.92,7.86
1990-01-25 13:00:00+00:00,214.0,263.54,134.0,9.47,7.86
1990-01-25 14:00:00+00:00,192.0,386.0,95.0,9.52,9.31
1990-01-25 15:00:00+00:00,30.0,0.0,30.0,6.68,10.0
1990-01-25 16:00:00+00:00,11.0,0.0,11.0,6.0,8.07
1990-01-25 17:00:00+00:00,0.0,0.0,0.0,4.94,8.07
1990-01-25 18:00:00+00:00,0.0,0.0,0.0,4.78,6.97
1990-01-25 19:00:00+00:00,0.0,0.0,0.0,4.5,6.48
1990-01-25 20:00:00+00:00,0.0,0.0,0.0,4.25,6.0
1990-01-25 21:00:00+00:00,0.0,0.0,0.0,3.97,5.31
1990-01-25 22:00:00+00:00,0.0,0.0,0.0,3.71,4.76
1990-01-25 23:00:00+00:00,0.0,0.0,0.0,3.33,4.34
1990-01-26 00:00:00+00:00,0.0,0.0,0.0,2.87,3.86
1990-01-26 01:00:00+00:00,0.0,0.0,0.0,2.21,3.1
1990-01-26 02:00:00+00:00,0.0,0.0,0.0,1.61,3.1
1990-01-26 03:00:00+00:00,0.0,0.0,0.0,1.44,2.97
1990-01-26 04:00:00+00:00,0.0,0.0,0.0,1.33,3.1
1990-01-26 05:00:00+00:00,0.0,0.0,0.0,1.69,3.52
1990-01-26 06:00:00+00:00,0.0,0.0,0.0,2.36,4.28
1990-01-26 07:00:00+00:00,0.0,0.0,0.0,3.4,4.76
1990-01-26 08:00:00+00:00,0.0,0.0,0.0,3.83,5.86
1990-01-26 09:00:00+00:00,26.0,0.0,26.0,4.25,6.83
1990-01-26 10:00:00+00:00,49.0,0.0,49.0,5.11,7.79
1990-01-26 11:00:00+00:00,40.0,0.0,40.0,5.47,8.28
1990-01-26 12:00:00+00:00,65.0,0.0,65.0,6.12,8.07
1990-01-26 13:00:00+00:00,100.0,3.25,99.0,7.26,7.45
1990-01-26 14:00:00+00:00,153.0,148.67,115.0,7.77,7.17
1990-01-26 15:00:00+00:00,137.0,551.49,44.0,7.02,6.69
1990-01-26 16:00:00+00:00,6.0,0.0,6.0,5.5,6.34
1990-01-26 17:00:00+00:00,0.0,0.0,0.0,4.3,5.66
1990-01-26 18:00:00+00:00,0.0,0.0,0.0,3.57,5.66
1990-01-26 19:00:00+00:00,0.0,0.0,0.0,3.28,5.31
1990-01-26 20:00:00+00:00,0.0,0.0,0.0,2.74,5.59
1990-01-26 21:00:00+00:00,0.0,0.0,0.0,2.32,5.66
1990-01-26 22:00:00+00:00,0.0,0.0,0.0,2.03,5.52
1990-01-26 23:00:00+00:00,0.0,0.0,0.0,1.94,5.45
1990-01-27 00:00:00+00:00,0.0,0.0,0.0,1.75,5.24
1990-01-27 01:00:00+00:00,0.0,0.0,0.0,1.43,4.97
1990-01-27 02:00:00+00:00,0.0,0.0,0.0,1.25,4.83
1990-01-27 03:00:00+00:00,0.0,0.0,0.0,1.12,4.9
1990-01-27 04:00:00+00:00,0.0,0.0,0.0,1.01,5.31
1990-01-27 05:00:00+00:00,0.0,0.0,0.0,1.07,5.24
1990-01-27 06:00:00+00:00,0.0,0.0,0.0,1.14,4.83
1990-01-27 07:00:00+00:00,0.0,0.0,0.0,1.89,4.69
1990-01-27 08:00:00+00:00,0.0,0.0,0.0,2.71,4.62
1990-01-27 09:00:00+00:00,69.0,92.43,56.0,3.07,4.55
1990-01-27 10:00:00+00:00,216.0,679.03,55.0,3.82,4.62
1990-01-27 11:00:00+00:00,236.0,392.97,118.0,4.86,4.41
1990-01-27 12:00:00+00:00,235.0,276.19,145.0,5.76,6.0
1990-01-27 13:00:00+00:00,149.0,44.85,135.0,6.12,6.48
1990-01-27 14:00:00+00:00,100.0,15.39,96.0,6.18,5.45
1990-01-27 15:00:00+00:00,133.0,462.41,53.0,5.92,4.21
1990-01-27 16:00:00+00:00,17.0,35.02,15.0,5.37,3.93
1990-01-27 17:00:00+00:00,0.0,0.0,0.0,4.36,3.86
1990-01-27 18:00:00+00:00,0.0,0.0,0.0,3.68,3.93
1990-01-27 19:00:00+00:00,0.0,0.0,0.0,3.64,4.07
1990-01-27 20:00:00+00:00,0.0,0.0,0.0,3.21,3.93
1990-01-27 21:00:00+00:00,0.0,0.0,0.0,3.12,3.93
1990-01-27 22:00:00+00:00,0.0,0.0,0.0,3.45,4.0
1990-01-27 23:00:00+00:00,0.0,0.0,0.0,3.48,4.0
1990-01-28 00:00:00+00:00,0.0,0.0,0.0,3.55,4.21
1990-01-28 01:00:00+00:00,0.0,0.0,0.0,3.66,4.41
1990-01-28 02:00:00+00:00,0.0,0.0,0.0,3.68,4.41
1990-01-28 03:00:00+00:00,0.0,0.0,0.0,3.55,4.48
1990-01-28 04:00:00+00:00,0.0,0.0,0.0,3.56,4.55
1990-01-28 05:00:00+00:00,0.0,0.0,0.0,3.49,4.55
1990-01-28 06:00:00+00:00,0.0,0.0,0.0,3.64,4.55
1990-01-28 07:00:00+00:00,0.0,0.0,0.0,3.83,5.45
1990-01-28 08:00:00+00:00,0.0,0.0,0.0,4.02,5.1
1990-01-28 09:00:00+00:00,68.0,83.18,56.0,4.52,5.03
1990-01-28 10:00:00+00:00,60.0,0.0,60.0,5.08,5.38
1990-01-28 11:00:00+00:00,182.0,137.99,140.0,5.63,5.45
1990-01-28 12:00:00+00:00,112.0,3.03,111.0,5.93,5.38
1990-01-28 13:00:00+00:00,144.0,37.91,132.0,6.43,5.1
1990-01-28 14:00:00+00:00,46.0,0.0,46.0,6.52,4.83
1990-01-28 15:00:00+00:00,90.0,95.8,73.0,6.35,5.31
1990-01-28 16:00:00+00:00,20.0,32.54,18.0,5.98,4.55
1990-01-28 17:00:00+00:00,0.0,0.0,0.0,5.1,4.41
1990-01-28 18:00:00+00:00,0.0,0.0,0.0,4.59,3.93
1990-01-28 19:00:00+00:00,0.0,0.0,0.0,4.97,3.93
1990-01-28 20:00:00+00:00,0.0,0.0,0.0,4.62,3.79
1990-01-28 21:00:00+00:00,0.0,0.0,0.0,4.49,4.0
1990-01-28 22:00:00+00:00,0.0,0.0,0.0,4.44,4.21
1990-01-28 23:00:00+00:00,0.0,0.0,0.0,4.42,4.07
1990-01-29 00:00:00+00:00,0.0,0.0,0.0,4.39,3.93
1990-01-29 01:00:00+00:00,0.0,0.0,0.0,4.35,3.86
1990-01-29 02:00:00+00:00,0.0,0.0,0.0,4.22,4.14
1990-01-29 03:00:00+00:00,0.0,0.0,0.0,4.08,4.41
1990-01-29 04:00:00+00:00,0.0,0.0,0.0,3.98,4.55
1990-01-29 05:00:00+00:00,0.0,0.0,0.0,3.95,4.41
1990-01-29 06:00:00+00:00,0.0,0.0,0.0,3.92,4.14
1990-01-29 07:00:00+00:00,0.0,0.0,0.0,3.6,3.93
1990-01-29 08:00:00+00:00,0.0,0.0,0.0,3.41,3.86
1990-01-29 09:00:00+00:00,48.0,13.51,46.0,3.49,3.86
1990-01-29 10:00:00+00:00,97.0,20.41,92.0,3.76,3.31
1990-01-29 11:00:00+00:00,47.0,0.0,47.0,3.97,3.17
1990-01-29 12:00:00+00:00,66.0,0.0,66.0,4.04,3.24
1990-01-29 13:00:00+00:00,95.0,0.0,95.0,3.68,3.66
1990-01-29 14:00:00+00:00,65.0,0.0,65.0,3.62,2.9
1990-01-29 15:00:00+00:00,63.0,10.99,61.0,3.37,2.69
1990-01-29 16:00:00+00:00,12.0,0.0,12.0,3.01,2.83
1990-01-29 17:00:00+00:00,0.0,0.0,0.0,2.74,3.1
1990-01-29 18:00:00+00:00,0.0,0.0,0.0,2.62,3.24
1990-01-29 19:00:00+00:00,0.0,0.0,0.0,2.97,4.76
1990-01-29 20:00:00+00:00,0.0,0.0,0.0,2.51,4.69
1990-01-29 21:00:00+00:00,0.0,0.0,0.0,2.21,4.55
1990-01-29 22:00:00+00:00,0.0,0.0,0.0,2.04,4.34
1990-01-29 23:00:00+00:00,0.0,0.0,0.0,1.97,4.14
1990-01-30 00:00:00+00:00,0.0,0.0,0.0,1.85,4.0
1990-01-30 01:00:00+00:00,0.0,0.0,0.0,1.78,3.93
1990-01-30 02:00:00+00:00,0.0,0.0,0.0,1.62,3.79
1990-01-30 03:00:00+00:00,0.0,0.0,0.0,1.48,3.79
1990-01-30 04:00:00+00:00,0.0,0.0,0.0,1.38,3.86
1990-01-30 05:00:00+00:00,0.0,0.0,0.0,1.28,3.86
1990-01-30 06:00:00+00:00,0.0,0.0,0.0,1.16,3.79
1990-01-30 07:00:00+00:00,0.0,0.0,0.0,1.23,3.72
1990-01-30 08:00:00+00:00,1.0,0.0,1.0,1.13,3.52
1990-01-30 09:00:00+00:00,37.0,0.0,37.0,1.17,3.52
1990-01-30 10:00:00+00:00,66.0,0.0,66.0,1.35,4.55
1990-01-30 11:00:00+00:00,62.0,0.0,62.0,1.8,4.28
1990-01-30 12:00:00+00:00,63.0,0.0,63.0,2.13,4.14
1990-01-30 13:00:00+00:00,53.0,0.0,53.0,2.44,3.93
1990-01-30 14:00:00+00:00,41.0,0.0,41.0,2.65,3.93
1990-01-30 15:00:00+00:00,50.0,0.0,50.0,2.59,3.72
1990-01-30 16:00:00+00:00,13.0,0.0,13.0,2.41,2.83
1990-01-30 17:00:00+00:00,0.0,0.0,0.0,2.2,2.55
1990-01-30 18:00:00+00:00,0.0,0.0,0.0,2.08,2.28
1990-01-30 19:00:00+00:00,0.0,0.0,0.0,2.39,2.07
1990-01-30 20:00:00+00:00,0.0,0.0,0.0,2.29,1.72
1990-01-30 21:00:00+00:00,0.0,0.0,0.0,2.38,1.86
1990-01-30 22:00:00+00:00,0.0,0.0,0.0,2.49,1.24
1990-01-30 23:00:00+00:00,0.0,0.0,0.0,2.54,1.17
1990-01-31 00:00:00+00:00,0.0,0.0,0.0,2.34,1.31
1990-01-31 01:00:00+00:00,0.0,0.0,0.0,2.51,1.45
1990-01-31 02:00:00+00:00,0.0,0.0,0.0,2.44,1.66
1990-01-31 03:00:00+00:00,0.0,0.0,0.0,2.5,1.79
1990-01-31 04:00:00+00:00,0.0,0.0,0.0,2.4,2.0
1990-01-31 05:00:00+00:00,0.0,0.0,0.0,2.19,2.34
1990-01-31 06:00:00+00:00,0.0,0.0,0.0,2.08,2.83
1990-01-31 07:00:00+00:00,0.0,0.0,0.0,1.44,3.72
1990-01-31 08:00:00+00:00,2.0,0.0,2.0,1.35,3.72
1990-01-31 09:00:00+00:00,43.0,0.0,43.0,1.66,3.72
1990-01-31 10:00:00+00:00,65.0,0.0,65.0,2.48,4.62
1990-01-31 11:00:00+00:00,86.0,0.0,86.0,3.54,5.66
1990-01-31 12:00:00+00:00,57.0,0.0,57.0,4.29,6.41
1990-01-31 13:00:00+00:00,69.0,0.0,69.0,4.83,7.24
1990-01-31 14:00:00+00:00,62.0,0.0,62.0,5.12,7.93
1990-01-31 15:00:00+00:00,43.0,0.0,43.0,5.07,8.14
1990-01-31 16:00:00+00:00,9.0,0.0,9.0,7.44,8.28
1990-01-31 17:00:00+00:00,0.0,0.0,0.0,6.88,7.66
1990-01-31 18:00:00+00:00,0.0,0.0,0.0,6.32,7.03
1990-01-31 19:00:00+00:00,0.0,0.0,0.0,5.77,6.41
1990-01-31 20:00:00+00:00,0.0,0.0,0.0,5.21,5.78
1990-01-31 21:00:00+00:00,0.0,0.0,0.0,4.65,5.16
1990-01-31 22:00:00+00:00,0.0,0.0,0.0,4.09,4.54
1990-01-31 23:00:00+00:00,0.0,0.0,0.0,3.53,3.91
1990-02-01 00:00:00+00:00,0.0,0.0,0.0,2.98,3.29
1990-02-01 01:00:00+00:00,0.0,0.0,0.0,2.42,2.66
1990-02-01 02:00:00+00:00,0.0,0.0,0.0,1.86,2.04
1990-02-01 03:00:00+00:00,0.0,0.0,0.0,1.3,1.41
1990-02-01 04:00:00+00:00,0.0,0.0,0.0,0.74,0.79
1990-02-01 05:00:00+00:00,0.0,0.0,0.0,0.19,0.17
1990-02-01 06:00:00+00:00,0.0,0.0,0.0,-0.37,-0.46
1990-02-01 07:00:00+00:00,0.0,0.0,0.0,-0.93,-1.08
1990-02-01 08:00:00+00:00,8.0,0.0,8.0,0.18,0.48
1990-02-01 09:00:00+00:00,47.0,6.26,46.0,0.06,0.48
1990-02-01 10:00:00+00:00,43.0,0.0,43.0,0.3,0.55
1990-02-01 11:00:00+00:00,59.0,0.0,59.0,0.54,0.69
1990-02-01 12:00:00+00:00,57.0,0.0,57.0,0.81,1.03
1990-02-01 13:00:00+00:00,64.0,0.0,64.0,0.97,1.24
1990-02-01 14:00:00+00:00,59.0,0.0,59.0,1.33,1.31
1990-02-01 15:00:00+00:00,53.0,0.0,53.0,1.31,1.1
1990-02-01 16:00:00+00:00,21.0,12.59,20.0,1.24,1.1
1990-02-01 17:00:00+00:00,0.0,0.0,0.0,0.9,0.9
1990-02-01 18:00:00+00:00,0.0,0.0,0.0,0.3,0.62
1990-02-01 19:00:00+00:00,0.0,0.0,0.0,-0.3,0.48
1990-02-01 20:00:00+00:00,0.0,0.0,0.0,-0.54,0.14
1990-02-01 21:00:00+00:00,0.0,0.0,0.0,-0.81,0.14
1990-02-01 22:00:00+00:00,0.0,0.0,0.0,-1.08,0.21
1990-02-01 23:00:00+00:00,0.0,0.0,0.0,-1.37,0.48
1990-02-02 00:00:00+00:00,0.0,0.0,0.0,-1.59,0.55
1990-02-02 01:00:00+00:00,0.0,0.0,0.0,-1.59,0.34
1990-02-02 02:00:00+00:00,0.0,0.0,0.0,-1.8,0.28
1990-02-02 03:00:00+00:00,0.0,0.0,0.0,-2.0,0.28
1990-02-02 04:00:00+00:00,0.0,0.0,0.0,-2.01,0.34
1990-02-02 05:00:00+00:00,0.0,0.0,0.0,-2.35,0.41
1990-02-02 06:00:00+00:00,0.0,0.0,0.0,-2.66,0.28
1990-02-02 07:00:00+00:00,0.0,0.0,0.0,-2.43,0.69
1990-02-02 08:00:00+00:00,2.0,0.0,2.0,-2.43,0.76
1990-02-02 09:00:00+00:00,11.0,0.0,11.0,-1.74,0.76
1990-02-02 10:00:00+00:00,42.0,0.0,42.0,-1.39,0.83
1990-02-02 11:00:00+00:00,62.0,0.0,62.0,-0.68,0.97
1990-02-02 12:00:00+00:00,95.0,0.0,95.0,-0.28,0.9
1990-02-02 13:00:00+00:00,93.0,0.0,93.0,0.15,0.83
1990-02-02 14:00:00+00:00,99.0,6.95,97.0,0.48,1.03
1990-02-02 15:00:00+00:00,79.0,24.94,74.0,0.58,1.17
1990-02-02 16:00:00+00:00,27.0,23.8,25.0,0.23,1.1
1990-02-02 17:00:00+00:00,0.0,0.0,0.0,-0.32,1.03
1990-02-02 18:00:00+00:00,0.0,0.0,0.0,-1.06,0.9
1990-02-02 19:00:00+00:00,0.0,0.0,0.0,-1.65,0.9
1990-02-02 20:00:00+00:00,0.0,0.0,0.0,-1.97,0.76
1990-02-02 21:00:00+00:00,0.0,0.0,0.0,-2.01,0.9
1990-02-02 22:00:00+00:00,0.0,0.0,0.0,-2.04,0.9
1990-02-02 23:00:00+00:00,0.0,0.0,0.0,-2.37,0.9
1990-02-03 00:00:00+00:00,0.0,0.0,0.0,-2.51,0.97
1990-02-03 01:00:00+00:00,0.0,0.0,0.0,-2.36,0.97
1990-02-03 02:00:00+00:00,0.0,0.0,0.0,-2.41,0.83
1990-02-03 03:00:00+00:00,0.0,0.0,0.0,-2.51,0.76
1990-02-03 04:00:00+00:00,0.0,0.0,0.0,-2.26,0.62
1990-02-03 05:00:00+00:00,0.0,0.0,0.0,-2.11,0.55
1990-02-03 06:00:00+00:00,0.0,0.0,0.0,-2.13,0.55
1990-02-03 07:00:00+00:00,0.0,0.0,0.0,-2.46,0.55
1990-02-03 08:00:00+00:00,6.0,0.0,6.0,-2.37,0.62
1990-02-03 09:00:00+00:00,48.0,0.0,48.0,-1.54,0.55
1990-02-03 10:00:00+00:00,42.0,0.0,42.0,-0.81,0.62
1990-02-03 11:00:00+00:00,54.0,0.0,54.0,0.1,0.69
1990-02-03 12:00:00+00:00,49.0,0.0,49.0,1.22,0.83
1990-02-03 13:00:00+00:00,44.0,0.0,44.0,2.07,1.17
1990-02-03 14:00:00+00:00,39.0,0.0,39.0,2.59,1.38
1990-02-03 15:00:00+00:00,66.0,4.87,65.0,2.75,1.45
1990-02-03 16:00:00+00:00,30.0,33.83,27.0,2.49,1.17
1990-02-03 17:00:00+00:00,0.0,0.0,0.0,2.07,1.45
1990-02-03 18:00:00+00:00,0.0,0.0,0.0,1.58,1.59
1990-02-03 19:00:00+00:00,0.0,0.0,0.0,1.07,1.45
1990-02-03 20:00:00+00:00,0.0,0.0,0.0,0.88,1.52
1990-02-03 21:00:00+00:00,0.0,0.0,0.0,0.83,1.59
1990-02-03 22:00:00+00:00,0.0,0.0,0.0,0.3,1.79
1990-02-03 23:00:00+00:00,0.0,0.0,0.0,0.24,1.66
1990-02-04 00:00:00+00:00,0.0,0.0,0.0,0.06,1.66
1990-02-04 01:00:00+00:00,0.0,0.0,0.0,0.11,1.66
1990-02-04 02:00:00+00:00,0.0,0.0,0.0,0.0,1.66
1990-02-04 03:00:00+00:00,0.0,0.0,0.0,0.16,1.45
1990-02-04 04:00:00+00:00,0.0,0.0,0.0,-0.09,1.45
1990-02-04 05:00:00+00:00,0.0,0.0,0.0,-0.4,1.45
1990-02-04 06:00:00+00:00,0.0,0.0,0.0,-0.62,1.45
1990-02-04 07:00:00+00:00,0.0,0.0,0.0,-0.06,1.24
1990-02-04 08:00:00+00:00,6.0,0.0,6.0,-0.38,1.38
1990-02-04 09:00:00+00:00,53.0,5.8,52.0,0.65,0.97
1990-02-04 10:00:00+00:00,42.0,0.0,42.0,2.62,0.9
1990-02-04 11:00:00+00:00,87.0,0.0,87.0,3.96,0.97
1990-02-04 12:00:00+00:00,101.0,0.0,101.0,4.88,1.03
1990-02-04 13:00:00+00:00,152.0,25.76,143.0,5.55,1.17
1990-02-04 14:00:00+00:00,121.0,20.18,115.0,6.04,1.38
1990-02-04 15:00:00+00:00,77.0,19.04,73.0,6.32,1.24
1990-02-04 16:00:00+00:00,11.0,0.0,11.0,6.29,1.03
1990-02-04 17:00:00+00:00,0.0,0.0,0.0,5.4,1.72
1990-02-04 18:00:00+00:00,0.0,0.0,0.0,4.25,1.86
1990-02-04 19:00:00+00:00,0.0,0.0,0.0,4.09,1.79
1990-02-04 20:00:00+00:00,0.0,0.0,0.0,3.86,1.86
1990-02-04 21:00:00+00:00,0.0,0.0,0.0,3.99,1.93
1990-02-04 22:00:00+00:00,0.0,0.0,0.0,4.17,2.0
1990-02-04 23:00:00+00:00,0.0,0.0,0.0,4.23,2.07
1990-02-05 00:00:00+00:00,0.0,0.0,0.0,4.26,2.0
1990-02-05 01:00:00+00:00,0.0,0.0,0.0,4.03,1.93
1990-02-05 02:00:00+00:00,0.0,0.0,0.0,3.89,1.86
1990-02-05 03:00:00+00:00,0.0,0.0,0.0,3.73,1.93
1990-02-05 04:00:00+00:00,0.0,0.0,0.0,3.62,2.0
1990-02-05 05:00:00+00:00,0.0,0.0,0.0,3.49,2.07
1990-02-05 06:00:00+00:00,0.0,0.0,0.0,3.36,2.07
1990-02-05 07:00:00+00:00,0.0,0.0,0.0,3.34,2.07
1990-02-05 08:00:00+00:00,18.0,77.87,14.0,2.99,1.93
1990-02-05 09:00:00+00:00,88.0,90.5,72.0,3.47,1.66
1990-02-05 10:00:00+00:00,83.0,0.0,83.0,4.59,1.66
1990-02-05 11:00:00+00:00,123.0,5.88,121.0,5.82,1.93
1990-02-05 12:00:00+00:00,117.0,2.72,116.0,6.57,2.76
1990-02-05 13:00:00+00:00,109.0,0.0,109.0,6.73,2.76
1990-02-05 14:00:00+00:00,103.0,6.62,101.0,6.7,2.55
1990-02-05 15:00:00+00:00,103.0,65.13,89.0,6.5,1.93
1990-02-05 16:00:00+00:00,32.0,20.39,30.0,6.32,1.79
1990-02-05 17:00:00+00:00,0.0,0.0,0.0,5.79,1.79
1990-02-05 18:00:00+00:00,0.0,0.0,0.0,5.05,1.86
1990-02-05 19:00:00+00:00,0.0,0.0,0.0,5.39,1.52
1990-02-05 20:00:00+00:00,0.0,0.0,0.0,5.08,1.66
1990-02-05 21:00:00+00:00,0.0,0.0,0.0,4.76,1.79
1990-02-05 22:00:00+00:00,0.0,0.0,0.0,4.54,1.93
1990-02-05 23:00:00+00:00,0.0,0.0,0.0,4.08,2.21
1990-02-06 00:00:00+00:00,0.0,0.0,0.0,3.66,2.34
1990-02-06 01:00:00+00:00,0.0,0.0,0.0,3.31,2.41
1990-02-06 02:00:00+00:00,0.0,0.0,0.0,3.17,2.41
1990-02-06 03:00:00+00:00,0.0,0.0,0.0,3.12,2.41
1990-02-06 04:00:00+00:00,0.0,0.0,0.0,3.18,2.62
1990-02-06 05:00:00+00:00,0.0,0.0,0.0,3.26,2.62
1990-02-06 06:00:00+00:00,0.0,0.0,0.0,3.31,2.69
1990-02-06 07:00:00+00:00,0.0,0.0,0.0,2.86,2.41
1990-02-06 08:00:00+00:00,6.0,0.0,6.0,2.99,2.28
1990-02-06 09:00:00+00:00,17.0,0.0,17.0,3.47,2.07
1990-02-06 10:00:00+00:00,33.0,0.0,33.0,4.73,2.69
1990-02-06 11:00:00+00:00,46.0,0.0,46.0,5.6,2.97
1990-02-06 12:00:00+00:00,31.0,0.0,31.0,6.72,4.07
1990-02-06 13:00:00+00:00,67.0,0.0,67.0,7.59,4.62
1990-02-06 14:00:00+00:00,54.0,0.0,54.0,7.68,4.48
1990-02-06 15:00:00+00:00,18.0,0.0,18.0,7.92,4.21
1990-02-06 16:00:00+00:00,19.0,0.0,19.0,7.51,3.72
1990-02-06 17:00:00+00:00,0.0,0.0,0.0,6.89,3.45
1990-02-06 18:00:00+00:00,0.0,0.0,0.0,5.98,3.38
1990-02-06 19:00:00+00:00,0.0,0.0,0.0,5.45,3.66
1990-02-06 20:00:00+00:00,0.0,0.0,0.0,4.93,3.72
1990-02-06 21:00:00+00:00,0.0,0.0,0.0,4.73,3.72
1990-02-06 22:00:00+00:00,0.0,0.0,0.0,4.62,3.72
1990-02-06 23:00:00+00:00,0.0,0.0,0.0,4.3,3.66
1990-02-07 00:00:00+00:00,0.0,0.0,0.0,4.5,3.66
1990-02-07 01:00:00+00:00,0.0,0.0,0.0,4.45,3.59
1990-02-07 02:00:00+00:00,0.0,0.0,0.0,4.76,3.66
1990-02-07 03:00:00+00:00,0.0,0.0,0.0,4.98,3.72
1990-02-07 04:00:00+00:00,0.0,0.0,0.0,4.72,3.72
1990-02-07 05:00:00+00:00,0.0,0.0,0.0,4.33,3.72
1990-02-07 06:00:00+00:00,0.0,0.0,0.0,4.16,3.79
1990-02-07 07:00:00+00:00,0.0,0.0,0.0,4.86,4.07
1990-02-07 08:00:00+00:00,14.0,0.0,14.0,4.84,4.0
1990-02-07 09:00:00+00:00,47.0,0.0,47.0,5.23,4.0
1990-02-07 10:00:00+00:00,44.0,0.0,44.0,6.37,3.79
1990-02-07 11:00:00+00:00,57.0,0.0,57.0,7.61,5.79
1990-02-07 12:00:00+00:00,47.0,0.0,47.0,8.3,5.72
1990-02-07 13:00:00+00:00,48.0,0.0,48.0,8.77,5.86
1990-02-07 14:00:00+00:00,50.0,0.0,50.0,9.05,6.21
1990-02-07 15:00:00+00:00,87.0,22.24,82.0,8.79,5.38
1990-02-07 16:00:00+00:00,41.0,46.43,36.0,8.36,5.59
1990-02-07 17:00:00+00:00,0.0,0.0,0.0,7.59,5.72
1990-02-07 18:00:00+00:00,0.0,0.0,0.0,7.14,6.0
1990-02-07 19:00:00+00:00,0.0,0.0,0.0,7.12,6.34
1990-02-07 20:00:00+00:00,0.0,0.0,0.0,7.06,6.69
1990-02-07 21:00:00+00:00,0.0,0.0,0.0,7.14,7.1
1990-02-07 22:00:00+00:00,0.0,0.0,0.0,7.37,7.17
1990-02-07 23:00:00+00:00,0.0,0.0,0.0,7.2,6.69
1990-02-08 00:00:00+00:00,0.0,0.0,0.0,6.89,5.72
1990-02-08 01:00:00+00:00,0.0,0.0,0.0,5.87,5.66
1990-02-08 02:00:00+00:00,0.0,0.0,0.0,4.92,5.45
1990-02-08 03:00:00+00:00,0.0,0.0,0.0,4.4,5.17
1990-02-08 04:00:00+00:00,0.0,0.0,0.0,3.98,4.97
1990-02-08 05:00:00+00:00,0.0,0.0,0.0,3.98,4.9
1990-02-08 06:00:00+00:00,0.0,0.0,0.0,3.8,4.97
1990-02-08 07:00:00+00:00,0.0,0.0,0.0,3.76,4.97
1990-02-08 08:00:00+00:00,32.0,201.82,19.0,3.57,4.9
1990-02-08 09:00:00+00:00,153.0,509.15,56.0,4.12,5.1
1990-02-08 10:00:00+00:00,160.0,100.12,131.0,4.93,4.28
1990-02-08 11:00:00+00:00,108.0,0.0,108.0,5.87,6.83
1990-02-08 12:00:00+00:00,171.0,28.78,160.0,6.46,6.21
1990-02-08 13:00:00+00:00,271.0,278.82,168.0,6.95,6.0
1990-02-08 14:00:00+00:00,203.0,176.42,147.0,7.06,5.52
1990-02-08 15:00:00+00:00,189.0,517.84,70.0,6.87,5.17
1990-02-08 16:00:00+00:00,80.0,435.43,31.0,6.24,4.62
1990-02-08 17:00:00+00:00,0.0,0.0,0.0,5.12,4.28
1990-02-08 18:00:00+00:00,0.0,0.0,0.0,4.23,4.07
1990-02-08 19:00:00+00:00,0.0,0.0,0.0,3.7,3.86
1990-02-08 20:00:00+00:00,0.0,0.0,0.0,3.27,3.79
1990-02-08 21:00:00+00:00,0.0,0.0,0.0,3.16,3.79
1990-02-08 22:00:00+00:00,0.0,0.0,0.0,2.89,3.72
1990-02-08 23:00:00+00:00,0.0,0.0,0.0,2.92,3.59
1990-02-09 00:00:00+00:00,0.0,0.0,0.0,2.54,3.38
1990-02-09 01:00:00+00:00,0.0,0.0,0.0,2.44,3.24
1990-02-09 02:00:00+00:00,0.0,0.0,0.0,2.21,3.17
1990-02-09 03:00:00+00:00,0.0,0.0,0.0,1.83,3.1
1990-02-09 04:00:00+00:00,0.0,0.0,0.0,1.14,3.1
1990-02-09 05:00:00+00:00,0.0,0.0,0.0,0.44,3.1
1990-02-09 06:00:00+00:00,0.0,0.0,0.0,-0.2,2.97
1990-02-09 07:00:00+00:00,0.0,0.0,0.0,-0.35,3.1
1990-02-09 08:00:00+00:00,35.0,203.06,21.0,-0.69,3.24
1990-02-09 09:00:00+00:00,160.0,527.52,57.0,-0.05,3.38
1990-02-09 10:00:00+00:00,267.0,634.85,80.0,0.92,4.0
1990-02-09 11:00:00+00:00,352.0,758.15,79.0,1.79,4.41
1990-02-09 12:00:00+00:00,378.0,748.62,88.0,2.57,4.34
1990-02-09 13:00:00+00:00,380.0,827.61,70.0,3.17,4.34
1990-02-09 14:00:00+00:00,304.0,703.79,77.0,3.51,4.21
1990-02-09 15:00:00+00:00,214.0,677.1,55.0,3.49,4.07
1990-02-09 16:00:00+00:00,83.0,425.87,33.0,3.08,3.31
1990-02-09 17:00:00+00:00,0.0,0.0,0.0,1.91,2.97
1990-02-09 18:00:00+00:00,0.0,0.0,0.0,0.81,2.97
1990-02-09 19:00:00+00:00,0.0,0.0,0.0,0.35,2.76
1990-02-09 20:00:00+00:00,0.0,0.0,0.0,-0.37,2.69
1990-02-09 21:00:00+00:00,0.0,0.0,0.0,-0.99,2.55
1990-02-09 22:00:00+00:00,0.0,0.0,0.0,-1.48,2.48
1990-02-09 23:00:00+00:00,0.0,0.0,0.0,-1.82,2.48
1990-02-10 00:00:00+00:00,0.0,0.0,0.0,-2.08,2.41
1990-02-10 01:00:00+00:00,0.0,0.0,0.0,-2.3,2.34
1990-02-10 02:00:00+00:00,0.0,0.0,0.0,-2.51,2.28
1990-02-10 03:00:00+00:00,0.0,0.0,0.0,-2.72,2.21
1990-02-10 04:00:00+00:00,0.0,0.0,0.0,-2.9,2.07
1990-02-10 05:00:00+00:00,0.0,0.0,0.0,-3.08,2.0
1990-02-10 06:00:00+00:00,0.0,0.0,0.0,-3.25,2.0
1990-02-10 07:00:00+00:00,0.0,0.0,0.0,-3.26,2.0
1990-02-10 08:00:00+00:00,34.0,135.94,24.0,-3.3,1.93
1990-02-10 09:00:00+00:00,162.0,514.81,59.0,-1.7,1.52
1990-02-10 10:00:00+00:00,229.0,357.21,122.0,0.38,1.66
1990-02-10 11:00:00+00:00,353.0,742.05,82.0,1.91,1.72
1990-02-10 12:00:00+00:00,381.0,741.28,90.0,2.99,1.66
1990-02-10 13:00:00+00:00,350.0,631.96,110.0,3.73,1.52
1990-02-10 14:00:00+00:00,249.0,335.68,139.0,4.12,1.31
1990-02-10 15:00:00+00:00,112.0,54.19,99.0,4.1,1.03
1990-02-10 16:00:00+00:00,73.0,228.92,45.0,3.86,0.83
1990-02-10 17:00:00+00:00,0.0,0.0,0.0,2.73,1.03
1990-02-10 18:00:00+00:00,0.0,0.0,0.0,1.06,1.1
1990-02-10 19:00:00+00:00,0.0,0.0,0.0,0.58,1.03
1990-02-10 20:00:00+00:00,0.0,0.0,0.0,0.79,0.83
1990-02-10 21:00:00+00:00,0.0,0.0,0.0,0.42,0.55
1990-02-10 22:00:00+00:00,0.0,0.0,0.0,0.09,0.21
1990-02-10 23:00:00+00:00,0.0,0.0,0.0,-0.12,0.55
1990-02-11 00:00:00+00:00,0.0,0.0,0.0,-0.93,0.83
1990-02-11 01:00:00+00:00,0.0,0.0,0.0,-1.28,1.03
1990-02-11 02:00:00+00:00,0.0,0.0,0.0,-1.03,1.1
1990-02-11 03:00:00+00:00,0.0,0.0,0.0,-0.95,1.31
1990-02-11 04:00:00+00:00,0.0,0.0,0.0,-0.63,1.38
1990-02-11 05:00:00+00:00,0.0,0.0,0.0,-0.57,1.59
1990-02-11 06:00:00+00:00,0.0,0.0,0.0,-0.62,1.79
1990-02-11 07:00:00+00:00,0.0,0.0,0.0,-0.82,2.07
1990-02-11 08:00:00+00:00,26.0,38.33,23.0,-0.68,2.14
1990-02-11 09:00:00+00:00,99.0,68.3,85.0,0.14,2.14
1990-02-11 10:00:00+00:00,134.0,32.83,124.0,1.47,2.28
1990-02-11 11:00:00+00:00,291.0,372.59,153.0,2.55,2.83
1990-02-11 12:00:00+00:00,166.0,17.6,159.0,3.23,3.24
1990-02-11 13:00:00+00:00,72.0,0.0,72.0,3.88,3.59
1990-02-11 14:00:00+00:00,154.0,39.05,141.0,4.55,3.86
1990-02-11 15:00:00+00:00,62.0,0.0,62.0,4.87,3.93
1990-02-11 16:00:00+00:00,89.0,400.8,38.0,4.69,3.59
1990-02-11 17:00:00+00:00,0.0,0.0,0.0,3.57,3.45
1990-02-11 18:00:00+00:00,0.0,0.0,0.0,2.61,3.45
1990-02-11 19:00:00+00:00,0.0,0.0,0.0,3.02,3.66
1990-02-11 20:00:00+00:00,0.0,0.0,0.0,3.27,3.79
1990-02-11 21:00:00+00:00,0.0,0.0,0.0,3.38,3.86
1990-02-11 22:00:00+00:00,0.0,0.0,0.0,3.62,4.07
1990-02-11 23:00:00+00:00,0.0,0.0,0.0,3.78,4.21
1990-02-12 00:00:00+00:00,0.0,0.0,0.0,3.92,4.28
1990-02-12 01:00:00+00:00,0.0,0.0,0.0,4.11,4.34
1990-02-12 02:00:00+00:00,0.0,0.0,0.0,4.09,4.28
1990-02-12 03:00:00+00:00,0.0,0.0,0.0,3.95,4.41
1990-02-12 04:00:00+00:00,0.0,0.0,0.0,3.94,4.48
1990-02-12 05:00:00+00:00,0.0,0.0,0.0,4.27,4.48
1990-02-12 06:00:00+00:00,0.0,0.0,0.0,4.56,4.41
1990-02-12 07:00:00+00:00,0.0,0.0,0.0,4.78,4.34
1990-02-12 08:00:00+00:00,21.0,12.04,20.0,5.19,4.14
1990-02-12 09:00:00+00:00,35.0,0.0,35.0,5.8,4.0
1990-02-12 10:00:00+00:00,126.0,22.6,119.0,6.77,4.28
1990-02-12 11:00:00+00:00,93.0,0.0,93.0,7.79,4.69
1990-02-12 12:00:00+00:00,118.0,0.0,118.0,8.44,4.69
1990-02-12 13:00:00+00:00,111.0,0.0,111.0,8.83,4.55
1990-02-12 14:00:00+00:00,57.0,0.0,57.0,8.99,4.28
1990-02-12 15:00:00+00:00,45.0,0.0,45.0,9.05,4.07
1990-02-12 16:00:00+00:00,39.0,7.56,38.0,8.98,3.93
1990-02-12 17:00:00+00:00,0.0,0.0,0.0,8.87,3.86
1990-02-12 18:00:00+00:00,0.0,0.0,0.0,8.72,3.59
1990-02-12 19:00:00+00:00,0.0,0.0,0.0,8.64,3.52
1990-02-12 20:00:00+00:00,0.0,0.0,0.0,8.59,3.45
1990-02-12 21:00:00+00:00,0.0,0.0,0.0,8.55,3.38
1990-02-12 22:00:00+00:00,0.0,0.0,0.0,8.47,3.24
1990-02-12 23:00:00+00:00,0.0,0.0,0.0,8.36,3.03
1990-02-13 00:00:00+00:00,0.0,0.0,0.0,8.24,2.97
1990-02-13 01:00:00+00:00,0.0,0.0,0.0,8.08,2.83
1990-02-13 02:00:00+00:00,0.0,0.0,0.0,7.9,2.76
1990-02-13 03:00:00+00:00,0.0,0.0,0.0,7.71,2.62
1990-02-13 04:00:00+00:00,0.0,0.0,0.0,7.5,2.41
1990-02-13 05:00:00+00:00,0.0,0.0,0.0,7.32,2.28
1990-02-13 06:00:00+00:00,0.0,0.0,0.0,7.06,2.28
1990-02-13 07:00:00+00:00,0.0,0.0,0.0,7.03,2.28
1990-02-13 08:00:00+00:00,22.0,11.37,21.0,6.79,2.28
1990-02-13 09:00:00+00:00,68.0,4.65,67.0,7.11,2.83
1990-02-13 10:00:00+00:00,37.0,0.0,37.0,7.92,3.66
1990-02-13 11:00:00+00:00,101.0,0.0,101.0,8.35,4.0
1990-02-13 12:00:00+00:00,57.0,0.0,57.0,8.9,3.79
1990-02-13 13:00:00+00:00,118.0,0.0,118.0,8.99,3.38
1990-02-13 14:00:00+00:00,90.0,0.0,90.0,9.32,3.72
1990-02-13 15:00:00+00:00,85.0,7.84,83.0,9.21,3.24
1990-02-13 16:00:00+00:00,31.0,0.0,31.0,8.75,3.03
1990-02-13 17:00:00+00:00,0.0,0.0,0.0,8.19,2.97
1990-02-13 18:00:00+00:00,0.0,0.0,0.0,7.66,2.97
1990-02-13 19:00:00+00:00,0.0,0.0,0.0,7.67,3.1
1990-02-13 20:00:00+00:00,0.0,0.0,0.0,7.23,3.24
1990-02-13 21:00:00+00:00,0.0,0.0,0.0,6.98,3.38
1990-02-13 22:00:00+00:00,0.0,0.0,0.0,6.84,3.52
1990-02-13 23:00:00+00:00,0.0,0.0,0.0,6.63,3.59
1990-02-14 00:00:00+00:00,0.0,0.0,0.0,6.4,3.72
1990-02-14 01:00:00+00:00,0.0,0.0,0.0,6.52,4.07
1990-02-14 02:00:00+00:00,0.0,0.0,0.0,6.55,4.48
1990-02-14 03:00:00+00:00,0.0,0.0,0.0,6.56,4.97
1990-02-14 04:00:00+00:00,0.0,0.0,0.0,6.41,5.03
1990-02-14 05:00:00+00:00,0.0,0.0,0.0,6.19,5.1
1990-02-14 06:00:00+00:00,0.0,0.0,0.0,5.94,5.17
1990-02-14 07:00:00+00:00,0.0,0.0,0.0,5.45,5.1
1990-02-14 08:00:00+00:00,57.0,323.07,27.0,5.82,4.83
1990-02-14 09:00:00+00:00,179.0,522.45,64.0,6.39,4.28
1990-02-14 10:00:00+00:00,258.0,443.49,116.0,7.08,4.48
1990-02-14 11:00:00+00:00,137.0,5.18,135.0,7.73,5.1
1990-02-14 12:00:00+00:00,74.0,0.0,74.0,8.34,4.97
1990-02-14 13:00:00+00:00,56.0,0.0,56.0,8.94,5.17
1990-02-14 14:00:00+00:00,197.0,106.12,160.0,9.52,5.38
1990-02-14 15:00:00+00:00,84.0,3.84,83.0,8.57,5.66
1990-02-14 16:00:00+00:00,87.0,246.15,52.0,8.22,4.69
1990-02-14 17:00:00+00:00,0.0,0.0,0.0,7.49,4.34
1990-02-14 18:00:00+00:00,0.0,0.0,0.0,6.77,4.48
1990-02-14 19:00:00+00:00,0.0,0.0,0.0,6.48,4.9
1990-02-14 20:00:00+00:00,0.0,0.0,0.0,6.24,5.31
1990-02-14 21:00:00+00:00,0.0,0.0,0.0,6.53,6.0
1990-02-14 22:00:00+00:00,0.0,0.0,0.0,6.61,6.55
1990-02-14 23:00:00+00:00,0.0,0.0,0.0,6.67,7.38
1990-02-15 00:00:00+00:00,0.0,0.0,0.0,6.38,8.28
1990-02-15 01:00:00+00:00,0.0,0.0,0.0,6.28,8.9
1990-02-15 02:00:00+00:00,0.0,0.0,0.0,6.76,8.55
1990-02-15 03:00:00+00:00,0.0,0.0,0.0,7.36,7.66
1990-02-15 04:00:00+00:00,0.0,0.0,0.0,7.73,6.62
1990-02-15 05:00:00+00:00,0.0,0.0,0.0,8.25,5.45
1990-02-15 06:00:00+00:00,0.0,0.0,0.0,8.06,5.79
1990-02-15 07:00:00+00:00,0.0,0.0,0.0,6.92,5.03
1990-02-15 08:00:00+00:00,60.0,296.27,31.0,6.5,4.97
1990-02-15 09:00:00+00:00,187.0,554.8,62.0,6.73,5.03
1990-02-15 10:00:00+00:00,268.0,470.03,115.0,7.68,4.76
1990-02-15 11:00:00+00:00,361.0,651.07,106.0,8.47,7.03
1990-02-15 12:00:00+00:00,257.0,133.57,201.0,9.05,6.28
1990-02-15 13:00:00+00:00,373.0,634.84,115.0,9.65,6.76
1990-02-15 14:00:00+00:00,326.0,672.33,88.0,9.77,6.34
1990-02-15 15:00:00+00:00,233.0,625.03,67.0,9.56,6.21
1990-02-15 16:00:00+00:00,71.0,95.1,57.0,8.77,5.45
1990-02-15 17:00:00+00:00,0.0,0.0,0.0,7.98,5.17
1990-02-15 18:00:00+00:00,0.0,0.0,0.0,7.19,4.9
1990-02-15 19:00:00+00:00,0.0,0.0,0.0,6.81,4.62
1990-02-15 20:00:00+00:00,0.0,0.0,0.0,6.37,4.62
1990-02-15 21:00:00+00:00,0.0,0.0,0.0,5.84,4.48
1990-02-15 22:00:00+00:00,0.0,0.0,0.0,5.62,4.28
1990-02-15 23:00:00+00:00,0.0,0.0,0.0,5.4,4.28
1990-02-16 00:00:00+00:00,0.0,0.0,0.0,5.07,4.21
1990-02-16 01:00:00+00:00,0.0,0.0,0.0,4.63,4.14
1990-02-16 02:00:00+00:00,0.0,0.0,0.0,4.32,4.21
1990-02-16 03:00:00+00:00,0.0,0.0,0.0,4.04,4.21
1990-02-16 04:00:00+00:00,0.0,0.0,0.0,3.77,4.41
1990-02-16 05:00:00+00:00,0.0,0.0,0.0,3.99,4.69
1990-02-16 06:00:00+00:00,0.0,0.0,0.0,4.19,4.97
1990-02-16 07:00:00+00:00,0.0,0.0,0.0,4.21,4.76
1990-02-16 08:00:00+00:00,71.0,407.84,29.0,4.25,4.62
1990-02-16 09:00:00+00:00,183.0,464.08,76.0,4.83,4.41
1990-02-16 10:00:00+00:00,177.0,81.6,150.0,5.49,5.52
1990-02-16 11:00:00+00:00,303.0,324.85,174.0,6.23,6.28
1990-02-16 12:00:00+00:00,362.0,470.9,162.0,6.77,6.41
1990-02-16 13:00:00+00:00,227.0,82.56,193.0,6.87,6.41
1990-02-16 14:00:00+00:00,311.0,531.54,120.0,6.76,6.07
1990-02-16 15:00:00+00:00,114.0,29.54,106.0,6.56,5.52
1990-02-16 16:00:00+00:00,81.0,137.93,60.0,6.24,5.52
1990-02-16 17:00:00+00:00,0.0,0.0,0.0,5.48,5.17
1990-02-16 18:00:00+00:00,0.0,0.0,0.0,4.93,5.1
1990-02-16 19:00:00+00:00,0.0,0.0,0.0,4.48,5.38
1990-02-16 20:00:00+00:00,0.0,0.0,0.0,4.14,5.45
1990-02-16 21:00:00+00:00,0.0,0.0,0.0,4.14,5.66
1990-02-16 22:00:00+00:00,0.0,0.0,0.0,4.19,5.86
1990-02-16 23:00:00+00:00,0.0,0.0,0.0,4.11,5.79
1990-02-17 00:00:00+00:00,0.0,0.0,0.0,4.15,4.9
1990-02-17 01:00:00+00:00,0.0,0.0,0.0,4.4,4.28
1990-02-17 02:00:00+00:00,0.0,0.0,0.0,4.46,3.86
1990-02-17 03:00:00+00:00,0.0,0.0,0.0,4.55,3.52
1990-02-17 04:00:00+00:00,0.0,0.0,0.0,4.45,3.1
1990-02-17 05:00:00+00:00,0.0,0.0,0.0,4.61,2.9
1990-02-17 06:00:00+00:00,0.0,0.0,0.0,4.65,2.76
1990-02-17 07:00:00+00:00,0.0,0.0,0.0,4.02,3.24
1990-02-17 08:00:00+00:00,50.0,92.46,40.0,4.14,3.1
1990-02-17 09:00:00+00:00,205.0,610.45,61.0,4.63,2.76
1990-02-17 10:00:00+00:00,308.0,651.16,89.0,5.37,4.48
1990-02-17 11:00:00+00:00,231.0,99.35,191.0,6.1,4.28
1990-02-17 12:00:00+00:00,281.0,169.68,208.0,6.95,4.14
1990-02-17 13:00:00+00:00,341.0,409.78,170.0,7.47,4.0
1990-02-17 14:00:00+00:00,270.0,298.87,161.0,7.73,3.72
1990-02-17 15:00:00+00:00,239.0,583.28,78.0,7.62,3.1
1990-02-17 16:00:00+00:00,112.0,381.41,52.0,7.31,2.21
1990-02-17 17:00:00+00:00,0.0,0.0,0.0,6.41,1.86
1990-02-17 18:00:00+00:00,0.0,0.0,0.0,5.25,2.0
1990-02-17 19:00:00+00:00,0.0,0.0,0.0,4.44,2.14
1990-02-17 20:00:00+00:00,0.0,0.0,0.0,3.66,2.21
1990-02-17 21:00:00+00:00,0.0,0.0,0.0,2.53,2.41
1990-02-17 22:00:00+00:00,0.0,0.0,0.0,1.76,2.55
1990-02-17 23:00:00+00:00,0.0,0.0,0.0,1.29,2.41
1990-02-18 00:00:00+00:00,0.0,0.0,0.0,0.92,1.93
1990-02-18 01:00:00+00:00,0.0,0.0,0.0,0.36,1.59
1990-02-18 02:00:00+00:00,0.0,0.0,0.0,-0.53,1.86
1990-02-18 03:00:00+00:00,0.0,0.0,0.0,-0.93,2.14
1990-02-18 04:00:00+00:00,0.0,0.0,0.0,-1.27,1.72
1990-02-18 05:00:00+00:00,0.0,0.0,0.0,-1.84,1.45
1990-02-18 06:00:00+00:00,0.0,0.0,0.0,-2.26,1.52
1990-02-18 07:00:00+00:00,0.0,0.0,0.0,-1.28,0.41
1990-02-18 08:00:00+00:00,50.0,79.37,41.0,-1.14,0.48
1990-02-18 09:00:00+00:00,135.0,116.05,107.0,-0.46,0.55
1990-02-18 10:00:00+00:00,184.0,78.99,157.0,0.49,0.62
1990-02-18 11:00:00+00:00,238.0,105.35,195.0,1.92,0.69
1990-02-18 12:00:00+00:00,184.0,18.36,176.0,3.36,0.62
1990-02-18 13:00:00+00:00,309.0,264.91,197.0,4.67,0.48
1990-02-18 14:00:00+00:00,280.0,318.84,162.0,5.75,0.55
1990-02-18 15:00:00+00:00,246.0,593.73,79.0,6.24,0.9
1990-02-18 16:00:00+00:00,120.0,424.93,51.0,6.16,1.24
1990-02-18 17:00:00+00:00,0.0,0.0,0.0,5.5,1.31
1990-02-18 18:00:00+00:00,0.0,0.0,0.0,4.95,1.17
1990-02-18 19:00:00+00:00,0.0,0.0,0.0,4.41,1.17
1990-02-18 20:00:00+00:00,0.0,0.0,0.0,3.95,1.03
1990-02-18 21:00:00+00:00,0.0,0.0,0.0,3.45,1.52
1990-02-18 22:00:00+00:00,0.0,0.0,0.0,3.36,1.79
1990-02-18 23:00:00+00:00,0.0,0.0,0.0,3.1,1.93
1990-02-19 00:00:00+00:00,0.0,0.0,0.0,3.29,2.07
1990-02-19 01:00:00+00:00,0.0,0.0,0.0,2.82,2.34
1990-02-19 02:00:00+00:00,0.0,0.0,0.0,2.82,2.41
1990-02-19 03:00:00+00:00,0.0,0.0,0.0,2.73,2.76
1990-02-19 04:00:00+00:00,0.0,0.0,0.0,2.6,3.03
1990-02-19 05:00:00+00:00,0.0,0.0,0.0,2.22,3.1
1990-02-19 06:00:00+00:00,0.0,0.0,0.0,2.16,3.38
1990-02-19 07:00:00+00:00,0.0,0.0,0.0,2.19,3.72
1990-02-19 08:00:00+00:00,27.0,0.0,27.0,2.62,4.07
1990-02-19 09:00:00+00:00,55.0,0.0,55.0,3.19,4.34
1990-02-19 10:00:00+00:00,58.0,0.0,58.0,3.82,5.59
1990-02-19 11:00:00+00:00,149.0,4.83,147.0,4.8,5.86
1990-02-19 12:00:00+00:00,102.0,0.0,102.0,5.8,5.86
1990-02-19 13:00:00+00:00,96.0,0.0,96.0,6.44,5.66
1990-02-19 14:00:00+00:00,36.0,0.0,36.0,6.57,5.03
1990-02-19 15:00:00+00:00,51.0,0.0,51.0,6.66,5.24
1990-02-19 16:00:00+00:00,29.0,0.0,29.0,6.47,5.45
1990-02-19 17:00:00+00:00,0.0,0.0,0.0,5.76,5.31
1990-02-19 18:00:00+00:00,0.0,0.0,0.0,5.08,5.52
1990-02-19 19:00:00+00:00,0.0,0.0,0.0,4.11,5.66
1990-02-19 20:00:00+00:00,0.0,0.0,0.0,3.59,5.52
1990-02-19 21:00:00+00:00,0.0,0.0,0.0,3.27,5.38
1990-02-19 22:00:00+00:00,0.0,0.0,0.0,3.13,5.38
1990-02-19 23:00:00+00:00,0.0,0.0,0.0,3.04,5.38
1990-02-20 00:00:00+00:00,0.0,0.0,0.0,3.06,5.52
1990-02-20 01:00:00+00:00,0.0,0.0,0.0,3.01,5.72
1990-02-20 02:00:00+00:00,0.0,0.0,0.0,2.88,5.72
1990-02-20 03:00:00+00:00,0.0,0.0,0.0,2.6,5.72
1990-02-20 04:00:00+00:00,0.0,0.0,0.0,2.35,5.66
1990-02-20 05:00:00+00:00,0.0,0.0,0.0,2.27,5.59
1990-02-20 06:00:00+00:00,0.0,0.0,0.0,2.42,5.66
1990-02-20 07:00:00+00:00,0.0,0.0,0.0,2.75,5.79
1990-02-20 08:00:00+00:00,61.0,104.77,48.0,3.08,5.72
1990-02-20 09:00:00+00:00,95.0,15.86,91.0,3.65,5.59
1990-02-20 10:00:00+00:00,86.0,0.0,86.0,4.49,7.45
1990-02-20 11:00:00+00:00,296.0,231.31,199.0,5.37,8.07
1990-02-20 12:00:00+00:00,65.0,0.0,65.0,5.96,7.1
1990-02-20 13:00:00+00:00,250.0,96.81,208.0,6.15,6.55
1990-02-20 14:00:00+00:00,380.0,803.3,74.0,6.22,6.41
1990-02-20 15:00:00+00:00,58.0,0.0,58.0,6.08,6.28
1990-02-20 16:00:00+00:00,70.0,34.77,64.0,5.45,5.17
1990-02-20 17:00:00+00:00,2.0,0.0,2.0,4.48,5.03
1990-02-20 18:00:00+00:00,0.0,0.0,0.0,3.62,4.9
1990-02-20 19:00:00+00:00,0.0,0.0,0.0,3.24,4.97
1990-02-20 20:00:00+00:00,0.0,0.0,0.0,3.09,4.9
1990-02-20 21:00:00+00:00,0.0,0.0,0.0,2.92,4.9
1990-02-20 22:00:00+00:00,0.0,0.0,0.0,2.61,4.76
1990-02-20 23:00:00+00:00,0.0,0.0,0.0,2.22,4.48
1990-02-21 00:00:00+00:00,0.0,0.0,0.0,1.87,4.34
1990-02-21 01:00:00+00:00,0.0,0.0,0.0,1.62,4.21
1990-02-21 02:00:00+00:00,0.0,0.0,0.0,1.42,4.07
1990-02-21 03:00:00+00:00,0.0,0.0,0.0,1.28,4.07
1990-02-21 04:00:00+00:00,0.0,0.0,0.0,1.35,4.14
1990-02-21 05:00:00+00:00,0.0,0.0,0.0,1.11,4.07
1990-02-21 06:00:00+00:00,0.0,0.0,0.0,0.95,3.93
1990-02-21 07:00:00+00:00,0.0,0.0,0.0,0.24,3.86
1990-02-21 08:00:00+00:00,18.0,0.0,18.0,0.33,3.79
1990-02-21 09:00:00+00:00,59.0,0.0,59.0,1.39,4.0
1990-02-21 10:00:00+00:00,82.0,0.0,82.0,2.58,4.83
1990-02-21 11:00:00+00:00,62.0,0.0,62.0,3.57,4.83
1990-02-21 12:00:00+00:00,40.0,0.0,40.0,4.36,4.9
1990-02-21 13:00:00+00:00,434.0,771.5,95.0,4.9,4.97
1990-02-21 14:00:00+00:00,47.0,0.0,47.0,5.02,5.17
1990-02-21 15:00:00+00:00,198.0,218.79,133.0,4.15,5.79
1990-02-21 16:00:00+00:00,114.0,242.04,71.0,3.74,5.45
1990-02-21 17:00:00+00:00,2.0,0.0,2.0,2.94,5.17
1990-02-21 18:00:00+00:00,0.0,0.0,0.0,2.39,5.1
1990-02-21 19:00:00+00:00,0.0,0.0,0.0,1.87,5.17
1990-02-21 20:00:00+00:00,0.0,0.0,0.0,1.69,5.17
1990-02-21 21:00:00+00:00,0.0,0.0,0.0,1.6,5.24
1990-02-21 22:00:00+00:00,0.0,0.0,0.0,1.4,5.17
1990-02-21 23:00:00+00:00,0.0,0.0,0.0,1.24,5.03
1990-02-22 00:00:00+00:00,0.0,0.0,0.0,1.37,5.03
1990-02-22 01:00:00+00:00,0.0,0.0,0.0,1.24,4.9
1990-02-22 02:00:00+00:00,0.0,0.0,0.0,1.05,4.76
1990-02-22 03:00:00+00:00,0.0,0.0,0.0,0.88,4.69
1990-02-22 04:00:00+00:00,0.0,0.0,0.0,0.76,4.55
1990-02-22 05:00:00+00:00,0.0,0.0,0.0,0.76,4.55
1990-02-22 06:00:00+00:00,0.0,0.0,0.0,0.71,4.48
1990-02-22 07:00:00+00:00,0.0,0.0,0.0,0.99,4.97
1990-02-22 08:00:00+00:00,66.0,103.68,52.0,1.3,5.03
1990-02-22 09:00:00+00:00,28.0,0.0,28.0,1.93,6.21
1990-02-22 10:00:00+00:00,98.0,0.0,98.0,2.62,6.69
1990-02-22 11:00:00+00:00,66.0,0.0,66.0,2.95,7.03
1990-02-22 12:00:00+00:00,44.0,0.0,44.0,3.36,7.59
1990-02-22 13:00:00+00:00,43.0,0.0,43.0,3.69,7.45
1990-02-22 14:00:00+00:00,44.0,0.0,44.0,3.59,6.76
1990-02-22 15:00:00+00:00,48.0,0.0,48.0,3.51,5.66
1990-02-22 16:00:00+00:00,54.0,5.47,53.0,3.25,5.17
1990-02-22 17:00:00+00:00,4.0,0.0,4.0,2.9,4.97
1990-02-22 18:00:00+00:00,0.0,0.0,0.0,2.32,4.83
1990-02-22 19:00:00+00:00,0.0,0.0,0.0,1.74,4.48
1990-02-22 20:00:00+00:00,0.0,0.0,0.0,1.51,4.34
1990-02-22 21:00:00+00:00,0.0,0.0,0.0,1.39,4.14
1990-02-22 22:00:00+00:00,0.0,0.0,0.0,1.15,3.79
1990-02-22 23:00:00+00:00,0.0,0.0,0.0,0.99,3.59
1990-02-23 00:00:00+00:00,0.0,0.0,0.0,0.95,3.31
1990-02-23 01:00:00+00:00,0.0,0.0,0.0,0.91,3.1
1990-02-23 02:00:00+00:00,0.0,0.0,0.0,0.76,2.83
1990-02-23 03:00:00+00:00,0.0,0.0,0.0,0.67,2.62
1990-02-23 04:00:00+00:00,0.0,0.0,0.0,0.54,2.34
1990-02-23 05:00:00+00:00,0.0,0.0,0.0,0.46,2.34
1990-02-23 06:00:00+00:00,0.0,0.0,0.0,0.44,2.41
1990-02-23 07:00:00+00:00,0.0,0.0,0.0,0.09,2.62
1990-02-23 08:00:00+00:00,53.0,28.45,49.0,0.17,2.62
1990-02-23 09:00:00+00:00,46.0,0.0,46.0,0.69,2.69
1990-02-23 10:00:00+00:00,97.0,0.0,97.0,1.33,3.17
1990-02-23 11:00:00+00:00,85.0,0.0,85.0,1.88,3.79
1990-02-23 12:00:00+00:00,103.0,0.0,103.0,2.2,4.34
1990-02-23 13:00:00+00:00,128.0,0.0,128.0,2.55,4.9
1990-02-23 14:00:00+00:00,120.0,0.0,120.0,2.38,4.21
1990-02-23 15:00:00+00:00,52.0,0.0,52.0,2.19,4.21
1990-02-23 16:00:00+00:00,58.0,5.32,57.0,2.01,4.14
1990-02-23 17:00:00+00:00,7.0,0.0,7.0,2.24,3.59
1990-02-23 18:00:00+00:00,0.0,0.0,0.0,3.03,3.93
1990-02-23 19:00:00+00:00,0.0,0.0,0.0,3.23,4.07
1990-02-23 20:00:00+00:00,0.0,0.0,0.0,3.05,4.34
1990-02-23 21:00:00+00:00,0.0,0.0,0.0,2.62,4.21
1990-02-23 22:00:00+00:00,0.0,0.0,0.0,2.17,3.72
1990-02-23 23:00:00+00:00,0.0,0.0,0.0,1.81,3.1
1990-02-24 00:00:00+00:00,0.0,0.0,0.0,1.42,2.41
1990-02-24 01:00:00+00:00,0.0,0.0,0.0,0.92,1.72
1990-02-24 02:00:00+00:00,0.0,0.0,0.0,0.65,2.07
1990-02-24 03:00:00+00:00,0.0,0.0,0.0,0.55,2.07
1990-02-24 04:00:00+00:00,0.0,0.0,0.0,0.44,1.93
1990-02-24 05:00:00+00:00,0.0,0.0,0.0,0.33,2.21
1990-02-24 06:00:00+00:00,0.0,0.0,0.0,0.24,2.14
1990-02-24 07:00:00+00:00,0.0,0.0,0.0,0.08,2.55
1990-02-24 08:00:00+00:00,30.0,0.0,30.0,0.01,3.03
1990-02-24 09:00:00+00:00,31.0,0.0,31.0,0.22,3.86
1990-02-24 10:00:00+00:00,49.0,0.0,49.0,0.84,5.66
1990-02-24 11:00:00+00:00,78.0,0.0,78.0,1.45,6.69
1990-02-24 12:00:00+00:00,47.0,0.0,47.0,2.18,7.1
1990-02-24 13:00:00+00:00,145.0,0.0,145.0,2.57,6.69
1990-02-24 14:00:00+00:00,93.0,0.0,93.0,2.49,5.79
1990-02-24 15:00:00+00:00,96.0,3.2,95.0,2.97,6.34
1990-02-24 16:00:00+00:00,111.0,155.44,81.0,2.99,5.24
1990-02-24 17:00:00+00:00,10.0,0.0,10.0,2.52,4.9
1990-02-24 18:00:00+00:00,0.0,0.0,0.0,1.41,4.69
1990-02-24 19:00:00+00:00,0.0,0.0,0.0,1.07,5.17
1990-02-24 20:00:00+00:00,0.0,0.0,0.0,1.01,5.24
1990-02-24 21:00:00+00:00,0.0,0.0,0.0,1.07,5.31
1990-02-24 22:00:00+00:00,0.0,0.0,0.0,1.05,5.38
1990-02-24 23:00:00+00:00,0.0,0.0,0.0,1.0,5.31
1990-02-25 00:00:00+00:00,0.0,0.0,0.0,1.17,5.45
1990-02-25 01:00:00+00:00,0.0,0.0,0.0,1.55,5.72
1990-02-25 02:00:00+00:00,0.0,0.0,0.0,1.69,6.0
1990-02-25 03:00:00+00:00,0.0,0.0,0.0,1.75,6.28
1990-02-25 04:00:00+00:00,0.0,0.0,0.0,1.72,6.41
1990-02-25 05:00:00+00:00,0.0,0.0,0.0,1.64,6.55
1990-02-25 06:00:00+00:00,0.0,0.0,0.0,1.48,6.62
1990-02-25 07:00:00+00:00,0.0,0.0,0.0,1.57,6.97
1990-02-25 08:00:00+00:00,65.0,52.67,57.0,1.66,6.97
1990-02-25 09:00:00+00:00,210.0,342.2,114.0,2.41,8.55
1990-02-25 10:00:00+00:00,217.0,96.98,180.0,3.28,9.31
1990-02-25 11:00:00+00:00,277.0,127.24,220.0,4.02,8.62
1990-02-25 12:00:00+00:00,235.0,42.07,215.0,4.54,8.34
1990-02-25 13:00:00+00:00,217.0,32.48,202.0,4.84,8.14
1990-02-25 14:00:00+00:00,204.0,48.99,184.0,4.61,7.86
1990-02-25 15:00:00+00:00,206.0,185.37,147.0,4.37,7.52
1990-02-25 16:00:00+00:00,106.0,111.05,84.0,4.05,6.9
1990-02-25 17:00:00+00:00,10.0,0.0,10.0,4.07,6.0
1990-02-25 18:00:00+00:00,0.0,0.0,0.0,3.99,5.45
1990-02-25 19:00:00+00:00,0.0,0.0,0.0,3.43,5.24
1990-02-25 20:00:00+00:00,0.0,0.0,0.0,3.54,5.31
1990-02-25 21:00:00+00:00,0.0,0.0,0.0,3.63,5.31
1990-02-25 22:00:00+00:00,0.0,0.0,0.0,3.75,5.31
1990-02-25 23:00:00+00:00,0.0,0.0,0.0,3.74,5.24
1990-02-26 00:00:00+00:00,0.0,0.0,0.0,3.7,5.1
1990-02-26 01:00:00+00:00,0.0,0.0,0.0,3.49,5.17
1990-02-26 02:00:00+00:00,0.0,0.0,0.0,3.26,5.24
1990-02-26 03:00:00+00:00,0.0,0.0,0.0,2.86,5.45
1990-02-26 04:00:00+00:00,0.0,0.0,0.0,2.39,5.45
1990-02-26 05:00:00+00:00,0.0,0.0,0.0,1.96,5.38
1990-02-26 06:00:00+00:00,0.0,0.0,0.0,1.65,5.17
1990-02-26 07:00:00+00:00,0.0,0.0,0.0,1.87,5.17
1990-02-26 08:00:00+00:00,79.0,101.52,63.0,2.11,5.1
1990-02-26 09:00:00+00:00,81.0,0.0,81.0,2.57,4.55
1990-02-26 10:00:00+00:00,53.0,0.0,53.0,3.38,6.9
1990-02-26 11:00:00+00:00,336.0,273.26,212.0,4.27,6.14
1990-02-26 12:00:00+00:00,84.0,0.0,84.0,5.03,6.41
1990-02-26 13:00:00+00:00,287.0,124.09,229.0,5.11,5.79
1990-02-26 14:00:00+00:00,86.0,0.0,86.0,5.6,5.93
1990-02-26 15:00:00+00:00,62.0,0.0,62.0,5.35,5.52
1990-02-26 16:00:00+00:00,94.0,59.05,82.0,4.92,5.03
1990-02-26 17:00:00+00:00,12.0,0.0,12.0,4.27,4.28
1990-02-26 18:00:00+00:00,0.0,0.0,0.0,3.33,3.72
1990-02-26 19:00:00+00:00,0.0,0.0,0.0,2.4,3.52
1990-02-26 20:00:00+00:00,0.0,0.0,0.0,1.68,3.31
1990-02-26 21:00:00+00:00,0.0,0.0,0.0,1.05,3.1
1990-02-26 22:00:00+00:00,0.0,0.0,0.0,0.56,2.97
1990-02-26 23:00:00+00:00,0.0,0.0,0.0,0.17,2.83
1990-02-27 00:00:00+00:00,0.0,0.0,0.0,-0.1,2.76
1990-02-27 01:00:00+00:00,0.0,0.0,0.0,-0.13,2.69
1990-02-27 02:00:00+00:00,0.0,0.0,0.0,-0.16,2.76
1990-02-27 03:00:00+00:00,0.0,0.0,0.0,-0.21,2.83
1990-02-27 04:00:00+00:00,0.0,0.0,0.0,-0.32,2.83
1990-02-27 05:00:00+00:00,0.0,0.0,0.0,-0.66,2.69
1990-02-27 06:00:00+00:00,0.0,0.0,0.0,-1.34,2.55
1990-02-27 07:00:00+00:00,0.0,0.0,0.0,0.16,2.62
1990-02-27 08:00:00+00:00,64.0,30.6,59.0,0.12,2.48
1990-02-27 09:00:00+00:00,37.0,0.0,37.0,1.27,2.62
1990-02-27 10:00:00+00:00,146.0,7.63,143.0,2.62,3.17
1990-02-27 11:00:00+00:00,237.0,56.57,211.0,4.0,4.55
1990-02-27 12:00:00+00:00,55.0,0.0,55.0,4.97,4.9
1990-02-27 13:00:00+00:00,65.0,0.0,65.0,5.46,4.83
1990-02-27 14:00:00+00:00,174.0,16.7,167.0,5.48,4.55
1990-02-27 15:00:00+00:00,76.0,0.0,76.0,5.71,4.48
1990-02-27 16:00:00+00:00,93.0,48.0,83.0,5.57,3.86
1990-02-27 17:00:00+00:00,13.0,0.0,13.0,4.98,4.14
1990-02-27 18:00:00+00:00,0.0,0.0,0.0,3.86,3.86
1990-02-27 19:00:00+00:00,0.0,0.0,0.0,3.47,3.93
1990-02-27 20:00:00+00:00,0.0,0.0,0.0,3.08,4.0
1990-02-27 21:00:00+00:00,0.0,0.0,0.0,2.51,4.21
1990-02-27 22:00:00+00:00,0.0,0.0,0.0,2.33,4.62
1990-02-27 23:00:00+00:00,0.0,0.0,0.0,2.4,4.83
1990-02-28 00:00:00+00:00,0.0,0.0,0.0,2.58,5.03
1990-02-28 01:00:00+00:00,0.0,0.0,0.0,2.41,5.66
1990-02-28 02:00:00+00:00,0.0,0.0,0.0,1.33,4.69
1990-02-28 03:00:00+00:00,0.0,0.0,0.0,0.87,4.14
1990-02-28 04:00:00+00:00,0.0,0.0,0.0,0.32,3.93
1990-02-28 05:00:00+00:00,0.0,0.0,0.0,-0.38,4.0
1990-02-28 06:00:00+00:00,0.0,0.0,0.0,-0.9,4.07
1990-02-28 07:00:00+00:00,0.0,0.0,0.0,-1.15,4.28
1990-02-28 08:00:00+00:00,136.0,531.89,46.0,-0.97,4.28
1990-02-28 09:00:00+00:00,284.0,738.11,64.0,0.13,4.14
1990-02-28 10:00:00+00:00,403.0,816.83,77.0,1.32,5.1
1990-02-28 11:00:00+00:00,244.0,58.01,217.0,2.33,5.52
1990-02-28 12:00:00+00:00,337.0,188.79,244.0,3.12,5.86
1990-02-28 13:00:00+00:00,397.0,401.1,205.0,3.46,6.34
1990-02-28 14:00:00+00:00,402.0,666.42,119.0,3.42,6.62
1990-02-28 15:00:00+00:00,62.0,0.0,62.0,3.08,6.41
1990-02-28 16:00:00+00:00,16.0,0.0,16.0,1.23,5.29
1990-02-28 17:00:00+00:00,6.0,0.0,6.0,0.98,4.99
1990-02-28 18:00:00+00:00,0.0,0.0,0.0,0.74,4.68
1990-02-28 19:00:00+00:00,0.0,0.0,0.0,0.5,4.38
1990-02-28 20:00:00+00:00,0.0,0.0,0.0,0.26,4.07
1990-02-28 21:00:00+00:00,0.0,0.0,0.0,0.02,3.77
1990-02-28 22:00:00+00:00,0.0,0.0,0.0,-0.22,3.46
1990-02-28 23:00:00+00:00,0.0,0.0,0.0,-0.46,3.16
1990-03-01 00:00:00+00:00,0.0,0.0,0.0,-0.7,2.85
1990-03-01 01:00:00+00:00,0.0,0.0,0.0,-0.94,2.55
1990-03-01 02:00:00+00:00,0.0,0.0,0.0,-1.18,2.24
1990-03-01 03:00:00+00:00,0.0,0.0,0.0,-1.42,1.94
1990-03-01 04:00:00+00:00,0.0,0.0,0.0,-1.66,1.63
1990-03-01 05:00:00+00:00,0.0,0.0,0.0,-1.9,1.33
1990-03-01 06:00:00+00:00,0.0,0.0,0.0,-2.14,1.02
1990-03-01 07:00:00+00:00,0.0,0.0,0.0,-2.38,0.72
1990-03-01 08:00:00+00:00,73.0,39.98,66.0,-1.28,0.9
1990-03-01 09:00:00+00:00,251.0,473.73,107.0,1.84,0.55
1990-03-01 10:00:00+00:00,382.0,676.51,108.0,3.98,0.69
1990-03-01 11:00:00+00:00,336.0,233.38,226.0,5.43,1.24
1990-03-01 12:00:00+00:00,44.0,0.0,44.0,6.17,1.66
1990-03-01 13:00:00+00:00,118.0,0.0,118.0,6.52,2.0
1990-03-01 14:00:00+00:00,369.0,478.92,163.0,6.76,2.14
1990-03-01 15:00:00+00:00,263.0,362.31,140.0,6.64,1.93
1990-03-01 16:00:00+00:00,137.0,201.3,93.0,6.74,1.86
1990-03-01 17:00:00+00:00,35.0,132.23,25.0,6.25,1.31
1990-03-01 18:00:00+00:00,0.0,0.0,0.0,5.27,1.79
1990-03-01 19:00:00+00:00,0.0,0.0,0.0,4.61,1.93
1990-03-01 20:00:00+00:00,0.0,0.0,0.0,3.72,2.55
1990-03-01 21:00:00+00:00,0.0,0.0,0.0,2.95,2.97
1990-03-01 22:00:00+00:00,0.0,0.0,0.0,2.38,3.1
1990-03-01 23:00:00+00:00,0.0,0.0,0.0,2.06,3.38
1990-03-02 00:00:00+00:00,0.0,0.0,0.0,2.07,3.66
1990-03-02 01:00:00+00:00,0.0,0.0,0.0,2.31,3.86
1990-03-02 02:00:00+00:00,0.0,0.0,0.0,2.86,4.28
1990-03-02 03:00:00+00:00,0.0,0.0,0.0,3.64,4.55
1990-03-02 04:00:00+00:00,0.0,0.0,0.0,4.61,4.69
1990-03-02 05:00:00+00:00,0.0,0.0,0.0,5.22,4.69
1990-03-02 06:00:00+00:00,0.0,0.0,0.0,5.51,4.83
1990-03-02 07:00:00+00:00,6.0,0.0,6.0,5.84,4.9
1990-03-02 08:00:00+00:00,47.0,0.0,47.0,6.1,4.9
1990-03-02 09:00:00+00:00,53.0,0.0,53.0,6.48,5.03
1990-03-02 10:00:00+00:00,99.0,0.0,99.0,6.92,5.24
1990-03-02 11:00:00+00:00,124.0,0.0,124.0,7.41,7.24
1990-03-02 12:00:00+00:00,0.0,0.0,0.0,7.99,6.34
1990-03-02 13:00:00+00:00,94.0,0.0,94.0,8.31,8.34
1990-03-02 14:00:00+00:00,81.0,0.0,81.0,7.52,7.52
1990-03-02 15:00:00+00:00,88.0,0.0,88.0,7.03,7.17
1990-03-02 16:00:00+00:00,33.0,0.0,33.0,6.85,6.76
1990-03-02 17:00:00+00:00,7.0,0.0,7.0,6.58,6.41
1990-03-02 18:00:00+00:00,0.0,0.0,0.0,6.51,6.14
1990-03-02 19:00:00+00:00,0.0,0.0,0.0,6.61,6.55
1990-03-02 20:00:00+00:00,0.0,0.0,0.0,6.44,6.0
1990-03-02 21:00:00+00:00,0.0,0.0,0.0,6.03,4.21
1990-03-02 22:00:00+00:00,0.0,0.0,0.0,5.73,3.66
1990-03-02 23:00:00+00:00,0.0,0.0,0.0,5.37,3.31
1990-03-03 00:00:00+00:00,0.0,0.0,0.0,4.55,2.97
1990-03-03 01:00:00+00:00,0.0,0.0,0.0,3.38,2.9
1990-03-03 02:00:00+00:00,0.0,0.0,0.0,2.52,2.62
1990-03-03 03:00:00+00:00,0.0,0.0,0.0,1.56,2.48
1990-03-03 04:00:00+00:00,0.0,0.0,0.0,0.82,2.41
1990-03-03 05:00:00+00:00,0.0,0.0,0.0,0.21,2.28
1990-03-03 06:00:00+00:00,0.0,0.0,0.0,-0.35,2.14
1990-03-03 07:00:00+00:00,9.0,0.0,9.0,-0.21,2.21
1990-03-03 08:00:00+00:00,125.0,283.53,72.0,0.58,1.93
1990-03-03 09:00:00+00:00,275.0,566.64,96.0,2.97,2.21
1990-03-03 10:00:00+00:00,402.0,724.37,100.0,5.04,2.83
1990-03-03 11:00:00+00:00,347.0,240.12,231.0,6.37,3.45
1990-03-03 12:00:00+00:00,0.0,0.0,0.0,7.15,2.76
1990-03-03 13:00:00+00:00,73.0,0.0,73.0,7.61,2.21
1990-03-03 14:00:00+00:00,273.0,136.03,213.0,7.83,2.41
1990-03-03 15:00:00+00:00,50.0,0.0,50.0,7.45,2.9
1990-03-03 16:00:00+00:00,81.0,13.11,78.0,7.0,2.9
1990-03-03 17:00:00+00:00,50.0,292.47,25.0,6.44,2.83
1990-03-03 18:00:00+00:00,0.0,0.0,0.0,5.34,2.21
1990-03-03 19:00:00+00:00,0.0,0.0,0.0,4.73,2.55
1990-03-03 20:00:00+00:00,0.0,0.0,0.0,4.02,2.97
1990-03-03 21:00:00+00:00,0.0,0.0,0.0,3.5,3.1
1990-03-03 22:00:00+00:00,0.0,0.0,0.0,2.65,2.62
1990-03-03 23:00:00+00:00,0.0,0.0,0.0,1.8,2.41
1990-03-04 00:00:00+00:00,0.0,0.0,0.0,1.39,2.34
1990-03-04 01:00:00+00:00,0.0,0.0,0.0,1.21,2.0
1990-03-04 02:00:00+00:00,0.0,0.0,0.0,0.81,1.93
1990-03-04 03:00:00+00:00,0.0,0.0,0.0,0.28,2.07
1990-03-04 04:00:00+00:00,0.0,0.0,0.0,-0.18,2.07
1990-03-04 05:00:00+00:00,0.0,0.0,0.0,-0.51,2.21
1990-03-04 06:00:00+00:00,0.0,0.0,0.0,-0.64,2.28
1990-03-04 07:00:00+00:00,17.0,111.8,12.0,0.5,2.41
1990-03-04 08:00:00+00:00,150.0,466.52,60.0,1.74,2.07
1990-03-04 09:00:00+00:00,289.0,618.2,90.0,4.09,2.41
1990-03-04 10:00:00+00:00,401.0,685.76,111.0,5.83,3.66
1990-03-04 11:00:00+00:00,360.0,263.81,231.0,6.65,3.17
1990-03-04 12:00:00+00:00,0.0,0.0,0.0,7.36,3.45
1990-03-04 13:00:00+00:00,402.0,361.11,221.0,7.91,4.0
1990-03-04 14:00:00+00:00,291.0,167.96,216.0,8.35,3.24
1990-03-04 15:00:00+00:00,211.0,129.46,165.0,8.48,2.76
1990-03-04 16:00:00+00:00,148.0,209.52,99.0,8.49,2.28
1990-03-04 17:00:00+00:00,45.0,154.87,31.0,7.7,1.59
1990-03-04 18:00:00+00:00,0.0,0.0,0.0,6.74,1.72
1990-03-04 19:00:00+00:00,0.0,0.0,0.0,5.7,1.66
1990-03-04 20:00:00+00:00,0.0,0.0,0.0,3.96,1.66
1990-03-04 21:00:00+00:00,0.0,0.0,0.0,2.45,1.86
1990-03-04 22:00:00+00:00,0.0,0.0,0.0,1.29,1.93
1990-03-04 23:00:00+00:00,0.0,0.0,0.0,0.42,2.0
1990-03-05 00:00:00+00:00,0.0,0.0,0.0,-0.02,2.21
1990-03-05 01:00:00+00:00,0.0,0.0,0.0,-0.24,2.14
1990-03-05 02:00:00+00:00,0.0,0.0,0.0,-0.61,1.93
1990-03-05 03:00:00+00:00,0.0,0.0,0.0,-0.97,2.0
1990-03-05 04:00:00+00:00,0.0,0.0,0.0,-1.24,1.93
1990-03-05 05:00:00+00:00,0.0,0.0,0.0,-1.49,1.93
1990-03-05 06:00:00+00:00,0.0,0.0,0.0,-1.57,1.72
1990-03-05 07:00:00+00:00,16.0,39.46,14.0,-1.49,1.79
1990-03-05 08:00:00+00:00,28.0,0.0,28.0,0.65,1.24
1990-03-05 09:00:00+00:00,87.0,0.0,87.0,4.43,1.38
1990-03-05 10:00:00+00:00,272.0,158.55,204.0,6.55,1.93
1990-03-05 11:00:00+00:00,444.0,563.75,165.0,8.12,2.41
1990-03-05 12:00:00+00:00,312.0,113.14,253.0,9.15,2.69
1990-03-05 13:00:00+00:00,309.0,126.27,245.0,9.4,3.1
1990-03-05 14:00:00+00:00,209.0,35.4,193.0,9.94,4.07
1990-03-05 15:00:00+00:00,194.0,85.97,163.0,9.89,3.93
1990-03-05 16:00:00+00:00,101.0,37.67,92.0,9.71,4.28
1990-03-05 17:00:00+00:00,40.0,83.94,32.0,9.14,3.52
1990-03-05 18:00:00+00:00,0.0,0.0,0.0,8.42,3.52
1990-03-05 19:00:00+00:00,0.0,0.0,0.0,7.54,3.03
1990-03-05 20:00:00+00:00,0.0,0.0,0.0,7.21,3.1
1990-03-05 21:00:00+00:00,0.0,0.0,0.0,7.13,3.45
1990-03-05 22:00:00+00:00,0.0,0.0,0.0,6.99,3.79
1990-03-05 23:00:00+00:00,0.0,0.0,0.0,6.84,4.07
1990-03-06 00:00:00+00:00,0.0,0.0,0.0,6.54,4.14
1990-03-06 01:00:00+00:00,0.0,0.0,0.0,6.39,4.21
1990-03-06 02:00:00+00:00,0.0,0.0,0.0,5.98,4.14
1990-03-06 03:00:00+00:00,0.0,0.0,0.0,5.96,4.21
1990-03-06 04:00:00+00:00,0.0,0.0,0.0,6.1,4.21
1990-03-06 05:00:00+00:00,0.0,0.0,0.0,6.26,4.07
1990-03-06 06:00:00+00:00,0.0,0.0,0.0,6.46,4.0
1990-03-06 07:00:00+00:00,14.0,17.64,13.0,6.7,3.72
1990-03-06 08:00:00+00:00,86.0,43.91,77.0,6.81,3.72
1990-03-06 09:00:00+00:00,102.0,2.99,101.0,7.19,3.93
1990-03-06 10:00:00+00:00,189.0,27.59,177.0,7.56,4.41
1990-03-06 11:00:00+00:00,103.0,0.0,103.0,8.08,4.62
1990-03-06 12:00:00+00:00,137.0,0.0,137.0,8.85,4.9
1990-03-06 13:00:00+00:00,137.0,0.0,137.0,9.02,4.41
1990-03-06 14:00:00+00:00,57.0,0.0,57.0,9.57,5.79
1990-03-06 15:00:00+00:00,55.0,0.0,55.0,9.47,4.9
1990-03-06 16:00:00+00:00,65.0,0.0,65.0,9.31,5.1
1990-03-06 17:00:00+00:00,34.0,29.94,31.0,9.07,5.1
1990-03-06 18:00:00+00:00,0.0,0.0,0.0,8.77,5.03
1990-03-06 19:00:00+00:00,0.0,0.0,0.0,8.32,5.45
1990-03-06 20:00:00+00:00,0.0,0.0,0.0,8.15,5.52
1990-03-06 21:00:00+00:00,0.0,0.0,0.0,8.09,5.52
1990-03-06 22:00:00+00:00,0.0,0.0,0.0,8.09,5.45
1990-03-06 23:00:00+00:00,0.0,0.0,0.0,8.13,5.38
1990-03-07 00:00:00+00:00,0.0,0.0,0.0,8.12,5.38
1990-03-07 01:00:00+00:00,0.0,0.0,0.0,8.02,5.38
1990-03-07 02:00:00+00:00,0.0,0.0,0.0,7.88,5.45
1990-03-07 03:00:00+00:00,0.0,0.0,0.0,7.84,5.59
1990-03-07 04:00:00+00:00,0.0,0.0,0.0,7.91,6.0
1990-03-07 05:00:00+00:00,0.0,0.0,0.0,8.05,6.34
1990-03-07 06:00:00+00:00,0.0,0.0,0.0,8.28,6.55
1990-03-07 07:00:00+00:00,10.0,0.0,10.0,8.52,6.28
1990-03-07 08:00:00+00:00,51.0,0.0,51.0,8.75,6.21
1990-03-07 09:00:00+00:00,180.0,82.34,152.0,9.08,5.38
1990-03-07 10:00:00+00:00,391.0,567.03,141.0,9.48,4.41
1990-03-07 11:00:00+00:00,255.0,49.34,230.0,11.28,5.59
1990-03-07 12:00:00+00:00,366.0,202.61,258.0,12.05,4.55
1990-03-07 13:00:00+00:00,465.0,559.76,175.0,12.46,4.55
1990-03-07 14:00:00+00:00,440.0,708.67,112.0,12.41,4.9
1990-03-07 15:00:00+00:00,323.0,560.53,115.0,11.87,4.07
1990-03-07 16:00:00+00:00,203.0,521.95,73.0,10.94,3.79
1990-03-07 17:00:00+00:00,66.0,313.97,33.0,9.82,3.03
1990-03-07 18:00:00+00:00,0.0,0.0,0.0,8.14,2.41
1990-03-07 19:00:00+00:00,0.0,0.0,0.0,7.28,2.21
1990-03-07 20:00:00+00:00,0.0,0.0,0.0,5.92,2.48
1990-03-07 21:00:00+00:00,0.0,0.0,0.0,4.87,2.55
1990-03-07 22:00:00+00:00,0.0,0.0,0.0,4.1,2.62
1990-03-07 23:00:00+00:00,0.0,0.0,0.0,3.61,2.83
1990-03-08 00:00:00+00:00,0.0,0.0,0.0,3.59,3.1
1990-03-08 01:00:00+00:00,0.0,0.0,0.0,3.98,3.17
1990-03-08 02:00:00+00:00,0.0,0.0,0.0,4.44,4.0
1990-03-08 03:00:00+00:00,0.0,0.0,0.0,5.15,4.28
1990-03-08 04:00:00+00:00,0.0,0.0,0.0,5.77,4.21
1990-03-08 05:00:00+00:00,0.0,0.0,0.0,6.23,4.34
1990-03-08 06:00:00+00:00,0.0,0.0,0.0,6.53,4.48
1990-03-08 07:00:00+00:00,9.0,0.0,9.0,6.79,4.76
1990-03-08 08:00:00+00:00,30.0,0.0,30.0,7.03,4.76
1990-03-08 09:00:00+00:00,101.0,0.0,101.0,7.38,4.9
1990-03-08 10:00:00+00:00,251.0,89.5,211.0,8.22,6.21
1990-03-08 11:00:00+00:00,342.0,175.56,252.0,9.04,6.55
1990-03-08 12:00:00+00:00,416.0,309.94,249.0,10.04,6.48
1990-03-08 13:00:00+00:00,424.0,374.28,228.0,11.59,6.62
1990-03-08 14:00:00+00:00,311.0,181.53,226.0,12.63,6.55
1990-03-08 15:00:00+00:00,277.0,294.98,166.0,13.18,6.21
1990-03-08 16:00:00+00:00,184.0,330.57,100.0,13.0,5.38
1990-03-08 17:00:00+00:00,53.0,118.19,40.0,12.16,5.17
1990-03-08 18:00:00+00:00,0.0,0.0,0.0,10.93,4.9
1990-03-08 19:00:00+00:00,0.0,0.0,0.0,9.73,4.34
1990-03-08 20:00:00+00:00,0.0,0.0,0.0,8.78,4.34
1990-03-08 21:00:00+00:00,0.0,0.0,0.0,8.17,4.28
1990-03-08 22:00:00+00:00,0.0,0.0,0.0,7.87,4.21
1990-03-08 23:00:00+00:00,0.0,0.0,0.0,7.75,4.14
1990-03-09 00:00:00+00:00,0.0,0.0,0.0,7.71,4.07
1990-03-09 01:00:00+00:00,0.0,0.0,0.0,7.59,3.93
1990-03-09 02:00:00+00:00,0.0,0.0,0.0,7.43,3.86
1990-03-09 03:00:00+00:00,0.0,0.0,0.0,7.14,3.72
1990-03-09 04:00:00+00:00,0.0,0.0,0.0,6.79,3.66
1990-03-09 05:00:00+00:00,0.0,0.0,0.0,6.44,3.52
1990-03-09 06:00:00+00:00,0.0,0.0,0.0,6.12,3.38
1990-03-09 07:00:00+00:00,37.0,173.58,24.0,5.52,2.97
1990-03-09 08:00:00+00:00,179.0,488.15,70.0,6.48,2.62
1990-03-09 09:00:00+00:00,320.0,638.78,95.0,8.55,2.76
1990-03-09 10:00:00+00:00,445.0,755.06,103.0,10.54,3.24
1990-03-09 11:00:00+00:00,520.0,784.89,113.0,12.14,3.66
1990-03-09 12:00:00+00:00,534.0,723.5,140.0,13.49,3.79
1990-03-09 13:00:00+00:00,527.0,770.89,119.0,14.46,3.93
1990-03-09 14:00:00+00:00,466.0,757.97,107.0,15.06,3.86
1990-03-09 15:00:00+00:00,357.0,681.52,97.0,15.23,3.93
1990-03-09 16:00:00+00:00,214.0,517.11,80.0,14.97,3.59
1990-03-09 17:00:00+00:00,70.0,269.87,39.0,13.92,2.76
1990-03-09 18:00:00+00:00,0.0,0.0,0.0,11.97,2.69
1990-03-09 19:00:00+00:00,0.0,0.0,0.0,11.23,3.24
1990-03-09 20:00:00+00:00,0.0,0.0,0.0,10.01,3.24
1990-03-09 21:00:00+00:00,0.0,0.0,0.0,8.98,3.1
1990-03-09 22:00:00+00:00,0.0,0.0,0.0,8.06,2.9
1990-03-09 23:00:00+00:00,0.0,0.0,0.0,7.3,2.69
1990-03-10 00:00:00+00:00,0.0,0.0,0.0,6.63,2.48
1990-03-10 01:00:00+00:00,0.0,0.0,0.0,6.02,2.28
1990-03-10 02:00:00+00:00,0.0,0.0,0.0,5.66,2.28
1990-03-10 03:00:00+00:00,0.0,0.0,0.0,5.83,2.41
1990-03-10 04:00:00+00:00,0.0,0.0,0.0,6.49,2.76
1990-03-10 05:00:00+00:00,0.0,0.0,0.0,6.81,3.1
1990-03-10 06:00:00+00:00,0.0,0.0,0.0,6.56,3.03
1990-03-10 07:00:00+00:00,43.0,209.82,26.0,6.01,3.03
1990-03-10 08:00:00+00:00,156.0,278.94,92.0,6.33,2.9
1990-03-10 09:00:00+00:00,149.0,22.32,141.0,7.61,4.55
1990-03-10 10:00:00+00:00,358.0,348.61,198.0,8.61,3.93
1990-03-10 11:00:00+00:00,502.0,688.34,141.0,9.4,3.93
1990-03-10 12:00:00+00:00,440.0,357.97,243.0,9.77,4.07
1990-03-10 13:00:00+00:00,400.0,280.47,250.0,10.17,4.21
1990-03-10 14:00:00+00:00,399.0,436.32,190.0,10.32,4.21
1990-03-10 15:00:00+00:00,326.0,491.35,136.0,10.44,4.28
1990-03-10 16:00:00+00:00,221.0,548.94,76.0,10.11,4.14
1990-03-10 17:00:00+00:00,72.0,258.91,41.0,9.33,3.52
1990-03-10 18:00:00+00:00,0.0,0.0,0.0,8.06,3.45
1990-03-10 19:00:00+00:00,0.0,0.0,0.0,6.76,3.59
1990-03-10 20:00:00+00:00,0.0,0.0,0.0,5.54,3.52
1990-03-10 21:00:00+00:00,0.0,0.0,0.0,4.5,3.45
1990-03-10 22:00:00+00:00,0.0,0.0,0.0,3.8,3.31
1990-03-10 23:00:00+00:00,0.0,0.0,0.0,3.37,3.03
1990-03-11 00:00:00+00:00,0.0,0.0,0.0,2.9,2.97
1990-03-11 01:00:00+00:00,0.0,0.0,0.0,2.93,2.97
1990-03-11 02:00:00+00:00,0.0,0.0,0.0,2.41,2.76
1990-03-11 03:00:00+00:00,0.0,0.0,0.0,1.85,2.69
1990-03-11 04:00:00+00:00,0.0,0.0,0.0,1.63,2.62
1990-03-11 05:00:00+00:00,0.0,0.0,0.0,1.45,2.69
1990-03-11 06:00:00+00:00,0.0,0.0,0.0,1.23,2.83
1990-03-11 07:00:00+00:00,30.0,34.41,27.0,2.27,2.9
1990-03-11 08:00:00+00:00,107.0,50.93,95.0,3.22,2.83
1990-03-11 09:00:00+00:00,187.0,63.11,164.0,4.76,3.93
1990-03-11 10:00:00+00:00,390.0,434.41,188.0,6.28,4.28
1990-03-11 11:00:00+00:00,527.0,752.34,128.0,7.34,4.0
1990-03-11 12:00:00+00:00,537.0,674.4,162.0,8.42,4.0
1990-03-11 13:00:00+00:00,536.0,743.94,134.0,9.2,4.21
1990-03-11 14:00:00+00:00,483.0,774.21,108.0,9.87,4.28
1990-03-11 15:00:00+00:00,374.0,709.45,96.0,9.98,4.21
1990-03-11 16:00:00+00:00,234.0,587.06,76.0,9.84,4.07
1990-03-11 17:00:00+00:00,80.0,305.01,42.0,9.19,3.1
1990-03-11 18:00:00+00:00,0.0,0.0,0.0,8.13,3.03
1990-03-11 19:00:00+00:00,0.0,0.0,0.0,7.07,2.9
1990-03-11 20:00:00+00:00,0.0,0.0,0.0,5.89,3.03
1990-03-11 21:00:00+00:00,0.0,0.0,0.0,4.82,3.03
1990-03-11 22:00:00+00:00,0.0,0.0,0.0,4.2,2.97
1990-03-11 23:00:00+00:00,0.0,0.0,0.0,3.48,2.76
1990-03-12 00:00:00+00:00,0.0,0.0,0.0,3.0,2.55
1990-03-12 01:00:00+00:00,0.0,0.0,0.0,2.65,2.34
1990-03-12 02:00:00+00:00,0.0,0.0,0.0,2.27,2.21
1990-03-12 03:00:00+00:00,0.0,0.0,0.0,1.85,2.14
1990-03-12 04:00:00+00:00,0.0,0.0,0.0,1.48,2.07
1990-03-12 05:00:00+00:00,0.0,0.0,0.0,1.11,2.07
1990-03-12 06:00:00+00:00,0.0,0.0,0.0,0.76,2.14
1990-03-12 07:00:00+00:00,28.0,21.42,26.0,1.29,2.28
1990-03-12 08:00:00+00:00,100.0,28.95,93.0,2.66,2.48
1990-03-12 09:00:00+00:00,135.0,8.1,132.0,4.13,2.41
1990-03-12 10:00:00+00:00,148.0,0.0,148.0,5.73,2.07
1990-03-12 11:00:00+00:00,155.0,0.0,155.0,7.38,1.79
1990-03-12 12:00:00+00:00,183.0,1.78,182.0,8.98,1.72
1990-03-12 13:00:00+00:00,496.0,555.05,193.0,10.44,1.59
1990-03-12 14:00:00+00:00,481.0,749.45,114.0,11.46,1.45
1990-03-12 15:00:00+00:00,369.0,662.48,106.0,12.24,1.38
1990-03-12 16:00:00+00:00,231.0,536.27,84.0,12.47,1.24
1990-03-12 17:00:00+00:00,82.0,285.88,45.0,12.06,1.03
1990-03-12 18:00:00+00:00,0.0,0.0,0.0,10.72,1.93
1990-03-12 19:00:00+00:00,0.0,0.0,0.0,7.98,1.72
1990-03-12 20:00:00+00:00,0.0,0.0,0.0,6.27,1.66
1990-03-12 21:00:00+00:00,0.0,0.0,0.0,4.74,1.52
1990-03-12 22:00:00+00:00,0.0,0.0,0.0,3.87,1.38
1990-03-12 23:00:00+00:00,0.0,0.0,0.0,3.35,1.24
1990-03-13 00:00:00+00:00,0.0,0.0,0.0,2.27,1.31
1990-03-13 01:00:00+00:00,0.0,0.0,0.0,1.89,0.69
1990-03-13 02:00:00+00:00,0.0,0.0,0.0,2.22,0.76
1990-03-13 03:00:00+00:00,0.0,0.0,0.0,1.83,0.62
1990-03-13 04:00:00+00:00,0.0,0.0,0.0,2.3,0.83
1990-03-13 05:00:00+00:00,0.0,0.0,0.0,2.53,1.17
1990-03-13 06:00:00+00:00,0.0,0.0,0.0,2.77,1.45
1990-03-13 07:00:00+00:00,27.0,10.04,26.0,2.56,1.86
1990-03-13 08:00:00+00:00,121.0,68.56,104.0,2.8,1.86
1990-03-13 09:00:00+00:00,232.0,146.0,177.0,3.54,1.79
1990-03-13 10:00:00+00:00,360.0,295.57,219.0,4.51,1.79
1990-03-13 11:00:00+00:00,471.0,477.76,212.0,5.7,1.72
1990-03-13 12:00:00+00:00,437.0,301.34,266.0,7.31,1.52
1990-03-13 13:00:00+00:00,510.0,591.22,184.0,8.78,1.17
1990-03-13 14:00:00+00:00,397.0,365.65,216.0,10.32,1.17
1990-03-13 15:00:00+00:00,335.0,450.12,154.0,11.15,1.45
1990-03-13 16:00:00+00:00,199.0,297.41,116.0,11.42,1.52
1990-03-13 17:00:00+00:00,65.0,104.28,51.0,10.99,1.24
1990-03-13 18:00:00+00:00,0.0,0.0,0.0,9.89,1.66
1990-03-13 19:00:00+00:00,0.0,0.0,0.0,8.18,2.07
1990-03-13 20:00:00+00:00,0.0,0.0,0.0,6.66,2.07
1990-03-13 21:00:00+00:00,0.0,0.0,0.0,5.4,1.93
1990-03-13 22:00:00+00:00,0.0,0.0,0.0,4.39,1.86
1990-03-13 23:00:00+00:00,0.0,0.0,0.0,3.51,1.79
1990-03-14 00:00:00+00:00,0.0,0.0,0.0,2.81,1.66
1990-03-14 01:00:00+00:00,0.0,0.0,0.0,2.52,1.59
1990-03-14 02:00:00+00:00,0.0,0.0,0.0,1.7,1.45
1990-03-14 03:00:00+00:00,0.0,0.0,0.0,1.34,1.24
1990-03-14 04:00:00+00:00,0.0,0.0,0.0,1.62,0.9
1990-03-14 05:00:00+00:00,0.0,0.0,0.0,1.95,0.55
1990-03-14 06:00:00+00:00,0.0,0.0,0.0,2.33,0.69
1990-03-14 07:00:00+00:00,50.0,113.44,38.0,1.56,0.9
1990-03-14 08:00:00+00:00,167.0,236.06,107.0,2.24,1.31
1990-03-14 09:00:00+00:00,316.0,451.87,143.0,3.85,1.59
1990-03-14 10:00:00+00:00,370.0,316.73,217.0,5.55,2.07
1990-03-14 11:00:00+00:00,476.0,481.78,212.0,7.89,2.34
1990-03-14 12:00:00+00:00,578.0,795.61,122.0,10.27,2.69
1990-03-14 13:00:00+00:00,556.0,775.74,124.0,12.12,3.17
1990-03-14 14:00:00+00:00,486.0,731.58,120.0,13.47,3.79
1990-03-14 15:00:00+00:00,272.0,201.37,190.0,14.01,4.14
1990-03-14 16:00:00+00:00,132.0,49.29,118.0,13.81,4.07
1990-03-14 17:00:00+00:00,32.0,0.0,32.0,12.66,3.52
1990-03-14 18:00:00+00:00,0.0,0.0,0.0,10.96,3.79
1990-03-14 19:00:00+00:00,0.0,0.0,0.0,9.08,4.21
1990-03-14 20:00:00+00:00,0.0,0.0,0.0,8.25,4.14
1990-03-14 21:00:00+00:00,0.0,0.0,0.0,7.53,4.62
1990-03-14 22:00:00+00:00,0.0,0.0,0.0,7.11,5.17
1990-03-14 23:00:00+00:00,0.0,0.0,0.0,7.27,5.59
1990-03-15 00:00:00+00:00,0.0,0.0,0.0,7.62,5.86
1990-03-15 01:00:00+00:00,0.0,0.0,0.0,7.82,5.93
1990-03-15 02:00:00+00:00,0.0,0.0,0.0,7.84,5.79
1990-03-15 03:00:00+00:00,0.0,0.0,0.0,7.77,5.52
1990-03-15 04:00:00+00:00,0.0,0.0,0.0,7.65,5.03
1990-03-15 05:00:00+00:00,0.0,0.0,0.0,7.44,4.48
1990-03-15 06:00:00+00:00,0.0,0.0,0.0,6.93,4.0
1990-03-15 07:00:00+00:00,68.0,285.66,36.0,6.72,3.79
1990-03-15 08:00:00+00:00,96.0,15.36,92.0,7.21,3.24
1990-03-15 09:00:00+00:00,218.0,102.83,178.0,8.08,4.34
1990-03-15 10:00:00+00:00,354.0,263.77,225.0,9.29,5.03
1990-03-15 11:00:00+00:00,502.0,579.62,181.0,10.36,5.24
1990-03-15 12:00:00+00:00,520.0,556.32,198.0,11.41,5.31
1990-03-15 13:00:00+00:00,364.0,158.27,275.0,12.24,5.17
1990-03-15 14:00:00+00:00,289.0,98.9,239.0,12.65,5.03
1990-03-15 15:00:00+00:00,141.0,4.85,139.0,12.65,4.9
1990-03-15 16:00:00+00:00,107.0,13.84,103.0,12.22,4.69
1990-03-15 17:00:00+00:00,37.0,0.0,37.0,11.48,4.41
1990-03-15 18:00:00+00:00,0.0,0.0,0.0,10.42,4.55
1990-03-15 19:00:00+00:00,0.0,0.0,0.0,9.73,4.9
1990-03-15 20:00:00+00:00,0.0,0.0,0.0,9.13,5.03
1990-03-15 21:00:00+00:00,0.0,0.0,0.0,8.86,5.03
1990-03-15 22:00:00+00:00,0.0,0.0,0.0,8.94,4.83
1990-03-15 23:00:00+00:00,0.0,0.0,0.0,8.86,4.69
1990-03-16 00:00:00+00:00,0.0,0.0,0.0,8.73,4.69
1990-03-16 01:00:00+00:00,0.0,0.0,0.0,8.37,4.83
1990-03-16 02:00:00+00:00,0.0,0.0,0.0,7.97,4.9
1990-03-16 03:00:00+00:00,0.0,0.0,0.0,7.7,4.9
1990-03-16 04:00:00+00:00,0.0,0.0,0.0,7.31,4.76
1990-03-16 05:00:00+00:00,0.0,0.0,0.0,6.97,4.76
1990-03-16 06:00:00+00:00,0.0,0.0,0.0,6.75,4.76
1990-03-16 07:00:00+00:00,75.0,312.85,38.0,6.96,4.62
1990-03-16 08:00:00+00:00,222.0,532.65,80.0,7.33,4.41
1990-03-16 09:00:00+00:00,367.0,678.3,99.0,8.27,5.31
1990-03-16 10:00:00+00:00,491.0,777.68,106.0,9.45,5.38
1990-03-16 11:00:00+00:00,566.0,805.88,115.0,10.59,5.45
1990-03-16 12:00:00+00:00,592.0,807.61,120.0,11.54,5.52
1990-03-16 13:00:00+00:00,569.0,789.04,121.0,12.3,5.59
1990-03-16 14:00:00+00:00,509.0,787.03,107.0,12.72,5.59
1990-03-16 15:00:00+00:00,399.0,723.63,97.0,12.72,5.38
1990-03-16 16:00:00+00:00,255.0,595.6,80.0,12.29,5.24
1990-03-16 17:00:00+00:00,100.0,343.11,49.0,11.39,4.48
1990-03-16 18:00:00+00:00,0.0,0.0,0.0,10.53,4.21
1990-03-16 19:00:00+00:00,0.0,0.0,0.0,10.08,3.93
1990-03-16 20:00:00+00:00,0.0,0.0,0.0,9.6,3.93
1990-03-16 21:00:00+00:00,0.0,0.0,0.0,9.37,3.52
1990-03-16 22:00:00+00:00,0.0,0.0,0.0,9.12,3.24
1990-03-16 23:00:00+00:00,0.0,0.0,0.0,8.9,3.17
1990-03-17 00:00:00+00:00,0.0,0.0,0.0,8.84,3.17
1990-03-17 01:00:00+00:00,0.0,0.0,0.0,8.66,3.24
1990-03-17 02:00:00+00:00,0.0,0.0,0.0,8.5,3.24
1990-03-17 03:00:00+00:00,0.0,0.0,0.0,8.22,3.1
1990-03-17 04:00:00+00:00,0.0,0.0,0.0,7.85,2.97
1990-03-17 05:00:00+00:00,0.0,0.0,0.0,7.6,2.83
1990-03-17 06:00:00+00:00,0.0,0.0,0.0,7.36,2.83
1990-03-17 07:00:00+00:00,46.0,40.15,41.0,7.87,2.69
1990-03-17 08:00:00+00:00,181.0,238.27,116.0,8.21,3.1
1990-03-17 09:00:00+00:00,364.0,633.07,110.0,8.4,3.24
1990-03-17 10:00:00+00:00,370.0,277.42,231.0,8.56,3.17
1990-03-17 11:00:00+00:00,419.0,268.82,267.0,9.2,3.17
1990-03-17 12:00:00+00:00,543.0,591.48,194.0,9.76,3.1
1990-03-17 13:00:00+00:00,527.0,596.67,185.0,10.04,3.45
1990-03-17 14:00:00+00:00,499.0,730.64,122.0,10.49,3.38
1990-03-17 15:00:00+00:00,298.0,250.97,192.0,10.71,3.38
1990-03-17 16:00:00+00:00,122.0,23.44,115.0,10.69,3.66
1990-03-17 17:00:00+00:00,51.0,19.56,48.0,10.59,3.86
1990-03-17 18:00:00+00:00,0.0,0.0,0.0,10.16,2.9
1990-03-17 19:00:00+00:00,0.0,0.0,0.0,10.01,3.03
1990-03-17 20:00:00+00:00,0.0,0.0,0.0,9.39,3.24
1990-03-17 21:00:00+00:00,0.0,0.0,0.0,8.67,3.1
1990-03-17 22:00:00+00:00,0.0,0.0,0.0,8.13,2.69
1990-03-17 23:00:00+00:00,0.0,0.0,0.0,7.72,2.34
1990-03-18 00:00:00+00:00,0.0,0.0,0.0,7.25,2.55
1990-03-18 01:00:00+00:00,0.0,0.0,0.0,6.51,2.83
1990-03-18 02:00:00+00:00,0.0,0.0,0.0,6.33,3.1
1990-03-18 03:00:00+00:00,0.0,0.0,0.0,6.29,3.17
1990-03-18 04:00:00+00:00,0.0,0.0,0.0,6.2,3.17
1990-03-18 05:00:00+00:00,0.0,0.0,0.0,6.2,3.45
1990-03-18 06:00:00+00:00,0.0,0.0,0.0,6.14,3.93
1990-03-18 07:00:00+00:00,46.0,30.58,42.0,7.0,4.14
1990-03-18 08:00:00+00:00,230.0,512.52,87.0,7.46,4.97
1990-03-18 09:00:00+00:00,112.0,0.0,112.0,8.19,6.55
1990-03-18 10:00:00+00:00,69.0,0.0,69.0,8.91,7.03
1990-03-18 11:00:00+00:00,205.0,3.5,203.0,9.07,5.86
1990-03-18 12:00:00+00:00,399.0,176.28,294.0,9.97,6.0
1990-03-18 13:00:00+00:00,335.0,93.34,281.0,10.75,6.34
1990-03-18 14:00:00+00:00,303.0,101.7,250.0,11.58,7.1
1990-03-18 15:00:00+00:00,238.0,93.6,198.0,11.38,8.14
1990-03-18 16:00:00+00:00,175.0,131.78,135.0,11.37,7.66
1990-03-18 17:00:00+00:00,78.0,107.49,61.0,11.02,6.62
1990-03-18 18:00:00+00:00,0.0,0.0,0.0,10.21,6.14
1990-03-18 19:00:00+00:00,0.0,0.0,0.0,9.84,5.59
1990-03-18 20:00:00+00:00,0.0,0.0,0.0,9.33,5.24
1990-03-18 21:00:00+00:00,0.0,0.0,0.0,8.85,4.76
1990-03-18 22:00:00+00:00,0.0,0.0,0.0,8.19,4.07
1990-03-18 23:00:00+00:00,0.0,0.0,0.0,7.52,3.66
1990-03-19 00:00:00+00:00,0.0,0.0,0.0,7.24,3.72
1990-03-19 01:00:00+00:00,0.0,0.0,0.0,7.28,3.72
1990-03-19 02:00:00+00:00,0.0,0.0,0.0,7.15,3.72
1990-03-19 03:00:00+00:00,0.0,0.0,0.0,6.68,3.79
1990-03-19 04:00:00+00:00,0.0,0.0,0.0,6.35,4.07
1990-03-19 05:00:00+00:00,0.0,0.0,0.0,6.22,4.14
1990-03-19 06:00:00+00:00,0.0,0.0,0.0,6.13,4.07
1990-03-19 07:00:00+00:00,55.0,43.78,49.0,6.08,3.86
1990-03-19 08:00:00+00:00,144.0,73.63,123.0,7.29,3.45
1990-03-19 09:00:00+00:00,350.0,486.18,149.0,8.88,6.21
1990-03-19 10:00:00+00:00,323.0,142.32,250.0,9.97,5.03
1990-03-19 11:00:00+00:00,281.0,38.13,259.0,11.14,5.31
1990-03-19 12:00:00+00:00,280.0,28.28,263.0,12.37,5.59
1990-03-19 13:00:00+00:00,386.0,164.41,290.0,13.11,5.72
1990-03-19 14:00:00+00:00,496.0,655.51,151.0,13.49,5.86
1990-03-19 15:00:00+00:00,382.0,559.76,140.0,13.6,5.93
1990-03-19 16:00:00+00:00,274.0,622.63,82.0,13.22,5.72
1990-03-19 17:00:00+00:00,122.0,454.32,48.0,12.3,5.45
1990-03-19 18:00:00+00:00,0.0,0.0,0.0,10.87,5.17
1990-03-19 19:00:00+00:00,0.0,0.0,0.0,8.94,5.17
1990-03-19 20:00:00+00:00,0.0,0.0,0.0,8.19,5.24
1990-03-19 21:00:00+00:00,0.0,0.0,0.0,7.78,5.17
1990-03-19 22:00:00+00:00,0.0,0.0,0.0,7.48,5.17
1990-03-19 23:00:00+00:00,0.0,0.0,0.0,7.1,5.17
1990-03-20 00:00:00+00:00,0.0,0.0,0.0,6.87,5.24
1990-03-20 01:00:00+00:00,0.0,0.0,0.0,6.27,5.17
1990-03-20 02:00:00+00:00,0.0,0.0,0.0,5.67,5.31
1990-03-20 03:00:00+00:00,0.0,0.0,0.0,5.32,5.59
1990-03-20 04:00:00+00:00,0.0,0.0,0.0,5.2,5.72
1990-03-20 05:00:00+00:00,0.0,0.0,0.0,5.61,6.0
1990-03-20 06:00:00+00:00,0.0,0.0,0.0,6.05,6.14
1990-03-20 07:00:00+00:00,30.0,0.0,30.0,6.41,7.31
1990-03-20 08:00:00+00:00,142.0,61.77,124.0,7.03,8.28
1990-03-20 09:00:00+00:00,179.0,23.84,169.0,7.73,7.52
1990-03-20 10:00:00+00:00,153.0,0.0,153.0,8.73,7.79
1990-03-20 11:00:00+00:00,339.0,94.39,284.0,9.78,8.41
1990-03-20 12:00:00+00:00,362.0,103.84,299.0,10.54,8.76
1990-03-20 13:00:00+00:00,319.0,66.19,280.0,10.84,8.76
1990-03-20 14:00:00+00:00,424.0,361.3,232.0,11.57,9.52
1990-03-20 15:00:00+00:00,77.0,0.0,77.0,11.75,9.66
1990-03-20 16:00:00+00:00,50.0,0.0,50.0,10.31,7.38
1990-03-20 17:00:00+00:00,32.0,0.0,32.0,9.46,6.9
1990-03-20 18:00:00+00:00,0.0,0.0,0.0,8.7,6.34
1990-03-20 19:00:00+00:00,0.0,0.0,0.0,8.29,5.59
1990-03-20 20:00:00+00:00,0.0,0.0,0.0,7.3,5.03
1990-03-20 21:00:00+00:00,0.0,0.0,0.0,6.83,5.1
1990-03-20 22:00:00+00:00,0.0,0.0,0.0,6.46,4.97
1990-03-20 23:00:00+00:00,0.0,0.0,0.0,5.98,4.48
1990-03-21 00:00:00+00:00,0.0,0.0,0.0,5.47,3.93
1990-03-21 01:00:00+00:00,0.0,0.0,0.0,4.37,3.31
1990-03-21 02:00:00+00:00,0.0,0.0,0.0,3.6,2.76
1990-03-21 03:00:00+00:00,0.0,0.0,0.0,2.64,2.76
1990-03-21 04:00:00+00:00,0.0,0.0,0.0,2.21,2.83
1990-03-21 05:00:00+00:00,0.0,0.0,0.0,1.87,2.97
1990-03-21 06:00:00+00:00,0.0,0.0,0.0,1.65,3.1
1990-03-21 07:00:00+00:00,109.0,421.15,46.0,1.98,2.9
1990-03-21 08:00:00+00:00,265.0,621.63,80.0,3.66,3.1
1990-03-21 09:00:00+00:00,416.0,749.59,97.0,5.56,4.34
1990-03-21 10:00:00+00:00,501.0,668.89,150.0,7.09,5.52
1990-03-21 11:00:00+00:00,530.0,526.85,220.0,8.22,6.62
1990-03-21 12:00:00+00:00,85.0,0.0,85.0,8.76,6.48
1990-03-21 13:00:00+00:00,399.0,169.89,298.0,8.55,7.17
1990-03-21 14:00:00+00:00,534.0,766.08,123.0,8.59,7.45
1990-03-21 15:00:00+00:00,433.0,750.83,101.0,8.26,7.24
1990-03-21 16:00:00+00:00,219.0,248.47,140.0,7.55,5.59
1990-03-21 17:00:00+00:00,127.0,412.11,56.0,7.31,5.52
1990-03-21 18:00:00+00:00,0.0,0.0,0.0,6.68,5.45
1990-03-21 19:00:00+00:00,0.0,0.0,0.0,6.12,5.45
1990-03-21 20:00:00+00:00,0.0,0.0,0.0,5.82,6.0
1990-03-21 21:00:00+00:00,0.0,0.0,0.0,5.51,6.48
1990-03-21 22:00:00+00:00,0.0,0.0,0.0,5.22,6.97
1990-03-21 23:00:00+00:00,0.0,0.0,0.0,4.91,6.69
1990-03-22 00:00:00+00:00,0.0,0.0,0.0,4.6,5.86
1990-03-22 01:00:00+00:00,0.0,0.0,0.0,4.33,4.62
1990-03-22 02:00:00+00:00,0.0,0.0,0.0,3.96,4.34
1990-03-22 03:00:00+00:00,0.0,0.0,0.0,3.47,4.21
1990-03-22 04:00:00+00:00,0.0,0.0,0.0,2.78,3.79
1990-03-22 05:00:00+00:00,0.0,0.0,0.0,2.45,3.59
1990-03-22 06:00:00+00:00,0.0,0.0,0.0,1.78,3.52
1990-03-22 07:00:00+00:00,117.0,455.55,46.0,2.32,3.79
1990-03-22 08:00:00+00:00,273.0,641.91,78.0,3.16,4.9
1990-03-22 09:00:00+00:00,388.0,579.23,138.0,4.17,5.52
1990-03-22 10:00:00+00:00,478.0,546.53,188.0,5.13,5.93
1990-03-22 11:00:00+00:00,419.0,210.41,294.0,5.99,6.28
1990-03-22 12:00:00+00:00,525.0,425.81,262.0,6.79,6.14
1990-03-22 13:00:00+00:00,401.0,168.41,300.0,7.71,6.34
1990-03-22 14:00:00+00:00,82.0,0.0,82.0,7.96,6.21
1990-03-22 15:00:00+00:00,370.0,431.72,177.0,7.93,6.07
1990-03-22 16:00:00+00:00,290.0,632.17,86.0,6.93,5.66
1990-03-22 17:00:00+00:00,120.0,316.46,64.0,5.93,5.03
1990-03-22 18:00:00+00:00,0.0,0.0,0.0,5.62,3.93
1990-03-22 19:00:00+00:00,0.0,0.0,0.0,5.07,4.07
1990-03-22 20:00:00+00:00,0.0,0.0,0.0,4.48,3.86
1990-03-22 21:00:00+00:00,0.0,0.0,0.0,3.88,3.66
1990-03-22 22:00:00+00:00,0.0,0.0,0.0,3.23,3.52
1990-03-22 23:00:00+00:00,0.0,0.0,0.0,2.69,3.52
1990-03-23 00:00:00+00:00,0.0,0.0,0.0,2.21,3.45
1990-03-23 01:00:00+00:00,0.0,0.0,0.0,1.79,3.38
1990-03-23 02:00:00+00:00,0.0,0.0,0.0,1.52,3.38
1990-03-23 03:00:00+00:00,0.0,0.0,0.0,1.24,3.38
1990-03-23 04:00:00+00:00,0.0,0.0,0.0,1.25,3.31
1990-03-23 05:00:00+00:00,0.0,0.0,0.0,1.07,3.17
1990-03-23 06:00:00+00:00,0.0,0.0,0.0,1.35,3.24
1990-03-23 07:00:00+00:00,79.0,92.53,64.0,2.66,3.79
1990-03-23 08:00:00+00:00,209.0,229.08,138.0,3.99,3.66
1990-03-23 09:00:00+00:00,421.0,719.79,106.0,4.86,6.34
1990-03-23 10:00:00+00:00,486.0,553.63,189.0,5.39,5.86
1990-03-23 11:00:00+00:00,416.0,193.43,300.0,6.2,5.66
1990-03-23 12:00:00+00:00,324.0,49.75,293.0,6.87,5.79
1990-03-23 13:00:00+00:00,336.0,71.08,293.0,7.21,5.86
1990-03-23 14:00:00+00:00,447.0,382.4,238.0,7.44,5.79
1990-03-23 15:00:00+00:00,435.0,716.97,111.0,7.5,5.59
1990-03-23 16:00:00+00:00,270.0,467.29,117.0,7.05,5.66
1990-03-23 17:00:00+00:00,138.0,451.52,56.0,6.39,4.9
1990-03-23 18:00:00+00:00,0.0,0.0,0.0,5.49,4.28
1990-03-23 19:00:00+00:00,0.0,0.0,0.0,4.59,3.66
1990-03-23 20:00:00+00:00,0.0,0.0,0.0,3.73,3.17
1990-03-23 21:00:00+00:00,0.0,0.0,0.0,2.85,2.48
1990-03-23 22:00:00+00:00,0.0,0.0,0.0,1.99,2.07
1990-03-23 23:00:00+00:00,0.0,0.0,0.0,1.14,1.72
1990-03-24 00:00:00+00:00,0.0,0.0,0.0,-0.04,1.45
1990-03-24 01:00:00+00:00,0.0,0.0,0.0,-0.49,1.17
1990-03-24 02:00:00+00:00,0.0,0.0,0.0,0.13,0.9
1990-03-24 03:00:00+00:00,0.0,0.0,0.0,-2.07,1.31
1990-03-24 04:00:00+00:00,0.0,0.0,0.0,-2.7,1.45
1990-03-24 05:00:00+00:00,0.0,0.0,0.0,-2.74,1.38
1990-03-24 06:00:00+00:00,0.0,0.0,0.0,-3.1,1.45
1990-03-24 07:00:00+00:00,129.0,463.31,51.0,-2.31,1.52
1990-03-24 08:00:00+00:00,289.0,658.05,81.0,1.86,1.86
1990-03-24 09:00:00+00:00,441.0,779.95,95.0,4.31,3.24
1990-03-24 10:00:00+00:00,555.0,820.62,110.0,5.81,4.41
1990-03-24 11:00:00+00:00,612.0,776.46,142.0,7.05,5.17
1990-03-24 12:00:00+00:00,651.0,830.62,129.0,7.88,5.79
1990-03-24 13:00:00+00:00,532.0,460.58,251.0,8.24,6.34
1990-03-24 14:00:00+00:00,486.0,494.99,213.0,8.39,6.34
1990-03-24 15:00:00+00:00,320.0,223.34,218.0,7.96,6.21
1990-03-24 16:00:00+00:00,194.0,126.46,152.0,7.52,6.07
1990-03-24 17:00:00+00:00,63.0,10.74,61.0,7.01,5.59
1990-03-24 18:00:00+00:00,0.0,0.0,0.0,6.24,5.17
1990-03-24 19:00:00+00:00,0.0,0.0,0.0,5.93,4.83
1990-03-24 20:00:00+00:00,0.0,0.0,0.0,5.39,4.76
1990-03-24 21:00:00+00:00,0.0,0.0,0.0,4.88,4.83
1990-03-24 22:00:00+00:00,0.0,0.0,0.0,4.65,4.9
1990-03-24 23:00:00+00:00,0.0,0.0,0.0,4.43,5.17
1990-03-25 00:00:00+00:00,0.0,0.0,0.0,4.49,5.31
1990-03-25 01:00:00+00:00,0.0,0.0,0.0,4.62,5.1
1990-03-25 02:00:00+00:00,0.0,0.0,0.0,4.79,4.83
1990-03-25 03:00:00+00:00,0.0,0.0,0.0,4.94,4.21
1990-03-25 04:00:00+00:00,0.0,0.0,0.0,5.03,3.45
1990-03-25 05:00:00+00:00,0.0,0.0,0.0,5.15,2.55
1990-03-25 06:00:00+00:00,0.0,0.0,0.0,5.23,1.59
1990-03-25 07:00:00+00:00,62.0,22.91,58.0,5.18,2.41
1990-03-25 08:00:00+00:00,84.0,0.0,84.0,5.55,1.86
1990-03-25 09:00:00+00:00,223.0,53.38,199.0,6.02,1.59
1990-03-25 10:00:00+00:00,182.0,1.82,181.0,6.32,2.07
1990-03-25 11:00:00+00:00,207.0,1.64,206.0,6.37,2.83
1990-03-25 12:00:00+00:00,284.0,22.09,270.0,6.28,2.97
1990-03-25 13:00:00+00:00,182.0,0.0,182.0,6.37,3.03
1990-03-25 14:00:00+00:00,162.0,0.0,162.0,6.39,2.9
1990-03-25 15:00:00+00:00,112.0,0.0,112.0,6.59,3.1
1990-03-25 16:00:00+00:00,107.0,2.97,106.0,6.68,2.48
1990-03-25 17:00:00+00:00,102.0,125.75,78.0,6.88,2.21
1990-03-25 18:00:00+00:00,6.0,0.0,6.0,6.5,2.07
1990-03-25 19:00:00+00:00,0.0,0.0,0.0,5.87,2.21
1990-03-25 20:00:00+00:00,0.0,0.0,0.0,5.43,2.28
1990-03-25 21:00:00+00:00,0.0,0.0,0.0,5.06,2.41
1990-03-25 22:00:00+00:00,0.0,0.0,0.0,4.57,2.55
1990-03-25 23:00:00+00:00,0.0,0.0,0.0,3.72,2.55
1990-03-26 00:00:00+00:00,0.0,0.0,0.0,2.98,2.55
1990-03-26 01:00:00+00:00,0.0,0.0,0.0,1.9,2.48
1990-03-26 02:00:00+00:00,0.0,0.0,0.0,1.31,2.55
1990-03-26 03:00:00+00:00,0.0,0.0,0.0,1.02,2.55
1990-03-26 04:00:00+00:00,0.0,0.0,0.0,1.02,2.41
1990-03-26 05:00:00+00:00,0.0,0.0,0.0,0.94,2.34
1990-03-26 06:00:00+00:00,0.0,0.0,0.0,1.06,2.48
1990-03-26 07:00:00+00:00,127.0,348.44,64.0,2.26,3.59
1990-03-26 08:00:00+00:00,223.0,231.49,147.0,2.96,3.66
1990-03-26 09:00:00+00:00,332.0,267.82,210.0,4.28,4.0
1990-03-26 10:00:00+00:00,359.0,153.49,274.0,5.4,4.0
1990-03-26 11:00:00+00:00,451.0,240.1,303.0,6.12,3.86
1990-03-26 12:00:00+00:00,484.0,273.83,309.0,6.46,3.79
1990-03-26 13:00:00+00:00,311.0,41.91,285.0,6.47,4.07
1990-03-26 14:00:00+00:00,0.0,0.0,0.0,6.7,3.86
1990-03-26 15:00:00+00:00,261.0,87.94,220.0,6.78,3.38
1990-03-26 16:00:00+00:00,276.0,436.4,127.0,6.77,3.03
1990-03-26 17:00:00+00:00,97.0,86.98,80.0,5.42,3.03
1990-03-26 18:00:00+00:00,1.0,0.0,1.0,4.33,3.52
1990-03-26 19:00:00+00:00,0.0,0.0,0.0,3.44,2.69
1990-03-26 20:00:00+00:00,0.0,0.0,0.0,2.98,2.07
1990-03-26 21:00:00+00:00,0.0,0.0,0.0,2.5,1.66
1990-03-26 22:00:00+00:00,0.0,0.0,0.0,1.91,1.45
1990-03-26 23:00:00+00:00,0.0,0.0,0.0,1.58,0.9
1990-03-27 00:00:00+00:00,0.0,0.0,0.0,1.67,0.48
1990-03-27 01:00:00+00:00,0.0,0.0,0.0,1.79,0.9
1990-03-27 02:00:00+00:00,0.0,0.0,0.0,1.72,1.52
1990-03-27 03:00:00+00:00,0.0,0.0,0.0,1.49,2.0
1990-03-27 04:00:00+00:00,0.0,0.0,0.0,1.42,2.34
1990-03-27 05:00:00+00:00,0.0,0.0,0.0,1.33,2.48
1990-03-27 06:00:00+00:00,3.0,0.0,3.0,1.18,2.48
1990-03-27 07:00:00+00:00,86.0,69.52,73.0,1.56,3.45
1990-03-27 08:00:00+00:00,167.0,62.8,146.0,2.25,3.86
1990-03-27 09:00:00+00:00,247.0,73.68,213.0,3.11,4.14
1990-03-27 10:00:00+00:00,195.0,3.57,193.0,4.66,4.14
1990-03-27 11:00:00+00:00,304.0,36.98,281.0,6.22,3.72
1990-03-27 12:00:00+00:00,234.0,3.1,232.0,7.46,3.66
1990-03-27 13:00:00+00:00,121.0,0.0,121.0,8.2,3.52
1990-03-27 14:00:00+00:00,536.0,651.69,167.0,8.67,3.38
1990-03-27 15:00:00+00:00,84.0,0.0,84.0,7.53,3.72
1990-03-27 16:00:00+00:00,80.0,0.0,80.0,7.32,3.24
1990-03-27 17:00:00+00:00,115.0,165.0,82.0,6.52,2.48
1990-03-27 18:00:00+00:00,7.0,0.0,7.0,5.45,2.34
1990-03-27 19:00:00+00:00,0.0,0.0,0.0,4.34,2.21
1990-03-27 20:00:00+00:00,0.0,0.0,0.0,3.8,2.14
1990-03-27 21:00:00+00:00,0.0,0.0,0.0,3.47,2.07
1990-03-27 22:00:00+00:00,0.0,0.0,0.0,2.81,2.28
1990-03-27 23:00:00+00:00,0.0,0.0,0.0,2.05,2.41
1990-03-28 00:00:00+00:00,0.0,0.0,0.0,1.69,2.41
1990-03-28 01:00:00+00:00,0.0,0.0,0.0,1.32,2.48
1990-03-28 02:00:00+00:00,0.0,0.0,0.0,1.28,2.41
1990-03-28 03:00:00+00:00,0.0,0.0,0.0,1.23,2.34
1990-03-28 04:00:00+00:00,0.0,0.0,0.0,1.37,2.48
1990-03-28 05:00:00+00:00,0.0,0.0,0.0,2.54,2.55
1990-03-28 06:00:00+00:00,6.0,0.0,6.0,3.16,2.69
1990-03-28 07:00:00+00:00,93.0,77.65,78.0,3.67,3.93
1990-03-28 08:00:00+00:00,110.0,2.94,109.0,4.2,3.79
1990-03-28 09:00:00+00:00,98.0,0.0,98.0,5.13,4.14
1990-03-28 10:00:00+00:00,350.0,127.4,278.0,6.47,4.48
1990-03-28 11:00:00+00:00,578.0,577.05,216.0,7.75,4.9
1990-03-28 12:00:00+00:00,494.0,280.18,312.0,8.63,4.48
1990-03-28 13:00:00+00:00,537.0,434.66,263.0,9.31,4.28
1990-03-28 14:00:00+00:00,379.0,169.86,282.0,10.03,4.62
1990-03-28 15:00:00+00:00,55.0,0.0,55.0,10.17,4.55
1990-03-28 16:00:00+00:00,271.0,373.62,140.0,10.11,4.14
1990-03-28 17:00:00+00:00,32.0,0.0,32.0,9.2,3.86
1990-03-28 18:00:00+00:00,14.0,42.23,12.0,7.83,3.72
1990-03-28 19:00:00+00:00,0.0,0.0,0.0,7.76,2.9
1990-03-28 20:00:00+00:00,0.0,0.0,0.0,7.09,2.62
1990-03-28 21:00:00+00:00,0.0,0.0,0.0,6.36,2.83
1990-03-28 22:00:00+00:00,0.0,0.0,0.0,5.97,2.9
1990-03-28 23:00:00+00:00,0.0,0.0,0.0,5.68,2.9
1990-03-29 00:00:00+00:00,0.0,0.0,0.0,5.6,2.83
1990-03-29 01:00:00+00:00,0.0,0.0,0.0,5.46,2.9
1990-03-29 02:00:00+00:00,0.0,0.0,0.0,5.46,2.9
1990-03-29 03:00:00+00:00,0.0,0.0,0.0,5.08,2.97
1990-03-29 04:00:00+00:00,0.0,0.0,0.0,5.04,3.17
1990-03-29 05:00:00+00:00,0.0,0.0,0.0,5.0,3.31
1990-03-29 06:00:00+00:00,8.0,0.0,8.0,5.14,3.31
1990-03-29 07:00:00+00:00,96.0,80.27,80.0,6.3,3.86
1990-03-29 08:00:00+00:00,195.0,109.68,157.0,7.94,3.86
1990-03-29 09:00:00+00:00,415.0,541.06,159.0,9.99,4.55
1990-03-29 10:00:00+00:00,461.0,376.67,246.0,11.95,5.24
1990-03-29 11:00:00+00:00,649.0,836.06,120.0,13.56,5.86
1990-03-29 12:00:00+00:00,696.0,913.33,98.0,14.82,6.07
1990-03-29 13:00:00+00:00,642.0,804.3,131.0,15.65,6.21
1990-03-29 14:00:00+00:00,574.0,784.96,122.0,16.03,6.0
1990-03-29 15:00:00+00:00,449.0,668.38,128.0,16.03,5.66
1990-03-29 16:00:00+00:00,301.0,523.69,115.0,15.64,4.97
1990-03-29 17:00:00+00:00,122.0,172.19,86.0,14.68,4.69
1990-03-29 18:00:00+00:00,16.0,57.79,13.0,13.36,4.69
1990-03-29 19:00:00+00:00,0.0,0.0,0.0,11.9,4.41
1990-03-29 20:00:00+00:00,0.0,0.0,0.0,10.85,4.34
1990-03-29 21:00:00+00:00,0.0,0.0,0.0,9.96,4.14
1990-03-29 22:00:00+00:00,0.0,0.0,0.0,9.43,3.79
1990-03-29 23:00:00+00:00,0.0,0.0,0.0,8.92,3.17
1990-03-30 00:00:00+00:00,0.0,0.0,0.0,8.46,2.9
1990-03-30 01:00:00+00:00,0.0,0.0,0.0,8.2,2.76
1990-03-30 02:00:00+00:00,0.0,0.0,0.0,7.94,2.48
1990-03-30 03:00:00+00:00,0.0,0.0,0.0,7.57,2.28
1990-03-30 04:00:00+00:00,0.0,0.0,0.0,6.96,2.34
1990-03-30 05:00:00+00:00,0.0,0.0,0.0,6.57,2.41
1990-03-30 06:00:00+00:00,13.0,41.61,11.0,6.09,2.48
1990-03-30 07:00:00+00:00,148.0,374.76,71.0,6.93,2.21
1990-03-30 08:00:00+00:00,296.0,524.93,111.0,8.97,2.28
1990-03-30 09:00:00+00:00,353.0,290.23,214.0,10.42,2.41
1990-03-30 10:00:00+00:00,438.0,305.36,262.0,12.8,2.55
1990-03-30 11:00:00+00:00,448.0,214.71,311.0,14.56,2.48
1990-03-30 12:00:00+00:00,588.0,525.86,241.0,16.02,2.69
1990-03-30 13:00:00+00:00,517.0,368.6,281.0,16.92,3.17
1990-03-30 14:00:00+00:00,340.0,103.35,280.0,16.98,3.72
1990-03-30 15:00:00+00:00,229.0,39.19,210.0,16.72,3.38
1990-03-30 16:00:00+00:00,149.0,22.24,141.0,16.3,2.9
1990-03-30 17:00:00+00:00,123.0,163.88,88.0,15.89,2.55
1990-03-30 18:00:00+00:00,16.0,35.43,14.0,14.35,2.55
1990-03-30 19:00:00+00:00,0.0,0.0,0.0,12.73,2.83
1990-03-30 20:00:00+00:00,0.0,0.0,0.0,11.5,2.83
1990-03-30 21:00:00+00:00,0.0,0.0,0.0,10.44,2.76
1990-03-30 22:00:00+00:00,0.0,0.0,0.0,9.6,2.69
1990-03-30 23:00:00+00:00,0.0,0.0,0.0,9.35,2.48
1990-03-31 00:00:00+00:00,0.0,0.0,0.0,9.17,2.41
1990-03-31 01:00:00+00:00,0.0,0.0,0.0,9.31,2.41
1990-03-31 02:00:00+00:00,0.0,0.0,0.0,9.22,2.55
1990-03-31 03:00:00+00:00,0.0,0.0,0.0,8.83,2.48
1990-03-31 04:00:00+00:00,0.0,0.0,0.0,8.23,2.21
1990-03-31 05:00:00+00:00,0.0,0.0,0.0,7.85,1.93
1990-03-31 06:00:00+00:00,14.0,18.43,13.0,7.58,1.86
1990-03-31 07:00:00+00:00,105.0,94.53,85.0,7.69,1.52
1990-03-31 08:00:00+00:00,206.0,122.78,162.0,9.82,1.59
1990-03-31 09:00:00+00:00,172.0,6.19,169.0,11.64,1.66
1990-03-31 10:00:00+00:00,203.0,3.44,201.0,13.53,2.0
1990-03-31 11:00:00+00:00,293.0,26.42,276.0,14.77,2.55
1990-03-31 12:00:00+00:00,179.0,0.0,179.0,15.6,3.03
1990-03-31 13:00:00+00:00,380.0,102.31,314.0,16.17,3.38
1990-03-31 14:00:00+00:00,273.0,32.46,254.0,16.02,3.38
1990-03-31 15:00:00+00:00,222.0,32.69,206.0,16.18,3.45
1990-03-31 16:00:00+00:00,195.0,90.61,162.0,12.73,1.75
1990-03-31 17:00:00+00:00,53.0,0.0,53.0,12.31,2.05
1990-03-31 18:00:00+00:00,20.0,49.2,17.0,11.88,2.35
1990-03-31 19:00:00+00:00,0.0,0.0,0.0,11.46,2.65
1990-03-31 20:00:00+00:00,0.0,0.0,0.0,11.03,2.95
1990-03-31 21:00:00+00:00,0.0,0.0,0.0,10.61,3.25
1990-03-31 22:00:00+00:00,0.0,0.0,0.0,10.19,3.55
1990-03-31 23:00:00+00:00,0.0,0.0,0.0,9.76,3.85
1990-04-01 00:00:00+00:00,0.0,0.0,0.0,9.34,4.15
1990-04-01 01:00:00+00:00,0.0,0.0,0.0,8.91,4.45
1990-04-01 02:00:00+00:00,0.0,0.0,0.0,8.49,4.75
1990-04-01 03:00:00+00:00,0.0,0.0,0.0,8.06,5.05
1990-04-01 04:00:00+00:00,0.0,0.0,0.0,7.64,5.35
1990-04-01 05:00:00+00:00,0.0,0.0,0.0,7.21,5.65
1990-04-01 06:00:00+00:00,34.0,210.24,20.0,6.79,5.95
1990-04-01 07:00:00+00:00,165.0,388.97,78.0,6.37,6.25
1990-04-01 08:00:00+00:00,221.0,137.78,170.0,9.19,5.59
1990-04-01 09:00:00+00:00,256.0,60.47,226.0,10.08,6.07
1990-04-01 10:00:00+00:00,203.0,3.37,201.0,11.26,8.34
1990-04-01 11:00:00+00:00,506.0,304.35,307.0,11.94,7.52
1990-04-01 12:00:00+00:00,514.0,284.46,322.0,12.56,7.86
1990-04-01 13:00:00+00:00,402.0,117.61,325.0,12.67,7.72
1990-04-01 14:00:00+00:00,551.0,607.21,190.0,12.7,7.66
1990-04-01 15:00:00+00:00,337.0,200.62,237.0,12.59,7.72
1990-04-01 16:00:00+00:00,274.0,308.25,159.0,12.37,7.66
1990-04-01 17:00:00+00:00,157.0,312.88,86.0,11.8,6.76
1990-04-01 18:00:00+00:00,36.0,228.71,20.0,10.86,6.14
1990-04-01 19:00:00+00:00,0.0,0.0,0.0,9.91,5.52
1990-04-01 20:00:00+00:00,0.0,0.0,0.0,9.09,5.03
1990-04-01 21:00:00+00:00,0.0,0.0,0.0,8.47,4.69
1990-04-01 22:00:00+00:00,0.0,0.0,0.0,7.89,4.41
1990-04-01 23:00:00+00:00,0.0,0.0,0.0,7.37,3.93
1990-04-02 00:00:00+00:00,0.0,0.0,0.0,6.79,3.52
1990-04-02 01:00:00+00:00,0.0,0.0,0.0,6.3,3.24
1990-04-02 02:00:00+00:00,0.0,0.0,0.0,5.75,2.97
1990-04-02 03:00:00+00:00,0.0,0.0,0.0,5.34,2.97
1990-04-02 04:00:00+00:00,0.0,0.0,0.0,5.09,2.9
1990-04-02 05:00:00+00:00,0.0,0.0,0.0,5.36,3.03
1990-04-02 06:00:00+00:00,31.0,110.03,23.0,5.75,2.9
1990-04-02 07:00:00+00:00,87.0,21.77,82.0,7.32,2.69
1990-04-02 08:00:00+00:00,173.0,42.55,157.0,8.3,2.62
1990-04-02 09:00:00+00:00,301.0,123.58,239.0,8.91,2.83
1990-04-02 10:00:00+00:00,353.0,106.98,289.0,9.24,2.55
1990-04-02 11:00:00+00:00,345.0,56.14,308.0,10.1,4.0
1990-04-02 12:00:00+00:00,221.0,1.47,220.0,10.8,4.07
1990-04-02 13:00:00+00:00,130.0,0.0,130.0,11.31,4.14
1990-04-02 14:00:00+00:00,105.0,0.0,105.0,11.68,4.41
1990-04-02 15:00:00+00:00,107.0,0.0,107.0,12.24,4.69
1990-04-02 16:00:00+00:00,103.0,0.0,103.0,12.19,4.48
1990-04-02 17:00:00+00:00,65.0,4.32,64.0,11.98,3.93
1990-04-02 18:00:00+00:00,14.0,0.0,14.0,11.65,3.45
1990-04-02 19:00:00+00:00,0.0,0.0,0.0,11.33,3.86
1990-04-02 20:00:00+00:00,0.0,0.0,0.0,10.93,3.72
1990-04-02 21:00:00+00:00,0.0,0.0,0.0,10.62,3.72
1990-04-02 22:00:00+00:00,0.0,0.0,0.0,10.21,3.59
1990-04-02 23:00:00+00:00,0.0,0.0,0.0,9.93,3.45
1990-04-03 00:00:00+00:00,0.0,0.0,0.0,9.46,3.24
1990-04-03 01:00:00+00:00,0.0,0.0,0.0,9.1,3.03
1990-04-03 02:00:00+00:00,0.0,0.0,0.0,8.42,2.9
1990-04-03 03:00:00+00:00,0.0,0.0,0.0,7.99,2.83
1990-04-03 04:00:00+00:00,0.0,0.0,0.0,8.04,2.76
1990-04-03 05:00:00+00:00,0.0,0.0,0.0,8.25,2.62
1990-04-03 06:00:00+00:00,21.0,12.69,20.0,8.08,2.55
1990-04-03 07:00:00+00:00,83.0,12.73,80.0,9.56,3.17
1990-04-03 08:00:00+00:00,182.0,49.77,163.0,10.24,3.59
1990-04-03 09:00:00+00:00,182.0,5.91,179.0,11.22,3.38
1990-04-03 10:00:00+00:00,134.0,0.0,134.0,12.47,3.24
1990-04-03 11:00:00+00:00,154.0,0.0,154.0,13.33,3.1
1990-04-03 12:00:00+00:00,138.0,0.0,138.0,13.97,2.97
1990-04-03 13:00:00+00:00,158.0,0.0,158.0,14.39,2.83
1990-04-03 14:00:00+00:00,170.0,0.0,170.0,14.71,2.83
1990-04-03 15:00:00+00:00,232.0,33.51,215.0,14.59,2.41
1990-04-03 16:00:00+00:00,233.0,154.51,174.0,14.75,2.41
1990-04-03 17:00:00+00:00,177.0,415.78,79.0,14.35,1.66
1990-04-03 18:00:00+00:00,27.0,38.03,24.0,13.61,1.52
1990-04-03 19:00:00+00:00,0.0,0.0,0.0,12.16,1.79
1990-04-03 20:00:00+00:00,0.0,0.0,0.0,11.37,1.66
1990-04-03 21:00:00+00:00,0.0,0.0,0.0,10.27,1.59
1990-04-03 22:00:00+00:00,0.0,0.0,0.0,9.46,1.31
1990-04-03 23:00:00+00:00,0.0,0.0,0.0,8.58,0.97
1990-04-04 00:00:00+00:00,0.0,0.0,0.0,9.03,0.34
1990-04-04 01:00:00+00:00,0.0,0.0,0.0,8.67,0.07
1990-04-04 02:00:00+00:00,0.0,0.0,0.0,8.46,0.14
1990-04-04 03:00:00+00:00,0.0,0.0,0.0,8.16,0.14
1990-04-04 04:00:00+00:00,0.0,0.0,0.0,7.77,0.76
1990-04-04 05:00:00+00:00,0.0,0.0,0.0,7.73,1.17
1990-04-04 06:00:00+00:00,33.0,70.71,27.0,7.56,1.38
1990-04-04 07:00:00+00:00,155.0,227.7,100.0,7.28,1.38
1990-04-04 08:00:00+00:00,200.0,69.68,173.0,7.47,1.52
1990-04-04 09:00:00+00:00,289.0,89.7,243.0,8.12,1.79
1990-04-04 10:00:00+00:00,514.0,435.24,249.0,9.11,2.14
1990-04-04 11:00:00+00:00,550.0,382.56,294.0,10.25,2.83
1990-04-04 12:00:00+00:00,441.0,137.76,346.0,11.98,3.45
1990-04-04 13:00:00+00:00,400.0,104.67,330.0,12.97,4.14
1990-04-04 14:00:00+00:00,411.0,185.83,298.0,13.44,4.48
1990-04-04 15:00:00+00:00,401.0,353.72,220.0,13.05,4.0
1990-04-04 16:00:00+00:00,206.0,82.86,174.0,12.57,3.72
1990-04-04 17:00:00+00:00,117.0,74.98,99.0,12.07,3.24
1990-04-04 18:00:00+00:00,29.0,48.01,25.0,11.24,2.9
1990-04-04 19:00:00+00:00,0.0,0.0,0.0,10.3,2.69
1990-04-04 20:00:00+00:00,0.0,0.0,0.0,9.29,2.9
1990-04-04 21:00:00+00:00,0.0,0.0,0.0,8.54,3.03
1990-04-04 22:00:00+00:00,0.0,0.0,0.0,7.68,2.97
1990-04-04 23:00:00+00:00,0.0,0.0,0.0,7.47,2.9
1990-04-05 00:00:00+00:00,0.0,0.0,0.0,7.26,2.9
1990-04-05 01:00:00+00:00,0.0,0.0,0.0,7.45,3.1
1990-04-05 02:00:00+00:00,0.0,0.0,0.0,7.07,4.07
1990-04-05 03:00:00+00:00,0.0,0.0,0.0,6.25,4.34
1990-04-05 04:00:00+00:00,0.0,0.0,0.0,5.5,4.0
1990-04-05 05:00:00+00:00,0.0,0.0,0.0,4.79,3.79
1990-04-05 06:00:00+00:00,52.0,264.12,28.0,4.03,3.59
1990-04-05 07:00:00+00:00,166.0,262.71,101.0,4.72,3.17
1990-04-05 08:00:00+00:00,170.0,25.43,160.0,5.86,4.9
1990-04-05 09:00:00+00:00,130.0,0.0,130.0,6.59,5.45
1990-04-05 10:00:00+00:00,108.0,0.0,108.0,6.99,4.9
1990-04-05 11:00:00+00:00,249.0,4.45,246.0,7.99,4.62
1990-04-05 12:00:00+00:00,344.0,37.44,318.0,8.47,4.9
1990-04-05 13:00:00+00:00,241.0,2.97,239.0,8.7,5.03
1990-04-05 14:00:00+00:00,561.0,571.41,211.0,8.38,5.1
1990-04-05 15:00:00+00:00,98.0,0.0,98.0,8.35,4.9
1990-04-05 16:00:00+00:00,119.0,2.56,118.0,7.62,4.76
1990-04-05 17:00:00+00:00,107.0,45.01,96.0,5.98,4.97
1990-04-05 18:00:00+00:00,16.0,0.0,16.0,4.51,4.34
1990-04-05 19:00:00+00:00,0.0,0.0,0.0,3.43,3.24
1990-04-05 20:00:00+00:00,0.0,0.0,0.0,2.73,2.83
1990-04-05 21:00:00+00:00,0.0,0.0,0.0,1.99,2.55
1990-04-05 22:00:00+00:00,0.0,0.0,0.0,1.34,2.34
1990-04-05 23:00:00+00:00,0.0,0.0,0.0,0.8,2.07
1990-04-06 00:00:00+00:00,0.0,0.0,0.0,0.22,1.93
1990-04-06 01:00:00+00:00,0.0,0.0,0.0,-0.19,1.86
1990-04-06 02:00:00+00:00,0.0,0.0,0.0,-0.3,1.86
1990-04-06 03:00:00+00:00,0.0,0.0,0.0,-0.29,2.07
1990-04-06 04:00:00+00:00,0.0,0.0,0.0,-0.34,2.55
1990-04-06 05:00:00+00:00,0.0,0.0,0.0,-0.6,2.28
1990-04-06 06:00:00+00:00,55.0,237.49,32.0,-0.68,1.79
1990-04-06 07:00:00+00:00,166.0,225.07,109.0,-0.68,2.62
1990-04-06 08:00:00+00:00,305.0,330.96,173.0,0.03,3.45
1990-04-06 09:00:00+00:00,445.0,446.84,211.0,1.12,3.86
1990-04-06 10:00:00+00:00,610.0,710.51,170.0,2.17,4.34
1990-04-06 11:00:00+00:00,734.0,920.33,109.0,3.03,4.62
1990-04-06 12:00:00+00:00,724.0,816.77,153.0,3.64,4.62
1990-04-06 13:00:00+00:00,620.0,535.49,257.0,4.39,4.62
1990-04-06 14:00:00+00:00,531.0,442.53,258.0,4.82,4.62
1990-04-06 15:00:00+00:00,439.0,434.34,213.0,4.92,4.41
1990-04-06 16:00:00+00:00,167.0,22.8,158.0,4.72,4.21
1990-04-06 17:00:00+00:00,128.0,88.47,106.0,3.4,4.28
1990-04-06 18:00:00+00:00,28.0,21.71,26.0,2.0,3.93
1990-04-06 19:00:00+00:00,0.0,0.0,0.0,1.31,5.1
1990-04-06 20:00:00+00:00,0.0,0.0,0.0,0.93,4.41
1990-04-06 21:00:00+00:00,0.0,0.0,0.0,0.72,4.28
1990-04-06 22:00:00+00:00,0.0,0.0,0.0,0.48,4.28
1990-04-06 23:00:00+00:00,0.0,0.0,0.0,0.38,4.41
1990-04-07 00:00:00+00:00,0.0,0.0,0.0,0.56,4.41
1990-04-07 01:00:00+00:00,0.0,0.0,0.0,0.25,4.21
1990-04-07 02:00:00+00:00,0.0,0.0,0.0,0.11,4.07
1990-04-07 03:00:00+00:00,0.0,0.0,0.0,0.14,3.86
1990-04-07 04:00:00+00:00,0.0,0.0,0.0,0.04,3.72
1990-04-07 05:00:00+00:00,0.0,0.0,0.0,0.16,3.59
1990-04-07 06:00:00+00:00,50.0,136.21,36.0,0.17,3.38
1990-04-07 07:00:00+00:00,213.0,513.45,80.0,0.97,3.1
1990-04-07 08:00:00+00:00,379.0,679.99,104.0,2.28,4.83
1990-04-07 09:00:00+00:00,413.0,327.01,240.0,3.38,4.28
1990-04-07 10:00:00+00:00,456.0,238.63,307.0,4.01,4.0
1990-04-07 11:00:00+00:00,444.0,141.82,347.0,5.0,4.0
1990-04-07 12:00:00+00:00,402.0,76.73,348.0,5.95,3.86
1990-04-07 13:00:00+00:00,413.0,104.05,342.0,6.63,3.66
1990-04-07 14:00:00+00:00,350.0,77.26,302.0,7.18,3.38
1990-04-07 15:00:00+00:00,251.0,36.22,232.0,7.2,3.24
1990-04-07 16:00:00+00:00,178.0,30.08,166.0,6.85,2.83
1990-04-07 17:00:00+00:00,211.0,541.6,74.0,4.6,2.83
1990-04-07 18:00:00+00:00,60.0,331.64,28.0,4.27,2.07
1990-04-07 19:00:00+00:00,0.0,0.0,0.0,3.38,1.86
1990-04-07 20:00:00+00:00,0.0,0.0,0.0,2.66,1.72
1990-04-07 21:00:00+00:00,0.0,0.0,0.0,1.79,1.93
1990-04-07 22:00:00+00:00,0.0,0.0,0.0,1.36,1.86
1990-04-07 23:00:00+00:00,0.0,0.0,0.0,0.52,2.0
1990-04-08 00:00:00+00:00,0.0,0.0,0.0,-0.03,1.86
1990-04-08 01:00:00+00:00,0.0,0.0,0.0,-0.68,1.93
1990-04-08 02:00:00+00:00,0.0,0.0,0.0,-1.19,1.72
1990-04-08 03:00:00+00:00,0.0,0.0,0.0,-1.88,1.59
1990-04-08 04:00:00+00:00,0.0,0.0,0.0,-2.5,1.52
1990-04-08 05:00:00+00:00,0.0,0.0,0.0,-3.2,1.59
1990-04-08 06:00:00+00:00,71.0,349.68,33.0,-3.44,1.59
1990-04-08 07:00:00+00:00,226.0,566.55,76.0,-0.33,0.97
1990-04-08 08:00:00+00:00,384.0,680.57,105.0,2.34,1.31
1990-04-08 09:00:00+00:00,513.0,690.57,144.0,4.2,2.28
1990-04-08 10:00:00+00:00,580.0,571.93,220.0,5.39,2.76
1990-04-08 11:00:00+00:00,608.0,477.64,279.0,6.45,2.76
1990-04-08 12:00:00+00:00,542.0,278.11,345.0,7.18,2.76
1990-04-08 13:00:00+00:00,695.0,771.71,165.0,7.79,2.76
1990-04-08 14:00:00+00:00,451.0,230.2,307.0,8.44,2.9
1990-04-08 15:00:00+00:00,228.0,20.8,217.0,8.61,2.9
1990-04-08 16:00:00+00:00,178.0,29.76,166.0,8.39,2.76
1990-04-08 17:00:00+00:00,159.0,182.74,112.0,6.89,2.83
1990-04-08 18:00:00+00:00,35.0,29.75,32.0,5.8,3.1
1990-04-08 19:00:00+00:00,0.0,0.0,0.0,4.33,1.86
1990-04-08 20:00:00+00:00,0.0,0.0,0.0,3.52,1.79
1990-04-08 21:00:00+00:00,0.0,0.0,0.0,2.55,2.0
1990-04-08 22:00:00+00:00,0.0,0.0,0.0,1.49,2.14
1990-04-08 23:00:00+00:00,0.0,0.0,0.0,0.98,2.07
1990-04-09 00:00:00+00:00,0.0,0.0,0.0,0.63,2.07
1990-04-09 01:00:00+00:00,0.0,0.0,0.0,0.03,2.14
1990-04-09 02:00:00+00:00,0.0,0.0,0.0,-0.44,2.07
1990-04-09 03:00:00+00:00,0.0,0.0,0.0,-0.97,2.0
1990-04-09 04:00:00+00:00,0.0,0.0,0.0,-1.42,1.93
1990-04-09 05:00:00+00:00,0.0,0.0,0.0,-1.88,1.93
1990-04-09 06:00:00+00:00,73.0,314.37,37.0,-2.2,1.79
1990-04-09 07:00:00+00:00,224.0,525.07,82.0,0.38,1.45
1990-04-09 08:00:00+00:00,388.0,678.83,106.0,3.15,1.86
1990-04-09 09:00:00+00:00,535.0,767.27,121.0,5.13,2.21
1990-04-09 10:00:00+00:00,529.0,400.35,275.0,6.74,2.48
1990-04-09 11:00:00+00:00,359.0,47.58,326.0,7.74,2.55
1990-04-09 12:00:00+00:00,238.0,1.4,237.0,8.21,2.48
1990-04-09 13:00:00+00:00,547.0,322.65,324.0,8.58,2.55
1990-04-09 14:00:00+00:00,554.0,490.65,245.0,8.92,2.48
1990-04-09 15:00:00+00:00,284.0,65.67,249.0,9.21,2.62
1990-04-09 16:00:00+00:00,272.0,203.76,189.0,9.36,2.76
1990-04-09 17:00:00+00:00,217.0,531.71,78.0,8.2,2.97
1990-04-09 18:00:00+00:00,54.0,161.63,37.0,6.98,2.48
1990-04-09 19:00:00+00:00,0.0,0.0,0.0,5.58,0.76
1990-04-09 20:00:00+00:00,0.0,0.0,0.0,4.69,1.24
1990-04-09 21:00:00+00:00,0.0,0.0,0.0,3.24,1.86
1990-04-09 22:00:00+00:00,0.0,0.0,0.0,2.2,2.0
1990-04-09 23:00:00+00:00,0.0,0.0,0.0,1.45,2.0
1990-04-10 00:00:00+00:00,0.0,0.0,0.0,1.02,2.0
1990-04-10 01:00:00+00:00,0.0,0.0,0.0,0.44,2.14
1990-04-10 02:00:00+00:00,0.0,0.0,0.0,0.05,2.14
1990-04-10 03:00:00+00:00,0.0,0.0,0.0,-0.3,2.07
1990-04-10 04:00:00+00:00,0.0,0.0,0.0,-0.49,2.0
1990-04-10 05:00:00+00:00,0.0,0.0,0.0,-0.85,2.07
1990-04-10 06:00:00+00:00,59.0,124.68,44.0,-0.82,2.0
1990-04-10 07:00:00+00:00,157.0,130.41,121.0,1.64,1.79
1990-04-10 08:00:00+00:00,257.0,140.2,198.0,4.27,2.28
1990-04-10 09:00:00+00:00,534.0,752.63,124.0,6.29,3.59
1990-04-10 10:00:00+00:00,398.0,126.68,317.0,7.34,3.79
1990-04-10 11:00:00+00:00,352.0,42.96,322.0,8.08,3.79
1990-04-10 12:00:00+00:00,337.0,27.88,317.0,8.75,3.93
1990-04-10 13:00:00+00:00,690.0,734.75,179.0,9.34,3.93
1990-04-10 14:00:00+00:00,494.0,318.62,292.0,9.73,3.93
1990-04-10 15:00:00+00:00,247.0,29.79,231.0,9.97,4.0
1990-04-10 16:00:00+00:00,184.0,31.59,171.0,9.65,4.0
1990-04-10 17:00:00+00:00,146.0,116.71,115.0,8.28,4.62
1990-04-10 18:00:00+00:00,36.0,27.4,33.0,7.03,3.52
1990-04-10 19:00:00+00:00,0.0,0.0,0.0,6.24,3.38
1990-04-10 20:00:00+00:00,0.0,0.0,0.0,5.6,3.17
1990-04-10 21:00:00+00:00,0.0,0.0,0.0,5.24,2.97
1990-04-10 22:00:00+00:00,0.0,0.0,0.0,4.42,2.76
1990-04-10 23:00:00+00:00,0.0,0.0,0.0,3.54,2.76
1990-04-11 00:00:00+00:00,0.0,0.0,0.0,2.82,2.76
1990-04-11 01:00:00+00:00,0.0,0.0,0.0,2.37,2.83
1990-04-11 02:00:00+00:00,0.0,0.0,0.0,2.02,2.97
1990-04-11 03:00:00+00:00,0.0,0.0,0.0,1.73,3.1
1990-04-11 04:00:00+00:00,0.0,0.0,0.0,1.79,3.45
1990-04-11 05:00:00+00:00,0.0,0.0,0.0,1.86,3.72
1990-04-11 06:00:00+00:00,79.0,285.61,43.0,2.06,3.86
1990-04-11 07:00:00+00:00,165.0,145.58,124.0,3.29,3.59
1990-04-11 08:00:00+00:00,67.0,0.0,67.0,5.0,5.86
1990-04-11 09:00:00+00:00,82.0,0.0,82.0,5.78,5.66
1990-04-11 10:00:00+00:00,556.0,453.23,264.0,6.59,5.45
1990-04-11 11:00:00+00:00,693.0,708.48,195.0,7.24,5.45
1990-04-11 12:00:00+00:00,152.0,0.0,152.0,7.11,6.28
1990-04-11 13:00:00+00:00,381.0,62.88,337.0,7.74,6.55
1990-04-11 14:00:00+00:00,494.0,305.58,299.0,7.72,7.24
1990-04-11 15:00:00+00:00,353.0,164.45,264.0,7.84,7.1
1990-04-11 16:00:00+00:00,340.0,433.15,160.0,7.77,6.41
1990-04-11 17:00:00+00:00,228.0,559.73,77.0,7.64,5.66
1990-04-11 18:00:00+00:00,48.0,70.31,40.0,7.11,4.69
1990-04-11 19:00:00+00:00,0.0,0.0,0.0,6.47,3.72
1990-04-11 20:00:00+00:00,0.0,0.0,0.0,5.45,3.66
1990-04-11 21:00:00+00:00,0.0,0.0,0.0,4.5,4.14
1990-04-11 22:00:00+00:00,0.0,0.0,0.0,3.7,4.34
1990-04-11 23:00:00+00:00,0.0,0.0,0.0,3.77,4.62
1990-04-12 00:00:00+00:00,0.0,0.0,0.0,4.14,4.97
1990-04-12 01:00:00+00:00,0.0,0.0,0.0,3.9,5.45
1990-04-12 02:00:00+00:00,0.0,0.0,0.0,3.54,4.69
1990-04-12 03:00:00+00:00,0.0,0.0,0.0,3.29,4.21
1990-04-12 04:00:00+00:00,0.0,0.0,0.0,3.19,4.0
1990-04-12 05:00:00+00:00,0.0,0.0,0.0,3.14,4.0
1990-04-12 06:00:00+00:00,86.0,326.41,43.0,2.91,4.0
1990-04-12 07:00:00+00:00,248.0,588.57,79.0,3.91,3.59
1990-04-12 08:00:00+00:00,397.0,639.66,121.0,5.06,5.79
1990-04-12 09:00:00+00:00,488.0,509.98,205.0,6.04,5.66
1990-04-12 10:00:00+00:00,463.0,218.77,321.0,6.83,5.59
1990-04-12 11:00:00+00:00,520.0,238.87,351.0,7.82,5.52
1990-04-12 12:00:00+00:00,251.0,1.38,250.0,8.66,5.24
1990-04-12 13:00:00+00:00,383.0,62.5,339.0,9.31,4.62
1990-04-12 14:00:00+00:00,518.0,356.57,289.0,9.89,4.41
1990-04-12 15:00:00+00:00,443.0,386.98,232.0,10.06,4.28
1990-04-12 16:00:00+00:00,315.0,314.57,183.0,9.62,4.48
1990-04-12 17:00:00+00:00,241.0,616.99,72.0,8.96,3.79
1990-04-12 18:00:00+00:00,73.0,296.5,38.0,8.33,2.83
1990-04-12 19:00:00+00:00,0.0,0.0,0.0,6.75,2.55
1990-04-12 20:00:00+00:00,0.0,0.0,0.0,5.36,2.69
1990-04-12 21:00:00+00:00,0.0,0.0,0.0,4.43,2.76
1990-04-12 22:00:00+00:00,0.0,0.0,0.0,3.69,2.83
1990-04-12 23:00:00+00:00,0.0,0.0,0.0,3.08,2.76
1990-04-13 00:00:00+00:00,0.0,0.0,0.0,2.56,2.62
1990-04-13 01:00:00+00:00,0.0,0.0,0.0,2.18,2.55
1990-04-13 02:00:00+00:00,0.0,0.0,0.0,2.17,2.62
1990-04-13 03:00:00+00:00,0.0,0.0,0.0,2.17,2.69
1990-04-13 04:00:00+00:00,0.0,0.0,0.0,2.21,2.69
1990-04-13 05:00:00+00:00,0.0,0.0,0.0,2.1,2.62
1990-04-13 06:00:00+00:00,12.0,0.0,12.0,2.32,2.41
1990-04-13 07:00:00+00:00,161.0,109.37,129.0,4.13,2.21
1990-04-13 08:00:00+00:00,380.0,535.83,146.0,5.78,2.41
1990-04-13 09:00:00+00:00,264.0,33.93,245.0,6.97,2.41
1990-04-13 10:00:00+00:00,335.0,48.94,303.0,7.79,1.86
1990-04-13 11:00:00+00:00,512.0,223.31,353.0,8.74,1.59
1990-04-13 12:00:00+00:00,268.0,4.11,265.0,9.45,1.59
1990-04-13 13:00:00+00:00,219.0,0.0,219.0,9.83,1.66
1990-04-13 14:00:00+00:00,494.0,293.99,304.0,9.75,2.0
1990-04-13 15:00:00+00:00,269.0,43.7,245.0,8.63,2.9
1990-04-13 16:00:00+00:00,361.0,507.5,146.0,7.67,3.93
1990-04-13 17:00:00+00:00,99.0,10.79,96.0,7.43,4.21
1990-04-13 18:00:00+00:00,52.0,65.42,44.0,6.92,3.45
1990-04-13 19:00:00+00:00,0.0,0.0,0.0,5.62,2.97
1990-04-13 20:00:00+00:00,0.0,0.0,0.0,5.0,2.76
1990-04-13 21:00:00+00:00,0.0,0.0,0.0,4.37,2.76
1990-04-13 22:00:00+00:00,0.0,0.0,0.0,3.84,2.55
1990-04-13 23:00:00+00:00,0.0,0.0,0.0,3.26,2.21
1990-04-14 00:00:00+00:00,0.0,0.0,0.0,2.39,2.14
1990-04-14 01:00:00+00:00,0.0,0.0,0.0,1.65,2.21
1990-04-14 02:00:00+00:00,0.0,0.0,0.0,1.39,2.34
1990-04-14 03:00:00+00:00,0.0,0.0,0.0,1.28,2.62
1990-04-14 04:00:00+00:00,0.0,0.0,0.0,1.33,2.76
1990-04-14 05:00:00+00:00,0.0,0.0,0.0,1.54,2.76
1990-04-14 06:00:00+00:00,102.0,405.76,44.0,2.01,2.83
1990-04-14 07:00:00+00:00,260.0,597.39,82.0,3.68,2.69
1990-04-14 08:00:00+00:00,224.0,58.84,198.0,5.42,4.41
1990-04-14 09:00:00+00:00,406.0,240.78,270.0,6.75,4.14
1990-04-14 10:00:00+00:00,516.0,315.87,308.0,7.5,4.07
1990-04-14 11:00:00+00:00,722.0,762.09,176.0,8.36,3.93
1990-04-14 12:00:00+00:00,668.0,528.05,280.0,8.96,4.07
1990-04-14 13:00:00+00:00,407.0,80.03,350.0,9.28,4.14
1990-04-14 14:00:00+00:00,557.0,442.89,269.0,9.23,4.28
1990-04-14 15:00:00+00:00,543.0,748.35,129.0,9.16,4.62
1990-04-14 16:00:00+00:00,345.0,409.23,170.0,8.33,4.9
1990-04-14 17:00:00+00:00,113.0,24.81,106.0,7.92,5.24
1990-04-14 18:00:00+00:00,24.0,0.0,24.0,6.6,4.14
1990-04-14 19:00:00+00:00,0.0,0.0,0.0,5.28,2.69
1990-04-14 20:00:00+00:00,0.0,0.0,0.0,4.35,2.21
1990-04-14 21:00:00+00:00,0.0,0.0,0.0,3.5,2.0
1990-04-14 22:00:00+00:00,0.0,0.0,0.0,2.72,1.86
1990-04-14 23:00:00+00:00,0.0,0.0,0.0,1.69,1.72
1990-04-15 00:00:00+00:00,0.0,0.0,0.0,0.53,1.66
1990-04-15 01:00:00+00:00,0.0,0.0,0.0,-0.38,1.45
1990-04-15 02:00:00+00:00,0.0,0.0,0.0,-1.0,1.38
1990-04-15 03:00:00+00:00,0.0,0.0,0.0,-1.71,1.45
1990-04-15 04:00:00+00:00,0.0,0.0,0.0,-1.87,1.45
1990-04-15 05:00:00+00:00,0.0,0.0,0.0,-2.17,1.45
1990-04-15 06:00:00+00:00,108.0,424.38,45.0,-2.15,1.52
1990-04-15 07:00:00+00:00,265.0,600.1,83.0,1.89,1.45
1990-04-15 08:00:00+00:00,431.0,733.85,103.0,4.84,2.07
1990-04-15 09:00:00+00:00,577.0,807.47,117.0,6.64,2.83
1990-04-15 10:00:00+00:00,705.0,900.32,108.0,7.71,3.03
1990-04-15 11:00:00+00:00,659.0,538.26,271.0,8.64,3.1
1990-04-15 12:00:00+00:00,564.0,273.36,362.0,9.27,3.24
1990-04-15 13:00:00+00:00,145.0,0.0,145.0,9.83,3.45
1990-04-15 14:00:00+00:00,175.0,0.0,175.0,9.99,3.72
1990-04-15 15:00:00+00:00,183.0,1.79,182.0,9.62,4.28
1990-04-15 16:00:00+00:00,150.0,4.63,148.0,8.17,4.48
1990-04-15 17:00:00+00:00,144.0,73.39,123.0,7.25,3.45
1990-04-15 18:00:00+00:00,30.0,0.0,30.0,6.55,2.9
1990-04-15 19:00:00+00:00,0.0,0.0,0.0,4.94,1.93
1990-04-15 20:00:00+00:00,0.0,0.0,0.0,3.78,1.93
1990-04-15 21:00:00+00:00,0.0,0.0,0.0,2.92,1.93
1990-04-15 22:00:00+00:00,0.0,0.0,0.0,1.94,2.0
1990-04-15 23:00:00+00:00,0.0,0.0,0.0,1.08,1.93
1990-04-16 00:00:00+00:00,0.0,0.0,0.0,0.31,1.86
1990-04-16 01:00:00+00:00,0.0,0.0,0.0,-0.5,1.79
1990-04-16 02:00:00+00:00,0.0,0.0,0.0,-1.26,1.79
1990-04-16 03:00:00+00:00,0.0,0.0,0.0,-1.79,1.59
1990-04-16 04:00:00+00:00,0.0,0.0,0.0,-1.81,1.59
1990-04-16 05:00:00+00:00,0.0,0.0,0.0,-1.61,1.59
1990-04-16 06:00:00+00:00,68.0,64.98,58.0,-0.97,1.66
1990-04-16 07:00:00+00:00,139.0,42.13,126.0,0.96,2.14
1990-04-16 08:00:00+00:00,204.0,30.97,190.0,2.46,2.34
1990-04-16 09:00:00+00:00,172.0,0.0,172.0,4.13,2.55
1990-04-16 10:00:00+00:00,135.0,0.0,135.0,5.2,2.41
1990-04-16 11:00:00+00:00,202.0,0.0,202.0,6.22,2.41
1990-04-16 12:00:00+00:00,544.0,230.12,373.0,7.04,2.41
1990-04-16 13:00:00+00:00,690.0,637.3,231.0,7.77,2.41
1990-04-16 14:00:00+00:00,628.0,641.21,206.0,8.57,2.41
1990-04-16 15:00:00+00:00,372.0,172.9,275.0,8.81,2.48
1990-04-16 16:00:00+00:00,274.0,156.14,206.0,8.61,2.48
1990-04-16 17:00:00+00:00,204.0,289.5,120.0,8.19,2.69
1990-04-16 18:00:00+00:00,71.0,148.28,51.0,7.49,2.62
1990-04-16 19:00:00+00:00,0.0,0.0,0.0,5.97,2.69
1990-04-16 20:00:00+00:00,0.0,0.0,0.0,4.71,3.17
1990-04-16 21:00:00+00:00,0.0,0.0,0.0,4.24,3.52
1990-04-16 22:00:00+00:00,0.0,0.0,0.0,4.13,3.52
1990-04-16 23:00:00+00:00,0.0,0.0,0.0,3.94,3.66
1990-04-17 00:00:00+00:00,0.0,0.0,0.0,3.5,3.79
1990-04-17 01:00:00+00:00,0.0,0.0,0.0,2.61,3.86
1990-04-17 02:00:00+00:00,0.0,0.0,0.0,2.41,4.0
1990-04-17 03:00:00+00:00,0.0,0.0,0.0,2.28,4.21
1990-04-17 04:00:00+00:00,0.0,0.0,0.0,2.19,4.41
1990-04-17 05:00:00+00:00,0.0,0.0,0.0,1.83,4.28
1990-04-17 06:00:00+00:00,98.0,232.28,61.0,1.73,4.41
1990-04-17 07:00:00+00:00,255.0,462.2,110.0,2.28,4.9
1990-04-17 08:00:00+00:00,404.0,547.13,154.0,3.55,6.07
1990-04-17 09:00:00+00:00,305.0,58.7,271.0,4.82,6.41
1990-04-17 10:00:00+00:00,486.0,229.13,332.0,5.78,6.69
1990-04-17 11:00:00+00:00,555.0,272.82,356.0,6.63,6.83
1990-04-17 12:00:00+00:00,538.0,216.82,376.0,7.21,6.69
1990-04-17 13:00:00+00:00,614.0,411.51,316.0,7.75,6.62
1990-04-17 14:00:00+00:00,655.0,729.63,172.0,8.55,6.9
1990-04-17 15:00:00+00:00,565.0,782.52,123.0,8.83,6.69
1990-04-17 16:00:00+00:00,417.0,707.81,106.0,8.57,6.62
1990-04-17 17:00:00+00:00,255.0,588.15,82.0,7.69,6.07
1990-04-17 18:00:00+00:00,94.0,359.65,44.0,6.59,5.45
1990-04-17 19:00:00+00:00,0.0,0.0,0.0,4.84,4.55
1990-04-17 20:00:00+00:00,0.0,0.0,0.0,3.67,4.28
1990-04-17 21:00:00+00:00,0.0,0.0,0.0,2.93,4.41
1990-04-17 22:00:00+00:00,0.0,0.0,0.0,2.52,4.34
1990-04-17 23:00:00+00:00,0.0,0.0,0.0,2.19,4.28
1990-04-18 00:00:00+00:00,0.0,0.0,0.0,1.99,4.41
1990-04-18 01:00:00+00:00,0.0,0.0,0.0,1.98,4.69
1990-04-18 02:00:00+00:00,0.0,0.0,0.0,2.0,4.9
1990-04-18 03:00:00+00:00,0.0,0.0,0.0,2.1,4.97
1990-04-18 04:00:00+00:00,0.0,0.0,0.0,2.28,4.97
1990-04-18 05:00:00+00:00,0.0,0.0,0.0,2.65,5.03
1990-04-18 06:00:00+00:00,68.0,48.6,60.0,3.23,5.24
1990-04-18 07:00:00+00:00,122.0,15.68,117.0,4.28,5.17
1990-04-18 08:00:00+00:00,297.0,168.9,219.0,5.99,7.79
1990-04-18 09:00:00+00:00,449.0,310.03,268.0,7.0,7.24
1990-04-18 10:00:00+00:00,368.0,65.04,324.0,8.22,7.72
1990-04-18 11:00:00+00:00,428.0,88.61,363.0,9.29,7.72
1990-04-18 12:00:00+00:00,408.0,61.24,362.0,9.57,7.45
1990-04-18 13:00:00+00:00,350.0,31.59,327.0,9.53,7.86
1990-04-18 14:00:00+00:00,301.0,22.53,286.0,9.35,7.79
1990-04-18 15:00:00+00:00,255.0,24.62,241.0,8.85,6.83
1990-04-18 16:00:00+00:00,159.0,6.77,156.0,8.69,6.69
1990-04-18 17:00:00+00:00,96.0,3.35,95.0,8.37,6.48
1990-04-18 18:00:00+00:00,49.0,20.96,46.0,7.72,6.07
1990-04-18 19:00:00+00:00,0.0,0.0,0.0,6.41,5.93
1990-04-18 20:00:00+00:00,0.0,0.0,0.0,5.74,5.86
1990-04-18 21:00:00+00:00,0.0,0.0,0.0,5.4,5.72
1990-04-18 22:00:00+00:00,0.0,0.0,0.0,5.24,5.72
1990-04-18 23:00:00+00:00,0.0,0.0,0.0,5.23,5.86
1990-04-19 00:00:00+00:00,0.0,0.0,0.0,5.2,5.93
1990-04-19 01:00:00+00:00,0.0,0.0,0.0,5.32,6.0
1990-04-19 02:00:00+00:00,0.0,0.0,0.0,5.49,6.14
1990-04-19 03:00:00+00:00,0.0,0.0,0.0,5.55,6.21
1990-04-19 04:00:00+00:00,0.0,0.0,0.0,5.48,6.14
1990-04-19 05:00:00+00:00,0.0,0.0,0.0,5.37,6.21
1990-04-19 06:00:00+00:00,24.0,0.0,24.0,5.43,6.21
1990-04-19 07:00:00+00:00,92.0,0.0,92.0,5.87,6.28
1990-04-19 08:00:00+00:00,128.0,0.0,128.0,6.67,8.41
1990-04-19 09:00:00+00:00,161.0,0.0,161.0,7.5,8.21
1990-04-19 10:00:00+00:00,188.0,0.0,188.0,8.06,7.59
1990-04-19 11:00:00+00:00,267.0,4.07,264.0,8.35,7.59
1990-04-19 12:00:00+00:00,292.0,6.62,287.0,8.4,7.1
1990-04-19 13:00:00+00:00,332.0,23.23,315.0,8.33,6.34
1990-04-19 14:00:00+00:00,191.0,0.0,191.0,8.62,6.62
1990-04-19 15:00:00+00:00,164.0,0.0,164.0,8.47,5.86
1990-04-19 16:00:00+00:00,104.0,0.0,104.0,8.22,4.9
1990-04-19 17:00:00+00:00,69.0,0.0,69.0,7.59,5.52
1990-04-19 18:00:00+00:00,15.0,0.0,15.0,7.07,4.83
1990-04-19 19:00:00+00:00,0.0,0.0,0.0,5.9,4.55
1990-04-19 20:00:00+00:00,0.0,0.0,0.0,5.57,4.21
1990-04-19 21:00:00+00:00,0.0,0.0,0.0,5.42,3.93
1990-04-19 22:00:00+00:00,0.0,0.0,0.0,5.19,3.66
1990-04-19 23:00:00+00:00,0.0,0.0,0.0,5.21,3.38
1990-04-20 00:00:00+00:00,0.0,0.0,0.0,5.32,3.24
1990-04-20 01:00:00+00:00,0.0,0.0,0.0,5.51,3.38
1990-04-20 02:00:00+00:00,0.0,0.0,0.0,5.76,3.45
1990-04-20 03:00:00+00:00,0.0,0.0,0.0,5.99,3.52
1990-04-20 04:00:00+00:00,0.0,0.0,0.0,6.19,3.59
1990-04-20 05:00:00+00:00,0.0,0.0,0.0,6.38,3.79
1990-04-20 06:00:00+00:00,79.0,68.56,67.0,6.55,4.0
1990-04-20 07:00:00+00:00,83.0,0.0,83.0,6.55,4.0
1990-04-20 08:00:00+00:00,113.0,0.0,113.0,6.72,4.07
1990-04-20 09:00:00+00:00,108.0,0.0,108.0,6.9,4.83
1990-04-20 10:00:00+00:00,118.0,0.0,118.0,7.1,5.45
1990-04-20 11:00:00+00:00,144.0,0.0,144.0,7.69,5.52
1990-04-20 12:00:00+00:00,145.0,0.0,145.0,8.13,5.52
1990-04-20 13:00:00+00:00,133.0,0.0,133.0,8.85,5.59
1990-04-20 14:00:00+00:00,121.0,0.0,121.0,9.27,5.79
1990-04-20 15:00:00+00:00,131.0,0.0,131.0,9.5,5.66
1990-04-20 16:00:00+00:00,106.0,0.0,106.0,9.42,5.79
1990-04-20 17:00:00+00:00,98.0,6.54,96.0,9.28,5.17
1990-04-20 18:00:00+00:00,39.0,6.61,38.0,9.04,4.69
1990-04-20 19:00:00+00:00,0.0,0.0,0.0,7.4,4.0
1990-04-20 20:00:00+00:00,0.0,0.0,0.0,7.09,4.14
1990-04-20 21:00:00+00:00,0.0,0.0,0.0,6.72,4.28
1990-04-20 22:00:00+00:00,0.0,0.0,0.0,6.37,4.34
1990-04-20 23:00:00+00:00,0.0,0.0,0.0,5.84,4.21
1990-04-21 00:00:00+00:00,0.0,0.0,0.0,5.42,4.21
1990-04-21 01:00:00+00:00,0.0,0.0,0.0,5.34,4.28
1990-04-21 02:00:00+00:00,0.0,0.0,0.0,5.42,4.48
1990-04-21 03:00:00+00:00,0.0,0.0,0.0,5.56,4.41
1990-04-21 04:00:00+00:00,0.0,0.0,0.0,5.79,4.62
1990-04-21 05:00:00+00:00,0.0,0.0,0.0,5.79,4.83
1990-04-21 06:00:00+00:00,82.0,72.16,69.0,6.02,4.9
1990-04-21 07:00:00+00:00,107.0,3.0,106.0,6.73,5.79
1990-04-21 08:00:00+00:00,221.0,37.81,203.0,7.51,6.48
1990-04-21 09:00:00+00:00,185.0,0.0,185.0,8.56,6.55
1990-04-21 10:00:00+00:00,412.0,107.36,338.0,9.31,6.07
1990-04-21 11:00:00+00:00,591.0,336.58,340.0,9.9,5.93
1990-04-21 12:00:00+00:00,465.0,111.43,380.0,10.0,5.66
1990-04-21 13:00:00+00:00,483.0,154.2,369.0,10.76,5.59
1990-04-21 14:00:00+00:00,417.0,125.58,332.0,11.26,5.59
1990-04-21 15:00:00+00:00,408.0,232.86,273.0,11.37,5.59
1990-04-21 16:00:00+00:00,286.0,165.0,211.0,11.37,5.79
1990-04-21 17:00:00+00:00,163.0,93.62,134.0,10.87,4.9
1990-04-21 18:00:00+00:00,53.0,19.31,50.0,10.12,4.62
1990-04-21 19:00:00+00:00,0.0,0.0,0.0,8.74,4.55
1990-04-21 20:00:00+00:00,0.0,0.0,0.0,7.53,4.21
1990-04-21 21:00:00+00:00,0.0,0.0,0.0,6.62,3.86
1990-04-21 22:00:00+00:00,0.0,0.0,0.0,5.88,3.52
1990-04-21 23:00:00+00:00,0.0,0.0,0.0,5.26,3.38
1990-04-22 00:00:00+00:00,0.0,0.0,0.0,4.94,3.38
1990-04-22 01:00:00+00:00,0.0,0.0,0.0,4.51,3.24
1990-04-22 02:00:00+00:00,0.0,0.0,0.0,4.24,3.1
1990-04-22 03:00:00+00:00,0.0,0.0,0.0,3.99,3.03
1990-04-22 04:00:00+00:00,0.0,0.0,0.0,3.82,2.97
1990-04-22 05:00:00+00:00,2.0,0.0,2.0,3.65,2.83
1990-04-22 06:00:00+00:00,34.0,0.0,34.0,4.11,2.69
1990-04-22 07:00:00+00:00,87.0,0.0,87.0,5.41,4.14
1990-04-22 08:00:00+00:00,161.0,4.16,159.0,6.45,3.1
1990-04-22 09:00:00+00:00,307.0,53.19,275.0,8.23,3.24
1990-04-22 10:00:00+00:00,539.0,314.4,321.0,9.93,3.24
1990-04-22 11:00:00+00:00,790.0,889.76,123.0,11.93,3.31
1990-04-22 12:00:00+00:00,786.0,824.48,154.0,13.47,3.03
1990-04-22 13:00:00+00:00,709.0,650.11,226.0,14.25,2.48
1990-04-22 14:00:00+00:00,613.0,546.68,241.0,14.33,2.07
1990-04-22 15:00:00+00:00,432.0,279.42,269.0,14.36,2.21
1990-04-22 16:00:00+00:00,258.0,100.39,212.0,14.3,2.34
1990-04-22 17:00:00+00:00,132.0,31.89,122.0,14.15,2.0
1990-04-22 18:00:00+00:00,92.0,194.53,61.0,13.56,1.93
1990-04-22 19:00:00+00:00,0.0,0.0,0.0,12.72,2.41
1990-04-22 20:00:00+00:00,0.0,0.0,0.0,11.54,2.83
1990-04-22 21:00:00+00:00,0.0,0.0,0.0,10.75,3.31
1990-04-22 22:00:00+00:00,0.0,0.0,0.0,10.24,3.52
1990-04-22 23:00:00+00:00,0.0,0.0,0.0,9.8,3.45
1990-04-23 00:00:00+00:00,0.0,0.0,0.0,9.06,3.17
1990-04-23 01:00:00+00:00,0.0,0.0,0.0,8.77,2.76
1990-04-23 02:00:00+00:00,0.0,0.0,0.0,7.9,2.55
1990-04-23 03:00:00+00:00,0.0,0.0,0.0,7.24,2.41
1990-04-23 04:00:00+00:00,0.0,0.0,0.0,6.8,2.34
1990-04-23 05:00:00+00:00,3.0,0.0,3.0,6.77,2.21
1990-04-23 06:00:00+00:00,100.0,126.22,76.0,7.11,2.07
1990-04-23 07:00:00+00:00,154.0,40.78,140.0,7.72,1.93
1990-04-23 08:00:00+00:00,249.0,63.91,218.0,8.02,2.07
1990-04-23 09:00:00+00:00,97.0,0.0,97.0,8.75,3.24
1990-04-23 10:00:00+00:00,628.0,546.3,247.0,10.45,4.0
1990-04-23 11:00:00+00:00,708.0,622.45,239.0,12.17,3.72
1990-04-23 12:00:00+00:00,507.0,157.1,386.0,13.61,4.07
1990-04-23 13:00:00+00:00,656.0,491.6,289.0,14.32,4.34
1990-04-23 14:00:00+00:00,717.0,894.72,105.0,14.69,4.21
1990-04-23 15:00:00+00:00,510.0,511.14,210.0,14.65,3.72
1990-04-23 16:00:00+00:00,425.0,666.84,117.0,14.49,3.03
1990-04-23 17:00:00+00:00,233.0,346.57,123.0,14.23,2.28
1990-04-23 18:00:00+00:00,98.0,226.53,61.0,13.46,1.86
1990-04-23 19:00:00+00:00,0.0,0.0,0.0,12.62,2.28
1990-04-23 20:00:00+00:00,0.0,0.0,0.0,11.2,2.69
1990-04-23 21:00:00+00:00,0.0,0.0,0.0,9.82,2.83
1990-04-23 22:00:00+00:00,0.0,0.0,0.0,8.74,2.83
1990-04-23 23:00:00+00:00,0.0,0.0,0.0,7.77,2.76
1990-04-24 00:00:00+00:00,0.0,0.0,0.0,7.26,2.69
1990-04-24 01:00:00+00:00,0.0,0.0,0.0,6.77,2.76
1990-04-24 02:00:00+00:00,0.0,0.0,0.0,6.5,3.17
1990-04-24 03:00:00+00:00,0.0,0.0,0.0,6.22,3.59
1990-04-24 04:00:00+00:00,0.0,0.0,0.0,6.26,3.93
1990-04-24 05:00:00+00:00,9.0,24.3,8.0,6.59,4.34
1990-04-24 06:00:00+00:00,41.0,0.0,41.0,7.35,4.76
1990-04-24 07:00:00+00:00,46.0,0.0,46.0,7.92,5.03
1990-04-24 08:00:00+00:00,174.0,6.13,171.0,8.67,4.48
1990-04-24 09:00:00+00:00,538.0,524.54,218.0,8.98,5.31
1990-04-24 10:00:00+00:00,305.0,18.53,292.0,10.53,4.69
1990-04-24 11:00:00+00:00,581.0,291.85,360.0,11.85,4.62
1990-04-24 12:00:00+00:00,805.0,861.92,138.0,12.77,4.83
1990-04-24 13:00:00+00:00,410.0,65.33,361.0,13.12,5.1
1990-04-24 14:00:00+00:00,670.0,717.08,177.0,12.65,5.31
1990-04-24 15:00:00+00:00,308.0,60.97,272.0,11.41,6.0
1990-04-24 16:00:00+00:00,397.0,509.14,160.0,11.47,5.03
1990-04-24 17:00:00+00:00,212.0,230.42,138.0,11.55,4.9
1990-04-24 18:00:00+00:00,39.0,0.0,39.0,11.11,4.14
1990-04-24 19:00:00+00:00,0.0,0.0,0.0,10.23,3.79
1990-04-24 20:00:00+00:00,0.0,0.0,0.0,9.24,3.31
1990-04-24 21:00:00+00:00,0.0,0.0,0.0,8.37,3.03
1990-04-24 22:00:00+00:00,0.0,0.0,0.0,7.43,2.9
1990-04-24 23:00:00+00:00,0.0,0.0,0.0,6.87,2.97
1990-04-25 00:00:00+00:00,0.0,0.0,0.0,6.37,3.03
1990-04-25 01:00:00+00:00,0.0,0.0,0.0,6.22,3.1
1990-04-25 02:00:00+00:00,0.0,0.0,0.0,6.0,3.03
1990-04-25 03:00:00+00:00,0.0,0.0,0.0,5.82,2.9
1990-04-25 04:00:00+00:00,0.0,0.0,0.0,5.72,2.69
1990-04-25 05:00:00+00:00,6.0,0.0,6.0,5.68,2.41
1990-04-25 06:00:00+00:00,134.0,310.27,72.0,6.44,2.34
1990-04-25 07:00:00+00:00,240.0,255.3,150.0,8.76,3.93
1990-04-25 08:00:00+00:00,239.0,46.57,216.0,9.18,3.52
1990-04-25 09:00:00+00:00,267.0,21.17,254.0,9.75,3.72
1990-04-25 10:00:00+00:00,278.0,9.93,271.0,10.55,4.14
1990-04-25 11:00:00+00:00,436.0,85.42,371.0,10.88,3.59
1990-04-25 12:00:00+00:00,256.0,1.29,255.0,11.25,3.79
1990-04-25 13:00:00+00:00,288.0,6.64,283.0,11.66,3.93
1990-04-25 14:00:00+00:00,256.0,5.79,252.0,11.82,3.86
1990-04-25 15:00:00+00:00,189.0,1.68,188.0,11.9,3.45
1990-04-25 16:00:00+00:00,168.0,6.4,165.0,12.31,5.03
1990-04-25 17:00:00+00:00,68.0,0.0,68.0,12.51,4.97
1990-04-25 18:00:00+00:00,59.0,23.36,55.0,12.29,4.41
1990-04-25 19:00:00+00:00,0.0,0.0,0.0,12.0,4.48
1990-04-25 20:00:00+00:00,0.0,0.0,0.0,11.15,4.48
1990-04-25 21:00:00+00:00,0.0,0.0,0.0,10.51,4.48
1990-04-25 22:00:00+00:00,0.0,0.0,0.0,10.0,4.48
1990-04-25 23:00:00+00:00,0.0,0.0,0.0,9.36,4.28
1990-04-26 00:00:00+00:00,0.0,0.0,0.0,8.71,4.14
1990-04-26 01:00:00+00:00,0.0,0.0,0.0,8.27,3.93
1990-04-26 02:00:00+00:00,0.0,0.0,0.0,7.8,3.79
1990-04-26 03:00:00+00:00,0.0,0.0,0.0,7.42,3.79
1990-04-26 04:00:00+00:00,0.0,0.0,0.0,7.23,3.86
1990-04-26 05:00:00+00:00,11.0,0.0,11.0,7.31,3.93
1990-04-26 06:00:00+00:00,71.0,14.67,68.0,8.03,4.07
1990-04-26 07:00:00+00:00,181.0,72.82,155.0,9.63,3.59
1990-04-26 08:00:00+00:00,328.0,190.72,233.0,11.45,4.76
1990-04-26 09:00:00+00:00,387.0,140.73,300.0,12.98,5.17
1990-04-26 10:00:00+00:00,426.0,108.59,349.0,14.17,5.31
1990-04-26 11:00:00+00:00,691.0,541.48,277.0,15.25,5.45
1990-04-26 12:00:00+00:00,611.0,316.3,364.0,16.06,5.52
1990-04-26 13:00:00+00:00,678.0,527.12,279.0,16.75,5.45
1990-04-26 14:00:00+00:00,729.0,898.69,105.0,17.21,5.38
1990-04-26 15:00:00+00:00,432.0,257.8,278.0,17.32,5.17
1990-04-26 16:00:00+00:00,298.0,162.93,221.0,17.04,4.9
1990-04-26 17:00:00+00:00,164.0,73.04,140.0,16.5,4.14
1990-04-26 18:00:00+00:00,21.0,0.0,21.0,15.56,3.79
1990-04-26 19:00:00+00:00,0.0,0.0,0.0,14.26,3.52
1990-04-26 20:00:00+00:00,0.0,0.0,0.0,13.1,3.45
1990-04-26 21:00:00+00:00,0.0,0.0,0.0,12.28,3.31
1990-04-26 22:00:00+00:00,0.0,0.0,0.0,11.61,3.1
1990-04-26 23:00:00+00:00,0.0,0.0,0.0,11.12,2.76
1990-04-27 00:00:00+00:00,0.0,0.0,0.0,10.79,2.41
1990-04-27 01:00:00+00:00,0.0,0.0,0.0,10.22,2.07
1990-04-27 02:00:00+00:00,0.0,0.0,0.0,9.65,1.86
1990-04-27 03:00:00+00:00,0.0,0.0,0.0,9.44,1.59
1990-04-27 04:00:00+00:00,0.0,0.0,0.0,9.17,1.45
1990-04-27 05:00:00+00:00,12.0,17.89,11.0,8.93,1.52
1990-04-27 06:00:00+00:00,81.0,28.68,75.0,9.22,1.31
1990-04-27 07:00:00+00:00,210.0,135.57,161.0,10.47,1.1
1990-04-27 08:00:00+00:00,293.0,117.46,234.0,11.89,1.17
1990-04-27 09:00:00+00:00,480.0,332.73,273.0,13.39,1.31
1990-04-27 10:00:00+00:00,354.0,43.49,323.0,14.75,1.66
1990-04-27 11:00:00+00:00,535.0,207.0,376.0,15.79,2.0
1990-04-27 12:00:00+00:00,519.0,165.75,389.0,16.6,2.41
1990-04-27 13:00:00+00:00,801.0,911.49,108.0,16.8,2.76
1990-04-27 14:00:00+00:00,658.0,666.49,193.0,17.42,3.1
1990-04-27 15:00:00+00:00,203.0,3.33,201.0,16.88,4.21
1990-04-27 16:00:00+00:00,101.0,0.0,101.0,14.25,3.79
1990-04-27 17:00:00+00:00,149.0,45.15,134.0,13.65,3.52
1990-04-27 18:00:00+00:00,41.0,0.0,41.0,12.38,3.59
1990-04-27 19:00:00+00:00,0.0,0.0,0.0,11.5,3.03
1990-04-27 20:00:00+00:00,0.0,0.0,0.0,10.45,3.1
1990-04-27 21:00:00+00:00,0.0,0.0,0.0,9.45,2.9
1990-04-27 22:00:00+00:00,0.0,0.0,0.0,8.55,2.41
1990-04-27 23:00:00+00:00,0.0,0.0,0.0,7.68,2.41
1990-04-28 00:00:00+00:00,0.0,0.0,0.0,6.96,2.69
1990-04-28 01:00:00+00:00,0.0,0.0,0.0,6.44,3.17
1990-04-28 02:00:00+00:00,0.0,0.0,0.0,6.82,3.93
1990-04-28 03:00:00+00:00,0.0,0.0,0.0,6.94,4.0
1990-04-28 04:00:00+00:00,0.0,0.0,0.0,6.85,4.14
1990-04-28 05:00:00+00:00,20.0,49.45,17.0,6.5,4.21
1990-04-28 06:00:00+00:00,164.0,458.48,66.0,6.81,4.41
1990-04-28 07:00:00+00:00,303.0,489.37,124.0,7.48,6.07
1990-04-28 08:00:00+00:00,316.0,146.13,242.0,8.26,5.86
1990-04-28 09:00:00+00:00,371.0,105.43,305.0,9.29,5.31
1990-04-28 10:00:00+00:00,180.0,0.0,180.0,10.47,5.1
1990-04-28 11:00:00+00:00,579.0,263.09,376.0,11.22,5.17
1990-04-28 12:00:00+00:00,126.0,0.0,126.0,11.6,5.31
1990-04-28 13:00:00+00:00,379.0,37.98,350.0,11.93,5.17
1990-04-28 14:00:00+00:00,528.0,276.76,334.0,10.88,5.1
1990-04-28 15:00:00+00:00,271.0,24.83,256.0,10.87,5.17
1990-04-28 16:00:00+00:00,168.0,4.17,166.0,11.13,4.48
1990-04-28 17:00:00+00:00,83.0,0.0,83.0,10.7,4.07
1990-04-28 18:00:00+00:00,99.0,147.73,72.0,10.07,3.1
1990-04-28 19:00:00+00:00,5.0,0.0,5.0,9.41,2.62
1990-04-28 20:00:00+00:00,0.0,0.0,0.0,8.62,2.28
1990-04-28 21:00:00+00:00,0.0,0.0,0.0,7.63,2.34
1990-04-28 22:00:00+00:00,0.0,0.0,0.0,6.93,2.48
1990-04-28 23:00:00+00:00,0.0,0.0,0.0,6.09,2.55
1990-04-29 00:00:00+00:00,0.0,0.0,0.0,5.48,2.34
1990-04-29 01:00:00+00:00,0.0,0.0,0.0,4.74,2.14
1990-04-29 02:00:00+00:00,0.0,0.0,0.0,4.21,2.0
1990-04-29 03:00:00+00:00,0.0,0.0,0.0,3.6,1.93
1990-04-29 04:00:00+00:00,0.0,0.0,0.0,3.04,1.79
1990-04-29 05:00:00+00:00,20.0,30.6,18.0,2.59,1.86
1990-04-29 06:00:00+00:00,146.0,284.11,84.0,3.86,1.59
1990-04-29 07:00:00+00:00,249.0,229.72,164.0,4.84,1.79
1990-04-29 08:00:00+00:00,305.0,121.47,243.0,6.51,2.41
1990-04-29 09:00:00+00:00,298.0,33.35,277.0,8.41,3.38
1990-04-29 10:00:00+00:00,517.0,227.77,353.0,9.27,3.59
1990-04-29 11:00:00+00:00,232.0,0.0,232.0,9.96,3.93
1990-04-29 12:00:00+00:00,684.0,452.61,326.0,10.64,4.21
1990-04-29 13:00:00+00:00,523.0,181.27,384.0,11.17,4.28
1990-04-29 14:00:00+00:00,514.0,247.09,340.0,11.18,4.07
1990-04-29 15:00:00+00:00,219.0,4.94,216.0,10.55,4.76
1990-04-29 16:00:00+00:00,129.0,0.0,129.0,10.36,4.21
1990-04-29 17:00:00+00:00,44.0,0.0,44.0,9.15,3.93
1990-04-29 18:00:00+00:00,18.0,0.0,18.0,8.23,3.93
1990-04-29 19:00:00+00:00,2.0,0.0,2.0,7.46,4.41
1990-04-29 20:00:00+00:00,0.0,0.0,0.0,7.14,4.48
1990-04-29 21:00:00+00:00,0.0,0.0,0.0,6.95,3.93
1990-04-29 22:00:00+00:00,0.0,0.0,0.0,6.85,2.9
1990-04-29 23:00:00+00:00,0.0,0.0,0.0,6.61,3.03
1990-04-30 00:00:00+00:00,0.0,0.0,0.0,6.04,2.76
1990-04-30 01:00:00+00:00,0.0,0.0,0.0,5.26,2.62
1990-04-30 02:00:00+00:00,0.0,0.0,0.0,4.71,2.55
1990-04-30 03:00:00+00:00,0.0,0.0,0.0,4.15,2.41
1990-04-30 04:00:00+00:00,0.0,0.0,0.0,3.9,2.34
1990-04-30 05:00:00+00:00,3.0,0.0,3.0,3.71,2.34
1990-04-30 06:00:00+00:00,68.0,4.49,67.0,4.5,2.0
1990-04-30 07:00:00+00:00,150.0,18.71,143.0,4.9,2.48
1990-04-30 08:00:00+00:00,193.0,7.78,189.0,6.15,2.21
1990-04-30 09:00:00+00:00,270.0,17.36,259.0,7.28,1.45
1990-04-30 10:00:00+00:00,438.0,110.57,358.0,7.92,0.97
1990-04-30 11:00:00+00:00,536.0,187.57,390.0,8.43,1.17
1990-04-30 12:00:00+00:00,433.0,64.22,382.0,8.83,1.93
1990-04-30 13:00:00+00:00,369.0,31.17,345.0,8.62,2.48
1990-04-30 14:00:00+00:00,247.0,2.83,245.0,8.61,2.69
1990-04-30 15:00:00+00:00,171.0,0.0,171.0,8.94,2.69
1990-04-30 16:00:00+00:00,130.0,0.0,130.0,9.07,3.07
1990-04-30 17:00:00+00:00,75.0,0.0,75.0,8.54,3.05
1990-04-30 18:00:00+00:00,37.0,0.0,37.0,8.01,3.03
1990-04-30 19:00:00+00:00,1.0,0.0,1.0,7.48,3.0
1990-04-30 20:00:00+00:00,0.0,0.0,0.0,6.96,2.98
1990-04-30 21:00:00+00:00,0.0,0.0,0.0,6.43,2.95
1990-04-30 22:00:00+00:00,0.0,0.0,0.0,5.9,2.93
1990-04-30 23:00:00+00:00,0.0,0.0,0.0,5.37,2.9
1990-05-01 00:00:00+00:00,0.0,0.0,0.0,4.85,2.88
1990-05-01 01:00:00+00:00,0.0,0.0,0.0,4.32,2.86
1990-05-01 02:00:00+00:00,0.0,0.0,0.0,3.79,2.83
1990-05-01 03:00:00+00:00,0.0,0.0,0.0,3.26,2.81
1990-05-01 04:00:00+00:00,0.0,0.0,0.0,2.74,2.78
1990-05-01 05:00:00+00:00,31.0,142.97,21.0,2.21,2.76
1990-05-01 06:00:00+00:00,178.0,503.11,66.0,1.68,2.73
1990-05-01 07:00:00+00:00,338.0,644.07,97.0,1.15,2.71
1990-05-01 08:00:00+00:00,500.0,748.56,115.0,6.98,3.24
1990-05-01 09:00:00+00:00,634.0,789.29,134.0,9.0,3.79
1990-05-01 10:00:00+00:00,730.0,783.65,163.0,10.3,5.03
1990-05-01 11:00:00+00:00,418.0,57.81,373.0,10.88,5.59
1990-05-01 12:00:00+00:00,679.0,425.58,341.0,11.31,6.14
1990-05-01 13:00:00+00:00,257.0,1.3,256.0,11.71,6.48
1990-05-01 14:00:00+00:00,634.0,524.47,263.0,11.62,6.41
1990-05-01 15:00:00+00:00,298.0,40.94,273.0,11.19,6.28
1990-05-01 16:00:00+00:00,323.0,191.22,230.0,11.01,6.14
1990-05-01 17:00:00+00:00,137.0,20.41,130.0,10.7,5.86
1990-05-01 18:00:00+00:00,54.0,5.25,53.0,10.09,5.31
1990-05-01 19:00:00+00:00,1.0,0.0,1.0,8.9,5.17
1990-05-01 20:00:00+00:00,0.0,0.0,0.0,8.21,5.17
1990-05-01 21:00:00+00:00,0.0,0.0,0.0,7.85,5.59
1990-05-01 22:00:00+00:00,0.0,0.0,0.0,7.73,6.14
1990-05-01 23:00:00+00:00,0.0,0.0,0.0,7.58,6.55
1990-05-02 00:00:00+00:00,0.0,0.0,0.0,7.47,6.9
1990-05-02 01:00:00+00:00,0.0,0.0,0.0,7.44,7.24
1990-05-02 02:00:00+00:00,0.0,0.0,0.0,7.14,7.38
1990-05-02 03:00:00+00:00,0.0,0.0,0.0,7.17,7.24
1990-05-02 04:00:00+00:00,0.0,0.0,0.0,7.23,7.17
1990-05-02 05:00:00+00:00,22.0,26.86,20.0,7.37,7.1
1990-05-02 06:00:00+00:00,35.0,0.0,35.0,7.53,7.17
1990-05-02 07:00:00+00:00,30.0,0.0,30.0,7.72,6.62
1990-05-02 08:00:00+00:00,57.0,0.0,57.0,8.04,6.0
1990-05-02 09:00:00+00:00,101.0,0.0,101.0,8.47,5.1
1990-05-02 10:00:00+00:00,614.0,433.31,299.0,8.65,4.34
1990-05-02 11:00:00+00:00,501.0,140.73,391.0,7.92,5.1
1990-05-02 12:00:00+00:00,141.0,0.0,141.0,8.21,4.62
1990-05-02 13:00:00+00:00,672.0,473.41,306.0,9.74,5.52
1990-05-02 14:00:00+00:00,462.0,157.63,350.0,10.65,5.31
1990-05-02 15:00:00+00:00,555.0,583.22,197.0,11.14,5.17
1990-05-02 16:00:00+00:00,459.0,700.47,116.0,11.23,4.97
1990-05-02 17:00:00+00:00,150.0,34.63,138.0,11.03,5.03
1990-05-02 18:00:00+00:00,139.0,391.71,63.0,10.25,4.14
1990-05-02 19:00:00+00:00,8.0,0.0,8.0,9.27,3.31
1990-05-02 20:00:00+00:00,0.0,0.0,0.0,8.01,2.83
1990-05-02 21:00:00+00:00,0.0,0.0,0.0,7.06,2.83
1990-05-02 22:00:00+00:00,0.0,0.0,0.0,6.24,2.76
1990-05-02 23:00:00+00:00,0.0,0.0,0.0,5.57,2.69
1990-05-03 00:00:00+00:00,0.0,0.0,0.0,5.02,2.55
1990-05-03 01:00:00+00:00,0.0,0.0,0.0,4.48,2.34
1990-05-03 02:00:00+00:00,0.0,0.0,0.0,4.13,2.28
1990-05-03 03:00:00+00:00,0.0,0.0,0.0,3.75,2.21
1990-05-03 04:00:00+00:00,0.0,0.0,0.0,3.54,2.14
1990-05-03 05:00:00+00:00,4.0,0.0,4.0,3.54,2.07
1990-05-03 06:00:00+00:00,31.0,0.0,31.0,4.64,1.66
1990-05-03 07:00:00+00:00,232.0,151.74,174.0,6.85,1.66
1990-05-03 08:00:00+00:00,383.0,285.49,234.0,8.64,2.0
1990-05-03 09:00:00+00:00,628.0,761.75,140.0,10.2,2.48
1990-05-03 10:00:00+00:00,664.0,564.15,252.0,11.33,3.03
1990-05-03 11:00:00+00:00,735.0,615.43,252.0,11.92,3.45
1990-05-03 12:00:00+00:00,713.0,513.45,302.0,12.31,3.52
1990-05-03 13:00:00+00:00,671.0,463.82,311.0,12.63,3.59
1990-05-03 14:00:00+00:00,379.0,60.26,336.0,12.9,3.66
1990-05-03 15:00:00+00:00,221.0,4.86,218.0,13.05,3.79
1990-05-03 16:00:00+00:00,121.0,0.0,121.0,12.82,3.45
1990-05-03 17:00:00+00:00,177.0,74.3,151.0,12.33,3.66
1990-05-03 18:00:00+00:00,42.0,0.0,42.0,11.48,3.45
1990-05-03 19:00:00+00:00,4.0,0.0,4.0,10.98,2.83
1990-05-03 20:00:00+00:00,0.0,0.0,0.0,10.24,2.55
1990-05-03 21:00:00+00:00,0.0,0.0,0.0,9.51,2.41
1990-05-03 22:00:00+00:00,0.0,0.0,0.0,8.41,2.41
1990-05-03 23:00:00+00:00,0.0,0.0,0.0,7.4,2.55
1990-05-04 00:00:00+00:00,0.0,0.0,0.0,6.81,2.62
1990-05-04 01:00:00+00:00,0.0,0.0,0.0,6.87,2.62
1990-05-04 02:00:00+00:00,0.0,0.0,0.0,6.97,2.48
1990-05-04 03:00:00+00:00,0.0,0.0,0.0,7.28,2.28
1990-05-04 04:00:00+00:00,0.0,0.0,0.0,7.54,2.14
1990-05-04 05:00:00+00:00,21.0,12.02,20.0,7.8,2.0
1990-05-04 06:00:00+00:00,104.0,55.26,91.0,8.28,1.79
1990-05-04 07:00:00+00:00,186.0,56.97,164.0,9.85,2.21
1990-05-04 08:00:00+00:00,289.0,87.52,243.0,10.89,2.14
1990-05-04 09:00:00+00:00,353.0,77.63,303.0,11.81,1.93
1990-05-04 10:00:00+00:00,242.0,1.36,241.0,13.07,2.07
1990-05-04 11:00:00+00:00,168.0,0.0,168.0,13.61,2.21
1990-05-04 12:00:00+00:00,234.0,0.0,234.0,14.17,2.41
1990-05-04 13:00:00+00:00,352.0,23.1,334.0,14.48,2.34
1990-05-04 14:00:00+00:00,341.0,34.89,316.0,14.98,2.21
1990-05-04 15:00:00+00:00,271.0,22.58,257.0,15.43,2.14
1990-05-04 16:00:00+00:00,210.0,22.17,199.0,15.39,1.86
1990-05-04 17:00:00+00:00,133.0,14.15,128.0,15.32,1.59
1990-05-04 18:00:00+00:00,102.0,109.27,80.0,15.05,1.03
1990-05-04 19:00:00+00:00,2.0,0.0,2.0,14.91,1.24
1990-05-04 20:00:00+00:00,0.0,0.0,0.0,13.91,1.72
1990-05-04 21:00:00+00:00,0.0,0.0,0.0,13.1,1.72
1990-05-04 22:00:00+00:00,0.0,0.0,0.0,12.6,1.66
1990-05-04 23:00:00+00:00,0.0,0.0,0.0,11.92,1.79
1990-05-05 00:00:00+00:00,0.0,0.0,0.0,11.68,1.66
1990-05-05 01:00:00+00:00,0.0,0.0,0.0,11.55,1.59
1990-05-05 02:00:00+00:00,0.0,0.0,0.0,11.33,1.45
1990-05-05 03:00:00+00:00,0.0,0.0,0.0,10.54,1.24
1990-05-05 04:00:00+00:00,0.0,0.0,0.0,10.14,1.1
1990-05-05 05:00:00+00:00,43.0,160.05,29.0,9.99,1.03
1990-05-05 06:00:00+00:00,187.0,484.76,71.0,10.81,0.55
1990-05-05 07:00:00+00:00,348.0,633.42,101.0,11.6,0.69
1990-05-05 08:00:00+00:00,504.0,723.79,121.0,13.33,1.24
1990-05-05 09:00:00+00:00,638.0,773.8,137.0,14.6,1.79
1990-05-05 10:00:00+00:00,735.0,783.16,158.0,16.23,2.41
1990-05-05 11:00:00+00:00,786.0,757.28,187.0,17.22,2.41
1990-05-05 12:00:00+00:00,822.0,823.36,158.0,17.55,2.21
1990-05-05 13:00:00+00:00,797.0,828.54,149.0,18.22,2.07
1990-05-05 14:00:00+00:00,730.0,825.48,136.0,18.65,2.07
1990-05-05 15:00:00+00:00,615.0,781.5,128.0,19.02,1.86
1990-05-05 16:00:00+00:00,469.0,704.83,117.0,19.21,1.66
1990-05-05 17:00:00+00:00,307.0,585.82,98.0,19.05,1.45
1990-05-05 18:00:00+00:00,149.0,404.99,66.0,18.7,0.97
1990-05-05 19:00:00+00:00,16.0,36.84,14.0,17.91,0.76
1990-05-05 20:00:00+00:00,0.0,0.0,0.0,17.39,0.62
1990-05-05 21:00:00+00:00,0.0,0.0,0.0,14.55,1.17
1990-05-05 22:00:00+00:00,0.0,0.0,0.0,12.1,1.59
1990-05-05 23:00:00+00:00,0.0,0.0,0.0,11.55,1.31
1990-05-06 00:00:00+00:00,0.0,0.0,0.0,11.63,1.03
1990-05-06 01:00:00+00:00,0.0,0.0,0.0,9.47,1.38
1990-05-06 02:00:00+00:00,0.0,0.0,0.0,8.46,1.52
1990-05-06 03:00:00+00:00,0.0,0.0,0.0,8.4,1.17
1990-05-06 04:00:00+00:00,0.0,0.0,0.0,8.96,0.48
1990-05-06 05:00:00+00:00,44.0,141.87,31.0,8.62,0.55
1990-05-06 06:00:00+00:00,190.0,468.67,76.0,8.77,0.48
1990-05-06 07:00:00+00:00,354.0,642.68,101.0,11.56,0.41
1990-05-06 08:00:00+00:00,513.0,743.45,117.0,14.32,0.48
1990-05-06 09:00:00+00:00,649.0,791.41,134.0,16.62,0.97
1990-05-06 10:00:00+00:00,759.0,840.69,137.0,18.12,1.72
1990-05-06 11:00:00+00:00,824.0,861.5,140.0,19.03,2.21
1990-05-06 12:00:00+00:00,838.0,855.0,146.0,19.75,2.21
1990-05-06 13:00:00+00:00,804.0,834.42,149.0,20.29,2.07
1990-05-06 14:00:00+00:00,737.0,833.22,135.0,20.66,2.0
1990-05-06 15:00:00+00:00,625.0,800.1,124.0,20.81,1.79
1990-05-06 16:00:00+00:00,480.0,732.23,112.0,20.81,1.66
1990-05-06 17:00:00+00:00,317.0,619.25,94.0,20.59,1.52
1990-05-06 18:00:00+00:00,151.0,393.28,69.0,20.03,1.17
1990-05-06 19:00:00+00:00,19.0,51.65,16.0,18.72,1.38
1990-05-06 20:00:00+00:00,0.0,0.0,0.0,16.62,1.24
1990-05-06 21:00:00+00:00,0.0,0.0,0.0,16.97,0.83
1990-05-06 22:00:00+00:00,0.0,0.0,0.0,16.13,0.48
1990-05-06 23:00:00+00:00,0.0,0.0,0.0,14.3,1.17
1990-05-07 00:00:00+00:00,0.0,0.0,0.0,11.04,1.66
1990-05-07 01:00:00+00:00,0.0,0.0,0.0,10.62,1.31
1990-05-07 02:00:00+00:00,0.0,0.0,0.0,11.27,0.83
1990-05-07 03:00:00+00:00,0.0,0.0,0.0,10.23,0.48
1990-05-07 04:00:00+00:00,0.0,0.0,0.0,9.12,0.55
1990-05-07 05:00:00+00:00,43.0,104.49,33.0,8.29,0.76
1990-05-07 06:00:00+00:00,177.0,356.14,89.0,9.45,0.28
1990-05-07 07:00:00+00:00,336.0,531.1,125.0,13.96,0.21
1990-05-07 08:00:00+00:00,491.0,637.99,149.0,16.79,0.21
1990-05-07 09:00:00+00:00,629.0,718.72,159.0,19.06,0.41
1990-05-07 10:00:00+00:00,740.0,782.07,159.0,20.69,1.03
1990-05-07 11:00:00+00:00,813.0,830.75,151.0,21.72,1.45
1990-05-07 12:00:00+00:00,826.0,822.47,158.0,22.49,1.52
1990-05-07 13:00:00+00:00,806.0,839.05,145.0,23.07,1.59
1990-05-07 14:00:00+00:00,739.0,836.82,132.0,23.45,1.59
1990-05-07 15:00:00+00:00,620.0,782.02,128.0,23.57,1.72
1990-05-07 16:00:00+00:00,474.0,705.97,117.0,23.49,1.79
1990-05-07 17:00:00+00:00,311.0,575.1,102.0,23.15,1.79
1990-05-07 18:00:00+00:00,148.0,353.73,73.0,22.34,1.59
1990-05-07 19:00:00+00:00,21.0,64.7,17.0,20.92,2.28
1990-05-07 20:00:00+00:00,0.0,0.0,0.0,18.84,2.55
1990-05-07 21:00:00+00:00,0.0,0.0,0.0,17.38,2.48
1990-05-07 22:00:00+00:00,0.0,0.0,0.0,16.15,2.34
1990-05-07 23:00:00+00:00,0.0,0.0,0.0,15.01,2.21
1990-05-08 00:00:00+00:00,0.0,0.0,0.0,13.98,2.07
1990-05-08 01:00:00+00:00,0.0,0.0,0.0,13.06,2.0
1990-05-08 02:00:00+00:00,0.0,0.0,0.0,12.4,2.07
1990-05-08 03:00:00+00:00,0.0,0.0,0.0,11.82,2.07
1990-05-08 04:00:00+00:00,0.0,0.0,0.0,11.23,2.07
1990-05-08 05:00:00+00:00,45.0,110.36,34.0,10.73,1.93
1990-05-08 06:00:00+00:00,180.0,354.79,91.0,11.53,1.59
1990-05-08 07:00:00+00:00,326.0,464.04,140.0,13.57,2.14
1990-05-08 08:00:00+00:00,502.0,676.71,137.0,15.06,2.28
1990-05-08 09:00:00+00:00,642.0,759.45,143.0,16.43,2.55
1990-05-08 10:00:00+00:00,754.0,820.54,142.0,17.56,3.1
1990-05-08 11:00:00+00:00,819.0,841.56,146.0,18.32,3.52
1990-05-08 12:00:00+00:00,832.0,834.4,152.0,18.92,3.72
1990-05-08 13:00:00+00:00,798.0,812.09,156.0,19.4,4.07
1990-05-08 14:00:00+00:00,644.0,523.23,263.0,19.54,4.9
1990-05-08 15:00:00+00:00,186.0,0.0,186.0,18.2,5.31
1990-05-08 16:00:00+00:00,90.0,0.0,90.0,16.44,4.83
1990-05-08 17:00:00+00:00,192.0,87.27,160.0,15.25,4.21
1990-05-08 18:00:00+00:00,127.0,190.25,86.0,14.61,3.72
1990-05-08 19:00:00+00:00,28.0,137.34,19.0,14.27,3.24
1990-05-08 20:00:00+00:00,0.0,0.0,0.0,13.2,2.76
1990-05-08 21:00:00+00:00,0.0,0.0,0.0,12.03,2.62
1990-05-08 22:00:00+00:00,0.0,0.0,0.0,11.01,2.55
1990-05-08 23:00:00+00:00,0.0,0.0,0.0,10.09,2.41
1990-05-09 00:00:00+00:00,0.0,0.0,0.0,9.32,2.14
1990-05-09 01:00:00+00:00,0.0,0.0,0.0,8.55,1.86
1990-05-09 02:00:00+00:00,0.0,0.0,0.0,7.56,1.45
1990-05-09 03:00:00+00:00,0.0,0.0,0.0,6.51,1.45
1990-05-09 04:00:00+00:00,0.0,0.0,0.0,5.81,1.72
1990-05-09 05:00:00+00:00,59.0,251.07,33.0,5.53,1.66
1990-05-09 06:00:00+00:00,144.0,141.44,108.0,7.58,1.31
1990-05-09 07:00:00+00:00,330.0,462.56,143.0,10.02,1.72
1990-05-09 08:00:00+00:00,512.0,700.33,132.0,11.65,2.28
1990-05-09 09:00:00+00:00,592.0,555.99,225.0,12.93,2.41
1990-05-09 10:00:00+00:00,755.0,805.37,152.0,14.01,2.9
1990-05-09 11:00:00+00:00,724.0,535.85,294.0,14.91,4.14
1990-05-09 12:00:00+00:00,554.0,177.34,409.0,15.15,4.76
1990-05-09 13:00:00+00:00,505.0,136.15,397.0,14.92,4.97
1990-05-09 14:00:00+00:00,367.0,43.78,335.0,14.44,4.97
1990-05-09 15:00:00+00:00,239.0,7.87,234.0,14.18,4.69
1990-05-09 16:00:00+00:00,224.0,27.36,210.0,13.52,4.34
1990-05-09 17:00:00+00:00,103.0,0.0,103.0,12.32,3.79
1990-05-09 18:00:00+00:00,32.0,0.0,32.0,11.3,2.76
1990-05-09 19:00:00+00:00,9.0,0.0,9.0,11.36,2.14
1990-05-09 20:00:00+00:00,0.0,0.0,0.0,10.85,2.21
1990-05-09 21:00:00+00:00,0.0,0.0,0.0,10.41,2.41
1990-05-09 22:00:00+00:00,0.0,0.0,0.0,10.16,2.69
1990-05-09 23:00:00+00:00,0.0,0.0,0.0,9.87,2.76
1990-05-10 00:00:00+00:00,0.0,0.0,0.0,9.39,2.76
1990-05-10 01:00:00+00:00,0.0,0.0,0.0,8.99,3.03
1990-05-10 02:00:00+00:00,0.0,0.0,0.0,8.67,3.17
1990-05-10 03:00:00+00:00,0.0,0.0,0.0,8.18,3.38
1990-05-10 04:00:00+00:00,0.0,0.0,0.0,7.38,3.31
1990-05-10 05:00:00+00:00,69.0,335.36,33.0,6.65,3.17
1990-05-10 06:00:00+00:00,214.0,546.32,73.0,6.98,2.69
1990-05-10 07:00:00+00:00,375.0,677.1,99.0,7.97,3.72
1990-05-10 08:00:00+00:00,519.0,709.13,132.0,9.05,4.76
1990-05-10 09:00:00+00:00,529.0,358.96,291.0,10.22,4.9
1990-05-10 10:00:00+00:00,678.0,540.24,272.0,11.12,4.9
1990-05-10 11:00:00+00:00,713.0,495.56,314.0,12.08,4.83
1990-05-10 12:00:00+00:00,684.0,394.98,360.0,12.37,4.48
1990-05-10 13:00:00+00:00,673.0,420.91,338.0,12.53,4.34
1990-05-10 14:00:00+00:00,588.0,353.04,329.0,13.02,4.07
1990-05-10 15:00:00+00:00,418.0,167.78,311.0,13.05,3.59
1990-05-10 16:00:00+00:00,400.0,357.44,216.0,12.96,3.03
1990-05-10 17:00:00+00:00,272.0,316.29,154.0,12.98,2.34
1990-05-10 18:00:00+00:00,115.0,103.45,92.0,12.78,1.38
1990-05-10 19:00:00+00:00,23.0,41.21,20.0,12.44,1.72
1990-05-10 20:00:00+00:00,0.0,0.0,0.0,10.73,2.41
1990-05-10 21:00:00+00:00,0.0,0.0,0.0,9.37,2.69
1990-05-10 22:00:00+00:00,0.0,0.0,0.0,8.33,2.62
1990-05-10 23:00:00+00:00,0.0,0.0,0.0,7.43,2.28
1990-05-11 00:00:00+00:00,0.0,0.0,0.0,6.66,2.14
1990-05-11 01:00:00+00:00,0.0,0.0,0.0,5.99,2.07
1990-05-11 02:00:00+00:00,0.0,0.0,0.0,5.65,2.28
1990-05-11 03:00:00+00:00,0.0,0.0,0.0,5.75,2.62
1990-05-11 04:00:00+00:00,0.0,0.0,0.0,6.06,2.9
1990-05-11 05:00:00+00:00,55.0,144.09,39.0,6.37,3.03
1990-05-11 06:00:00+00:00,79.0,3.82,78.0,7.44,3.45
1990-05-11 07:00:00+00:00,262.0,180.1,188.0,8.71,3.93
1990-05-11 08:00:00+00:00,202.0,7.29,198.0,9.88,4.97
1990-05-11 09:00:00+00:00,350.0,60.07,310.0,10.92,5.31
1990-05-11 10:00:00+00:00,390.0,50.38,352.0,12.34,6.83
1990-05-11 11:00:00+00:00,483.0,101.51,401.0,13.62,7.24
1990-05-11 12:00:00+00:00,484.0,93.58,407.0,13.99,6.48
1990-05-11 13:00:00+00:00,353.0,18.79,338.0,14.65,7.31
1990-05-11 14:00:00+00:00,237.0,1.36,236.0,14.52,5.86
1990-05-11 15:00:00+00:00,211.0,1.56,210.0,14.59,6.0
1990-05-11 16:00:00+00:00,161.0,1.93,160.0,14.21,5.31
1990-05-11 17:00:00+00:00,45.0,0.0,45.0,13.55,4.83
1990-05-11 18:00:00+00:00,15.0,0.0,15.0,12.45,3.93
1990-05-11 19:00:00+00:00,3.0,0.0,3.0,12.05,3.66
1990-05-11 20:00:00+00:00,0.0,0.0,0.0,11.15,3.86
1990-05-11 21:00:00+00:00,0.0,0.0,0.0,10.47,3.86
1990-05-11 22:00:00+00:00,0.0,0.0,0.0,10.34,3.38
1990-05-11 23:00:00+00:00,0.0,0.0,0.0,10.1,3.1
1990-05-12 00:00:00+00:00,0.0,0.0,0.0,9.88,2.55
1990-05-12 01:00:00+00:00,0.0,0.0,0.0,9.56,2.07
1990-05-12 02:00:00+00:00,0.0,0.0,0.0,8.82,2.14
1990-05-12 03:00:00+00:00,0.0,0.0,0.0,7.8,2.14
1990-05-12 04:00:00+00:00,0.0,0.0,0.0,6.82,2.07
1990-05-12 05:00:00+00:00,54.0,113.4,41.0,5.85,2.0
1990-05-12 06:00:00+00:00,166.0,207.58,111.0,6.38,1.79
1990-05-12 07:00:00+00:00,365.0,598.97,117.0,8.07,1.72
1990-05-12 08:00:00+00:00,392.0,248.3,255.0,9.4,1.52
1990-05-12 09:00:00+00:00,361.0,68.79,315.0,10.85,1.03
1990-05-12 10:00:00+00:00,530.0,208.75,372.0,11.73,0.41
1990-05-12 11:00:00+00:00,570.0,207.33,402.0,12.61,1.1
1990-05-12 12:00:00+00:00,533.0,144.18,414.0,12.65,1.24
1990-05-12 13:00:00+00:00,310.0,7.49,304.0,12.98,0.97
1990-05-12 14:00:00+00:00,390.0,58.2,347.0,13.46,1.72
1990-05-12 15:00:00+00:00,208.0,1.55,207.0,13.36,1.93
1990-05-12 16:00:00+00:00,156.0,0.0,156.0,13.32,1.79
1990-05-12 17:00:00+00:00,47.0,0.0,47.0,13.12,1.72
1990-05-12 18:00:00+00:00,17.0,0.0,17.0,12.72,1.45
1990-05-12 19:00:00+00:00,4.0,0.0,4.0,11.39,0.69
1990-05-12 20:00:00+00:00,0.0,0.0,0.0,10.8,0.34
1990-05-12 21:00:00+00:00,0.0,0.0,0.0,10.48,0.21
1990-05-12 22:00:00+00:00,0.0,0.0,0.0,9.86,0.48
1990-05-12 23:00:00+00:00,0.0,0.0,0.0,9.62,1.1
1990-05-13 00:00:00+00:00,0.0,0.0,0.0,9.24,1.31
1990-05-13 01:00:00+00:00,0.0,0.0,0.0,9.07,1.38
1990-05-13 02:00:00+00:00,0.0,0.0,0.0,8.92,1.52
1990-05-13 03:00:00+00:00,0.0,0.0,0.0,8.59,1.72
1990-05-13 04:00:00+00:00,0.0,0.0,0.0,8.09,1.93
1990-05-13 05:00:00+00:00,43.0,33.86,39.0,7.99,2.14
1990-05-13 06:00:00+00:00,173.0,231.14,111.0,8.33,2.28
1990-05-13 07:00:00+00:00,337.0,441.13,153.0,9.29,1.93
1990-05-13 08:00:00+00:00,498.0,585.99,173.0,10.37,2.14
1990-05-13 09:00:00+00:00,614.0,594.3,215.0,11.38,2.48
1990-05-13 10:00:00+00:00,726.0,671.55,216.0,12.65,2.62
1990-05-13 11:00:00+00:00,659.0,362.95,364.0,13.62,2.62
1990-05-13 12:00:00+00:00,548.0,159.46,416.0,14.35,2.69
1990-05-13 13:00:00+00:00,624.0,308.66,376.0,14.65,2.76
1990-05-13 14:00:00+00:00,423.0,84.97,360.0,15.1,2.76
1990-05-13 15:00:00+00:00,458.0,235.33,306.0,15.31,2.76
1990-05-13 16:00:00+00:00,434.0,454.69,196.0,15.24,2.55
1990-05-13 17:00:00+00:00,199.0,81.08,168.0,15.01,2.21
1990-05-13 18:00:00+00:00,99.0,43.06,89.0,14.72,1.79
1990-05-13 19:00:00+00:00,7.0,0.0,7.0,14.21,1.45
1990-05-13 20:00:00+00:00,0.0,0.0,0.0,12.73,2.0
1990-05-13 21:00:00+00:00,0.0,0.0,0.0,10.96,2.41
1990-05-13 22:00:00+00:00,0.0,0.0,0.0,9.66,2.76
1990-05-13 23:00:00+00:00,0.0,0.0,0.0,8.79,2.76
1990-05-14 00:00:00+00:00,0.0,0.0,0.0,7.99,2.55
1990-05-14 01:00:00+00:00,0.0,0.0,0.0,7.38,2.48
1990-05-14 02:00:00+00:00,0.0,0.0,0.0,6.82,2.62
1990-05-14 03:00:00+00:00,0.0,0.0,0.0,6.4,2.62
1990-05-14 04:00:00+00:00,0.0,0.0,0.0,6.05,2.62
1990-05-14 05:00:00+00:00,83.0,378.48,37.0,5.96,2.34
1990-05-14 06:00:00+00:00,234.0,600.53,71.0,7.15,2.0
1990-05-14 07:00:00+00:00,395.0,706.99,98.0,9.09,2.69
1990-05-14 08:00:00+00:00,555.0,792.98,113.0,10.94,2.83
1990-05-14 09:00:00+00:00,688.0,827.91,130.0,12.66,2.9
1990-05-14 10:00:00+00:00,794.0,863.62,136.0,14.08,3.03
1990-05-14 11:00:00+00:00,855.0,870.96,145.0,15.21,3.03
1990-05-14 12:00:00+00:00,873.0,875.71,146.0,16.11,2.97
1990-05-14 13:00:00+00:00,847.0,878.55,139.0,16.84,3.03
1990-05-14 14:00:00+00:00,775.0,867.03,130.0,17.29,3.24
1990-05-14 15:00:00+00:00,663.0,837.27,120.0,17.48,3.38
1990-05-14 16:00:00+00:00,519.0,782.94,107.0,17.46,3.31
1990-05-14 17:00:00+00:00,358.0,695.52,90.0,17.18,3.1
1990-05-14 18:00:00+00:00,193.0,543.67,65.0,16.6,2.34
1990-05-14 19:00:00+00:00,51.0,299.62,25.0,15.27,2.28
1990-05-14 20:00:00+00:00,0.0,0.0,0.0,13.42,2.76
1990-05-14 21:00:00+00:00,0.0,0.0,0.0,12.08,3.17
1990-05-14 22:00:00+00:00,0.0,0.0,0.0,11.01,3.31
1990-05-14 23:00:00+00:00,0.0,0.0,0.0,10.12,2.97
1990-05-15 00:00:00+00:00,0.0,0.0,0.0,9.28,2.55
1990-05-15 01:00:00+00:00,0.0,0.0,0.0,8.58,2.34
1990-05-15 02:00:00+00:00,0.0,0.0,0.0,7.99,2.34
1990-05-15 03:00:00+00:00,0.0,0.0,0.0,7.53,2.41
1990-05-15 04:00:00+00:00,0.0,0.0,0.0,7.14,2.55
1990-05-15 05:00:00+00:00,77.0,280.35,42.0,7.06,2.62
1990-05-15 06:00:00+00:00,222.0,520.91,79.0,8.36,2.34
1990-05-15 07:00:00+00:00,382.0,652.53,106.0,10.74,2.62
1990-05-15 08:00:00+00:00,543.0,757.03,119.0,12.87,2.83
1990-05-15 09:00:00+00:00,676.0,804.13,132.0,14.78,3.03
1990-05-15 10:00:00+00:00,784.0,851.74,133.0,16.35,3.1
1990-05-15 11:00:00+00:00,849.0,872.15,136.0,17.58,3.1
1990-05-15 12:00:00+00:00,862.0,864.87,142.0,18.58,3.03
1990-05-15 13:00:00+00:00,824.0,832.69,151.0,19.22,2.97
1990-05-15 14:00:00+00:00,762.0,842.76,133.0,19.66,3.17
1990-05-15 15:00:00+00:00,534.0,411.61,266.0,19.69,3.31
1990-05-15 16:00:00+00:00,476.0,612.51,152.0,19.41,3.52
1990-05-15 17:00:00+00:00,321.0,502.23,126.0,18.82,3.86
1990-05-15 18:00:00+00:00,100.0,41.91,90.0,17.63,4.07
1990-05-15 19:00:00+00:00,23.0,11.09,22.0,16.0,4.34
1990-05-15 20:00:00+00:00,0.0,0.0,0.0,14.2,4.28
1990-05-15 21:00:00+00:00,0.0,0.0,0.0,12.95,4.21
1990-05-15 22:00:00+00:00,0.0,0.0,0.0,12.15,4.0
1990-05-15 23:00:00+00:00,0.0,0.0,0.0,11.57,4.0
1990-05-16 00:00:00+00:00,0.0,0.0,0.0,11.28,4.0
1990-05-16 01:00:00+00:00,0.0,0.0,0.0,11.03,4.07
1990-05-16 02:00:00+00:00,0.0,0.0,0.0,11.01,4.14
1990-05-16 03:00:00+00:00,0.0,0.0,0.0,11.13,4.21
1990-05-16 04:00:00+00:00,0.0,0.0,0.0,11.39,4.14
1990-05-16 05:00:00+00:00,50.0,46.86,44.0,11.77,3.93
1990-05-16 06:00:00+00:00,36.0,0.0,36.0,12.06,4.0
1990-05-16 07:00:00+00:00,98.0,0.0,98.0,11.48,4.41
1990-05-16 08:00:00+00:00,166.0,0.0,166.0,11.13,4.55
1990-05-16 09:00:00+00:00,286.0,17.67,274.0,11.3,5.03
1990-05-16 10:00:00+00:00,342.0,23.48,324.0,11.93,5.66
1990-05-16 11:00:00+00:00,468.0,86.61,397.0,13.2,6.07
1990-05-16 12:00:00+00:00,505.0,111.41,412.0,13.09,5.59
1990-05-16 13:00:00+00:00,487.0,111.04,397.0,12.93,5.17
1990-05-16 14:00:00+00:00,397.0,62.77,350.0,12.78,5.1
1990-05-16 15:00:00+00:00,331.0,53.55,296.0,12.42,4.97
1990-05-16 16:00:00+00:00,335.0,165.52,247.0,12.18,4.9
1990-05-16 17:00:00+00:00,285.0,329.78,156.0,11.8,4.9
1990-05-16 18:00:00+00:00,156.0,256.52,94.0,11.25,4.83
1990-05-16 19:00:00+00:00,9.0,0.0,9.0,10.64,4.21
1990-05-16 20:00:00+00:00,0.0,0.0,0.0,9.57,3.93
1990-05-16 21:00:00+00:00,0.0,0.0,0.0,8.62,3.72
1990-05-16 22:00:00+00:00,0.0,0.0,0.0,7.74,3.59
1990-05-16 23:00:00+00:00,0.0,0.0,0.0,7.22,3.59
1990-05-17 00:00:00+00:00,0.0,0.0,0.0,6.71,3.38
1990-05-17 01:00:00+00:00,0.0,0.0,0.0,6.29,3.1
1990-05-17 02:00:00+00:00,0.0,0.0,0.0,5.81,2.83
1990-05-17 03:00:00+00:00,0.0,0.0,0.0,5.3,2.69
1990-05-17 04:00:00+00:00,0.0,0.0,0.0,4.63,2.55
1990-05-17 05:00:00+00:00,88.0,358.36,41.0,4.49,2.41
1990-05-17 06:00:00+00:00,234.0,538.5,83.0,5.4,2.41
1990-05-17 07:00:00+00:00,391.0,641.84,116.0,7.19,3.86
1990-05-17 08:00:00+00:00,548.0,730.72,135.0,8.23,3.79
1990-05-17 09:00:00+00:00,687.0,798.46,143.0,9.47,3.72
1990-05-17 10:00:00+00:00,791.0,831.07,152.0,10.69,3.59
1990-05-17 11:00:00+00:00,796.0,664.26,250.0,11.81,3.45
1990-05-17 12:00:00+00:00,863.0,822.06,175.0,12.73,3.31
1990-05-17 13:00:00+00:00,834.0,814.53,172.0,13.36,3.24
1990-05-17 14:00:00+00:00,703.0,607.14,247.0,13.78,3.17
1990-05-17 15:00:00+00:00,593.0,554.8,229.0,13.94,3.24
1990-05-17 16:00:00+00:00,489.0,615.74,160.0,13.64,3.31
1990-05-17 17:00:00+00:00,291.0,317.25,166.0,13.1,3.45
1990-05-17 18:00:00+00:00,161.0,249.23,100.0,12.47,3.45
1990-05-17 19:00:00+00:00,21.0,0.0,21.0,12.38,2.62
1990-05-17 20:00:00+00:00,0.0,0.0,0.0,10.82,2.83
1990-05-17 21:00:00+00:00,0.0,0.0,0.0,9.43,2.76
1990-05-17 22:00:00+00:00,0.0,0.0,0.0,8.25,2.41
1990-05-17 23:00:00+00:00,0.0,0.0,0.0,7.27,2.07
1990-05-18 00:00:00+00:00,0.0,0.0,0.0,6.41,1.79
1990-05-18 01:00:00+00:00,0.0,0.0,0.0,5.24,1.31
1990-05-18 02:00:00+00:00,0.0,0.0,0.0,5.04,0.9
1990-05-18 03:00:00+00:00,0.0,0.0,0.0,5.32,0.62
1990-05-18 04:00:00+00:00,0.0,0.0,0.0,4.89,0.28
1990-05-18 05:00:00+00:00,71.0,156.53,50.0,4.6,0.21
1990-05-18 06:00:00+00:00,225.0,473.15,91.0,5.33,0.21
1990-05-18 07:00:00+00:00,362.0,498.78,147.0,7.65,0.69
1990-05-18 08:00:00+00:00,501.0,547.91,190.0,9.45,0.83
1990-05-18 09:00:00+00:00,639.0,636.35,204.0,10.95,0.55
1990-05-18 10:00:00+00:00,653.0,433.17,319.0,12.52,0.21
1990-05-18 11:00:00+00:00,688.0,402.87,356.0,13.76,0.76
1990-05-18 12:00:00+00:00,607.0,230.02,414.0,14.71,1.17
1990-05-18 13:00:00+00:00,517.0,132.53,409.0,15.23,1.38
1990-05-18 14:00:00+00:00,459.0,115.49,372.0,15.74,1.52
1990-05-18 15:00:00+00:00,337.0,53.15,302.0,15.81,1.66
1990-05-18 16:00:00+00:00,269.0,54.01,240.0,15.79,1.66
1990-05-18 17:00:00+00:00,124.0,2.52,123.0,15.57,1.38
1990-05-18 18:00:00+00:00,130.0,108.98,103.0,15.31,0.9
1990-05-18 19:00:00+00:00,58.0,260.23,32.0,14.56,0.76
1990-05-18 20:00:00+00:00,0.0,0.0,0.0,14.32,0.62
1990-05-18 21:00:00+00:00,0.0,0.0,0.0,13.5,0.48
1990-05-18 22:00:00+00:00,0.0,0.0,0.0,12.46,0.69
1990-05-18 23:00:00+00:00,0.0,0.0,0.0,10.06,1.1
1990-05-19 00:00:00+00:00,0.0,0.0,0.0,8.36,1.38
1990-05-19 01:00:00+00:00,0.0,0.0,0.0,7.45,1.24
1990-05-19 02:00:00+00:00,0.0,0.0,0.0,7.18,1.1
1990-05-19 03:00:00+00:00,0.0,0.0,0.0,7.53,0.9
1990-05-19 04:00:00+00:00,0.0,0.0,0.0,7.28,0.62
1990-05-19 05:00:00+00:00,88.0,306.43,46.0,7.2,0.34
1990-05-19 06:00:00+00:00,235.0,528.14,84.0,8.12,0.28
1990-05-19 07:00:00+00:00,392.0,648.13,111.0,11.06,0.69
1990-05-19 08:00:00+00:00,551.0,749.2,124.0,13.41,0.62
1990-05-19 09:00:00+00:00,636.0,621.2,210.0,15.15,0.69
1990-05-19 10:00:00+00:00,744.0,686.8,213.0,16.24,0.55
1990-05-19 11:00:00+00:00,800.0,689.96,230.0,17.03,0.41
1990-05-19 12:00:00+00:00,798.0,640.83,259.0,17.84,0.69
1990-05-19 13:00:00+00:00,758.0,597.29,270.0,18.47,1.03
1990-05-19 14:00:00+00:00,738.0,730.59,186.0,18.63,1.17
1990-05-19 15:00:00+00:00,630.0,696.04,170.0,18.95,1.31
1990-05-19 16:00:00+00:00,506.0,695.14,131.0,18.98,1.45
1990-05-19 17:00:00+00:00,333.0,505.56,131.0,18.82,1.52
1990-05-19 18:00:00+00:00,194.0,462.69,78.0,18.42,1.45
1990-05-19 19:00:00+00:00,60.0,261.99,33.0,17.35,1.31
1990-05-19 20:00:00+00:00,0.0,0.0,0.0,15.33,1.59
1990-05-19 21:00:00+00:00,0.0,0.0,0.0,13.11,1.86
1990-05-19 22:00:00+00:00,0.0,0.0,0.0,11.52,2.07
1990-05-19 23:00:00+00:00,0.0,0.0,0.0,10.73,2.34
1990-05-20 00:00:00+00:00,0.0,0.0,0.0,10.26,2.48
1990-05-20 01:00:00+00:00,0.0,0.0,0.0,9.69,2.48
1990-05-20 02:00:00+00:00,0.0,0.0,0.0,9.13,2.41
1990-05-20 03:00:00+00:00,0.0,0.0,0.0,8.62,2.14
1990-05-20 04:00:00+00:00,0.0,0.0,0.0,8.08,1.79
1990-05-20 05:00:00+00:00,90.0,307.44,47.0,7.91,1.72
1990-05-20 06:00:00+00:00,234.0,509.52,87.0,9.57,1.45
1990-05-20 07:00:00+00:00,391.0,633.08,115.0,11.73,0.9
1990-05-20 08:00:00+00:00,552.0,746.26,125.0,14.01,0.97
1990-05-20 09:00:00+00:00,683.0,789.38,140.0,15.85,1.17
1990-05-20 10:00:00+00:00,786.0,824.33,147.0,17.33,1.17
1990-05-20 11:00:00+00:00,821.0,752.32,198.0,18.37,1.31
1990-05-20 12:00:00+00:00,852.0,801.82,176.0,19.23,1.59
1990-05-20 13:00:00+00:00,815.0,763.06,190.0,19.62,1.72
1990-05-20 14:00:00+00:00,747.0,757.54,173.0,20.12,2.07
1990-05-20 15:00:00+00:00,638.0,720.75,160.0,20.22,2.21
1990-05-20 16:00:00+00:00,507.0,691.94,132.0,20.07,2.21
1990-05-20 17:00:00+00:00,353.0,606.59,109.0,19.67,2.21
1990-05-20 18:00:00+00:00,210.0,556.0,69.0,18.82,2.0
1990-05-20 19:00:00+00:00,64.0,292.06,33.0,18.24,1.86
1990-05-20 20:00:00+00:00,0.0,0.0,0.0,16.36,2.48
1990-05-20 21:00:00+00:00,0.0,0.0,0.0,14.96,2.97
1990-05-20 22:00:00+00:00,0.0,0.0,0.0,14.1,3.31
1990-05-20 23:00:00+00:00,0.0,0.0,0.0,12.96,3.17
1990-05-21 00:00:00+00:00,0.0,0.0,0.0,11.75,2.69
1990-05-21 01:00:00+00:00,0.0,0.0,0.0,10.85,2.21
1990-05-21 02:00:00+00:00,0.0,0.0,0.0,9.9,2.07
1990-05-21 03:00:00+00:00,0.0,0.0,0.0,9.0,2.0
1990-05-21 04:00:00+00:00,0.0,0.0,0.0,8.27,1.93
1990-05-21 05:00:00+00:00,96.0,357.74,45.0,7.99,1.66
1990-05-21 06:00:00+00:00,242.0,549.81,82.0,9.56,1.17
1990-05-21 07:00:00+00:00,394.0,636.58,115.0,11.52,1.45
1990-05-21 08:00:00+00:00,549.0,726.05,132.0,13.79,1.59
1990-05-21 09:00:00+00:00,682.0,778.37,145.0,15.72,1.72
1990-05-21 10:00:00+00:00,784.0,810.69,154.0,17.2,1.72
1990-05-21 11:00:00+00:00,495.0,101.2,411.0,18.33,2.0
1990-05-21 12:00:00+00:00,796.0,627.21,266.0,19.32,2.48
1990-05-21 13:00:00+00:00,796.0,699.09,222.0,19.83,2.69
1990-05-21 14:00:00+00:00,618.0,379.03,330.0,20.26,2.69
1990-05-21 15:00:00+00:00,579.0,507.92,241.0,20.35,2.69
1990-05-21 16:00:00+00:00,372.0,218.59,253.0,20.35,2.69
1990-05-21 17:00:00+00:00,328.0,456.92,143.0,19.86,2.69
1990-05-21 18:00:00+00:00,109.0,42.9,98.0,18.8,2.34
1990-05-21 19:00:00+00:00,29.0,9.16,28.0,18.38,2.48
1990-05-21 20:00:00+00:00,0.0,0.0,0.0,16.69,2.62
1990-05-21 21:00:00+00:00,0.0,0.0,0.0,15.05,2.69
1990-05-21 22:00:00+00:00,0.0,0.0,0.0,13.58,2.76
1990-05-21 23:00:00+00:00,0.0,0.0,0.0,12.54,2.83
1990-05-22 00:00:00+00:00,0.0,0.0,0.0,11.6,2.97
1990-05-22 01:00:00+00:00,0.0,0.0,0.0,10.93,2.97
1990-05-22 02:00:00+00:00,0.0,0.0,0.0,10.4,2.9
1990-05-22 03:00:00+00:00,0.0,0.0,0.0,9.91,2.9
1990-05-22 04:00:00+00:00,0.0,0.0,0.0,9.5,2.9
1990-05-22 05:00:00+00:00,12.0,0.0,12.0,9.57,2.97
1990-05-22 06:00:00+00:00,124.0,34.08,114.0,10.59,3.1
1990-05-22 07:00:00+00:00,315.0,279.23,192.0,11.62,4.21
1990-05-22 08:00:00+00:00,508.0,548.23,192.0,12.99,4.34
1990-05-22 09:00:00+00:00,689.0,793.53,140.0,14.57,4.62
1990-05-22 10:00:00+00:00,792.0,828.01,147.0,16.05,4.9
1990-05-22 11:00:00+00:00,865.0,869.14,142.0,17.28,5.17
1990-05-22 12:00:00+00:00,883.0,874.99,142.0,18.21,5.17
1990-05-22 13:00:00+00:00,849.0,854.19,146.0,18.81,4.9
1990-05-22 14:00:00+00:00,771.0,820.34,146.0,19.31,4.76
1990-05-22 15:00:00+00:00,652.0,754.87,148.0,19.54,4.76
1990-05-22 16:00:00+00:00,435.0,387.72,223.0,19.38,4.83
1990-05-22 17:00:00+00:00,306.0,348.49,164.0,18.75,4.9
1990-05-22 18:00:00+00:00,173.0,270.04,103.0,17.79,4.55
1990-05-22 19:00:00+00:00,67.0,285.38,35.0,16.39,4.41
1990-05-22 20:00:00+00:00,0.0,0.0,0.0,14.46,4.28
1990-05-22 21:00:00+00:00,0.0,0.0,0.0,12.74,4.14
1990-05-22 22:00:00+00:00,0.0,0.0,0.0,11.3,3.86
1990-05-22 23:00:00+00:00,0.0,0.0,0.0,10.16,3.66
1990-05-23 00:00:00+00:00,0.0,0.0,0.0,9.39,3.52
1990-05-23 01:00:00+00:00,0.0,0.0,0.0,9.06,3.52
1990-05-23 02:00:00+00:00,0.0,0.0,0.0,8.52,3.31
1990-05-23 03:00:00+00:00,0.0,0.0,0.0,8.21,3.1
1990-05-23 04:00:00+00:00,0.0,0.0,0.0,8.0,3.1
1990-05-23 05:00:00+00:00,39.0,6.77,38.0,8.36,3.93
1990-05-23 06:00:00+00:00,111.0,16.91,106.0,9.02,4.14
1990-05-23 07:00:00+00:00,249.0,103.92,203.0,9.55,3.93
1990-05-23 08:00:00+00:00,410.0,245.52,268.0,10.56,4.07
1990-05-23 09:00:00+00:00,646.0,634.27,206.0,11.9,4.28
1990-05-23 10:00:00+00:00,793.0,826.11,148.0,13.64,4.69
1990-05-23 11:00:00+00:00,865.0,868.5,141.0,15.4,4.48
1990-05-23 12:00:00+00:00,878.0,861.35,147.0,16.65,4.62
1990-05-23 13:00:00+00:00,849.0,852.24,146.0,17.7,4.55
1990-05-23 14:00:00+00:00,780.0,841.75,137.0,18.48,4.55
1990-05-23 15:00:00+00:00,668.0,801.7,131.0,18.89,4.62
1990-05-23 16:00:00+00:00,521.0,722.97,124.0,18.83,4.76
1990-05-23 17:00:00+00:00,310.0,356.1,164.0,18.31,4.9
1990-05-23 18:00:00+00:00,111.0,41.99,100.0,17.28,4.76
1990-05-23 19:00:00+00:00,6.0,0.0,6.0,15.56,4.55
1990-05-23 20:00:00+00:00,0.0,0.0,0.0,13.75,4.55
1990-05-23 21:00:00+00:00,0.0,0.0,0.0,12.16,4.41
1990-05-23 22:00:00+00:00,0.0,0.0,0.0,10.96,4.41
1990-05-23 23:00:00+00:00,0.0,0.0,0.0,10.1,4.28
1990-05-24 00:00:00+00:00,0.0,0.0,0.0,9.6,4.28
1990-05-24 01:00:00+00:00,0.0,0.0,0.0,9.25,4.21
1990-05-24 02:00:00+00:00,0.0,0.0,0.0,9.15,4.14
1990-05-24 03:00:00+00:00,0.0,0.0,0.0,9.02,4.21
1990-05-24 04:00:00+00:00,0.0,0.0,0.0,9.02,4.21
1990-05-24 05:00:00+00:00,10.0,0.0,10.0,9.32,4.07
1990-05-24 06:00:00+00:00,37.0,0.0,37.0,10.06,3.86
1990-05-24 07:00:00+00:00,122.0,0.0,122.0,9.46,5.03
1990-05-24 08:00:00+00:00,101.0,0.0,101.0,10.69,5.31
1990-05-24 09:00:00+00:00,134.0,0.0,134.0,12.04,5.24
1990-05-24 10:00:00+00:00,193.0,0.0,193.0,14.3,4.69
1990-05-24 11:00:00+00:00,296.0,3.59,293.0,15.86,4.21
1990-05-24 12:00:00+00:00,490.0,90.55,413.0,17.61,4.21
1990-05-24 13:00:00+00:00,375.0,25.4,354.0,18.76,4.21
1990-05-24 14:00:00+00:00,300.0,9.14,293.0,19.45,4.28
1990-05-24 15:00:00+00:00,546.0,413.73,268.0,20.07,4.28
1990-05-24 16:00:00+00:00,340.0,150.52,257.0,19.89,4.07
1990-05-24 17:00:00+00:00,362.0,627.91,103.0,19.86,4.41
1990-05-24 18:00:00+00:00,107.0,34.01,98.0,19.27,4.0
1990-05-24 19:00:00+00:00,6.0,0.0,6.0,17.54,3.72
1990-05-24 20:00:00+00:00,0.0,0.0,0.0,15.78,3.93
1990-05-24 21:00:00+00:00,0.0,0.0,0.0,14.35,3.79
1990-05-24 22:00:00+00:00,0.0,0.0,0.0,13.16,3.45
1990-05-24 23:00:00+00:00,0.0,0.0,0.0,12.23,2.97
1990-05-25 00:00:00+00:00,0.0,0.0,0.0,11.6,2.9
1990-05-25 01:00:00+00:00,0.0,0.0,0.0,11.26,2.9
1990-05-25 02:00:00+00:00,0.0,0.0,0.0,10.9,3.17
1990-05-25 03:00:00+00:00,0.0,0.0,0.0,10.83,2.97
1990-05-25 04:00:00+00:00,0.0,0.0,0.0,10.88,3.03
1990-05-25 05:00:00+00:00,9.0,0.0,9.0,10.83,3.03
1990-05-25 06:00:00+00:00,44.0,0.0,44.0,10.92,2.97
1990-05-25 07:00:00+00:00,69.0,0.0,69.0,11.05,2.69
1990-05-25 08:00:00+00:00,53.0,0.0,53.0,11.46,2.48
1990-05-25 09:00:00+00:00,79.0,0.0,79.0,11.88,2.55
1990-05-25 10:00:00+00:00,113.0,0.0,113.0,12.1,2.41
1990-05-25 11:00:00+00:00,108.0,0.0,108.0,12.32,2.55
1990-05-25 12:00:00+00:00,231.0,0.0,231.0,12.77,1.93
1990-05-25 13:00:00+00:00,112.0,0.0,112.0,13.23,1.24
1990-05-25 14:00:00+00:00,164.0,0.0,164.0,13.79,0.97
1990-05-25 15:00:00+00:00,133.0,0.0,133.0,14.5,0.69
1990-05-25 16:00:00+00:00,143.0,0.0,143.0,14.78,0.9
1990-05-25 17:00:00+00:00,87.0,0.0,87.0,14.87,1.59
1990-05-25 18:00:00+00:00,56.0,0.0,56.0,15.2,1.72
1990-05-25 19:00:00+00:00,7.0,0.0,7.0,14.67,1.31
1990-05-25 20:00:00+00:00,0.0,0.0,0.0,14.57,0.9
1990-05-25 21:00:00+00:00,0.0,0.0,0.0,14.25,0.9
1990-05-25 22:00:00+00:00,0.0,0.0,0.0,13.94,1.59
1990-05-25 23:00:00+00:00,0.0,0.0,0.0,13.51,2.34
1990-05-26 00:00:00+00:00,0.0,0.0,0.0,13.24,2.97
1990-05-26 01:00:00+00:00,0.0,0.0,0.0,12.86,3.03
1990-05-26 02:00:00+00:00,0.0,0.0,0.0,12.47,2.83
1990-05-26 03:00:00+00:00,0.0,0.0,0.0,12.22,2.55
1990-05-26 04:00:00+00:00,0.0,0.0,0.0,12.03,2.55
1990-05-26 05:00:00+00:00,9.0,0.0,9.0,11.97,2.69
1990-05-26 06:00:00+00:00,37.0,0.0,37.0,12.22,5.1
1990-05-26 07:00:00+00:00,61.0,0.0,61.0,12.9,4.07
1990-05-26 08:00:00+00:00,124.0,0.0,124.0,13.76,4.0
1990-05-26 09:00:00+00:00,173.0,0.0,173.0,14.42,3.24
1990-05-26 10:00:00+00:00,169.0,0.0,169.0,15.15,3.45
1990-05-26 11:00:00+00:00,169.0,0.0,169.0,16.31,4.34
1990-05-26 12:00:00+00:00,469.0,72.63,407.0,18.41,6.62
1990-05-26 13:00:00+00:00,835.0,827.55,148.0,18.29,5.59
1990-05-26 14:00:00+00:00,739.0,722.5,183.0,18.93,5.79
1990-05-26 15:00:00+00:00,647.0,742.64,145.0,19.73,5.86
1990-05-26 16:00:00+00:00,512.0,685.48,131.0,19.85,5.93
1990-05-26 17:00:00+00:00,351.0,546.42,123.0,19.61,6.07
1990-05-26 18:00:00+00:00,186.0,322.52,99.0,18.69,5.52
1990-05-26 19:00:00+00:00,71.0,243.22,41.0,16.91,5.72
1990-05-26 20:00:00+00:00,0.0,0.0,0.0,15.34,5.59
1990-05-26 21:00:00+00:00,0.0,0.0,0.0,14.17,5.59
1990-05-26 22:00:00+00:00,0.0,0.0,0.0,13.43,5.38
1990-05-26 23:00:00+00:00,0.0,0.0,0.0,12.75,5.17
1990-05-27 00:00:00+00:00,0.0,0.0,0.0,12.35,5.17
1990-05-27 01:00:00+00:00,0.0,0.0,0.0,12.1,5.17
1990-05-27 02:00:00+00:00,0.0,0.0,0.0,12.02,5.31
1990-05-27 03:00:00+00:00,0.0,0.0,0.0,12.21,5.24
1990-05-27 04:00:00+00:00,0.0,0.0,0.0,12.43,4.83
1990-05-27 05:00:00+00:00,70.0,83.01,57.0,12.77,4.41
1990-05-27 06:00:00+00:00,223.0,384.95,106.0,14.02,3.86
1990-05-27 07:00:00+00:00,195.0,31.1,181.0,14.57,4.28
1990-05-27 08:00:00+00:00,313.0,80.29,266.0,16.18,4.14
1990-05-27 09:00:00+00:00,454.0,174.2,332.0,18.19,4.0
1990-05-27 10:00:00+00:00,614.0,346.81,341.0,19.97,4.07
1990-05-27 11:00:00+00:00,459.0,73.81,397.0,21.41,4.48
1990-05-27 12:00:00+00:00,164.0,0.0,164.0,21.87,3.59
1990-05-27 13:00:00+00:00,458.0,76.94,394.0,22.29,3.86
1990-05-27 14:00:00+00:00,376.0,42.78,343.0,22.42,3.52
1990-05-27 15:00:00+00:00,114.0,0.0,114.0,22.69,3.31
1990-05-27 16:00:00+00:00,58.0,0.0,58.0,22.55,2.76
1990-05-27 17:00:00+00:00,42.0,0.0,42.0,21.52,2.48
1990-05-27 18:00:00+00:00,21.0,0.0,21.0,19.43,2.28
1990-05-27 19:00:00+00:00,51.0,63.5,43.0,18.58,1.86
1990-05-27 20:00:00+00:00,0.0,0.0,0.0,17.54,3.03
1990-05-27 21:00:00+00:00,0.0,0.0,0.0,16.74,2.34
1990-05-27 22:00:00+00:00,0.0,0.0,0.0,15.86,2.48
1990-05-27 23:00:00+00:00,0.0,0.0,0.0,14.95,2.55
1990-05-28 00:00:00+00:00,0.0,0.0,0.0,14.23,2.48
1990-05-28 01:00:00+00:00,0.0,0.0,0.0,13.56,2.41
1990-05-28 02:00:00+00:00,0.0,0.0,0.0,13.03,2.48
1990-05-28 03:00:00+00:00,0.0,0.0,0.0,12.64,2.41
1990-05-28 04:00:00+00:00,0.0,0.0,0.0,12.3,2.28
1990-05-28 05:00:00+00:00,39.0,0.0,39.0,12.45,2.62
1990-05-28 06:00:00+00:00,76.0,0.0,76.0,12.89,2.83
1990-05-28 07:00:00+00:00,125.0,0.0,125.0,13.19,2.62
1990-05-28 08:00:00+00:00,199.0,3.41,197.0,14.15,3.17
1990-05-28 09:00:00+00:00,311.0,25.65,293.0,15.25,3.45
1990-05-28 10:00:00+00:00,445.0,87.5,376.0,16.18,3.45
1990-05-28 11:00:00+00:00,437.0,55.86,390.0,17.56,3.31
1990-05-28 12:00:00+00:00,393.0,26.85,370.0,18.99,3.31
1990-05-28 13:00:00+00:00,682.0,404.37,345.0,20.05,3.31
1990-05-28 14:00:00+00:00,616.0,375.14,326.0,20.89,3.17
1990-05-28 15:00:00+00:00,471.0,228.01,316.0,21.68,3.03
1990-05-28 16:00:00+00:00,292.0,73.22,251.0,21.93,2.69
1990-05-28 17:00:00+00:00,197.0,49.79,176.0,21.85,2.41
1990-05-28 18:00:00+00:00,182.0,280.36,105.0,21.45,2.62
1990-05-28 19:00:00+00:00,72.0,217.81,44.0,20.64,3.38
1990-05-28 20:00:00+00:00,0.0,0.0,0.0,19.05,3.79
1990-05-28 21:00:00+00:00,0.0,0.0,0.0,17.4,3.86
1990-05-28 22:00:00+00:00,0.0,0.0,0.0,15.78,3.86
1990-05-28 23:00:00+00:00,0.0,0.0,0.0,14.51,3.86
1990-05-29 00:00:00+00:00,0.0,0.0,0.0,13.65,3.66
1990-05-29 01:00:00+00:00,0.0,0.0,0.0,13.33,3.03
1990-05-29 02:00:00+00:00,0.0,0.0,0.0,13.14,2.9
1990-05-29 03:00:00+00:00,0.0,0.0,0.0,13.12,4.41
1990-05-29 04:00:00+00:00,0.0,0.0,0.0,13.1,4.62
1990-05-29 05:00:00+00:00,46.0,6.23,45.0,13.14,3.86
1990-05-29 06:00:00+00:00,134.0,42.28,121.0,13.42,6.0
1990-05-29 07:00:00+00:00,71.0,0.0,71.0,13.68,6.0
1990-05-29 08:00:00+00:00,167.0,0.0,167.0,14.22,6.21
1990-05-29 09:00:00+00:00,184.0,0.0,184.0,14.84,6.07
1990-05-29 10:00:00+00:00,258.0,1.27,257.0,15.9,5.86
1990-05-29 11:00:00+00:00,675.0,369.01,364.0,17.42,5.86
1990-05-29 12:00:00+00:00,774.0,569.84,285.0,19.05,5.86
1990-05-29 13:00:00+00:00,684.0,404.83,346.0,19.95,5.93
1990-05-29 14:00:00+00:00,650.0,451.78,300.0,20.21,5.93
1990-05-29 15:00:00+00:00,234.0,2.93,232.0,20.26,5.86
1990-05-29 16:00:00+00:00,160.0,0.0,160.0,19.88,5.66
1990-05-29 17:00:00+00:00,180.0,30.66,167.0,19.3,5.52
1990-05-29 18:00:00+00:00,101.0,18.05,96.0,18.3,5.31
1990-05-29 19:00:00+00:00,29.0,0.0,29.0,16.54,4.69
1990-05-29 20:00:00+00:00,0.0,0.0,0.0,15.7,4.69
1990-05-29 21:00:00+00:00,0.0,0.0,0.0,15.12,4.28
1990-05-29 22:00:00+00:00,0.0,0.0,0.0,14.61,3.86
1990-05-29 23:00:00+00:00,0.0,0.0,0.0,14.12,3.72
1990-05-30 00:00:00+00:00,0.0,0.0,0.0,13.65,3.72
1990-05-30 01:00:00+00:00,0.0,0.0,0.0,13.3,3.31
1990-05-30 02:00:00+00:00,0.0,0.0,0.0,12.95,2.76
1990-05-30 03:00:00+00:00,0.0,0.0,0.0,12.63,3.17
1990-05-30 04:00:00+00:00,0.0,0.0,0.0,12.36,2.9
1990-05-30 05:00:00+00:00,23.0,0.0,23.0,12.37,2.69
1990-05-30 06:00:00+00:00,22.0,0.0,22.0,12.45,2.69
1990-05-30 07:00:00+00:00,54.0,0.0,54.0,13.07,2.83
1990-05-30 08:00:00+00:00,79.0,0.0,79.0,13.31,2.83
1990-05-30 09:00:00+00:00,104.0,0.0,104.0,13.47,1.93
1990-05-30 10:00:00+00:00,70.0,0.0,70.0,13.76,1.66
1990-05-30 11:00:00+00:00,162.0,0.0,162.0,14.06,1.03
1990-05-30 12:00:00+00:00,168.0,0.0,168.0,14.5,1.45
1990-05-30 13:00:00+00:00,102.0,0.0,102.0,14.67,1.59
1990-05-30 14:00:00+00:00,146.0,0.0,146.0,14.71,1.59
1990-05-30 15:00:00+00:00,128.0,0.0,128.0,15.39,1.45
1990-05-30 16:00:00+00:00,160.0,0.0,160.0,15.71,1.24
1990-05-30 17:00:00+00:00,97.0,0.0,97.0,16.16,1.38
1990-05-30 18:00:00+00:00,62.0,0.0,62.0,16.03,1.31
1990-05-30 19:00:00+00:00,21.0,0.0,21.0,15.44,0.97
1990-05-30 20:00:00+00:00,0.0,0.0,0.0,15.18,1.03
1990-05-30 21:00:00+00:00,0.0,0.0,0.0,14.95,1.1
1990-05-30 22:00:00+00:00,0.0,0.0,0.0,14.73,1.24
1990-05-30 23:00:00+00:00,0.0,0.0,0.0,14.55,1.31
1990-05-31 00:00:00+00:00,0.0,0.0,0.0,14.38,1.31
1990-05-31 01:00:00+00:00,0.0,0.0,0.0,14.2,1.38
1990-05-31 02:00:00+00:00,0.0,0.0,0.0,14.23,1.45
1990-05-31 03:00:00+00:00,0.0,0.0,0.0,14.12,1.45
1990-05-31 04:00:00+00:00,1.0,0.0,1.0,14.04,1.52
1990-05-31 05:00:00+00:00,27.0,0.0,27.0,14.3,1.38
1990-05-31 06:00:00+00:00,55.0,0.0,55.0,15.07,2.28
1990-05-31 07:00:00+00:00,151.0,4.38,149.0,15.28,2.34
1990-05-31 08:00:00+00:00,212.0,6.77,208.0,16.54,1.79
1990-05-31 09:00:00+00:00,421.0,120.45,336.0,18.35,1.59
1990-05-31 10:00:00+00:00,475.0,116.1,383.0,19.85,1.52
1990-05-31 11:00:00+00:00,521.0,127.76,413.0,20.61,1.45
1990-05-31 12:00:00+00:00,456.0,61.57,403.0,21.42,1.38
1990-05-31 13:00:00+00:00,546.0,163.52,409.0,22.09,1.86
1990-05-31 14:00:00+00:00,547.0,232.69,366.0,21.38,2.55
1990-05-31 15:00:00+00:00,423.0,141.58,326.0,19.37,3.31
1990-05-31 16:00:00+00:00,463.0,461.27,202.0,20.24,1.75
1990-05-31 17:00:00+00:00,187.0,35.03,172.0,19.16,1.82
1990-05-31 18:00:00+00:00,59.0,0.0,59.0,18.08,1.88
1990-05-31 19:00:00+00:00,7.0,0.0,7.0,17.0,1.95
1990-05-31 20:00:00+00:00,0.0,0.0,0.0,15.92,2.01
1990-05-31 21:00:00+00:00,0.0,0.0,0.0,14.84,2.08
1990-05-31 22:00:00+00:00,0.0,0.0,0.0,13.76,2.15
1990-05-31 23:00:00+00:00,0.0,0.0,0.0,12.68,2.21
1990-06-01 00:00:00+00:00,0.0,0.0,0.0,11.6,2.28
1990-06-01 01:00:00+00:00,0.0,0.0,0.0,10.52,2.34
1990-06-01 02:00:00+00:00,0.0,0.0,0.0,9.44,2.41
1990-06-01 03:00:00+00:00,0.0,0.0,0.0,8.36,2.48
1990-06-01 04:00:00+00:00,1.0,0.0,1.0,7.28,2.54
1990-06-01 05:00:00+00:00,10.0,0.0,10.0,6.2,2.61
1990-06-01 06:00:00+00:00,147.0,60.9,128.0,5.12,2.67
1990-06-01 07:00:00+00:00,100.0,0.0,100.0,4.04,2.74
1990-06-01 08:00:00+00:00,106.0,0.0,106.0,9.78,3.03
1990-06-01 09:00:00+00:00,191.0,0.0,191.0,11.0,3.38
1990-06-01 10:00:00+00:00,219.0,0.0,219.0,12.32,4.34
1990-06-01 11:00:00+00:00,724.0,457.19,337.0,14.43,5.38
1990-06-01 12:00:00+00:00,629.0,248.25,415.0,15.77,5.45
1990-06-01 13:00:00+00:00,486.0,91.76,409.0,16.25,5.1
1990-06-01 14:00:00+00:00,661.0,452.93,308.0,16.39,4.76
1990-06-01 15:00:00+00:00,555.0,394.6,284.0,16.27,4.69
1990-06-01 16:00:00+00:00,308.0,82.8,261.0,15.93,4.9
1990-06-01 17:00:00+00:00,304.0,281.28,183.0,15.11,4.69
1990-06-01 18:00:00+00:00,143.0,88.13,118.0,14.05,4.41
1990-06-01 19:00:00+00:00,43.0,14.48,41.0,13.47,3.79
1990-06-01 20:00:00+00:00,0.0,0.0,0.0,12.03,3.38
1990-06-01 21:00:00+00:00,0.0,0.0,0.0,10.79,3.17
1990-06-01 22:00:00+00:00,0.0,0.0,0.0,9.83,2.97
1990-06-01 23:00:00+00:00,0.0,0.0,0.0,9.15,2.9
1990-06-02 00:00:00+00:00,0.0,0.0,0.0,8.56,2.9
1990-06-02 01:00:00+00:00,0.0,0.0,0.0,8.13,2.76
1990-06-02 02:00:00+00:00,0.0,0.0,0.0,7.7,2.69
1990-06-02 03:00:00+00:00,0.0,0.0,0.0,7.31,2.69
1990-06-02 04:00:00+00:00,7.0,0.0,7.0,7.02,2.62
1990-06-02 05:00:00+00:00,119.0,395.37,53.0,7.3,2.55
1990-06-02 06:00:00+00:00,269.0,590.49,84.0,8.67,2.48
1990-06-02 07:00:00+00:00,404.0,584.23,136.0,10.59,3.31
1990-06-02 08:00:00+00:00,483.0,409.57,240.0,11.85,3.38
1990-06-02 09:00:00+00:00,488.0,203.43,344.0,13.03,3.31
1990-06-02 10:00:00+00:00,499.0,130.89,395.0,14.15,3.03
1990-06-02 11:00:00+00:00,813.0,666.6,248.0,15.18,2.9
1990-06-02 12:00:00+00:00,886.0,841.04,160.0,16.1,2.83
1990-06-02 13:00:00+00:00,868.0,859.07,146.0,16.71,2.83
1990-06-02 14:00:00+00:00,805.0,860.65,133.0,17.38,3.03
1990-06-02 15:00:00+00:00,701.0,845.47,119.0,17.78,3.17
1990-06-02 16:00:00+00:00,553.0,765.67,117.0,17.84,3.31
1990-06-02 17:00:00+00:00,403.0,708.16,97.0,17.43,3.52
1990-06-02 18:00:00+00:00,240.0,570.45,77.0,16.55,3.24
1990-06-02 19:00:00+00:00,93.0,342.1,45.0,15.72,2.83
1990-06-02 20:00:00+00:00,0.0,0.0,0.0,13.83,2.83
1990-06-02 21:00:00+00:00,0.0,0.0,0.0,12.17,2.83
1990-06-02 22:00:00+00:00,0.0,0.0,0.0,10.92,2.83
1990-06-02 23:00:00+00:00,0.0,0.0,0.0,10.01,2.83
1990-06-03 00:00:00+00:00,0.0,0.0,0.0,9.35,2.83
1990-06-03 01:00:00+00:00,0.0,0.0,0.0,8.81,2.83
1990-06-03 02:00:00+00:00,0.0,0.0,0.0,8.46,2.83
1990-06-03 03:00:00+00:00,0.0,0.0,0.0,8.16,2.83
1990-06-03 04:00:00+00:00,7.0,0.0,7.0,7.91,2.83
1990-06-03 05:00:00+00:00,125.0,439.71,51.0,8.3,2.76
1990-06-03 06:00:00+00:00,279.0,635.9,79.0,9.79,2.48
1990-06-03 07:00:00+00:00,439.0,735.06,101.0,12.13,2.9
1990-06-03 08:00:00+00:00,587.0,780.72,123.0,13.91,3.24
1990-06-03 09:00:00+00:00,722.0,832.35,132.0,15.43,3.52
1990-06-03 10:00:00+00:00,818.0,842.16,148.0,16.65,3.66
1990-06-03 11:00:00+00:00,886.0,872.01,146.0,17.63,3.72
1990-06-03 12:00:00+00:00,885.0,819.13,177.0,18.4,3.72
1990-06-03 13:00:00+00:00,868.0,843.55,158.0,18.92,3.72
1990-06-03 14:00:00+00:00,809.0,859.13,137.0,19.24,3.86
1990-06-03 15:00:00+00:00,683.0,772.56,150.0,19.24,4.0
1990-06-03 16:00:00+00:00,540.0,693.34,144.0,18.9,3.93
1990-06-03 17:00:00+00:00,348.0,426.29,163.0,18.23,3.59
1990-06-03 18:00:00+00:00,250.0,618.59,72.0,17.26,2.9
1990-06-03 19:00:00+00:00,97.0,365.07,45.0,16.39,2.55
1990-06-03 20:00:00+00:00,0.0,0.0,0.0,14.38,2.48
1990-06-03 21:00:00+00:00,0.0,0.0,0.0,12.58,2.48
1990-06-03 22:00:00+00:00,0.0,0.0,0.0,11.17,2.55
1990-06-03 23:00:00+00:00,0.0,0.0,0.0,10.1,2.28
1990-06-04 00:00:00+00:00,0.0,0.0,0.0,9.27,2.0
1990-06-04 01:00:00+00:00,0.0,0.0,0.0,8.51,1.79
1990-06-04 02:00:00+00:00,0.0,0.0,0.0,7.94,1.79
1990-06-04 03:00:00+00:00,0.0,0.0,0.0,7.5,1.79
1990-06-04 04:00:00+00:00,4.0,0.0,4.0,7.04,1.66
1990-06-04 05:00:00+00:00,35.0,0.0,35.0,7.36,1.38
1990-06-04 06:00:00+00:00,203.0,218.61,134.0,9.65,0.97
1990-06-04 07:00:00+00:00,194.0,23.87,183.0,11.86,1.45
1990-06-04 08:00:00+00:00,448.0,312.47,262.0,13.8,1.66
1990-06-04 09:00:00+00:00,622.0,517.09,255.0,15.56,1.79
1990-06-04 10:00:00+00:00,763.0,686.77,216.0,17.37,1.86
1990-06-04 11:00:00+00:00,464.0,67.09,407.0,18.79,1.93
1990-06-04 12:00:00+00:00,350.0,10.4,341.0,19.82,2.0
1990-06-04 13:00:00+00:00,765.0,560.0,293.0,20.68,2.28
1990-06-04 14:00:00+00:00,467.0,105.93,384.0,21.04,2.9
1990-06-04 15:00:00+00:00,516.0,289.27,316.0,20.16,3.17
1990-06-04 16:00:00+00:00,179.0,1.75,178.0,19.41,2.28
1990-06-04 17:00:00+00:00,186.0,27.54,174.0,19.14,1.52
1990-06-04 18:00:00+00:00,80.0,0.0,80.0,18.8,1.79
1990-06-04 19:00:00+00:00,35.0,0.0,35.0,17.16,3.38
1990-06-04 20:00:00+00:00,0.0,0.0,0.0,15.45,3.59
1990-06-04 21:00:00+00:00,0.0,0.0,0.0,13.86,3.38
1990-06-04 22:00:00+00:00,0.0,0.0,0.0,12.47,3.17
1990-06-04 23:00:00+00:00,0.0,0.0,0.0,11.49,2.97
1990-06-05 00:00:00+00:00,0.0,0.0,0.0,10.79,2.97
1990-06-05 01:00:00+00:00,0.0,0.0,0.0,10.32,2.9
1990-06-05 02:00:00+00:00,0.0,0.0,0.0,9.99,2.76
1990-06-05 03:00:00+00:00,0.0,0.0,0.0,9.8,2.62
1990-06-05 04:00:00+00:00,8.0,0.0,8.0,9.85,2.62
1990-06-05 05:00:00+00:00,119.0,369.07,56.0,10.14,2.62
1990-06-05 06:00:00+00:00,211.0,246.32,133.0,10.96,2.97
1990-06-05 07:00:00+00:00,423.0,675.68,111.0,11.87,2.97
1990-06-05 08:00:00+00:00,568.0,728.05,134.0,12.92,2.97
1990-06-05 09:00:00+00:00,692.0,748.69,160.0,14.13,3.1
1990-06-05 10:00:00+00:00,774.0,719.9,200.0,15.21,3.31
1990-06-05 11:00:00+00:00,818.0,686.67,234.0,16.06,3.38
1990-06-05 12:00:00+00:00,877.0,816.03,170.0,17.05,3.45
1990-06-05 13:00:00+00:00,850.0,809.26,167.0,17.25,3.17
1990-06-05 14:00:00+00:00,772.0,758.17,177.0,17.22,3.03
1990-06-05 15:00:00+00:00,655.0,684.15,181.0,16.8,2.9
1990-06-05 16:00:00+00:00,316.0,87.05,266.0,16.68,2.69
1990-06-05 17:00:00+00:00,283.0,196.56,197.0,16.38,2.76
1990-06-05 18:00:00+00:00,176.0,178.35,124.0,15.89,2.62
1990-06-05 19:00:00+00:00,50.0,20.48,47.0,15.48,2.21
1990-06-05 20:00:00+00:00,0.0,0.0,0.0,14.25,2.21
1990-06-05 21:00:00+00:00,0.0,0.0,0.0,13.1,2.34
1990-06-05 22:00:00+00:00,0.0,0.0,0.0,11.83,2.28
1990-06-05 23:00:00+00:00,0.0,0.0,0.0,10.88,2.0
1990-06-06 00:00:00+00:00,0.0,0.0,0.0,10.03,1.79
1990-06-06 01:00:00+00:00,0.0,0.0,0.0,9.47,1.72
1990-06-06 02:00:00+00:00,0.0,0.0,0.0,9.05,1.59
1990-06-06 03:00:00+00:00,0.0,0.0,0.0,8.62,1.45
1990-06-06 04:00:00+00:00,8.0,0.0,8.0,8.48,1.31
1990-06-06 05:00:00+00:00,29.0,0.0,29.0,8.8,1.24
1990-06-06 06:00:00+00:00,152.0,62.98,132.0,9.79,1.31
1990-06-06 07:00:00+00:00,407.0,600.97,129.0,11.04,1.52
1990-06-06 08:00:00+00:00,524.0,554.54,193.0,12.16,1.52
1990-06-06 09:00:00+00:00,601.0,459.71,274.0,13.87,1.45
1990-06-06 10:00:00+00:00,684.0,468.61,310.0,15.31,1.38
1990-06-06 11:00:00+00:00,778.0,580.28,284.0,16.77,1.45
1990-06-06 12:00:00+00:00,399.0,25.37,377.0,17.94,1.52
1990-06-06 13:00:00+00:00,273.0,1.18,272.0,18.82,1.17
1990-06-06 14:00:00+00:00,622.0,349.88,347.0,18.96,1.1
1990-06-06 15:00:00+00:00,413.0,113.8,334.0,19.12,1.24
1990-06-06 16:00:00+00:00,310.0,79.87,264.0,18.9,1.31
1990-06-06 17:00:00+00:00,313.0,291.45,185.0,18.93,1.38
1990-06-06 18:00:00+00:00,205.0,313.61,113.0,18.77,1.52
1990-06-06 19:00:00+00:00,77.0,141.56,56.0,18.26,1.72
1990-06-06 20:00:00+00:00,0.0,0.0,0.0,16.82,2.21
1990-06-06 21:00:00+00:00,0.0,0.0,0.0,15.57,2.34
1990-06-06 22:00:00+00:00,0.0,0.0,0.0,14.71,2.07
1990-06-06 23:00:00+00:00,0.0,0.0,0.0,14.01,1.86
1990-06-07 00:00:00+00:00,0.0,0.0,0.0,13.15,1.79
1990-06-07 01:00:00+00:00,0.0,0.0,0.0,12.69,1.86
1990-06-07 02:00:00+00:00,0.0,0.0,0.0,12.27,1.86
1990-06-07 03:00:00+00:00,0.0,0.0,0.0,11.55,1.93
1990-06-07 04:00:00+00:00,9.0,0.0,9.0,10.85,2.07
1990-06-07 05:00:00+00:00,96.0,167.92,67.0,10.98,1.79
1990-06-07 06:00:00+00:00,255.0,489.93,99.0,13.02,1.52
1990-06-07 07:00:00+00:00,375.0,448.93,167.0,15.15,2.0
1990-06-07 08:00:00+00:00,467.0,364.81,249.0,16.82,1.86
1990-06-07 09:00:00+00:00,704.0,793.54,139.0,18.51,1.72
1990-06-07 10:00:00+00:00,810.0,838.75,140.0,19.74,1.59
1990-06-07 11:00:00+00:00,791.0,616.13,266.0,20.9,1.45
1990-06-07 12:00:00+00:00,675.0,317.9,399.0,21.54,1.24
1990-06-07 13:00:00+00:00,418.0,40.19,384.0,22.02,1.24
1990-06-07 14:00:00+00:00,356.0,25.41,336.0,22.16,1.45
1990-06-07 15:00:00+00:00,224.0,1.44,223.0,22.45,1.72
1990-06-07 16:00:00+00:00,436.0,325.62,248.0,22.14,1.93
1990-06-07 17:00:00+00:00,257.0,129.31,200.0,21.77,2.07
1990-06-07 18:00:00+00:00,137.0,61.0,119.0,21.02,2.07
1990-06-07 19:00:00+00:00,90.0,239.75,54.0,20.17,2.14
1990-06-07 20:00:00+00:00,0.0,0.0,0.0,18.74,2.41
1990-06-07 21:00:00+00:00,0.0,0.0,0.0,17.2,2.48
1990-06-07 22:00:00+00:00,0.0,0.0,0.0,16.1,2.21
1990-06-07 23:00:00+00:00,0.0,0.0,0.0,14.88,1.86
1990-06-08 00:00:00+00:00,0.0,0.0,0.0,13.87,1.72
1990-06-08 01:00:00+00:00,0.0,0.0,0.0,13.16,1.66
1990-06-08 02:00:00+00:00,0.0,0.0,0.0,12.39,1.86
1990-06-08 03:00:00+00:00,0.0,0.0,0.0,11.71,1.86
1990-06-08 04:00:00+00:00,5.0,0.0,5.0,11.08,1.66
1990-06-08 05:00:00+00:00,106.0,236.25,65.0,11.09,1.31
1990-06-08 06:00:00+00:00,254.0,479.41,101.0,12.49,1.1
1990-06-08 07:00:00+00:00,421.0,665.98,112.0,14.21,1.59
1990-06-08 08:00:00+00:00,572.0,742.25,128.0,16.05,1.59
1990-06-08 09:00:00+00:00,703.0,792.87,138.0,18.01,1.59
1990-06-08 10:00:00+00:00,801.0,814.31,150.0,19.69,1.38
1990-06-08 11:00:00+00:00,873.0,856.01,143.0,20.94,0.97
1990-06-08 12:00:00+00:00,892.0,860.75,144.0,21.88,0.76
1990-06-08 13:00:00+00:00,866.0,853.61,143.0,22.49,0.97
1990-06-08 14:00:00+00:00,791.0,820.82,144.0,22.88,1.03
1990-06-08 15:00:00+00:00,687.0,795.12,133.0,23.02,1.03
1990-06-08 16:00:00+00:00,533.0,666.94,147.0,23.03,1.17
1990-06-08 17:00:00+00:00,387.0,605.9,119.0,22.78,1.31
1990-06-08 18:00:00+00:00,233.0,475.19,92.0,22.44,1.24
1990-06-08 19:00:00+00:00,83.0,171.18,57.0,21.84,1.24
1990-06-08 20:00:00+00:00,0.0,0.0,0.0,20.4,2.0
1990-06-08 21:00:00+00:00,0.0,0.0,0.0,18.84,2.41
1990-06-08 22:00:00+00:00,0.0,0.0,0.0,17.88,2.62
1990-06-08 23:00:00+00:00,0.0,0.0,0.0,17.22,2.48
1990-06-09 00:00:00+00:00,0.0,0.0,0.0,16.48,2.41
1990-06-09 01:00:00+00:00,0.0,0.0,0.0,16.02,2.34
1990-06-09 02:00:00+00:00,0.0,0.0,0.0,15.18,2.28
1990-06-09 03:00:00+00:00,0.0,0.0,0.0,14.44,2.21
1990-06-09 04:00:00+00:00,4.0,0.0,4.0,13.8,2.21
1990-06-09 05:00:00+00:00,80.0,74.59,67.0,13.58,2.21
1990-06-09 06:00:00+00:00,250.0,437.8,110.0,14.62,2.14
1990-06-09 07:00:00+00:00,412.0,607.05,130.0,16.36,2.48
1990-06-09 08:00:00+00:00,571.0,728.23,135.0,17.86,2.9
1990-06-09 09:00:00+00:00,713.0,813.31,133.0,19.37,3.31
1990-06-09 10:00:00+00:00,821.0,857.48,135.0,20.61,3.93
1990-06-09 11:00:00+00:00,885.0,876.45,137.0,21.45,4.41
1990-06-09 12:00:00+00:00,895.0,857.7,149.0,22.02,4.55
1990-06-09 13:00:00+00:00,868.0,850.36,147.0,22.46,4.62
1990-06-09 14:00:00+00:00,790.0,804.54,155.0,22.81,4.69
1990-06-09 15:00:00+00:00,690.0,793.77,136.0,22.92,4.76
1990-06-09 16:00:00+00:00,542.0,689.54,142.0,22.79,4.76
1990-06-09 17:00:00+00:00,390.0,603.9,122.0,22.4,4.62
1990-06-09 18:00:00+00:00,237.0,486.1,92.0,21.6,4.34
1990-06-09 19:00:00+00:00,88.0,201.92,57.0,20.32,4.21
1990-06-09 20:00:00+00:00,0.0,0.0,0.0,18.71,4.28
1990-06-09 21:00:00+00:00,0.0,0.0,0.0,17.38,4.21
1990-06-09 22:00:00+00:00,0.0,0.0,0.0,16.3,4.07
1990-06-09 23:00:00+00:00,0.0,0.0,0.0,15.44,3.93
1990-06-10 00:00:00+00:00,0.0,0.0,0.0,14.75,3.86
1990-06-10 01:00:00+00:00,0.0,0.0,0.0,14.35,3.86
1990-06-10 02:00:00+00:00,0.0,0.0,0.0,13.94,3.72
1990-06-10 03:00:00+00:00,0.0,0.0,0.0,13.59,3.72
1990-06-10 04:00:00+00:00,10.0,0.0,10.0,13.32,3.72
1990-06-10 05:00:00+00:00,121.0,354.42,59.0,13.67,3.72
1990-06-10 06:00:00+00:00,275.0,586.9,87.0,15.0,3.45
1990-06-10 07:00:00+00:00,437.0,716.1,104.0,17.13,4.07
1990-06-10 08:00:00+00:00,583.0,761.07,127.0,18.98,4.69
1990-06-10 09:00:00+00:00,720.0,822.6,133.0,20.6,5.1
1990-06-10 10:00:00+00:00,828.0,868.19,133.0,22.0,5.59
1990-06-10 11:00:00+00:00,893.0,886.39,136.0,23.1,6.07
1990-06-10 12:00:00+00:00,908.0,879.99,142.0,23.91,6.41
1990-06-10 13:00:00+00:00,886.0,883.69,136.0,24.51,6.41
1990-06-10 14:00:00+00:00,815.0,863.02,133.0,24.88,6.21
1990-06-10 15:00:00+00:00,713.0,848.28,120.0,25.07,6.0
1990-06-10 16:00:00+00:00,570.0,780.92,116.0,24.97,5.72
1990-06-10 17:00:00+00:00,409.0,680.63,106.0,24.56,5.03
1990-06-10 18:00:00+00:00,253.0,570.42,82.0,23.84,4.55
1990-06-10 19:00:00+00:00,75.0,103.17,59.0,22.34,4.14
1990-06-10 20:00:00+00:00,0.0,0.0,0.0,20.85,3.38
1990-06-10 21:00:00+00:00,0.0,0.0,0.0,19.41,2.83
1990-06-10 22:00:00+00:00,0.0,0.0,0.0,18.39,2.62
1990-06-10 23:00:00+00:00,0.0,0.0,0.0,17.6,2.41
1990-06-11 00:00:00+00:00,0.0,0.0,0.0,17.02,2.14
1990-06-11 01:00:00+00:00,0.0,0.0,0.0,16.37,1.86
1990-06-11 02:00:00+00:00,0.0,0.0,0.0,15.87,1.72
1990-06-11 03:00:00+00:00,0.0,0.0,0.0,15.37,1.72
1990-06-11 04:00:00+00:00,9.0,0.0,9.0,15.12,1.86
1990-06-11 05:00:00+00:00,87.0,108.28,68.0,15.33,1.72
1990-06-11 06:00:00+00:00,198.0,196.4,135.0,15.97,1.45
1990-06-11 07:00:00+00:00,407.0,620.96,118.0,18.68,2.14
1990-06-11 08:00:00+00:00,556.0,707.23,132.0,19.69,2.48
1990-06-11 09:00:00+00:00,553.0,351.56,302.0,20.71,2.83
1990-06-11 10:00:00+00:00,798.0,824.02,138.0,21.2,3.24
1990-06-11 11:00:00+00:00,824.0,737.23,194.0,21.98,3.72
1990-06-11 12:00:00+00:00,871.0,826.54,151.0,22.55,4.62
1990-06-11 13:00:00+00:00,841.0,807.55,155.0,22.72,4.83
1990-06-11 14:00:00+00:00,688.0,524.54,273.0,23.12,4.69
1990-06-11 15:00:00+00:00,646.0,669.88,177.0,22.79,4.62
1990-06-11 16:00:00+00:00,539.0,705.5,128.0,22.31,4.0
1990-06-11 17:00:00+00:00,377.0,559.91,127.0,21.53,3.24
1990-06-11 18:00:00+00:00,142.0,66.4,122.0,21.19,2.83
1990-06-11 19:00:00+00:00,35.0,0.0,35.0,21.66,2.07
1990-06-11 20:00:00+00:00,0.0,0.0,0.0,20.49,1.93
1990-06-11 21:00:00+00:00,0.0,0.0,0.0,19.07,1.93
1990-06-11 22:00:00+00:00,0.0,0.0,0.0,17.96,1.79
1990-06-11 23:00:00+00:00,0.0,0.0,0.0,17.19,1.72
1990-06-12 00:00:00+00:00,0.0,0.0,0.0,16.62,1.72
1990-06-12 01:00:00+00:00,0.0,0.0,0.0,16.18,1.79
1990-06-12 02:00:00+00:00,0.0,0.0,0.0,15.92,1.93
1990-06-12 03:00:00+00:00,0.0,0.0,0.0,15.68,2.28
1990-06-12 04:00:00+00:00,1.0,0.0,1.0,15.8,2.41
1990-06-12 05:00:00+00:00,11.0,0.0,11.0,16.28,2.41
1990-06-12 06:00:00+00:00,28.0,0.0,28.0,17.38,2.07
1990-06-12 07:00:00+00:00,83.0,0.0,83.0,17.9,2.14
1990-06-12 08:00:00+00:00,522.0,571.85,179.0,19.3,2.14
1990-06-12 09:00:00+00:00,632.0,578.21,219.0,21.28,2.9
1990-06-12 10:00:00+00:00,672.0,460.49,303.0,22.89,3.38
1990-06-12 11:00:00+00:00,720.0,460.81,326.0,24.51,4.34
1990-06-12 12:00:00+00:00,795.0,610.32,263.0,24.68,4.34
1990-06-12 13:00:00+00:00,255.0,0.0,255.0,21.94,4.83
1990-06-12 14:00:00+00:00,366.0,31.56,341.0,21.56,3.17
1990-06-12 15:00:00+00:00,159.0,0.0,159.0,22.69,3.45
1990-06-12 16:00:00+00:00,351.0,140.48,269.0,23.26,4.14
1990-06-12 17:00:00+00:00,172.0,15.63,165.0,22.82,3.86
1990-06-12 18:00:00+00:00,71.0,0.0,71.0,22.11,3.38
1990-06-12 19:00:00+00:00,31.0,0.0,31.0,20.94,2.62
1990-06-12 20:00:00+00:00,0.0,0.0,0.0,19.41,2.21
1990-06-12 21:00:00+00:00,0.0,0.0,0.0,17.88,2.34
1990-06-12 22:00:00+00:00,0.0,0.0,0.0,16.61,2.48
1990-06-12 23:00:00+00:00,0.0,0.0,0.0,15.39,2.48
1990-06-13 00:00:00+00:00,0.0,0.0,0.0,14.3,2.34
1990-06-13 01:00:00+00:00,0.0,0.0,0.0,13.38,2.14
1990-06-13 02:00:00+00:00,0.0,0.0,0.0,12.66,2.0
1990-06-13 03:00:00+00:00,0.0,0.0,0.0,12.07,1.79
1990-06-13 04:00:00+00:00,1.0,0.0,1.0,11.47,1.66
1990-06-13 05:00:00+00:00,44.0,0.0,44.0,11.48,1.24
1990-06-13 06:00:00+00:00,142.0,43.56,128.0,13.03,1.31
1990-06-13 07:00:00+00:00,218.0,47.22,196.0,14.12,1.79
1990-06-13 08:00:00+00:00,454.0,333.32,254.0,15.45,1.72
1990-06-13 09:00:00+00:00,429.0,121.76,342.0,16.62,1.45
1990-06-13 10:00:00+00:00,694.0,501.48,292.0,17.72,1.03
1990-06-13 11:00:00+00:00,307.0,3.51,304.0,18.65,1.03
1990-06-13 12:00:00+00:00,121.0,0.0,121.0,19.56,1.38
1990-06-13 13:00:00+00:00,198.0,0.0,198.0,19.62,1.72
1990-06-13 14:00:00+00:00,131.0,0.0,131.0,18.94,1.86
1990-06-13 15:00:00+00:00,114.0,0.0,114.0,17.62,1.93
1990-06-13 16:00:00+00:00,77.0,0.0,77.0,16.61,2.21
1990-06-13 17:00:00+00:00,131.0,0.0,131.0,16.03,2.28
1990-06-13 18:00:00+00:00,190.0,210.68,126.0,15.65,1.93
1990-06-13 19:00:00+00:00,81.0,131.87,60.0,15.8,2.48
1990-06-13 20:00:00+00:00,0.0,0.0,0.0,14.86,2.69
1990-06-13 21:00:00+00:00,0.0,0.0,0.0,13.63,2.9
1990-06-13 22:00:00+00:00,0.0,0.0,0.0,12.76,2.9
1990-06-13 23:00:00+00:00,0.0,0.0,0.0,12.13,2.76
1990-06-14 00:00:00+00:00,0.0,0.0,0.0,11.63,2.69
1990-06-14 01:00:00+00:00,0.0,0.0,0.0,11.25,2.83
1990-06-14 02:00:00+00:00,0.0,0.0,0.0,10.8,2.9
1990-06-14 03:00:00+00:00,0.0,0.0,0.0,10.91,2.97
1990-06-14 04:00:00+00:00,17.0,122.67,12.0,10.99,2.83
1990-06-14 05:00:00+00:00,56.0,11.33,54.0,11.12,2.41
1990-06-14 06:00:00+00:00,60.0,0.0,60.0,11.67,2.48
1990-06-14 07:00:00+00:00,91.0,0.0,91.0,12.43,2.55
1990-06-14 08:00:00+00:00,126.0,0.0,126.0,13.12,2.62
1990-06-14 09:00:00+00:00,140.0,0.0,140.0,13.86,2.76
1990-06-14 10:00:00+00:00,234.0,0.0,234.0,14.59,3.1
1990-06-14 11:00:00+00:00,147.0,0.0,147.0,14.95,3.03
1990-06-14 12:00:00+00:00,153.0,0.0,153.0,15.63,3.1
1990-06-14 13:00:00+00:00,144.0,0.0,144.0,16.07,3.24
1990-06-14 14:00:00+00:00,128.0,0.0,128.0,16.27,3.24
1990-06-14 15:00:00+00:00,237.0,2.85,235.0,16.2,2.69
1990-06-14 16:00:00+00:00,182.0,1.71,181.0,16.45,3.1
1990-06-14 17:00:00+00:00,158.0,6.67,155.0,16.48,3.03
1990-06-14 18:00:00+00:00,112.0,16.4,107.0,16.23,2.97
1990-06-14 19:00:00+00:00,14.0,0.0,14.0,14.7,2.48
1990-06-14 20:00:00+00:00,1.0,0.0,1.0,14.24,2.48
1990-06-14 21:00:00+00:00,0.0,0.0,0.0,13.66,2.55
1990-06-14 22:00:00+00:00,0.0,0.0,0.0,12.99,2.55
1990-06-14 23:00:00+00:00,0.0,0.0,0.0,12.28,2.48
1990-06-15 00:00:00+00:00,0.0,0.0,0.0,11.53,2.14
1990-06-15 01:00:00+00:00,0.0,0.0,0.0,10.75,1.93
1990-06-15 02:00:00+00:00,0.0,0.0,0.0,10.1,1.86
1990-06-15 03:00:00+00:00,0.0,0.0,0.0,9.27,1.72
1990-06-15 04:00:00+00:00,11.0,24.39,10.0,9.03,1.52
1990-06-15 05:00:00+00:00,28.0,0.0,28.0,9.43,1.31
1990-06-15 06:00:00+00:00,124.0,18.65,118.0,10.45,2.0
1990-06-15 07:00:00+00:00,426.0,675.8,111.0,11.43,1.79
1990-06-15 08:00:00+00:00,502.0,461.51,225.0,12.25,1.52
1990-06-15 09:00:00+00:00,569.0,366.55,307.0,13.22,1.24
1990-06-15 10:00:00+00:00,554.0,201.99,392.0,14.69,0.9
1990-06-15 11:00:00+00:00,416.0,36.21,385.0,15.94,0.62
1990-06-15 12:00:00+00:00,658.0,279.48,414.0,16.99,1.24
1990-06-15 13:00:00+00:00,391.0,25.82,369.0,17.39,1.59
1990-06-15 14:00:00+00:00,576.0,248.04,379.0,17.61,1.66
1990-06-15 15:00:00+00:00,507.0,251.51,330.0,17.81,1.86
1990-06-15 16:00:00+00:00,309.0,69.88,268.0,17.84,1.59
1990-06-15 17:00:00+00:00,210.0,44.34,190.0,17.79,1.31
1990-06-15 18:00:00+00:00,133.0,42.48,120.0,17.67,1.1
1990-06-15 19:00:00+00:00,10.0,0.0,10.0,17.53,1.1
1990-06-15 20:00:00+00:00,2.0,0.0,2.0,16.61,1.24
1990-06-15 21:00:00+00:00,0.0,0.0,0.0,14.95,1.38
1990-06-15 22:00:00+00:00,0.0,0.0,0.0,14.12,1.59
1990-06-15 23:00:00+00:00,0.0,0.0,0.0,13.29,1.79
1990-06-16 00:00:00+00:00,0.0,0.0,0.0,12.52,2.14
1990-06-16 01:00:00+00:00,0.0,0.0,0.0,11.98,2.14
1990-06-16 02:00:00+00:00,0.0,0.0,0.0,11.2,2.21
1990-06-16 03:00:00+00:00,0.0,0.0,0.0,10.54,2.21
1990-06-16 04:00:00+00:00,14.0,72.92,11.0,9.93,2.0
1990-06-16 05:00:00+00:00,122.0,356.54,59.0,9.89,1.52
1990-06-16 06:00:00+00:00,256.0,485.02,100.0,11.85,1.31
1990-06-16 07:00:00+00:00,427.0,688.72,106.0,13.41,1.59
1990-06-16 08:00:00+00:00,472.0,379.88,244.0,15.01,1.66
1990-06-16 09:00:00+00:00,701.0,786.23,139.0,16.51,1.79
1990-06-16 10:00:00+00:00,768.0,708.11,200.0,17.7,2.0
1990-06-16 11:00:00+00:00,838.0,753.3,193.0,18.87,2.14
1990-06-16 12:00:00+00:00,831.0,678.96,238.0,19.77,2.28
1990-06-16 13:00:00+00:00,857.0,824.68,154.0,20.29,2.55
1990-06-16 14:00:00+00:00,702.0,537.21,275.0,20.85,2.76
1990-06-16 15:00:00+00:00,398.0,92.26,333.0,20.88,2.55
1990-06-16 16:00:00+00:00,179.0,1.7,178.0,20.81,2.55
1990-06-16 17:00:00+00:00,85.0,0.0,85.0,20.51,2.55
1990-06-16 18:00:00+00:00,172.0,133.53,131.0,19.91,2.34
1990-06-16 19:00:00+00:00,99.0,245.98,59.0,19.72,2.07
1990-06-16 20:00:00+00:00,6.0,0.0,6.0,18.75,2.07
1990-06-16 21:00:00+00:00,0.0,0.0,0.0,17.81,1.86
1990-06-16 22:00:00+00:00,0.0,0.0,0.0,16.89,1.72
1990-06-16 23:00:00+00:00,0.0,0.0,0.0,15.86,1.72
1990-06-17 00:00:00+00:00,0.0,0.0,0.0,15.07,1.79
1990-06-17 01:00:00+00:00,0.0,0.0,0.0,14.45,1.72
1990-06-17 02:00:00+00:00,0.0,0.0,0.0,13.92,1.52
1990-06-17 03:00:00+00:00,0.0,0.0,0.0,13.21,1.38
1990-06-17 04:00:00+00:00,9.0,24.29,8.0,12.74,1.1
1990-06-17 05:00:00+00:00,38.0,0.0,38.0,12.99,0.83
1990-06-17 06:00:00+00:00,142.0,46.65,127.0,14.88,0.48
1990-06-17 07:00:00+00:00,382.0,495.75,151.0,17.17,0.21
1990-06-17 08:00:00+00:00,560.0,716.56,130.0,19.02,0.62
1990-06-17 09:00:00+00:00,697.0,789.07,133.0,20.46,1.24
1990-06-17 10:00:00+00:00,790.0,801.56,147.0,21.45,1.45
1990-06-17 11:00:00+00:00,809.0,686.61,221.0,22.51,1.86
1990-06-17 12:00:00+00:00,859.0,786.33,172.0,22.74,2.34
1990-06-17 13:00:00+00:00,821.0,735.16,194.0,22.68,2.69
1990-06-17 14:00:00+00:00,756.0,716.62,186.0,22.92,2.76
1990-06-17 15:00:00+00:00,600.0,502.0,246.0,23.16,2.9
1990-06-17 16:00:00+00:00,548.0,718.97,125.0,23.07,2.9
1990-06-17 17:00:00+00:00,397.0,629.32,112.0,23.09,2.83
1990-06-17 18:00:00+00:00,237.0,461.07,95.0,22.65,2.34
1990-06-17 19:00:00+00:00,108.0,330.17,54.0,21.73,2.55
1990-06-17 20:00:00+00:00,6.0,0.0,6.0,20.19,2.62
1990-06-17 21:00:00+00:00,0.0,0.0,0.0,18.83,2.76
1990-06-17 22:00:00+00:00,0.0,0.0,0.0,17.75,2.62
1990-06-17 23:00:00+00:00,0.0,0.0,0.0,16.98,2.21
1990-06-18 00:00:00+00:00,0.0,0.0,0.0,16.22,1.86
1990-06-18 01:00:00+00:00,0.0,0.0,0.0,15.62,1.66
1990-06-18 02:00:00+00:00,0.0,0.0,0.0,15.07,1.66
1990-06-18 03:00:00+00:00,0.0,0.0,0.0,14.38,1.66
1990-06-18 04:00:00+00:00,1.0,0.0,1.0,13.83,1.86
1990-06-18 05:00:00+00:00,19.0,0.0,19.0,13.85,1.79
1990-06-18 06:00:00+00:00,164.0,87.13,136.0,14.68,1.72
1990-06-18 07:00:00+00:00,190.0,19.32,181.0,15.19,2.48
1990-06-18 08:00:00+00:00,281.0,38.34,258.0,16.02,2.76
1990-06-18 09:00:00+00:00,223.0,1.4,222.0,16.83,2.83
1990-06-18 10:00:00+00:00,199.0,0.0,199.0,17.04,2.97
1990-06-18 11:00:00+00:00,314.0,4.67,310.0,17.25,3.59
1990-06-18 12:00:00+00:00,206.0,0.0,206.0,17.61,3.86
1990-06-18 13:00:00+00:00,186.0,0.0,186.0,17.66,3.66
1990-06-18 14:00:00+00:00,231.0,0.0,231.0,17.85,3.59
1990-06-18 15:00:00+00:00,160.0,0.0,160.0,18.27,3.79
1990-06-18 16:00:00+00:00,103.0,0.0,103.0,18.97,4.62
1990-06-18 17:00:00+00:00,92.0,0.0,92.0,19.17,4.41
1990-06-18 18:00:00+00:00,162.0,100.38,131.0,18.8,3.59
1990-06-18 19:00:00+00:00,10.0,0.0,10.0,17.51,2.76
1990-06-18 20:00:00+00:00,1.0,0.0,1.0,16.7,3.03
1990-06-18 21:00:00+00:00,0.0,0.0,0.0,15.96,3.17
1990-06-18 22:00:00+00:00,0.0,0.0,0.0,15.16,3.45
1990-06-18 23:00:00+00:00,0.0,0.0,0.0,14.86,3.52
1990-06-19 00:00:00+00:00,0.0,0.0,0.0,14.59,3.72
1990-06-19 01:00:00+00:00,0.0,0.0,0.0,14.6,4.07
1990-06-19 02:00:00+00:00,0.0,0.0,0.0,14.6,4.34
1990-06-19 03:00:00+00:00,0.0,0.0,0.0,14.55,4.41
1990-06-19 04:00:00+00:00,1.0,0.0,1.0,14.51,4.28
1990-06-19 05:00:00+00:00,126.0,397.14,56.0,14.41,4.07
1990-06-19 06:00:00+00:00,94.0,3.11,93.0,14.61,4.34
1990-06-19 07:00:00+00:00,147.0,2.15,146.0,14.82,5.31
1990-06-19 08:00:00+00:00,500.0,471.93,217.0,15.57,5.24
1990-06-19 09:00:00+00:00,151.0,0.0,151.0,16.34,5.17
1990-06-19 10:00:00+00:00,316.0,9.97,308.0,16.44,4.83
1990-06-19 11:00:00+00:00,390.0,25.69,368.0,17.17,5.66
1990-06-19 12:00:00+00:00,158.0,0.0,158.0,17.57,5.24
1990-06-19 13:00:00+00:00,269.0,1.17,268.0,18.01,5.66
1990-06-19 14:00:00+00:00,179.0,0.0,179.0,18.17,5.31
1990-06-19 15:00:00+00:00,342.0,42.47,312.0,18.14,5.1
1990-06-19 16:00:00+00:00,99.0,0.0,99.0,18.22,4.76
1990-06-19 17:00:00+00:00,120.0,0.0,120.0,17.89,4.0
1990-06-19 18:00:00+00:00,75.0,0.0,75.0,17.43,3.86
1990-06-19 19:00:00+00:00,29.0,0.0,29.0,16.52,2.9
1990-06-19 20:00:00+00:00,1.0,0.0,1.0,16.16,2.76
1990-06-19 21:00:00+00:00,0.0,0.0,0.0,15.65,2.76
1990-06-19 22:00:00+00:00,0.0,0.0,0.0,15.43,2.76
1990-06-19 23:00:00+00:00,0.0,0.0,0.0,14.92,2.76
1990-06-20 00:00:00+00:00,0.0,0.0,0.0,14.25,2.55
1990-06-20 01:00:00+00:00,0.0,0.0,0.0,13.77,2.48
1990-06-20 02:00:00+00:00,0.0,0.0,0.0,13.22,2.07
1990-06-20 03:00:00+00:00,0.0,0.0,0.0,12.49,1.93
1990-06-20 04:00:00+00:00,15.0,73.79,12.0,11.79,1.93
1990-06-20 05:00:00+00:00,121.0,358.11,58.0,11.75,1.52
1990-06-20 06:00:00+00:00,251.0,452.13,106.0,12.63,1.66
1990-06-20 07:00:00+00:00,315.0,234.35,206.0,14.08,2.76
1990-06-20 08:00:00+00:00,519.0,537.25,197.0,15.37,3.24
1990-06-20 09:00:00+00:00,431.0,123.21,343.0,16.91,4.97
1990-06-20 10:00:00+00:00,607.0,299.28,367.0,17.62,5.31
1990-06-20 11:00:00+00:00,313.0,4.67,309.0,18.19,5.79
1990-06-20 12:00:00+00:00,703.0,368.35,381.0,18.31,6.21
1990-06-20 13:00:00+00:00,599.0,216.68,414.0,18.27,6.41
1990-06-20 14:00:00+00:00,494.0,131.79,389.0,18.48,6.41
1990-06-20 15:00:00+00:00,562.0,376.33,296.0,18.46,6.76
1990-06-20 16:00:00+00:00,439.0,310.02,256.0,18.02,6.97
1990-06-20 17:00:00+00:00,96.0,0.0,96.0,17.54,6.55
1990-06-20 18:00:00+00:00,50.0,0.0,50.0,16.91,6.55
1990-06-20 19:00:00+00:00,10.0,0.0,10.0,14.92,6.14
1990-06-20 20:00:00+00:00,1.0,0.0,1.0,14.41,6.34
1990-06-20 21:00:00+00:00,0.0,0.0,0.0,14.35,6.69
1990-06-20 22:00:00+00:00,0.0,0.0,0.0,14.49,6.9
1990-06-20 23:00:00+00:00,0.0,0.0,0.0,14.64,6.48
1990-06-21 00:00:00+00:00,0.0,0.0,0.0,14.37,5.79
1990-06-21 01:00:00+00:00,0.0,0.0,0.0,13.41,4.9
1990-06-21 02:00:00+00:00,0.0,0.0,0.0,12.66,4.34
1990-06-21 03:00:00+00:00,0.0,0.0,0.0,11.67,4.0
1990-06-21 04:00:00+00:00,18.0,173.79,11.0,10.58,3.66
1990-06-21 05:00:00+00:00,132.0,450.16,53.0,10.04,3.72
1990-06-21 06:00:00+00:00,282.0,624.52,82.0,10.49,3.79
1990-06-21 07:00:00+00:00,436.0,710.16,106.0,11.56,5.72
1990-06-21 08:00:00+00:00,419.0,228.73,282.0,12.31,5.66
1990-06-21 09:00:00+00:00,429.0,113.46,348.0,12.8,5.79
1990-06-21 10:00:00+00:00,564.0,212.04,394.0,13.46,5.93
1990-06-21 11:00:00+00:00,338.0,8.17,331.0,14.04,6.14
1990-06-21 12:00:00+00:00,501.0,82.36,429.0,14.65,6.28
1990-06-21 13:00:00+00:00,676.0,331.4,393.0,14.81,6.62
1990-06-21 14:00:00+00:00,653.0,386.45,345.0,14.55,6.83
1990-06-21 15:00:00+00:00,243.0,2.83,241.0,14.91,6.9
1990-06-21 16:00:00+00:00,178.0,0.0,178.0,14.73,5.86
1990-06-21 17:00:00+00:00,197.0,26.34,185.0,14.47,5.79
1990-06-21 18:00:00+00:00,195.0,196.25,134.0,14.64,6.41
1990-06-21 19:00:00+00:00,92.0,162.27,65.0,13.91,5.59
1990-06-21 20:00:00+00:00,8.0,0.0,8.0,13.25,5.38
1990-06-21 21:00:00+00:00,0.0,0.0,0.0,12.62,5.24
1990-06-21 22:00:00+00:00,0.0,0.0,0.0,12.14,5.24
1990-06-21 23:00:00+00:00,0.0,0.0,0.0,11.63,5.17
1990-06-22 00:00:00+00:00,0.0,0.0,0.0,11.2,5.03
1990-06-22 01:00:00+00:00,0.0,0.0,0.0,10.81,4.9
1990-06-22 02:00:00+00:00,0.0,0.0,0.0,10.5,4.83
1990-06-22 03:00:00+00:00,0.0,0.0,0.0,10.35,4.9
1990-06-22 04:00:00+00:00,1.0,0.0,1.0,10.13,4.83
1990-06-22 05:00:00+00:00,34.0,0.0,34.0,10.27,4.9
1990-06-22 06:00:00+00:00,143.0,43.79,129.0,10.71,4.41
1990-06-22 07:00:00+00:00,379.0,454.58,168.0,11.45,6.14
1990-06-22 08:00:00+00:00,520.0,526.32,205.0,12.23,6.41
1990-06-22 09:00:00+00:00,359.0,49.05,324.0,13.07,6.14
1990-06-22 10:00:00+00:00,661.0,401.77,339.0,13.75,6.48
1990-06-22 11:00:00+00:00,283.0,1.17,282.0,14.55,6.83
1990-06-22 12:00:00+00:00,520.0,101.81,431.0,14.97,6.55
1990-06-22 13:00:00+00:00,193.0,0.0,193.0,14.68,6.34
1990-06-22 14:00:00+00:00,182.0,0.0,182.0,14.34,6.21
1990-06-22 15:00:00+00:00,308.0,21.2,293.0,14.15,5.66
1990-06-22 16:00:00+00:00,348.0,116.71,279.0,14.27,5.24
1990-06-22 17:00:00+00:00,372.0,460.47,162.0,14.13,4.97
1990-06-22 18:00:00+00:00,141.0,48.18,126.0,13.98,4.55
1990-06-22 19:00:00+00:00,110.0,311.64,58.0,13.24,3.86
1990-06-22 20:00:00+00:00,3.0,0.0,3.0,12.91,3.03
1990-06-22 21:00:00+00:00,0.0,0.0,0.0,12.22,2.62
1990-06-22 22:00:00+00:00,0.0,0.0,0.0,11.87,2.55
1990-06-22 23:00:00+00:00,0.0,0.0,0.0,11.36,2.41
1990-06-23 00:00:00+00:00,0.0,0.0,0.0,11.39,2.21
1990-06-23 01:00:00+00:00,0.0,0.0,0.0,11.18,2.0
1990-06-23 02:00:00+00:00,0.0,0.0,0.0,11.2,1.86
1990-06-23 03:00:00+00:00,0.0,0.0,0.0,11.02,1.79
1990-06-23 04:00:00+00:00,1.0,0.0,1.0,10.57,1.72
1990-06-23 05:00:00+00:00,64.0,22.94,60.0,10.57,1.45
1990-06-23 06:00:00+00:00,167.0,94.02,137.0,11.28,1.31
1990-06-23 07:00:00+00:00,354.0,362.41,186.0,12.32,1.38
1990-06-23 08:00:00+00:00,544.0,625.46,170.0,13.52,1.45
1990-06-23 09:00:00+00:00,489.0,206.15,342.0,14.82,2.14
1990-06-23 10:00:00+00:00,582.0,249.65,382.0,15.37,2.34
1990-06-23 11:00:00+00:00,620.0,240.64,414.0,16.04,2.62
1990-06-23 12:00:00+00:00,681.0,320.32,401.0,16.36,2.69
1990-06-23 13:00:00+00:00,704.0,398.06,364.0,17.22,2.62
1990-06-23 14:00:00+00:00,645.0,379.97,342.0,17.83,2.41
1990-06-23 15:00:00+00:00,495.0,224.61,336.0,18.21,2.28
1990-06-23 16:00:00+00:00,382.0,174.11,279.0,18.49,2.07
1990-06-23 17:00:00+00:00,321.0,269.47,198.0,18.45,1.66
1990-06-23 18:00:00+00:00,122.0,22.46,115.0,18.04,1.52
1990-06-23 19:00:00+00:00,14.0,0.0,14.0,17.21,2.0
1990-06-23 20:00:00+00:00,2.0,0.0,2.0,15.98,2.41
1990-06-23 21:00:00+00:00,0.0,0.0,0.0,15.18,2.55
1990-06-23 22:00:00+00:00,0.0,0.0,0.0,14.55,2.62
1990-06-23 23:00:00+00:00,0.0,0.0,0.0,14.27,2.34
1990-06-24 00:00:00+00:00,0.0,0.0,0.0,13.91,1.86
1990-06-24 01:00:00+00:00,0.0,0.0,0.0,13.66,1.45
1990-06-24 02:00:00+00:00,0.0,0.0,0.0,13.42,1.38
1990-06-24 03:00:00+00:00,0.0,0.0,0.0,13.24,1.38
1990-06-24 04:00:00+00:00,2.0,0.0,2.0,12.98,1.31
1990-06-24 05:00:00+00:00,11.0,0.0,11.0,12.98,1.03
1990-06-24 06:00:00+00:00,131.0,31.41,121.0,13.51,0.97
1990-06-24 07:00:00+00:00,107.0,0.0,107.0,14.07,0.97
1990-06-24 08:00:00+00:00,306.0,63.61,268.0,15.16,1.45
1990-06-24 09:00:00+00:00,345.0,42.1,315.0,15.94,2.07
1990-06-24 10:00:00+00:00,536.0,186.08,387.0,17.15,2.62
1990-06-24 11:00:00+00:00,558.0,161.26,420.0,17.57,2.9
1990-06-24 12:00:00+00:00,690.0,347.82,386.0,18.49,3.24
1990-06-24 13:00:00+00:00,632.0,271.62,400.0,18.95,3.31
1990-06-24 14:00:00+00:00,542.0,196.85,385.0,19.65,3.24
1990-06-24 15:00:00+00:00,456.0,166.64,338.0,19.89,3.03
1990-06-24 16:00:00+00:00,374.0,165.58,276.0,19.81,2.69
1990-06-24 17:00:00+00:00,219.0,52.54,195.0,19.74,2.21
1990-06-24 18:00:00+00:00,130.0,35.25,119.0,19.18,1.72
1990-06-24 19:00:00+00:00,56.0,17.91,53.0,18.58,1.59
1990-06-24 20:00:00+00:00,7.0,0.0,7.0,17.32,1.86
1990-06-24 21:00:00+00:00,0.0,0.0,0.0,16.01,2.0
1990-06-24 22:00:00+00:00,0.0,0.0,0.0,15.42,1.79
1990-06-24 23:00:00+00:00,0.0,0.0,0.0,14.61,1.79
1990-06-25 00:00:00+00:00,0.0,0.0,0.0,14.25,1.59
1990-06-25 01:00:00+00:00,0.0,0.0,0.0,14.08,1.38
1990-06-25 02:00:00+00:00,0.0,0.0,0.0,13.5,1.45
1990-06-25 03:00:00+00:00,0.0,0.0,0.0,13.34,1.45
1990-06-25 04:00:00+00:00,1.0,0.0,1.0,12.93,1.59
1990-06-25 05:00:00+00:00,46.0,5.79,45.0,13.05,1.45
1990-06-25 06:00:00+00:00,201.0,210.97,134.0,14.21,1.45
1990-06-25 07:00:00+00:00,205.0,34.62,189.0,15.5,2.0
1990-06-25 08:00:00+00:00,212.0,6.7,208.0,17.14,2.28
1990-06-25 09:00:00+00:00,682.0,740.17,155.0,18.62,2.28
1990-06-25 10:00:00+00:00,791.0,800.98,150.0,19.52,2.14
1990-06-25 11:00:00+00:00,752.0,523.69,304.0,20.23,2.28
1990-06-25 12:00:00+00:00,680.0,329.59,392.0,20.93,2.21
1990-06-25 13:00:00+00:00,466.0,71.42,405.0,21.43,2.28
1990-06-25 14:00:00+00:00,299.0,6.27,294.0,21.62,2.34
1990-06-25 15:00:00+00:00,159.0,0.0,159.0,21.79,2.41
1990-06-25 16:00:00+00:00,245.0,18.58,234.0,21.71,2.28
1990-06-25 17:00:00+00:00,52.0,0.0,52.0,21.13,2.48
1990-06-25 18:00:00+00:00,33.0,0.0,33.0,19.99,3.72
1990-06-25 19:00:00+00:00,75.0,71.56,63.0,18.69,3.93
1990-06-25 20:00:00+00:00,1.0,0.0,1.0,17.39,4.34
1990-06-25 21:00:00+00:00,0.0,0.0,0.0,16.12,4.48
1990-06-25 22:00:00+00:00,0.0,0.0,0.0,14.6,4.41
1990-06-25 23:00:00+00:00,0.0,0.0,0.0,13.4,4.28
1990-06-26 00:00:00+00:00,0.0,0.0,0.0,12.56,3.93
1990-06-26 01:00:00+00:00,0.0,0.0,0.0,12.17,3.45
1990-06-26 02:00:00+00:00,0.0,0.0,0.0,12.03,3.1
1990-06-26 03:00:00+00:00,0.0,0.0,0.0,11.86,3.03
1990-06-26 04:00:00+00:00,2.0,0.0,2.0,11.62,3.1
1990-06-26 05:00:00+00:00,38.0,0.0,38.0,11.6,3.38
1990-06-26 06:00:00+00:00,45.0,0.0,45.0,11.8,3.66
1990-06-26 07:00:00+00:00,62.0,0.0,62.0,12.11,3.86
1990-06-26 08:00:00+00:00,185.0,1.68,184.0,12.91,4.41
1990-06-26 09:00:00+00:00,337.0,37.96,310.0,13.69,4.21
1990-06-26 10:00:00+00:00,457.0,91.28,384.0,13.99,4.07
1990-06-26 11:00:00+00:00,499.0,98.24,415.0,14.09,3.86
1990-06-26 12:00:00+00:00,379.0,18.32,363.0,14.22,3.24
1990-06-26 13:00:00+00:00,273.0,1.17,272.0,14.18,2.55
1990-06-26 14:00:00+00:00,291.0,5.02,287.0,14.26,2.14
1990-06-26 15:00:00+00:00,346.0,43.77,315.0,14.06,1.59
1990-06-26 16:00:00+00:00,305.0,65.86,266.0,14.06,1.17
1990-06-26 17:00:00+00:00,81.0,0.0,81.0,14.07,1.03
1990-06-26 18:00:00+00:00,40.0,0.0,40.0,14.04,1.17
1990-06-26 19:00:00+00:00,67.0,47.68,59.0,13.78,1.59
1990-06-26 20:00:00+00:00,8.0,0.0,8.0,13.2,1.79
1990-06-26 21:00:00+00:00,0.0,0.0,0.0,12.55,1.79
1990-06-26 22:00:00+00:00,0.0,0.0,0.0,12.1,1.79
1990-06-26 23:00:00+00:00,0.0,0.0,0.0,11.74,1.72
1990-06-27 00:00:00+00:00,0.0,0.0,0.0,11.59,1.52
1990-06-27 01:00:00+00:00,0.0,0.0,0.0,11.44,1.24
1990-06-27 02:00:00+00:00,0.0,0.0,0.0,11.34,1.03
1990-06-27 03:00:00+00:00,0.0,0.0,0.0,11.26,0.9
1990-06-27 04:00:00+00:00,1.0,0.0,1.0,11.17,0.9
1990-06-27 05:00:00+00:00,36.0,0.0,36.0,11.12,1.03
1990-06-27 06:00:00+00:00,93.0,3.17,92.0,11.19,1.24
1990-06-27 07:00:00+00:00,155.0,4.34,153.0,11.57,1.45
1990-06-27 08:00:00+00:00,199.0,3.36,197.0,12.26,1.52
1990-06-27 09:00:00+00:00,220.0,1.41,219.0,13.35,1.31
1990-06-27 10:00:00+00:00,235.0,0.0,235.0,13.87,1.24
1990-06-27 11:00:00+00:00,311.0,4.68,307.0,14.5,1.31
1990-06-27 12:00:00+00:00,424.0,37.79,391.0,15.09,1.45
1990-06-27 13:00:00+00:00,426.0,44.51,388.0,15.36,1.52
1990-06-27 14:00:00+00:00,299.0,6.27,294.0,15.97,1.66
1990-06-27 15:00:00+00:00,509.0,259.77,325.0,16.19,1.93
1990-06-27 16:00:00+00:00,449.0,339.39,248.0,16.23,1.93
1990-06-27 17:00:00+00:00,259.0,115.92,206.0,16.16,1.86
1990-06-27 18:00:00+00:00,135.0,41.61,122.0,16.09,1.93
1990-06-27 19:00:00+00:00,36.0,0.0,36.0,15.69,1.52
1990-06-27 20:00:00+00:00,5.0,0.0,5.0,15.11,1.52
1990-06-27 21:00:00+00:00,0.0,0.0,0.0,14.33,1.72
1990-06-27 22:00:00+00:00,0.0,0.0,0.0,14.06,1.93
1990-06-27 23:00:00+00:00,0.0,0.0,0.0,13.7,2.28
1990-06-28 00:00:00+00:00,0.0,0.0,0.0,13.4,2.41
1990-06-28 01:00:00+00:00,0.0,0.0,0.0,13.25,2.41
1990-06-28 02:00:00+00:00,0.0,0.0,0.0,13.22,2.34
1990-06-28 03:00:00+00:00,0.0,0.0,0.0,13.0,2.41
1990-06-28 04:00:00+00:00,1.0,0.0,1.0,12.83,2.28
1990-06-28 05:00:00+00:00,27.0,0.0,27.0,12.81,2.0
1990-06-28 06:00:00+00:00,101.0,6.36,99.0,13.35,2.0
1990-06-28 07:00:00+00:00,124.0,0.0,124.0,14.33,2.21
1990-06-28 08:00:00+00:00,209.0,5.05,206.0,15.43,2.21
1990-06-28 09:00:00+00:00,266.0,7.04,261.0,16.48,2.21
1990-06-28 10:00:00+00:00,380.0,35.06,352.0,17.6,2.21
1990-06-28 11:00:00+00:00,455.0,62.05,402.0,18.07,2.62
1990-06-28 12:00:00+00:00,531.0,116.85,429.0,18.59,3.17
1990-06-28 13:00:00+00:00,316.0,4.69,312.0,19.17,3.45
1990-06-28 14:00:00+00:00,262.0,1.25,261.0,19.36,3.31
1990-06-28 15:00:00+00:00,319.0,26.83,300.0,19.54,3.52
1990-06-28 16:00:00+00:00,385.0,182.37,277.0,19.21,3.59
1990-06-28 17:00:00+00:00,108.0,0.0,108.0,18.89,3.45
1990-06-28 18:00:00+00:00,160.0,89.63,132.0,18.66,2.83
1990-06-28 19:00:00+00:00,65.0,35.79,59.0,17.76,2.28
1990-06-28 20:00:00+00:00,8.0,0.0,8.0,16.85,1.93
1990-06-28 21:00:00+00:00,0.0,0.0,0.0,15.78,1.93
1990-06-28 22:00:00+00:00,0.0,0.0,0.0,15.14,2.0
1990-06-28 23:00:00+00:00,0.0,0.0,0.0,14.19,2.14
1990-06-29 00:00:00+00:00,0.0,0.0,0.0,13.57,2.14
1990-06-29 01:00:00+00:00,0.0,0.0,0.0,13.01,2.21
1990-06-29 02:00:00+00:00,0.0,0.0,0.0,12.43,2.14
1990-06-29 03:00:00+00:00,0.0,0.0,0.0,11.88,2.07
1990-06-29 04:00:00+00:00,8.0,0.0,8.0,11.34,1.93
1990-06-29 05:00:00+00:00,97.0,189.64,65.0,11.37,1.66
1990-06-29 06:00:00+00:00,241.0,424.11,108.0,12.78,1.66
1990-06-29 07:00:00+00:00,407.0,628.28,119.0,14.59,1.59
1990-06-29 08:00:00+00:00,545.0,660.73,153.0,16.03,1.79
1990-06-29 09:00:00+00:00,674.0,706.56,173.0,17.63,2.34
1990-06-29 10:00:00+00:00,696.0,506.36,292.0,18.79,2.62
1990-06-29 11:00:00+00:00,685.0,366.69,372.0,19.51,3.1
1990-06-29 12:00:00+00:00,624.0,232.67,421.0,20.41,3.79
1990-06-29 13:00:00+00:00,694.0,384.42,366.0,20.79,3.86
1990-06-29 14:00:00+00:00,694.0,505.53,291.0,21.29,3.86
1990-06-29 15:00:00+00:00,647.0,619.96,208.0,21.75,3.79
1990-06-29 16:00:00+00:00,386.0,184.09,277.0,21.51,3.31
1990-06-29 17:00:00+00:00,409.0,647.58,113.0,21.29,2.76
1990-06-29 18:00:00+00:00,247.0,480.4,97.0,20.92,2.21
1990-06-29 19:00:00+00:00,68.0,47.78,60.0,20.35,2.0
1990-06-29 20:00:00+00:00,2.0,0.0,2.0,18.97,2.14
1990-06-29 21:00:00+00:00,0.0,0.0,0.0,17.54,2.34
1990-06-29 22:00:00+00:00,0.0,0.0,0.0,16.5,2.28
1990-06-29 23:00:00+00:00,0.0,0.0,0.0,15.66,2.28
1990-06-30 00:00:00+00:00,0.0,0.0,0.0,15.18,2.41
1990-06-30 01:00:00+00:00,0.0,0.0,0.0,14.72,2.41
1990-06-30 02:00:00+00:00,0.0,0.0,0.0,14.21,2.34
1990-06-30 03:00:00+00:00,0.0,0.0,0.0,13.63,2.21
1990-06-30 04:00:00+00:00,1.0,0.0,1.0,13.4,2.14
1990-06-30 05:00:00+00:00,72.0,59.7,62.0,13.43,2.0
1990-06-30 06:00:00+00:00,240.0,435.34,104.0,14.5,1.93
1990-06-30 07:00:00+00:00,318.0,262.42,198.0,15.86,2.21
1990-06-30 08:00:00+00:00,466.0,383.27,239.0,16.68,2.41
1990-06-30 09:00:00+00:00,672.0,714.51,166.0,17.72,2.62
1990-06-30 10:00:00+00:00,732.0,617.24,240.0,18.77,2.83
1990-06-30 11:00:00+00:00,850.0,807.76,161.0,20.06,3.17
1990-06-30 12:00:00+00:00,657.0,288.99,405.0,21.67,3.66
1990-06-30 13:00:00+00:00,324.0,7.04,318.0,22.45,3.86
1990-06-30 14:00:00+00:00,402.0,48.94,363.0,23.16,4.07
1990-06-30 15:00:00+00:00,492.0,227.43,331.0,23.08,3.72
1990-06-30 16:00:00+00:00,343.0,113.19,276.0,22.39,2.01
1990-06-30 17:00:00+00:00,384.0,531.85,141.0,21.68,2.08
1990-06-30 18:00:00+00:00,228.0,368.59,113.0,20.98,2.16
1990-06-30 19:00:00+00:00,80.0,95.74,64.0,20.27,2.23
1990-06-30 20:00:00+00:00,4.0,0.0,4.0,19.56,2.3
1990-06-30 21:00:00+00:00,0.0,0.0,0.0,18.86,2.38
1990-06-30 22:00:00+00:00,0.0,0.0,0.0,18.15,2.45
1990-06-30 23:00:00+00:00,0.0,0.0,0.0,17.44,2.52
1990-07-01 00:00:00+00:00,0.0,0.0,0.0,16.74,2.6
1990-07-01 01:00:00+00:00,0.0,0.0,0.0,16.03,2.67
1990-07-01 02:00:00+00:00,0.0,0.0,0.0,15.33,2.74
1990-07-01 03:00:00+00:00,0.0,0.0,0.0,14.62,2.82
1990-07-01 04:00:00+00:00,2.0,0.0,2.0,13.91,2.89
1990-07-01 05:00:00+00:00,103.0,258.76,60.0,13.21,2.97
1990-07-01 06:00:00+00:00,221.0,334.27,117.0,12.5,3.04
1990-07-01 07:00:00+00:00,280.0,164.44,205.0,11.8,3.11
1990-07-01 08:00:00+00:00,180.0,1.69,179.0,14.93,3.93
1990-07-01 09:00:00+00:00,148.0,0.0,148.0,15.56,4.0
1990-07-01 10:00:00+00:00,385.0,38.93,354.0,15.68,3.93
1990-07-01 11:00:00+00:00,368.0,18.77,352.0,15.7,3.31
1990-07-01 12:00:00+00:00,564.0,156.06,428.0,16.62,2.97
1990-07-01 13:00:00+00:00,700.0,410.58,350.0,17.53,3.17
1990-07-01 14:00:00+00:00,790.0,813.49,142.0,18.32,3.72
1990-07-01 15:00:00+00:00,702.0,822.48,120.0,19.11,4.21
1990-07-01 16:00:00+00:00,552.0,718.31,127.0,19.42,4.34
1990-07-01 17:00:00+00:00,236.0,76.65,201.0,19.24,4.48
1990-07-01 18:00:00+00:00,134.0,41.71,121.0,18.55,4.21
1990-07-01 19:00:00+00:00,13.0,0.0,13.0,18.24,3.79
1990-07-01 20:00:00+00:00,1.0,0.0,1.0,17.29,3.59
1990-07-01 21:00:00+00:00,0.0,0.0,0.0,16.55,3.1
1990-07-01 22:00:00+00:00,0.0,0.0,0.0,16.09,2.83
1990-07-01 23:00:00+00:00,0.0,0.0,0.0,15.85,3.03
1990-07-02 00:00:00+00:00,0.0,0.0,0.0,15.72,3.31
1990-07-02 01:00:00+00:00,0.0,0.0,0.0,15.28,4.0
1990-07-02 02:00:00+00:00,0.0,0.0,0.0,14.43,4.41
1990-07-02 03:00:00+00:00,0.0,0.0,0.0,13.59,4.14
1990-07-02 04:00:00+00:00,1.0,0.0,1.0,12.68,3.66
1990-07-02 05:00:00+00:00,45.0,6.07,44.0,12.23,3.38
1990-07-02 06:00:00+00:00,223.0,335.73,119.0,12.47,4.07
1990-07-02 07:00:00+00:00,341.0,340.79,186.0,12.87,4.21
1990-07-02 08:00:00+00:00,528.0,593.17,178.0,13.66,4.14
1990-07-02 09:00:00+00:00,656.0,645.69,200.0,14.45,4.34
1990-07-02 10:00:00+00:00,679.0,461.39,312.0,15.72,4.34
1990-07-02 11:00:00+00:00,685.0,364.03,375.0,17.35,4.28
1990-07-02 12:00:00+00:00,824.0,653.37,255.0,18.5,4.21
1990-07-02 13:00:00+00:00,853.0,798.16,173.0,19.54,4.07
1990-07-02 14:00:00+00:00,836.0,918.16,105.0,19.89,3.66
1990-07-02 15:00:00+00:00,701.0,801.68,134.0,20.36,3.86
1990-07-02 16:00:00+00:00,564.0,740.71,126.0,20.49,3.86
1990-07-02 17:00:00+00:00,404.0,618.08,122.0,20.2,3.72
1990-07-02 18:00:00+00:00,233.0,388.76,112.0,19.62,3.17
1990-07-02 19:00:00+00:00,82.0,108.31,64.0,19.53,2.14
1990-07-02 20:00:00+00:00,3.0,0.0,3.0,18.04,2.34
1990-07-02 21:00:00+00:00,0.0,0.0,0.0,16.56,2.55
1990-07-02 22:00:00+00:00,0.0,0.0,0.0,15.62,2.62
1990-07-02 23:00:00+00:00,0.0,0.0,0.0,14.62,2.76
1990-07-03 00:00:00+00:00,0.0,0.0,0.0,13.63,2.9
1990-07-03 01:00:00+00:00,0.0,0.0,0.0,12.73,2.97
1990-07-03 02:00:00+00:00,0.0,0.0,0.0,12.1,2.83
1990-07-03 03:00:00+00:00,0.0,0.0,0.0,12.07,2.76
1990-07-03 04:00:00+00:00,1.0,0.0,1.0,12.2,2.83
1990-07-03 05:00:00+00:00,85.0,134.74,63.0,12.69,2.62
1990-07-03 06:00:00+00:00,131.0,35.67,120.0,13.23,2.69
1990-07-03 07:00:00+00:00,202.0,35.28,186.0,14.91,4.41
1990-07-03 08:00:00+00:00,183.0,1.7,182.0,16.1,4.14
1990-07-03 09:00:00+00:00,438.0,141.81,338.0,16.84,4.07
1990-07-03 10:00:00+00:00,611.0,323.48,354.0,17.37,4.34
1990-07-03 11:00:00+00:00,383.0,23.51,363.0,18.76,4.62
1990-07-03 12:00:00+00:00,780.0,556.19,296.0,19.71,4.83
1990-07-03 13:00:00+00:00,573.0,185.57,415.0,19.86,4.69
1990-07-03 14:00:00+00:00,595.0,290.32,364.0,20.03,4.48
1990-07-03 15:00:00+00:00,564.0,386.23,291.0,20.23,4.48
1990-07-03 16:00:00+00:00,445.0,328.31,251.0,20.11,4.41
1990-07-03 17:00:00+00:00,313.0,252.3,198.0,19.75,4.21
1990-07-03 18:00:00+00:00,131.0,35.4,120.0,18.94,3.66
1990-07-03 19:00:00+00:00,75.0,78.52,62.0,18.85,3.03
1990-07-03 20:00:00+00:00,1.0,0.0,1.0,17.38,2.97
1990-07-03 21:00:00+00:00,0.0,0.0,0.0,15.99,3.1
1990-07-03 22:00:00+00:00,0.0,0.0,0.0,15.29,2.76
1990-07-03 23:00:00+00:00,0.0,0.0,0.0,14.84,1.66
1990-07-04 00:00:00+00:00,0.0,0.0,0.0,14.56,1.17
1990-07-04 01:00:00+00:00,0.0,0.0,0.0,14.18,1.1
1990-07-04 02:00:00+00:00,0.0,0.0,0.0,14.03,1.17
1990-07-04 03:00:00+00:00,0.0,0.0,0.0,14.08,1.38
1990-07-04 04:00:00+00:00,1.0,0.0,1.0,13.99,1.59
1990-07-04 05:00:00+00:00,37.0,0.0,37.0,14.11,1.79
1990-07-04 06:00:00+00:00,85.0,0.0,85.0,14.32,1.86
1990-07-04 07:00:00+00:00,0.0,0.0,0.0,15.17,2.14
1990-07-04 08:00:00+00:00,211.0,6.81,207.0,16.27,3.03
1990-07-04 09:00:00+00:00,340.0,42.61,310.0,16.99,2.9
1990-07-04 10:00:00+00:00,351.0,22.68,333.0,17.84,2.97
1990-07-04 11:00:00+00:00,552.0,160.01,416.0,18.81,3.52
1990-07-04 12:00:00+00:00,490.0,82.81,418.0,19.45,4.0
1990-07-04 13:00:00+00:00,512.0,115.19,414.0,20.37,4.14
1990-07-04 14:00:00+00:00,637.0,381.06,334.0,20.99,4.07
1990-07-04 15:00:00+00:00,578.0,430.39,274.0,21.26,4.07
1990-07-04 16:00:00+00:00,459.0,374.32,238.0,21.19,4.07
1990-07-04 17:00:00+00:00,314.0,263.59,194.0,21.04,3.86
1990-07-04 18:00:00+00:00,162.0,99.96,131.0,20.46,3.31
1990-07-04 19:00:00+00:00,44.0,6.07,43.0,19.95,2.28
1990-07-04 20:00:00+00:00,1.0,0.0,1.0,18.75,1.93
1990-07-04 21:00:00+00:00,0.0,0.0,0.0,17.42,2.0
1990-07-04 22:00:00+00:00,0.0,0.0,0.0,16.25,2.07
1990-07-04 23:00:00+00:00,0.0,0.0,0.0,15.35,2.0
1990-07-05 00:00:00+00:00,0.0,0.0,0.0,14.51,2.0
1990-07-05 01:00:00+00:00,0.0,0.0,0.0,13.72,1.93
1990-07-05 02:00:00+00:00,0.0,0.0,0.0,13.04,1.86
1990-07-05 03:00:00+00:00,0.0,0.0,0.0,12.37,1.66
1990-07-05 04:00:00+00:00,1.0,0.0,1.0,11.62,1.45
1990-07-05 05:00:00+00:00,106.0,331.16,53.0,11.67,1.17
1990-07-05 06:00:00+00:00,249.0,540.51,84.0,13.94,0.9
1990-07-05 07:00:00+00:00,406.0,672.38,103.0,15.68,0.41
1990-07-05 08:00:00+00:00,569.0,794.9,103.0,17.3,0.41
1990-07-05 09:00:00+00:00,684.0,786.82,131.0,18.8,0.83
1990-07-05 10:00:00+00:00,719.0,603.18,241.0,20.26,1.1
1990-07-05 11:00:00+00:00,761.0,568.87,278.0,21.24,1.31
1990-07-05 12:00:00+00:00,805.0,634.27,254.0,21.61,1.38
1990-07-05 13:00:00+00:00,758.0,557.57,284.0,22.34,1.52
1990-07-05 14:00:00+00:00,752.0,699.78,196.0,22.64,1.52
1990-07-05 15:00:00+00:00,661.0,697.13,169.0,23.4,1.66
1990-07-05 16:00:00+00:00,549.0,713.79,128.0,23.58,1.45
1990-07-05 17:00:00+00:00,282.0,171.57,204.0,23.97,1.38
1990-07-05 18:00:00+00:00,256.0,562.38,82.0,23.64,0.55
1990-07-05 19:00:00+00:00,98.0,237.76,59.0,23.09,1.66
1990-07-05 20:00:00+00:00,2.0,0.0,2.0,21.21,2.83
1990-07-05 21:00:00+00:00,0.0,0.0,0.0,19.28,3.52
1990-07-05 22:00:00+00:00,0.0,0.0,0.0,17.96,3.52
1990-07-05 23:00:00+00:00,0.0,0.0,0.0,17.09,3.24
1990-07-06 00:00:00+00:00,0.0,0.0,0.0,16.78,2.97
1990-07-06 01:00:00+00:00,0.0,0.0,0.0,16.37,2.83
1990-07-06 02:00:00+00:00,0.0,0.0,0.0,16.22,2.69
1990-07-06 03:00:00+00:00,0.0,0.0,0.0,15.9,2.76
1990-07-06 04:00:00+00:00,0.0,0.0,0.0,15.64,2.62
1990-07-06 05:00:00+00:00,57.0,31.58,52.0,15.54,2.28
1990-07-06 06:00:00+00:00,245.0,526.97,85.0,16.61,1.86
1990-07-06 07:00:00+00:00,331.0,338.45,179.0,17.76,2.41
1990-07-06 08:00:00+00:00,378.0,186.37,269.0,19.19,2.21
1990-07-06 09:00:00+00:00,519.0,296.47,311.0,20.31,2.07
1990-07-06 10:00:00+00:00,638.0,396.78,324.0,22.01,2.55
1990-07-06 11:00:00+00:00,855.0,848.96,135.0,23.24,3.1
1990-07-06 12:00:00+00:00,893.0,890.67,120.0,24.21,3.24
1990-07-06 13:00:00+00:00,847.0,826.48,145.0,25.01,2.76
1990-07-06 14:00:00+00:00,657.0,435.85,311.0,25.31,2.28
1990-07-06 15:00:00+00:00,567.0,407.04,280.0,25.27,2.14
1990-07-06 16:00:00+00:00,441.0,329.29,247.0,25.44,2.21
1990-07-06 17:00:00+00:00,322.0,295.22,188.0,24.76,3.03
1990-07-06 18:00:00+00:00,185.0,178.23,130.0,23.39,3.03
1990-07-06 19:00:00+00:00,86.0,147.14,62.0,22.43,2.34
1990-07-06 20:00:00+00:00,1.0,0.0,1.0,21.27,2.34
1990-07-06 21:00:00+00:00,0.0,0.0,0.0,19.99,2.48
1990-07-06 22:00:00+00:00,0.0,0.0,0.0,19.26,2.83
1990-07-06 23:00:00+00:00,0.0,0.0,0.0,18.17,2.97
1990-07-07 00:00:00+00:00,0.0,0.0,0.0,17.13,2.69
1990-07-07 01:00:00+00:00,0.0,0.0,0.0,16.18,2.41
1990-07-07 02:00:00+00:00,0.0,0.0,0.0,15.42,2.21
1990-07-07 03:00:00+00:00,0.0,0.0,0.0,14.76,2.21
1990-07-07 04:00:00+00:00,0.0,0.0,0.0,14.24,2.07
1990-07-07 05:00:00+00:00,40.0,0.0,40.0,14.24,1.66
1990-07-07 06:00:00+00:00,239.0,496.85,89.0,15.32,1.72
1990-07-07 07:00:00+00:00,397.0,645.8,108.0,17.03,1.59
1990-07-07 08:00:00+00:00,544.0,714.79,127.0,18.69,1.93
1990-07-07 09:00:00+00:00,418.0,121.38,333.0,20.11,2.48
1990-07-07 10:00:00+00:00,482.0,126.55,382.0,21.21,2.83
1990-07-07 11:00:00+00:00,519.0,123.95,414.0,22.1,3.24
1990-07-07 12:00:00+00:00,528.0,121.11,423.0,22.12,3.45
1990-07-07 13:00:00+00:00,401.0,33.0,373.0,22.1,3.17
1990-07-07 14:00:00+00:00,346.0,21.43,329.0,22.26,3.24
1990-07-07 15:00:00+00:00,371.0,66.73,324.0,22.25,3.72
1990-07-07 16:00:00+00:00,348.0,125.77,274.0,21.74,4.07
1990-07-07 17:00:00+00:00,219.0,55.18,194.0,21.01,4.0
1990-07-07 18:00:00+00:00,89.0,3.25,88.0,20.35,3.72
1990-07-07 19:00:00+00:00,10.0,0.0,10.0,19.77,3.66
1990-07-07 20:00:00+00:00,1.0,0.0,1.0,18.84,3.38
1990-07-07 21:00:00+00:00,0.0,0.0,0.0,18.16,3.31
1990-07-07 22:00:00+00:00,0.0,0.0,0.0,17.64,3.17
1990-07-07 23:00:00+00:00,0.0,0.0,0.0,17.29,3.03
1990-07-08 00:00:00+00:00,0.0,0.0,0.0,16.88,2.62
1990-07-08 01:00:00+00:00,0.0,0.0,0.0,16.15,2.41
1990-07-08 02:00:00+00:00,0.0,0.0,0.0,15.5,2.34
1990-07-08 03:00:00+00:00,0.0,0.0,0.0,14.76,2.14
1990-07-08 04:00:00+00:00,0.0,0.0,0.0,14.06,2.07
1990-07-08 05:00:00+00:00,67.0,64.68,57.0,14.02,1.93
1990-07-08 06:00:00+00:00,243.0,513.14,89.0,14.39,2.41
1990-07-08 07:00:00+00:00,398.0,643.72,111.0,15.5,2.34
1990-07-08 08:00:00+00:00,548.0,718.37,130.0,16.49,2.07
1990-07-08 09:00:00+00:00,680.0,769.76,142.0,17.19,1.86
1990-07-08 10:00:00+00:00,743.0,665.39,218.0,18.22,1.93
1990-07-08 11:00:00+00:00,627.0,268.32,400.0,19.63,2.28
1990-07-08 12:00:00+00:00,566.0,159.35,428.0,20.82,2.83
1990-07-08 13:00:00+00:00,566.0,174.59,418.0,21.52,3.1
1990-07-08 14:00:00+00:00,270.0,2.52,268.0,21.51,3.03
1990-07-08 15:00:00+00:00,458.0,169.14,339.0,21.31,3.1
1990-07-08 16:00:00+00:00,246.0,18.72,235.0,21.24,2.9
1990-07-08 17:00:00+00:00,143.0,2.21,142.0,20.89,2.48
1990-07-08 18:00:00+00:00,138.0,48.91,123.0,20.63,1.93
1990-07-08 19:00:00+00:00,60.0,31.07,55.0,20.39,1.1
1990-07-08 20:00:00+00:00,1.0,0.0,1.0,19.55,0.55
1990-07-08 21:00:00+00:00,0.0,0.0,0.0,18.96,0.62
1990-07-08 22:00:00+00:00,0.0,0.0,0.0,17.1,0.97
1990-07-08 23:00:00+00:00,0.0,0.0,0.0,16.19,1.17
1990-07-09 00:00:00+00:00,0.0,0.0,0.0,15.88,1.17
1990-07-09 01:00:00+00:00,0.0,0.0,0.0,15.03,1.1
1990-07-09 02:00:00+00:00,0.0,0.0,0.0,14.91,0.83
1990-07-09 03:00:00+00:00,0.0,0.0,0.0,15.05,0.76
1990-07-09 04:00:00+00:00,0.0,0.0,0.0,15.13,0.62
1990-07-09 05:00:00+00:00,65.0,58.96,56.0,15.39,0.34
1990-07-09 06:00:00+00:00,151.0,87.17,125.0,16.43,0.48
1990-07-09 07:00:00+00:00,330.0,342.25,178.0,18.1,1.24
1990-07-09 08:00:00+00:00,452.0,375.67,234.0,19.4,1.52
1990-07-09 09:00:00+00:00,608.0,536.2,234.0,20.55,2.0
1990-07-09 10:00:00+00:00,556.0,231.04,374.0,21.68,2.83
1990-07-09 11:00:00+00:00,559.0,172.8,413.0,22.37,3.31
1990-07-09 12:00:00+00:00,511.0,104.04,421.0,22.69,3.17
1990-07-09 13:00:00+00:00,631.0,281.06,393.0,22.9,3.45
1990-07-09 14:00:00+00:00,758.0,718.97,189.0,22.9,3.72
1990-07-09 15:00:00+00:00,436.0,140.89,337.0,23.29,3.79
1990-07-09 16:00:00+00:00,246.0,20.46,234.0,23.28,3.72
1990-07-09 17:00:00+00:00,305.0,237.15,198.0,22.99,3.66
1990-07-09 18:00:00+00:00,145.0,62.18,126.0,22.28,3.1
1990-07-09 19:00:00+00:00,58.0,31.31,53.0,22.01,2.28
1990-07-09 20:00:00+00:00,0.0,0.0,0.0,20.36,2.34
1990-07-09 21:00:00+00:00,0.0,0.0,0.0,19.2,2.34
1990-07-09 22:00:00+00:00,0.0,0.0,0.0,18.2,2.21
1990-07-09 23:00:00+00:00,0.0,0.0,0.0,17.4,1.93
1990-07-10 00:00:00+00:00,0.0,0.0,0.0,16.63,1.86
1990-07-10 01:00:00+00:00,0.0,0.0,0.0,16.03,1.93
1990-07-10 02:00:00+00:00,0.0,0.0,0.0,15.52,2.07
1990-07-10 03:00:00+00:00,0.0,0.0,0.0,15.06,1.86
1990-07-10 04:00:00+00:00,0.0,0.0,0.0,14.82,1.45
1990-07-10 05:00:00+00:00,38.0,0.0,38.0,14.47,1.17
1990-07-10 06:00:00+00:00,176.0,168.73,126.0,15.2,1.1
1990-07-10 07:00:00+00:00,313.0,284.85,187.0,15.92,1.59
1990-07-10 08:00:00+00:00,268.0,38.02,246.0,16.9,1.86
1990-07-10 09:00:00+00:00,168.0,0.0,168.0,18.03,2.97
1990-07-10 10:00:00+00:00,140.0,0.0,140.0,19.06,3.38
1990-07-10 11:00:00+00:00,384.0,24.89,363.0,19.64,3.24
1990-07-10 12:00:00+00:00,184.0,0.0,184.0,20.01,3.03
1990-07-10 13:00:00+00:00,180.0,0.0,180.0,20.34,3.1
1990-07-10 14:00:00+00:00,445.0,84.76,378.0,20.32,3.45
1990-07-10 15:00:00+00:00,203.0,0.0,203.0,20.38,3.66
1990-07-10 16:00:00+00:00,326.0,93.92,271.0,20.04,4.21
1990-07-10 17:00:00+00:00,202.0,37.77,185.0,19.57,4.55
1990-07-10 18:00:00+00:00,127.0,32.85,117.0,18.5,4.34
1990-07-10 19:00:00+00:00,75.0,94.71,60.0,17.12,3.45
1990-07-10 20:00:00+00:00,0.0,0.0,0.0,16.43,2.41
1990-07-10 21:00:00+00:00,0.0,0.0,0.0,15.69,2.14
1990-07-10 22:00:00+00:00,0.0,0.0,0.0,15.06,2.0
1990-07-10 23:00:00+00:00,0.0,0.0,0.0,14.59,1.66
1990-07-11 00:00:00+00:00,0.0,0.0,0.0,14.12,1.38
1990-07-11 01:00:00+00:00,0.0,0.0,0.0,13.85,1.59
1990-07-11 02:00:00+00:00,0.0,0.0,0.0,13.42,1.79
1990-07-11 03:00:00+00:00,0.0,0.0,0.0,13.21,1.93
1990-07-11 04:00:00+00:00,0.0,0.0,0.0,12.88,2.0
1990-07-11 05:00:00+00:00,9.0,0.0,9.0,13.12,1.86
1990-07-11 06:00:00+00:00,40.0,0.0,40.0,13.47,2.28
1990-07-11 07:00:00+00:00,70.0,0.0,70.0,13.24,2.9
1990-07-11 08:00:00+00:00,213.0,8.67,208.0,13.56,2.62
1990-07-11 09:00:00+00:00,236.0,2.88,234.0,14.06,3.45
1990-07-11 10:00:00+00:00,93.0,0.0,93.0,14.9,3.1
1990-07-11 11:00:00+00:00,398.0,33.24,370.0,16.63,3.52
1990-07-11 12:00:00+00:00,150.0,0.0,150.0,15.61,3.31
1990-07-11 13:00:00+00:00,115.0,0.0,115.0,15.25,3.38
1990-07-11 14:00:00+00:00,169.0,0.0,169.0,15.11,2.97
1990-07-11 15:00:00+00:00,235.0,2.85,233.0,15.21,2.62
1990-07-11 16:00:00+00:00,150.0,0.0,150.0,15.27,2.48
1990-07-11 17:00:00+00:00,116.0,0.0,116.0,15.39,2.28
1990-07-11 18:00:00+00:00,22.0,0.0,22.0,15.14,1.93
1990-07-11 19:00:00+00:00,11.0,0.0,11.0,14.89,1.1
1990-07-11 20:00:00+00:00,0.0,0.0,0.0,14.67,1.1
1990-07-11 21:00:00+00:00,0.0,0.0,0.0,14.43,1.38
1990-07-11 22:00:00+00:00,0.0,0.0,0.0,14.35,1.66
1990-07-11 23:00:00+00:00,0.0,0.0,0.0,14.17,2.28
1990-07-12 00:00:00+00:00,0.0,0.0,0.0,13.7,3.24
1990-07-12 01:00:00+00:00,0.0,0.0,0.0,12.89,3.93
1990-07-12 02:00:00+00:00,0.0,0.0,0.0,12.13,4.14
1990-07-12 03:00:00+00:00,0.0,0.0,0.0,11.67,4.14
1990-07-12 04:00:00+00:00,0.0,0.0,0.0,11.5,3.93
1990-07-12 05:00:00+00:00,27.0,0.0,27.0,11.54,4.0
1990-07-12 06:00:00+00:00,135.0,54.74,119.0,12.02,4.83
1990-07-12 07:00:00+00:00,156.0,6.84,153.0,13.14,5.66
1990-07-12 08:00:00+00:00,441.0,340.74,245.0,14.22,5.66
1990-07-12 09:00:00+00:00,574.0,430.07,276.0,15.21,5.24
1990-07-12 10:00:00+00:00,754.0,709.53,198.0,16.24,4.97
1990-07-12 11:00:00+00:00,801.0,672.88,235.0,17.39,4.55
1990-07-12 12:00:00+00:00,801.0,613.96,272.0,17.99,3.79
1990-07-12 13:00:00+00:00,687.0,380.51,366.0,18.05,3.24
1990-07-12 14:00:00+00:00,539.0,196.62,384.0,18.66,2.97
1990-07-12 15:00:00+00:00,544.0,340.21,306.0,18.86,2.48
1990-07-12 16:00:00+00:00,471.0,413.11,230.0,18.95,2.14
1990-07-12 17:00:00+00:00,360.0,442.3,162.0,18.83,1.93
1990-07-12 18:00:00+00:00,162.0,109.39,129.0,18.39,2.0
1990-07-12 19:00:00+00:00,61.0,38.61,55.0,17.83,1.45
1990-07-12 20:00:00+00:00,0.0,0.0,0.0,16.94,1.93
1990-07-12 21:00:00+00:00,0.0,0.0,0.0,16.12,2.41
1990-07-12 22:00:00+00:00,0.0,0.0,0.0,15.44,3.1
1990-07-12 23:00:00+00:00,0.0,0.0,0.0,14.65,3.38
1990-07-13 00:00:00+00:00,0.0,0.0,0.0,14.16,3.31
1990-07-13 01:00:00+00:00,0.0,0.0,0.0,13.75,3.1
1990-07-13 02:00:00+00:00,0.0,0.0,0.0,13.23,3.03
1990-07-13 03:00:00+00:00,0.0,0.0,0.0,13.2,3.1
1990-07-13 04:00:00+00:00,0.0,0.0,0.0,13.1,3.1
1990-07-13 05:00:00+00:00,22.0,0.0,22.0,13.27,3.17
1990-07-13 06:00:00+00:00,90.0,3.45,89.0,13.82,3.03
1990-07-13 07:00:00+00:00,242.0,103.07,197.0,14.89,3.1
1990-07-13 08:00:00+00:00,520.0,629.56,159.0,16.01,3.31
1990-07-13 09:00:00+00:00,443.0,157.68,334.0,17.25,3.66
1990-07-13 10:00:00+00:00,431.0,75.43,372.0,17.63,3.93
1990-07-13 11:00:00+00:00,384.0,26.2,362.0,18.11,4.41
1990-07-13 12:00:00+00:00,782.0,573.01,289.0,18.42,4.55
1990-07-13 13:00:00+00:00,549.0,157.88,416.0,18.62,4.48
1990-07-13 14:00:00+00:00,352.0,22.87,334.0,18.66,4.48
1990-07-13 15:00:00+00:00,395.0,90.21,332.0,19.0,4.55
1990-07-13 16:00:00+00:00,170.0,0.0,170.0,18.94,4.21
1990-07-13 17:00:00+00:00,150.0,4.48,148.0,18.81,3.93
1990-07-13 18:00:00+00:00,87.0,3.33,86.0,18.21,3.17
1990-07-13 19:00:00+00:00,28.0,0.0,28.0,17.42,3.03
1990-07-13 20:00:00+00:00,0.0,0.0,0.0,16.74,2.41
1990-07-13 21:00:00+00:00,0.0,0.0,0.0,15.93,2.21
1990-07-13 22:00:00+00:00,0.0,0.0,0.0,15.26,2.41
1990-07-13 23:00:00+00:00,0.0,0.0,0.0,14.61,2.69
1990-07-14 00:00:00+00:00,0.0,0.0,0.0,14.19,2.97
1990-07-14 01:00:00+00:00,0.0,0.0,0.0,13.85,3.1
1990-07-14 02:00:00+00:00,0.0,0.0,0.0,13.54,3.03
1990-07-14 03:00:00+00:00,0.0,0.0,0.0,13.82,3.03
1990-07-14 04:00:00+00:00,0.0,0.0,0.0,13.87,3.79
1990-07-14 05:00:00+00:00,20.0,0.0,20.0,13.49,4.07
1990-07-14 06:00:00+00:00,78.0,0.0,78.0,13.26,4.07
1990-07-14 07:00:00+00:00,210.0,52.93,187.0,13.49,4.48
1990-07-14 08:00:00+00:00,339.0,122.47,269.0,14.12,4.69
1990-07-14 09:00:00+00:00,308.0,26.1,290.0,14.86,4.97
1990-07-14 10:00:00+00:00,278.0,3.84,275.0,15.6,5.38
1990-07-14 11:00:00+00:00,316.0,5.96,311.0,16.15,5.59
1990-07-14 12:00:00+00:00,452.0,57.04,403.0,16.83,5.52
1990-07-14 13:00:00+00:00,322.0,7.13,316.0,17.12,5.17
1990-07-14 14:00:00+00:00,371.0,33.08,345.0,17.63,5.17
1990-07-14 15:00:00+00:00,393.0,88.94,331.0,17.7,4.9
1990-07-14 16:00:00+00:00,402.0,234.17,266.0,17.73,4.62
1990-07-14 17:00:00+00:00,290.0,204.57,199.0,17.42,4.14
1990-07-14 18:00:00+00:00,147.0,77.03,124.0,17.15,3.45
1990-07-14 19:00:00+00:00,72.0,92.12,58.0,16.76,2.62
1990-07-14 20:00:00+00:00,0.0,0.0,0.0,15.9,1.86
1990-07-14 21:00:00+00:00,0.0,0.0,0.0,14.95,1.72
1990-07-14 22:00:00+00:00,0.0,0.0,0.0,14.21,1.31
1990-07-14 23:00:00+00:00,0.0,0.0,0.0,13.8,1.31
1990-07-15 00:00:00+00:00,0.0,0.0,0.0,13.64,1.45
1990-07-15 01:00:00+00:00,0.0,0.0,0.0,13.78,1.59
1990-07-15 02:00:00+00:00,0.0,0.0,0.0,13.79,1.79
1990-07-15 03:00:00+00:00,0.0,0.0,0.0,13.76,2.14
1990-07-15 04:00:00+00:00,0.0,0.0,0.0,13.69,2.34
1990-07-15 05:00:00+00:00,21.0,0.0,21.0,13.55,2.55
1990-07-15 06:00:00+00:00,56.0,0.0,56.0,13.91,2.55
1990-07-15 07:00:00+00:00,112.0,0.0,112.0,14.41,2.83
1990-07-15 08:00:00+00:00,242.0,24.58,228.0,14.56,2.83
1990-07-15 09:00:00+00:00,126.0,0.0,126.0,14.96,3.24
1990-07-15 10:00:00+00:00,139.0,0.0,139.0,15.67,3.24
1990-07-15 11:00:00+00:00,201.0,0.0,201.0,16.92,3.86
1990-07-15 12:00:00+00:00,318.0,5.83,313.0,17.62,4.41
1990-07-15 13:00:00+00:00,358.0,17.86,343.0,18.58,5.86
1990-07-15 14:00:00+00:00,335.0,19.12,320.0,19.43,5.93
1990-07-15 15:00:00+00:00,190.0,0.0,190.0,19.88,5.66
1990-07-15 16:00:00+00:00,121.0,0.0,121.0,20.03,5.38
1990-07-15 17:00:00+00:00,223.0,69.93,192.0,20.08,5.1
1990-07-15 18:00:00+00:00,103.0,13.47,99.0,20.14,4.83
1990-07-15 19:00:00+00:00,10.0,0.0,10.0,19.5,4.41
1990-07-15 20:00:00+00:00,0.0,0.0,0.0,18.86,4.21
1990-07-15 21:00:00+00:00,0.0,0.0,0.0,18.25,4.14
1990-07-15 22:00:00+00:00,0.0,0.0,0.0,17.66,4.07
1990-07-15 23:00:00+00:00,0.0,0.0,0.0,17.38,4.07
1990-07-16 00:00:00+00:00,0.0,0.0,0.0,17.14,4.0
1990-07-16 01:00:00+00:00,0.0,0.0,0.0,16.94,3.72
1990-07-16 02:00:00+00:00,0.0,0.0,0.0,16.88,3.52
1990-07-16 03:00:00+00:00,0.0,0.0,0.0,16.8,3.24
1990-07-16 04:00:00+00:00,0.0,0.0,0.0,16.77,3.1
1990-07-16 05:00:00+00:00,26.0,0.0,26.0,16.81,2.97
1990-07-16 06:00:00+00:00,97.0,10.59,94.0,17.1,2.9
1990-07-16 07:00:00+00:00,209.0,60.42,183.0,18.14,4.41
1990-07-16 08:00:00+00:00,323.0,107.46,262.0,18.54,4.07
1990-07-16 09:00:00+00:00,232.0,2.92,230.0,18.6,3.72
1990-07-16 10:00:00+00:00,265.0,2.57,263.0,18.53,3.59
1990-07-16 11:00:00+00:00,297.0,3.59,294.0,18.69,3.31
1990-07-16 12:00:00+00:00,453.0,61.9,400.0,18.72,2.83
1990-07-16 13:00:00+00:00,280.0,1.19,279.0,18.99,2.9
1990-07-16 14:00:00+00:00,480.0,130.23,378.0,19.09,3.1
1990-07-16 15:00:00+00:00,386.0,87.86,325.0,19.22,3.24
1990-07-16 16:00:00+00:00,276.0,45.0,250.0,18.99,3.17
1990-07-16 17:00:00+00:00,305.0,264.91,188.0,18.98,2.97
1990-07-16 18:00:00+00:00,204.0,308.37,113.0,18.87,2.97
1990-07-16 19:00:00+00:00,96.0,310.48,50.0,18.56,3.31
1990-07-16 20:00:00+00:00,0.0,0.0,0.0,16.98,3.52
1990-07-16 21:00:00+00:00,0.0,0.0,0.0,15.36,3.24
1990-07-16 22:00:00+00:00,0.0,0.0,0.0,14.07,2.76
1990-07-16 23:00:00+00:00,0.0,0.0,0.0,12.89,2.34
1990-07-17 00:00:00+00:00,0.0,0.0,0.0,11.97,2.21
1990-07-17 01:00:00+00:00,0.0,0.0,0.0,11.19,2.14
1990-07-17 02:00:00+00:00,0.0,0.0,0.0,10.55,2.0
1990-07-17 03:00:00+00:00,0.0,0.0,0.0,9.96,1.93
1990-07-17 04:00:00+00:00,0.0,0.0,0.0,9.55,1.86
1990-07-17 05:00:00+00:00,72.0,156.35,51.0,9.59,1.66
1990-07-17 06:00:00+00:00,204.0,352.28,105.0,11.82,1.24
1990-07-17 07:00:00+00:00,327.0,366.7,170.0,14.3,1.72
1990-07-17 08:00:00+00:00,431.0,332.36,243.0,15.9,1.93
1990-07-17 09:00:00+00:00,667.0,761.5,146.0,17.37,1.66
1990-07-17 10:00:00+00:00,811.0,905.05,109.0,18.85,1.52
1990-07-17 11:00:00+00:00,836.0,797.53,171.0,20.11,1.52
1990-07-17 12:00:00+00:00,865.0,820.13,164.0,21.12,1.59
1990-07-17 13:00:00+00:00,791.0,649.96,247.0,21.92,1.59
1990-07-17 14:00:00+00:00,735.0,647.27,229.0,22.49,1.66
1990-07-17 15:00:00+00:00,638.0,622.12,207.0,22.88,1.72
1990-07-17 16:00:00+00:00,369.0,164.87,274.0,22.99,1.79
1990-07-17 17:00:00+00:00,342.0,388.71,171.0,22.79,2.0
1990-07-17 18:00:00+00:00,131.0,44.34,118.0,22.28,2.28
1990-07-17 19:00:00+00:00,39.0,6.85,38.0,21.24,2.41
1990-07-17 20:00:00+00:00,0.0,0.0,0.0,19.54,2.62
1990-07-17 21:00:00+00:00,0.0,0.0,0.0,17.92,2.69
1990-07-17 22:00:00+00:00,0.0,0.0,0.0,16.81,2.48
1990-07-17 23:00:00+00:00,0.0,0.0,0.0,15.87,2.34
1990-07-18 00:00:00+00:00,0.0,0.0,0.0,15.24,2.14
1990-07-18 01:00:00+00:00,0.0,0.0,0.0,14.68,1.93
1990-07-18 02:00:00+00:00,0.0,0.0,0.0,14.43,1.72
1990-07-18 03:00:00+00:00,0.0,0.0,0.0,14.33,1.59
1990-07-18 04:00:00+00:00,0.0,0.0,0.0,14.33,1.72
1990-07-18 05:00:00+00:00,22.0,0.0,22.0,14.56,1.86
1990-07-18 06:00:00+00:00,88.0,7.18,86.0,15.39,1.93
1990-07-18 07:00:00+00:00,246.0,129.14,191.0,16.88,2.48
1990-07-18 08:00:00+00:00,383.0,223.57,257.0,18.31,3.17
1990-07-18 09:00:00+00:00,560.0,429.45,267.0,19.75,4.0
1990-07-18 10:00:00+00:00,678.0,524.62,272.0,21.02,4.62
1990-07-18 11:00:00+00:00,690.0,420.58,340.0,21.99,4.97
1990-07-18 12:00:00+00:00,840.0,771.23,182.0,22.9,5.24
1990-07-18 13:00:00+00:00,847.0,847.44,139.0,23.7,5.45
1990-07-18 14:00:00+00:00,721.0,631.88,228.0,24.21,5.45
1990-07-18 15:00:00+00:00,412.0,117.19,331.0,24.43,5.31
1990-07-18 16:00:00+00:00,356.0,151.43,269.0,24.14,5.03
1990-07-18 17:00:00+00:00,194.0,34.24,179.0,23.54,4.83
1990-07-18 18:00:00+00:00,75.0,0.0,75.0,22.8,4.69
1990-07-18 19:00:00+00:00,26.0,0.0,26.0,21.55,4.48
1990-07-18 20:00:00+00:00,0.0,0.0,0.0,20.51,4.55
1990-07-18 21:00:00+00:00,0.0,0.0,0.0,19.54,4.34
1990-07-18 22:00:00+00:00,0.0,0.0,0.0,18.85,4.34
1990-07-18 23:00:00+00:00,0.0,0.0,0.0,18.07,4.07
1990-07-19 00:00:00+00:00,0.0,0.0,0.0,17.05,3.79
1990-07-19 01:00:00+00:00,0.0,0.0,0.0,16.65,3.72
1990-07-19 02:00:00+00:00,0.0,0.0,0.0,16.25,3.79
1990-07-19 03:00:00+00:00,0.0,0.0,0.0,16.28,3.93
1990-07-19 04:00:00+00:00,0.0,0.0,0.0,16.33,3.66
1990-07-19 05:00:00+00:00,7.0,0.0,7.0,16.4,3.38
1990-07-19 06:00:00+00:00,51.0,0.0,51.0,16.88,3.31
1990-07-19 07:00:00+00:00,138.0,4.72,136.0,18.66,4.0
1990-07-19 08:00:00+00:00,349.0,163.86,257.0,19.01,2.76
1990-07-19 09:00:00+00:00,245.0,5.88,241.0,20.36,3.1
1990-07-19 10:00:00+00:00,175.0,0.0,175.0,22.24,2.97
1990-07-19 11:00:00+00:00,199.0,0.0,199.0,23.72,3.1
1990-07-19 12:00:00+00:00,178.0,0.0,178.0,24.45,3.52
1990-07-19 13:00:00+00:00,138.0,0.0,138.0,24.63,5.03
1990-07-19 14:00:00+00:00,201.0,0.0,201.0,23.97,5.72
1990-07-19 15:00:00+00:00,124.0,0.0,124.0,23.1,5.72
1990-07-19 16:00:00+00:00,165.0,0.0,165.0,21.25,4.69
1990-07-19 17:00:00+00:00,74.0,0.0,74.0,19.67,3.59
1990-07-19 18:00:00+00:00,65.0,0.0,65.0,19.47,3.59
1990-07-19 19:00:00+00:00,27.0,0.0,27.0,20.06,4.0
1990-07-19 20:00:00+00:00,0.0,0.0,0.0,19.34,3.72
1990-07-19 21:00:00+00:00,0.0,0.0,0.0,18.42,3.52
1990-07-19 22:00:00+00:00,0.0,0.0,0.0,17.64,3.24
1990-07-19 23:00:00+00:00,0.0,0.0,0.0,17.2,3.03
1990-07-20 00:00:00+00:00,0.0,0.0,0.0,16.64,2.76
1990-07-20 01:00:00+00:00,0.0,0.0,0.0,15.97,2.62
1990-07-20 02:00:00+00:00,0.0,0.0,0.0,15.65,2.41
1990-07-20 03:00:00+00:00,0.0,0.0,0.0,15.77,2.14
1990-07-20 04:00:00+00:00,0.0,0.0,0.0,15.83,1.86
1990-07-20 05:00:00+00:00,7.0,0.0,7.0,15.73,2.28
1990-07-20 06:00:00+00:00,25.0,0.0,25.0,14.93,3.72
1990-07-20 07:00:00+00:00,86.0,0.0,86.0,13.69,4.28
1990-07-20 08:00:00+00:00,99.0,0.0,99.0,12.6,3.72
1990-07-20 09:00:00+00:00,163.0,0.0,163.0,12.37,3.66
1990-07-20 10:00:00+00:00,758.0,789.38,150.0,12.92,3.86
1990-07-20 11:00:00+00:00,320.0,7.24,314.0,14.09,4.69
1990-07-20 12:00:00+00:00,441.0,54.13,395.0,16.01,5.31
1990-07-20 13:00:00+00:00,630.0,296.8,383.0,17.17,5.59
1990-07-20 14:00:00+00:00,779.0,827.64,136.0,17.66,5.38
1990-07-20 15:00:00+00:00,532.0,340.23,298.0,17.7,5.38
1990-07-20 16:00:00+00:00,292.0,63.06,256.0,17.42,5.45
1990-07-20 17:00:00+00:00,186.0,29.94,173.0,16.83,5.17
1990-07-20 18:00:00+00:00,204.0,334.58,108.0,16.26,4.76
1990-07-20 19:00:00+00:00,61.0,71.8,51.0,15.9,4.07
1990-07-20 20:00:00+00:00,0.0,0.0,0.0,14.81,3.72
1990-07-20 21:00:00+00:00,0.0,0.0,0.0,13.89,3.45
1990-07-20 22:00:00+00:00,0.0,0.0,0.0,13.14,3.31
1990-07-20 23:00:00+00:00,0.0,0.0,0.0,12.82,3.31
1990-07-21 00:00:00+00:00,0.0,0.0,0.0,13.18,3.93
1990-07-21 01:00:00+00:00,0.0,0.0,0.0,13.6,4.83
1990-07-21 02:00:00+00:00,0.0,0.0,0.0,13.89,5.31
1990-07-21 03:00:00+00:00,0.0,0.0,0.0,13.72,5.24
1990-07-21 04:00:00+00:00,0.0,0.0,0.0,13.52,5.52
1990-07-21 05:00:00+00:00,20.0,0.0,20.0,13.76,5.93
1990-07-21 06:00:00+00:00,135.0,88.58,111.0,14.1,5.93
1990-07-21 07:00:00+00:00,125.0,2.39,124.0,14.73,5.79
1990-07-21 08:00:00+00:00,193.0,5.39,190.0,15.42,7.72
1990-07-21 09:00:00+00:00,155.0,0.0,155.0,16.2,7.17
1990-07-21 10:00:00+00:00,208.0,0.0,208.0,16.61,7.72
1990-07-21 11:00:00+00:00,245.0,0.0,245.0,17.06,7.31
1990-07-21 12:00:00+00:00,393.0,29.48,368.0,17.25,7.45
1990-07-21 13:00:00+00:00,287.0,2.41,285.0,17.48,7.03
1990-07-21 14:00:00+00:00,428.0,79.98,366.0,17.6,6.69
1990-07-21 15:00:00+00:00,127.0,0.0,127.0,18.43,7.72
1990-07-21 16:00:00+00:00,120.0,0.0,120.0,18.12,7.45
1990-07-21 17:00:00+00:00,53.0,0.0,53.0,17.34,7.1
1990-07-21 18:00:00+00:00,89.0,7.03,87.0,15.81,6.34
1990-07-21 19:00:00+00:00,18.0,0.0,18.0,15.14,6.07
1990-07-21 20:00:00+00:00,0.0,0.0,0.0,14.74,5.03
1990-07-21 21:00:00+00:00,0.0,0.0,0.0,14.4,4.0
1990-07-21 22:00:00+00:00,0.0,0.0,0.0,14.11,3.17
1990-07-21 23:00:00+00:00,0.0,0.0,0.0,13.77,2.48
1990-07-22 00:00:00+00:00,0.0,0.0,0.0,13.38,2.0
1990-07-22 01:00:00+00:00,0.0,0.0,0.0,12.99,1.59
1990-07-22 02:00:00+00:00,0.0,0.0,0.0,12.39,1.93
1990-07-22 03:00:00+00:00,0.0,0.0,0.0,11.8,2.0
1990-07-22 04:00:00+00:00,0.0,0.0,0.0,11.15,1.93
1990-07-22 05:00:00+00:00,44.0,33.13,40.0,10.59,1.66
1990-07-22 06:00:00+00:00,140.0,100.64,113.0,11.48,1.45
1990-07-22 07:00:00+00:00,196.0,48.04,176.0,12.72,2.07
1990-07-22 08:00:00+00:00,172.0,1.8,171.0,13.66,2.69
1990-07-22 09:00:00+00:00,410.0,127.57,324.0,14.93,3.03
1990-07-22 10:00:00+00:00,773.0,833.84,134.0,15.86,3.31
1990-07-22 11:00:00+00:00,585.0,224.22,400.0,16.91,3.17
1990-07-22 12:00:00+00:00,213.0,0.0,213.0,17.49,2.62
1990-07-22 13:00:00+00:00,619.0,275.14,391.0,17.91,2.9
1990-07-22 14:00:00+00:00,362.0,31.04,338.0,17.62,3.17
1990-07-22 15:00:00+00:00,128.0,0.0,128.0,15.71,4.41
1990-07-22 16:00:00+00:00,93.0,0.0,93.0,14.91,3.93
1990-07-22 17:00:00+00:00,46.0,0.0,46.0,14.14,2.83
1990-07-22 18:00:00+00:00,40.0,0.0,40.0,14.05,2.62
1990-07-22 19:00:00+00:00,9.0,0.0,9.0,13.43,1.59
1990-07-22 20:00:00+00:00,0.0,0.0,0.0,13.02,1.31
1990-07-22 21:00:00+00:00,0.0,0.0,0.0,12.56,1.45
1990-07-22 22:00:00+00:00,0.0,0.0,0.0,12.28,1.45
1990-07-22 23:00:00+00:00,0.0,0.0,0.0,12.1,1.24
1990-07-23 00:00:00+00:00,0.0,0.0,0.0,11.87,0.97
1990-07-23 01:00:00+00:00,0.0,0.0,0.0,11.75,1.03
1990-07-23 02:00:00+00:00,0.0,0.0,0.0,11.6,1.31
1990-07-23 03:00:00+00:00,0.0,0.0,0.0,11.43,1.52
1990-07-23 04:00:00+00:00,0.0,0.0,0.0,11.33,1.66
1990-07-23 05:00:00+00:00,17.0,0.0,17.0,11.34,1.72
1990-07-23 06:00:00+00:00,24.0,0.0,24.0,12.22,1.59
1990-07-23 07:00:00+00:00,96.0,0.0,96.0,12.83,1.86
1990-07-23 08:00:00+00:00,242.0,27.15,227.0,13.37,1.86
1990-07-23 09:00:00+00:00,519.0,339.3,291.0,14.42,2.28
1990-07-23 10:00:00+00:00,560.0,265.6,357.0,14.92,2.69
1990-07-23 11:00:00+00:00,568.0,202.88,401.0,16.11,2.41
1990-07-23 12:00:00+00:00,240.0,0.0,240.0,16.95,2.0
1990-07-23 13:00:00+00:00,109.0,0.0,109.0,17.46,2.21
1990-07-23 14:00:00+00:00,771.0,817.99,140.0,18.2,2.41
1990-07-23 15:00:00+00:00,653.0,731.67,154.0,18.77,2.97
1990-07-23 16:00:00+00:00,109.0,0.0,109.0,18.43,3.31
1990-07-23 17:00:00+00:00,259.0,152.05,194.0,18.14,3.79
1990-07-23 18:00:00+00:00,83.0,3.57,82.0,17.16,3.31
1990-07-23 19:00:00+00:00,26.0,0.0,26.0,17.24,3.24
1990-07-23 20:00:00+00:00,0.0,0.0,0.0,16.26,3.52
1990-07-23 21:00:00+00:00,0.0,0.0,0.0,15.3,3.45
1990-07-23 22:00:00+00:00,0.0,0.0,0.0,14.41,3.1
1990-07-23 23:00:00+00:00,0.0,0.0,0.0,14.47,3.31
1990-07-24 00:00:00+00:00,0.0,0.0,0.0,14.15,3.72
1990-07-24 01:00:00+00:00,0.0,0.0,0.0,14.11,4.41
1990-07-24 02:00:00+00:00,0.0,0.0,0.0,14.41,4.83
1990-07-24 03:00:00+00:00,0.0,0.0,0.0,14.43,4.97
1990-07-24 04:00:00+00:00,0.0,0.0,0.0,14.37,4.97
1990-07-24 05:00:00+00:00,6.0,0.0,6.0,14.33,4.97
1990-07-24 06:00:00+00:00,31.0,0.0,31.0,14.44,4.83
1990-07-24 07:00:00+00:00,49.0,0.0,49.0,14.87,4.0
1990-07-24 08:00:00+00:00,396.0,285.43,239.0,15.82,6.21
1990-07-24 09:00:00+00:00,143.0,0.0,143.0,16.41,5.72
1990-07-24 10:00:00+00:00,443.0,102.33,365.0,16.77,5.1
1990-07-24 11:00:00+00:00,239.0,0.0,239.0,17.04,4.76
1990-07-24 12:00:00+00:00,191.0,0.0,191.0,17.9,5.66
1990-07-24 13:00:00+00:00,253.0,0.0,253.0,18.33,5.52
1990-07-24 14:00:00+00:00,152.0,0.0,152.0,18.94,5.31
1990-07-24 15:00:00+00:00,496.0,279.45,306.0,19.12,4.76
1990-07-24 16:00:00+00:00,271.0,48.0,244.0,19.23,4.21
1990-07-24 17:00:00+00:00,275.0,207.01,187.0,19.02,3.93
1990-07-24 18:00:00+00:00,188.0,292.25,107.0,18.6,3.17
1990-07-24 19:00:00+00:00,57.0,77.68,47.0,17.85,2.9
1990-07-24 20:00:00+00:00,0.0,0.0,0.0,17.21,2.28
1990-07-24 21:00:00+00:00,0.0,0.0,0.0,16.16,1.86
1990-07-24 22:00:00+00:00,0.0,0.0,0.0,15.28,1.72
1990-07-24 23:00:00+00:00,0.0,0.0,0.0,14.69,1.52
1990-07-25 00:00:00+00:00,0.0,0.0,0.0,13.93,1.31
1990-07-25 01:00:00+00:00,0.0,0.0,0.0,13.4,1.24
1990-07-25 02:00:00+00:00,0.0,0.0,0.0,12.29,1.31
1990-07-25 03:00:00+00:00,0.0,0.0,0.0,11.54,1.31
1990-07-25 04:00:00+00:00,0.0,0.0,0.0,11.67,1.17
1990-07-25 05:00:00+00:00,45.0,53.63,39.0,12.36,0.83
1990-07-25 06:00:00+00:00,126.0,76.92,106.0,13.33,0.83
1990-07-25 07:00:00+00:00,235.0,127.25,183.0,14.16,1.03
1990-07-25 08:00:00+00:00,316.0,111.39,255.0,14.72,0.9
1990-07-25 09:00:00+00:00,588.0,552.8,219.0,15.25,0.62
1990-07-25 10:00:00+00:00,591.0,336.79,335.0,16.26,0.48
1990-07-25 11:00:00+00:00,748.0,594.53,261.0,17.33,0.55
1990-07-25 12:00:00+00:00,709.0,443.76,336.0,18.15,0.48
1990-07-25 13:00:00+00:00,605.0,264.92,387.0,18.96,0.76
1990-07-25 14:00:00+00:00,601.0,346.65,335.0,19.57,0.97
1990-07-25 15:00:00+00:00,513.0,314.28,300.0,19.95,0.83
1990-07-25 16:00:00+00:00,316.0,99.97,260.0,20.44,0.55
1990-07-25 17:00:00+00:00,214.0,68.62,185.0,20.36,0.21
1990-07-25 18:00:00+00:00,156.0,142.09,117.0,20.05,1.1
1990-07-25 19:00:00+00:00,22.0,0.0,22.0,19.74,2.0
1990-07-25 20:00:00+00:00,0.0,0.0,0.0,18.28,2.41
1990-07-25 21:00:00+00:00,0.0,0.0,0.0,17.42,2.55
1990-07-25 22:00:00+00:00,0.0,0.0,0.0,16.72,2.69
1990-07-25 23:00:00+00:00,0.0,0.0,0.0,16.26,2.69
1990-07-26 00:00:00+00:00,0.0,0.0,0.0,15.73,2.62
1990-07-26 01:00:00+00:00,0.0,0.0,0.0,15.26,2.41
1990-07-26 02:00:00+00:00,0.0,0.0,0.0,14.63,2.48
1990-07-26 03:00:00+00:00,0.0,0.0,0.0,14.51,2.48
1990-07-26 04:00:00+00:00,0.0,0.0,0.0,14.42,2.48
1990-07-26 05:00:00+00:00,6.0,0.0,6.0,14.54,2.62
1990-07-26 06:00:00+00:00,44.0,0.0,44.0,14.78,3.1
1990-07-26 07:00:00+00:00,58.0,0.0,58.0,14.92,4.34
1990-07-26 08:00:00+00:00,141.0,0.0,141.0,14.93,4.14
1990-07-26 09:00:00+00:00,148.0,0.0,148.0,15.0,3.52
1990-07-26 10:00:00+00:00,131.0,0.0,131.0,15.45,4.97
1990-07-26 11:00:00+00:00,406.0,44.06,370.0,16.22,5.72
1990-07-26 12:00:00+00:00,213.0,0.0,213.0,16.85,5.1
1990-07-26 13:00:00+00:00,155.0,0.0,155.0,17.73,4.9
1990-07-26 14:00:00+00:00,497.0,165.97,370.0,18.04,5.52
1990-07-26 15:00:00+00:00,358.0,69.58,311.0,19.06,5.93
1990-07-26 16:00:00+00:00,202.0,7.17,198.0,20.14,5.52
1990-07-26 17:00:00+00:00,193.0,45.24,174.0,19.5,4.97
1990-07-26 18:00:00+00:00,67.0,0.0,67.0,18.62,4.97
1990-07-26 19:00:00+00:00,25.0,0.0,25.0,17.77,5.17
1990-07-26 20:00:00+00:00,0.0,0.0,0.0,16.88,4.9
1990-07-26 21:00:00+00:00,0.0,0.0,0.0,15.82,4.97
1990-07-26 22:00:00+00:00,0.0,0.0,0.0,14.77,4.76
1990-07-26 23:00:00+00:00,0.0,0.0,0.0,13.93,4.41
1990-07-27 00:00:00+00:00,0.0,0.0,0.0,13.27,4.0
1990-07-27 01:00:00+00:00,0.0,0.0,0.0,12.54,3.79
1990-07-27 02:00:00+00:00,0.0,0.0,0.0,11.97,3.66
1990-07-27 03:00:00+00:00,0.0,0.0,0.0,11.57,3.45
1990-07-27 04:00:00+00:00,0.0,0.0,0.0,11.05,3.1
1990-07-27 05:00:00+00:00,8.0,0.0,8.0,10.74,2.83
1990-07-27 06:00:00+00:00,51.0,0.0,51.0,11.41,2.41
1990-07-27 07:00:00+00:00,156.0,14.88,150.0,13.66,4.21
1990-07-27 08:00:00+00:00,316.0,114.26,254.0,13.93,4.55
1990-07-27 09:00:00+00:00,238.0,4.53,235.0,14.16,4.34
1990-07-27 10:00:00+00:00,112.0,0.0,112.0,14.95,4.76
1990-07-27 11:00:00+00:00,532.0,157.08,404.0,15.72,4.97
1990-07-27 12:00:00+00:00,686.0,390.98,359.0,16.93,5.45
1990-07-27 13:00:00+00:00,431.0,57.41,384.0,17.44,6.07
1990-07-27 14:00:00+00:00,601.0,343.39,339.0,17.53,6.76
1990-07-27 15:00:00+00:00,247.0,5.94,243.0,16.46,6.07
1990-07-27 16:00:00+00:00,281.0,57.63,249.0,17.11,5.59
1990-07-27 17:00:00+00:00,380.0,673.34,99.0,16.82,5.24
1990-07-27 18:00:00+00:00,178.0,256.71,109.0,16.49,4.9
1990-07-27 19:00:00+00:00,42.0,25.05,39.0,16.05,4.76
1990-07-27 20:00:00+00:00,0.0,0.0,0.0,15.04,4.48
1990-07-27 21:00:00+00:00,0.0,0.0,0.0,14.31,4.34
1990-07-27 22:00:00+00:00,0.0,0.0,0.0,13.67,4.48
1990-07-27 23:00:00+00:00,0.0,0.0,0.0,13.23,4.62
1990-07-28 00:00:00+00:00,0.0,0.0,0.0,12.94,4.62
1990-07-28 01:00:00+00:00,0.0,0.0,0.0,12.58,4.41
1990-07-28 02:00:00+00:00,0.0,0.0,0.0,12.64,4.48
1990-07-28 03:00:00+00:00,0.0,0.0,0.0,12.55,4.48
1990-07-28 04:00:00+00:00,0.0,0.0,0.0,12.54,4.48
1990-07-28 05:00:00+00:00,14.0,0.0,14.0,12.53,4.28
1990-07-28 06:00:00+00:00,135.0,123.37,104.0,13.19,3.86
1990-07-28 07:00:00+00:00,339.0,559.29,115.0,14.46,5.45
1990-07-28 08:00:00+00:00,509.0,729.54,115.0,15.75,6.21
1990-07-28 09:00:00+00:00,151.0,0.0,151.0,16.58,6.0
1990-07-28 10:00:00+00:00,173.0,0.0,173.0,16.94,5.79
1990-07-28 11:00:00+00:00,164.0,0.0,164.0,16.77,5.52
1990-07-28 12:00:00+00:00,158.0,0.0,158.0,16.27,5.59
1990-07-28 13:00:00+00:00,323.0,9.8,315.0,16.23,5.38
1990-07-28 14:00:00+00:00,187.0,0.0,187.0,16.21,5.59
1990-07-28 15:00:00+00:00,161.0,0.0,161.0,16.12,5.24
1990-07-28 16:00:00+00:00,102.0,0.0,102.0,16.03,5.31
1990-07-28 17:00:00+00:00,65.0,0.0,65.0,16.24,5.86
1990-07-28 18:00:00+00:00,42.0,0.0,42.0,15.88,5.03
1990-07-28 19:00:00+00:00,7.0,0.0,7.0,15.96,6.55
1990-07-28 20:00:00+00:00,0.0,0.0,0.0,16.19,6.69
1990-07-28 21:00:00+00:00,0.0,0.0,0.0,16.17,6.21
1990-07-28 22:00:00+00:00,0.0,0.0,0.0,16.25,6.55
1990-07-28 23:00:00+00:00,0.0,0.0,0.0,15.83,5.72
1990-07-29 00:00:00+00:00,0.0,0.0,0.0,15.31,5.03
1990-07-29 01:00:00+00:00,0.0,0.0,0.0,14.43,4.34
1990-07-29 02:00:00+00:00,0.0,0.0,0.0,13.57,3.93
1990-07-29 03:00:00+00:00,0.0,0.0,0.0,12.88,3.72
1990-07-29 04:00:00+00:00,0.0,0.0,0.0,12.18,3.38
1990-07-29 05:00:00+00:00,23.0,0.0,23.0,11.74,3.1
1990-07-29 06:00:00+00:00,94.0,24.17,88.0,12.35,2.97
1990-07-29 07:00:00+00:00,153.0,15.09,147.0,13.71,4.0
1990-07-29 08:00:00+00:00,227.0,22.33,215.0,14.6,4.83
1990-07-29 09:00:00+00:00,249.0,7.6,244.0,15.66,4.76
1990-07-29 10:00:00+00:00,361.0,37.28,333.0,16.29,4.83
1990-07-29 11:00:00+00:00,0.0,0.0,0.0,16.92,5.1
1990-07-29 12:00:00+00:00,394.0,31.25,368.0,17.27,4.97
1990-07-29 13:00:00+00:00,359.0,20.88,342.0,17.71,4.83
1990-07-29 14:00:00+00:00,287.0,6.59,282.0,18.03,4.69
1990-07-29 15:00:00+00:00,285.0,19.45,272.0,17.74,4.21
1990-07-29 16:00:00+00:00,148.0,0.0,148.0,17.54,4.0
1990-07-29 17:00:00+00:00,111.0,0.0,111.0,17.12,3.72
1990-07-29 18:00:00+00:00,28.0,0.0,28.0,16.3,2.97
1990-07-29 19:00:00+00:00,6.0,0.0,6.0,15.75,2.62
1990-07-29 20:00:00+00:00,0.0,0.0,0.0,15.11,2.55
1990-07-29 21:00:00+00:00,0.0,0.0,0.0,14.32,2.41
1990-07-29 22:00:00+00:00,0.0,0.0,0.0,14.0,1.93
1990-07-29 23:00:00+00:00,0.0,0.0,0.0,13.78,1.66
1990-07-30 00:00:00+00:00,0.0,0.0,0.0,13.65,1.45
1990-07-30 01:00:00+00:00,0.0,0.0,0.0,13.42,1.1
1990-07-30 02:00:00+00:00,0.0,0.0,0.0,13.27,1.38
1990-07-30 03:00:00+00:00,0.0,0.0,0.0,13.06,1.72
1990-07-30 04:00:00+00:00,0.0,0.0,0.0,12.73,1.79
1990-07-30 05:00:00+00:00,33.0,31.24,30.0,12.12,2.41
1990-07-30 06:00:00+00:00,190.0,473.07,74.0,12.21,2.55
1990-07-30 07:00:00+00:00,325.0,503.98,126.0,13.08,4.34
1990-07-30 08:00:00+00:00,466.0,562.83,165.0,13.89,4.62
1990-07-30 09:00:00+00:00,591.0,598.02,199.0,15.1,4.69
1990-07-30 10:00:00+00:00,520.0,216.37,358.0,16.15,4.69
1990-07-30 11:00:00+00:00,308.0,6.19,303.0,17.1,5.17
1990-07-30 12:00:00+00:00,709.0,464.06,324.0,17.73,5.45
1990-07-30 13:00:00+00:00,220.0,0.0,220.0,18.08,5.86
1990-07-30 14:00:00+00:00,707.0,656.19,211.0,17.62,5.79
1990-07-30 15:00:00+00:00,437.0,177.28,319.0,16.98,5.66
1990-07-30 16:00:00+00:00,177.0,1.83,176.0,17.04,5.59
1990-07-30 17:00:00+00:00,359.0,619.05,106.0,16.26,5.52
1990-07-30 18:00:00+00:00,75.0,3.85,74.0,15.56,5.17
1990-07-30 19:00:00+00:00,69.0,300.33,36.0,14.94,4.21
1990-07-30 20:00:00+00:00,0.0,0.0,0.0,14.26,4.28
1990-07-30 21:00:00+00:00,0.0,0.0,0.0,13.42,4.21
1990-07-30 22:00:00+00:00,0.0,0.0,0.0,12.87,4.28
1990-07-30 23:00:00+00:00,0.0,0.0,0.0,12.54,4.21
1990-07-31 00:00:00+00:00,0.0,0.0,0.0,12.26,4.14
1990-07-31 01:00:00+00:00,0.0,0.0,0.0,12.11,4.07
1990-07-31 02:00:00+00:00,0.0,0.0,0.0,12.11,4.07
1990-07-31 03:00:00+00:00,0.0,0.0,0.0,12.38,4.07
1990-07-31 04:00:00+00:00,0.0,0.0,0.0,12.23,3.86
1990-07-31 05:00:00+00:00,55.0,258.81,31.0,12.07,3.66
1990-07-31 06:00:00+00:00,192.0,503.9,70.0,12.19,3.38
1990-07-31 07:00:00+00:00,344.0,619.94,101.0,13.59,5.1
1990-07-31 08:00:00+00:00,491.0,682.2,128.0,14.69,5.52
1990-07-31 09:00:00+00:00,0.0,0.0,0.0,15.64,5.86
1990-07-31 10:00:00+00:00,0.0,0.0,0.0,16.1,6.21
1990-07-31 11:00:00+00:00,654.0,382.26,346.0,16.29,6.14
1990-07-31 12:00:00+00:00,138.0,0.0,138.0,17.12,6.0
1990-07-31 13:00:00+00:00,185.0,0.0,185.0,17.71,6.07
1990-07-31 14:00:00+00:00,123.0,0.0,123.0,17.59,5.72
1990-07-31 15:00:00+00:00,531.0,384.65,276.0,17.95,5.45
1990-07-31 16:00:00+00:00,509.0,703.6,126.0,16.94,4.16
1990-07-31 17:00:00+00:00,361.0,640.98,101.0,16.64,3.95
1990-07-31 18:00:00+00:00,199.0,456.58,82.0,16.33,3.74
1990-07-31 19:00:00+00:00,54.0,140.99,39.0,16.03,3.53
1990-07-31 20:00:00+00:00,0.0,0.0,0.0,15.73,3.32
1990-07-31 21:00:00+00:00,0.0,0.0,0.0,15.43,3.11
1990-07-31 22:00:00+00:00,0.0,0.0,0.0,15.13,2.9
1990-07-31 23:00:00+00:00,0.0,0.0,0.0,14.83,2.69
1990-08-01 00:00:00+00:00,0.0,0.0,0.0,14.53,2.48
1990-08-01 01:00:00+00:00,0.0,0.0,0.0,14.23,2.27
1990-08-01 02:00:00+00:00,0.0,0.0,0.0,13.93,2.06
1990-08-01 03:00:00+00:00,0.0,0.0,0.0,13.63,1.85
1990-08-01 04:00:00+00:00,0.0,0.0,0.0,13.33,1.64
1990-08-01 05:00:00+00:00,12.0,0.0,12.0,13.03,1.43
1990-08-01 06:00:00+00:00,42.0,0.0,42.0,12.73,1.22
1990-08-01 07:00:00+00:00,98.0,0.0,98.0,12.43,1.01
1990-08-01 08:00:00+00:00,275.0,68.01,239.0,13.46,2.34
1990-08-01 09:00:00+00:00,371.0,95.33,309.0,13.63,2.34
1990-08-01 10:00:00+00:00,144.0,0.0,144.0,14.38,2.41
1990-08-01 11:00:00+00:00,280.0,2.49,278.0,15.29,2.21
1990-08-01 12:00:00+00:00,369.0,21.82,351.0,16.52,2.07
1990-08-01 13:00:00+00:00,269.0,1.24,268.0,17.07,2.14
1990-08-01 14:00:00+00:00,416.0,77.26,358.0,17.51,2.41
1990-08-01 15:00:00+00:00,381.0,99.97,315.0,17.36,2.41
1990-08-01 16:00:00+00:00,259.0,44.33,235.0,17.04,2.76
1990-08-01 17:00:00+00:00,237.0,136.66,182.0,16.34,3.1
1990-08-01 18:00:00+00:00,129.0,90.95,106.0,15.77,3.1
1990-08-01 19:00:00+00:00,56.0,184.81,37.0,15.49,2.69
1990-08-01 20:00:00+00:00,0.0,0.0,0.0,14.61,2.34
1990-08-01 21:00:00+00:00,0.0,0.0,0.0,13.63,2.21
1990-08-01 22:00:00+00:00,0.0,0.0,0.0,13.21,1.93
1990-08-01 23:00:00+00:00,0.0,0.0,0.0,12.57,1.86
1990-08-02 00:00:00+00:00,0.0,0.0,0.0,12.32,1.72
1990-08-02 01:00:00+00:00,0.0,0.0,0.0,11.95,1.66
1990-08-02 02:00:00+00:00,0.0,0.0,0.0,11.54,1.52
1990-08-02 03:00:00+00:00,0.0,0.0,0.0,11.32,1.17
1990-08-02 04:00:00+00:00,0.0,0.0,0.0,10.97,1.1
1990-08-02 05:00:00+00:00,42.0,139.58,30.0,10.47,1.03
1990-08-02 06:00:00+00:00,180.0,449.56,74.0,11.1,0.62
1990-08-02 07:00:00+00:00,331.0,577.62,108.0,13.09,1.45
1990-08-02 08:00:00+00:00,478.0,647.59,137.0,13.74,1.59
1990-08-02 09:00:00+00:00,428.0,183.72,309.0,14.65,1.79
1990-08-02 10:00:00+00:00,486.0,168.63,361.0,15.41,2.0
1990-08-02 11:00:00+00:00,235.0,0.0,235.0,16.09,2.0
1990-08-02 12:00:00+00:00,225.0,0.0,225.0,16.95,1.79
1990-08-02 13:00:00+00:00,215.0,0.0,215.0,17.08,1.66
1990-08-02 14:00:00+00:00,270.0,4.01,267.0,16.91,1.17
1990-08-02 15:00:00+00:00,383.0,104.97,314.0,16.51,0.97
1990-08-02 16:00:00+00:00,134.0,0.0,134.0,16.22,1.17
1990-08-02 17:00:00+00:00,105.0,0.0,105.0,16.35,1.24
1990-08-02 18:00:00+00:00,86.0,12.03,83.0,16.14,0.48
1990-08-02 19:00:00+00:00,8.0,0.0,8.0,15.07,0.34
1990-08-02 20:00:00+00:00,0.0,0.0,0.0,14.17,0.97
1990-08-02 21:00:00+00:00,0.0,0.0,0.0,13.4,1.45
1990-08-02 22:00:00+00:00,0.0,0.0,0.0,12.57,1.72
1990-08-02 23:00:00+00:00,0.0,0.0,0.0,12.35,1.52
1990-08-03 00:00:00+00:00,0.0,0.0,0.0,11.97,1.45
1990-08-03 01:00:00+00:00,0.0,0.0,0.0,11.29,1.38
1990-08-03 02:00:00+00:00,0.0,0.0,0.0,10.53,0.97
1990-08-03 03:00:00+00:00,0.0,0.0,0.0,10.14,1.38
1990-08-03 04:00:00+00:00,0.0,0.0,0.0,9.8,1.59
1990-08-03 05:00:00+00:00,38.0,121.17,28.0,9.88,1.45
1990-08-03 06:00:00+00:00,166.0,356.89,83.0,10.7,1.24
1990-08-03 07:00:00+00:00,318.0,516.9,120.0,12.33,0.62
1990-08-03 08:00:00+00:00,478.0,658.73,133.0,13.98,0.76
1990-08-03 09:00:00+00:00,407.0,150.38,310.0,15.37,0.69
1990-08-03 10:00:00+00:00,619.0,441.34,293.0,16.65,0.76
1990-08-03 11:00:00+00:00,531.0,172.87,393.0,17.38,0.83
1990-08-03 12:00:00+00:00,278.0,1.22,277.0,18.29,1.24
1990-08-03 13:00:00+00:00,458.0,87.31,388.0,18.26,1.24
1990-08-03 14:00:00+00:00,332.0,22.81,315.0,18.8,1.24
1990-08-03 15:00:00+00:00,444.0,203.24,311.0,18.56,1.17
1990-08-03 16:00:00+00:00,413.0,358.73,221.0,18.91,1.31
1990-08-03 17:00:00+00:00,193.0,58.1,170.0,18.66,1.24
1990-08-03 18:00:00+00:00,161.0,256.27,98.0,18.33,0.97
1990-08-03 19:00:00+00:00,25.0,10.49,24.0,17.65,0.55
1990-08-03 20:00:00+00:00,0.0,0.0,0.0,16.61,1.52
1990-08-03 21:00:00+00:00,0.0,0.0,0.0,15.61,1.66
1990-08-03 22:00:00+00:00,0.0,0.0,0.0,14.82,1.72
1990-08-03 23:00:00+00:00,0.0,0.0,0.0,14.17,1.66
1990-08-04 00:00:00+00:00,0.0,0.0,0.0,13.46,1.79
1990-08-04 01:00:00+00:00,0.0,0.0,0.0,12.78,2.0
1990-08-04 02:00:00+00:00,0.0,0.0,0.0,12.54,2.0
1990-08-04 03:00:00+00:00,0.0,0.0,0.0,12.02,2.0
1990-08-04 04:00:00+00:00,0.0,0.0,0.0,11.72,1.93
1990-08-04 05:00:00+00:00,6.0,0.0,6.0,11.36,1.79
1990-08-04 06:00:00+00:00,46.0,0.0,46.0,12.19,1.52
1990-08-04 07:00:00+00:00,263.0,271.06,160.0,14.02,1.17
1990-08-04 08:00:00+00:00,482.0,693.08,121.0,15.67,1.24
1990-08-04 09:00:00+00:00,618.0,751.99,135.0,17.35,1.52
1990-08-04 10:00:00+00:00,691.0,668.45,199.0,18.46,1.79
1990-08-04 11:00:00+00:00,724.0,584.42,259.0,19.23,1.86
1990-08-04 12:00:00+00:00,600.0,260.67,387.0,19.75,1.93
1990-08-04 13:00:00+00:00,589.0,265.33,377.0,20.09,2.0
1990-08-04 14:00:00+00:00,495.0,180.48,361.0,20.16,2.21
1990-08-04 15:00:00+00:00,484.0,291.68,294.0,20.44,2.28
1990-08-04 16:00:00+00:00,388.0,291.35,233.0,20.31,2.41
1990-08-04 17:00:00+00:00,169.0,30.58,157.0,19.98,2.48
1990-08-04 18:00:00+00:00,83.0,12.39,80.0,19.59,2.28
1990-08-04 19:00:00+00:00,30.0,21.86,28.0,18.55,1.72
1990-08-04 20:00:00+00:00,0.0,0.0,0.0,17.17,1.24
1990-08-04 21:00:00+00:00,0.0,0.0,0.0,15.92,1.17
1990-08-04 22:00:00+00:00,0.0,0.0,0.0,15.07,1.66
1990-08-04 23:00:00+00:00,0.0,0.0,0.0,14.58,1.79
1990-08-05 00:00:00+00:00,0.0,0.0,0.0,14.1,1.79
1990-08-05 01:00:00+00:00,0.0,0.0,0.0,13.76,1.79
1990-08-05 02:00:00+00:00,0.0,0.0,0.0,13.4,2.0
1990-08-05 03:00:00+00:00,0.0,0.0,0.0,13.09,2.21
1990-08-05 04:00:00+00:00,0.0,0.0,0.0,12.54,2.48
1990-08-05 05:00:00+00:00,38.0,172.16,25.0,12.35,2.62
1990-08-05 06:00:00+00:00,166.0,407.09,74.0,12.93,2.62
1990-08-05 07:00:00+00:00,199.0,90.21,165.0,14.21,3.72
1990-08-05 08:00:00+00:00,357.0,243.27,231.0,15.51,4.76
1990-08-05 09:00:00+00:00,360.0,93.82,300.0,16.5,5.79
1990-08-05 10:00:00+00:00,219.0,0.0,219.0,17.19,5.72
1990-08-05 11:00:00+00:00,575.0,254.73,373.0,17.17,5.52
1990-08-05 12:00:00+00:00,105.0,0.0,105.0,17.39,6.0
1990-08-05 13:00:00+00:00,164.0,0.0,164.0,18.04,6.34
1990-08-05 14:00:00+00:00,173.0,0.0,173.0,17.79,5.31
1990-08-05 15:00:00+00:00,96.0,0.0,96.0,18.01,5.45
1990-08-05 16:00:00+00:00,127.0,0.0,127.0,17.51,5.24
1990-08-05 17:00:00+00:00,52.0,0.0,52.0,16.99,5.24
1990-08-05 18:00:00+00:00,26.0,0.0,26.0,16.28,4.76
1990-08-05 19:00:00+00:00,4.0,0.0,4.0,15.23,4.34
1990-08-05 20:00:00+00:00,0.0,0.0,0.0,15.36,4.0
1990-08-05 21:00:00+00:00,0.0,0.0,0.0,15.45,4.0
1990-08-05 22:00:00+00:00,0.0,0.0,0.0,15.17,3.59
1990-08-05 23:00:00+00:00,0.0,0.0,0.0,14.93,3.86
1990-08-06 00:00:00+00:00,0.0,0.0,0.0,14.54,3.45
1990-08-06 01:00:00+00:00,0.0,0.0,0.0,14.13,3.45
1990-08-06 02:00:00+00:00,0.0,0.0,0.0,13.89,3.31
1990-08-06 03:00:00+00:00,0.0,0.0,0.0,13.92,3.38
1990-08-06 04:00:00+00:00,0.0,0.0,0.0,13.81,3.38
1990-08-06 05:00:00+00:00,12.0,0.0,12.0,14.02,3.45
1990-08-06 06:00:00+00:00,89.0,31.44,82.0,14.53,3.93
1990-08-06 07:00:00+00:00,288.0,409.34,135.0,15.19,4.07
1990-08-06 08:00:00+00:00,304.0,126.22,239.0,15.96,4.28
1990-08-06 09:00:00+00:00,299.0,36.12,276.0,16.79,4.97
1990-08-06 10:00:00+00:00,218.0,0.0,218.0,16.33,5.79
1990-08-06 11:00:00+00:00,435.0,74.66,376.0,17.32,5.79
1990-08-06 12:00:00+00:00,716.0,526.06,289.0,18.33,6.55
1990-08-06 13:00:00+00:00,759.0,707.12,198.0,18.97,6.62
1990-08-06 14:00:00+00:00,698.0,697.85,184.0,19.42,6.83
1990-08-06 15:00:00+00:00,601.0,678.94,163.0,19.05,6.55
1990-08-06 16:00:00+00:00,457.0,561.58,162.0,18.4,6.21
1990-08-06 17:00:00+00:00,260.0,243.98,166.0,17.78,6.0
1990-08-06 18:00:00+00:00,157.0,285.64,90.0,16.95,5.45
1990-08-06 19:00:00+00:00,40.0,131.82,29.0,16.1,5.03
1990-08-06 20:00:00+00:00,0.0,0.0,0.0,15.36,5.03
1990-08-06 21:00:00+00:00,0.0,0.0,0.0,14.59,5.03
1990-08-06 22:00:00+00:00,0.0,0.0,0.0,14.08,4.97
1990-08-06 23:00:00+00:00,0.0,0.0,0.0,13.7,4.9
1990-08-07 00:00:00+00:00,0.0,0.0,0.0,13.31,4.76
1990-08-07 01:00:00+00:00,0.0,0.0,0.0,13.15,4.55
1990-08-07 02:00:00+00:00,0.0,0.0,0.0,12.8,4.34
1990-08-07 03:00:00+00:00,0.0,0.0,0.0,12.7,4.41
1990-08-07 04:00:00+00:00,0.0,0.0,0.0,12.46,4.41
1990-08-07 05:00:00+00:00,30.0,102.44,23.0,12.22,4.41
1990-08-07 06:00:00+00:00,137.0,228.03,87.0,12.69,4.0
1990-08-07 07:00:00+00:00,193.0,86.35,161.0,13.75,5.79
1990-08-07 08:00:00+00:00,358.0,251.96,229.0,14.85,5.24
1990-08-07 09:00:00+00:00,515.0,416.51,251.0,16.05,5.03
1990-08-07 10:00:00+00:00,471.0,162.13,353.0,17.15,5.17
1990-08-07 11:00:00+00:00,274.0,2.54,272.0,17.67,4.9
1990-08-07 12:00:00+00:00,168.0,0.0,168.0,17.88,4.9
1990-08-07 13:00:00+00:00,359.0,25.3,339.0,18.06,4.83
1990-08-07 14:00:00+00:00,122.0,0.0,122.0,17.23,4.55
1990-08-07 15:00:00+00:00,498.0,347.43,275.0,17.74,4.34
1990-08-07 16:00:00+00:00,145.0,0.0,145.0,18.26,4.34
1990-08-07 17:00:00+00:00,315.0,505.82,122.0,18.12,4.76
1990-08-07 18:00:00+00:00,88.0,21.68,83.0,17.45,4.76
1990-08-07 19:00:00+00:00,8.0,0.0,8.0,15.93,3.86
1990-08-07 20:00:00+00:00,0.0,0.0,0.0,15.3,4.0
1990-08-07 21:00:00+00:00,0.0,0.0,0.0,15.0,4.28
1990-08-07 22:00:00+00:00,0.0,0.0,0.0,14.55,4.41
1990-08-07 23:00:00+00:00,0.0,0.0,0.0,13.97,4.62
1990-08-08 00:00:00+00:00,0.0,0.0,0.0,13.49,4.55
1990-08-08 01:00:00+00:00,0.0,0.0,0.0,12.99,4.41
1990-08-08 02:00:00+00:00,0.0,0.0,0.0,13.08,4.69
1990-08-08 03:00:00+00:00,0.0,0.0,0.0,13.43,4.9
1990-08-08 04:00:00+00:00,0.0,0.0,0.0,13.73,4.97
1990-08-08 05:00:00+00:00,7.0,0.0,7.0,13.47,5.03
1990-08-08 06:00:00+00:00,27.0,0.0,27.0,13.18,4.55
1990-08-08 07:00:00+00:00,67.0,0.0,67.0,13.75,4.48
1990-08-08 08:00:00+00:00,147.0,0.0,147.0,13.67,4.55
1990-08-08 09:00:00+00:00,187.0,0.0,187.0,14.29,5.59
1990-08-08 10:00:00+00:00,209.0,0.0,209.0,14.67,5.17
1990-08-08 11:00:00+00:00,408.0,56.07,364.0,15.5,5.31
1990-08-08 12:00:00+00:00,413.0,50.87,372.0,16.71,5.66
1990-08-08 13:00:00+00:00,591.0,287.0,365.0,17.81,5.86
1990-08-08 14:00:00+00:00,394.0,69.83,343.0,17.93,6.14
1990-08-08 15:00:00+00:00,398.0,144.09,306.0,16.88,5.86
1990-08-08 16:00:00+00:00,396.0,351.18,214.0,17.43,5.72
1990-08-08 17:00:00+00:00,274.0,320.32,153.0,17.29,5.1
1990-08-08 18:00:00+00:00,119.0,114.75,93.0,15.72,3.45
1990-08-08 19:00:00+00:00,18.0,0.0,18.0,16.12,4.21
1990-08-08 20:00:00+00:00,0.0,0.0,0.0,15.32,3.72
1990-08-08 21:00:00+00:00,0.0,0.0,0.0,14.46,3.59
1990-08-08 22:00:00+00:00,0.0,0.0,0.0,13.62,3.45
1990-08-08 23:00:00+00:00,0.0,0.0,0.0,12.91,3.52
1990-08-09 00:00:00+00:00,0.0,0.0,0.0,12.86,3.38
1990-08-09 01:00:00+00:00,0.0,0.0,0.0,12.78,2.97
1990-08-09 02:00:00+00:00,0.0,0.0,0.0,12.74,2.69
1990-08-09 03:00:00+00:00,0.0,0.0,0.0,12.5,2.69
1990-08-09 04:00:00+00:00,0.0,0.0,0.0,12.23,2.48
1990-08-09 05:00:00+00:00,13.0,0.0,13.0,11.95,2.34
1990-08-09 06:00:00+00:00,87.0,37.66,79.0,12.26,2.28
1990-08-09 07:00:00+00:00,121.0,5.49,119.0,13.33,2.62
1990-08-09 08:00:00+00:00,167.0,3.95,165.0,14.35,3.17
1990-08-09 09:00:00+00:00,321.0,57.33,285.0,15.59,3.1
1990-08-09 10:00:00+00:00,573.0,361.46,312.0,16.82,3.52
1990-08-09 11:00:00+00:00,481.0,125.35,383.0,17.9,3.93
1990-08-09 12:00:00+00:00,602.0,282.68,375.0,18.37,4.28
1990-08-09 13:00:00+00:00,644.0,401.59,329.0,18.5,4.55
1990-08-09 14:00:00+00:00,578.0,363.09,314.0,18.78,4.41
1990-08-09 15:00:00+00:00,124.0,0.0,124.0,17.24,4.76
1990-08-09 16:00:00+00:00,114.0,0.0,114.0,16.84,3.45
1990-08-09 17:00:00+00:00,72.0,0.0,72.0,16.98,3.03
1990-08-09 18:00:00+00:00,56.0,0.0,56.0,16.99,3.1
1990-08-09 19:00:00+00:00,26.0,56.56,22.0,14.64,2.55
1990-08-09 20:00:00+00:00,0.0,0.0,0.0,13.77,2.48
1990-08-09 21:00:00+00:00,0.0,0.0,0.0,13.36,2.34
1990-08-09 22:00:00+00:00,0.0,0.0,0.0,13.05,2.41
1990-08-09 23:00:00+00:00,0.0,0.0,0.0,12.3,2.62
1990-08-10 00:00:00+00:00,0.0,0.0,0.0,11.91,2.69
1990-08-10 01:00:00+00:00,0.0,0.0,0.0,11.68,2.76
1990-08-10 02:00:00+00:00,0.0,0.0,0.0,11.48,2.76
1990-08-10 03:00:00+00:00,0.0,0.0,0.0,11.38,2.69
1990-08-10 04:00:00+00:00,0.0,0.0,0.0,11.46,2.62
1990-08-10 05:00:00+00:00,12.0,0.0,12.0,11.59,2.62
1990-08-10 06:00:00+00:00,72.0,14.36,69.0,12.53,2.55
1990-08-10 07:00:00+00:00,301.0,537.6,107.0,14.58,3.93
1990-08-10 08:00:00+00:00,406.0,435.59,187.0,15.55,3.52
1990-08-10 09:00:00+00:00,326.0,64.0,286.0,16.63,3.38
1990-08-10 10:00:00+00:00,208.0,0.0,208.0,17.58,3.1
1990-08-10 11:00:00+00:00,228.0,0.0,228.0,18.61,2.83
1990-08-10 12:00:00+00:00,394.0,40.0,362.0,19.26,2.48
1990-08-10 13:00:00+00:00,767.0,762.88,171.0,19.66,2.21
1990-08-10 14:00:00+00:00,578.0,371.65,309.0,20.13,2.76
1990-08-10 15:00:00+00:00,525.0,446.51,243.0,19.98,2.9
1990-08-10 16:00:00+00:00,406.0,403.25,200.0,19.93,2.83
1990-08-10 17:00:00+00:00,236.0,197.37,163.0,19.43,2.41
1990-08-10 18:00:00+00:00,100.0,59.57,87.0,18.98,1.93
1990-08-10 19:00:00+00:00,28.0,90.49,22.0,18.88,2.21
1990-08-10 20:00:00+00:00,0.0,0.0,0.0,17.71,2.41
1990-08-10 21:00:00+00:00,0.0,0.0,0.0,16.75,2.41
1990-08-10 22:00:00+00:00,0.0,0.0,0.0,16.08,2.14
1990-08-10 23:00:00+00:00,0.0,0.0,0.0,15.43,2.0
1990-08-11 00:00:00+00:00,0.0,0.0,0.0,14.64,1.93
1990-08-11 01:00:00+00:00,0.0,0.0,0.0,14.16,1.86
1990-08-11 02:00:00+00:00,0.0,0.0,0.0,13.42,2.0
1990-08-11 03:00:00+00:00,0.0,0.0,0.0,12.82,2.0
1990-08-11 04:00:00+00:00,0.0,0.0,0.0,12.06,2.0
1990-08-11 05:00:00+00:00,8.0,0.0,8.0,11.63,2.0
1990-08-11 06:00:00+00:00,157.0,467.38,61.0,12.09,2.0
1990-08-11 07:00:00+00:00,262.0,349.61,137.0,14.08,2.76
1990-08-11 08:00:00+00:00,422.0,522.41,161.0,15.4,4.07
1990-08-11 09:00:00+00:00,477.0,345.7,262.0,16.58,4.28
1990-08-11 10:00:00+00:00,561.0,354.68,307.0,17.68,4.41
1990-08-11 11:00:00+00:00,476.0,127.6,377.0,18.28,4.62
1990-08-11 12:00:00+00:00,434.0,71.52,377.0,19.02,4.55
1990-08-11 13:00:00+00:00,132.0,0.0,132.0,19.2,4.34
1990-08-11 14:00:00+00:00,356.0,45.81,323.0,19.07,4.41
1990-08-11 15:00:00+00:00,462.0,291.42,279.0,19.25,4.97
1990-08-11 16:00:00+00:00,154.0,1.97,153.0,19.43,5.38
1990-08-11 17:00:00+00:00,178.0,62.88,155.0,19.55,4.97
1990-08-11 18:00:00+00:00,98.0,65.44,84.0,19.12,4.41
1990-08-11 19:00:00+00:00,14.0,0.0,14.0,18.4,4.76
1990-08-11 20:00:00+00:00,0.0,0.0,0.0,17.8,4.76
1990-08-11 21:00:00+00:00,0.0,0.0,0.0,17.34,4.69
1990-08-11 22:00:00+00:00,0.0,0.0,0.0,16.96,4.28
1990-08-11 23:00:00+00:00,0.0,0.0,0.0,16.69,3.86
1990-08-12 00:00:00+00:00,0.0,0.0,0.0,16.3,3.59
1990-08-12 01:00:00+00:00,0.0,0.0,0.0,15.73,3.31
1990-08-12 02:00:00+00:00,0.0,0.0,0.0,14.92,3.03
1990-08-12 03:00:00+00:00,0.0,0.0,0.0,13.87,2.62
1990-08-12 04:00:00+00:00,0.0,0.0,0.0,12.95,2.55
1990-08-12 05:00:00+00:00,17.0,40.19,15.0,12.08,2.41
1990-08-12 06:00:00+00:00,144.0,366.61,70.0,12.11,2.14
1990-08-12 07:00:00+00:00,307.0,601.37,94.0,13.05,2.55
1990-08-12 08:00:00+00:00,461.0,694.98,116.0,14.47,2.97
1990-08-12 09:00:00+00:00,589.0,712.63,148.0,15.82,3.45
1990-08-12 10:00:00+00:00,700.0,764.28,155.0,17.12,3.93
1990-08-12 11:00:00+00:00,750.0,718.19,195.0,18.56,4.55
1990-08-12 12:00:00+00:00,554.0,206.6,390.0,19.95,5.31
1990-08-12 13:00:00+00:00,530.0,192.32,381.0,20.82,6.55
1990-08-12 14:00:00+00:00,571.0,358.47,314.0,20.4,6.21
1990-08-12 15:00:00+00:00,498.0,376.43,263.0,19.75,5.17
1990-08-12 16:00:00+00:00,233.0,37.77,214.0,19.51,5.86
1990-08-12 17:00:00+00:00,172.0,52.54,153.0,19.07,4.83
1990-08-12 18:00:00+00:00,157.0,424.71,68.0,18.52,4.48
1990-08-12 19:00:00+00:00,24.0,104.88,18.0,17.71,4.0
1990-08-12 20:00:00+00:00,0.0,0.0,0.0,16.33,3.93
1990-08-12 21:00:00+00:00,0.0,0.0,0.0,15.22,4.0
1990-08-12 22:00:00+00:00,0.0,0.0,0.0,14.54,3.86
1990-08-12 23:00:00+00:00,0.0,0.0,0.0,14.07,3.86
1990-08-13 00:00:00+00:00,0.0,0.0,0.0,13.78,3.93
1990-08-13 01:00:00+00:00,0.0,0.0,0.0,13.37,3.86
1990-08-13 02:00:00+00:00,0.0,0.0,0.0,13.18,3.79
1990-08-13 03:00:00+00:00,0.0,0.0,0.0,13.08,3.66
1990-08-13 04:00:00+00:00,0.0,0.0,0.0,12.89,3.45
1990-08-13 05:00:00+00:00,5.0,0.0,5.0,12.89,3.17
1990-08-13 06:00:00+00:00,50.0,0.0,50.0,13.31,3.31
1990-08-13 07:00:00+00:00,206.0,145.38,155.0,14.6,4.07
1990-08-13 08:00:00+00:00,336.0,229.12,223.0,16.07,6.07
1990-08-13 09:00:00+00:00,444.0,263.12,282.0,17.03,5.93
1990-08-13 10:00:00+00:00,540.0,309.86,320.0,18.07,6.21
1990-08-13 11:00:00+00:00,489.0,144.22,378.0,18.71,6.28
1990-08-13 12:00:00+00:00,712.0,561.6,268.0,19.33,6.97
1990-08-13 13:00:00+00:00,579.0,286.49,358.0,19.76,7.17
1990-08-13 14:00:00+00:00,268.0,7.01,263.0,20.34,6.97
1990-08-13 15:00:00+00:00,593.0,731.65,139.0,20.14,6.0
1990-08-13 16:00:00+00:00,393.0,390.71,198.0,19.46,4.76
1990-08-13 17:00:00+00:00,229.0,198.66,158.0,18.98,5.72
1990-08-13 18:00:00+00:00,121.0,180.42,84.0,18.53,5.03
1990-08-13 19:00:00+00:00,8.0,0.0,8.0,17.43,4.48
1990-08-13 20:00:00+00:00,0.0,0.0,0.0,16.94,4.07
1990-08-13 21:00:00+00:00,0.0,0.0,0.0,16.09,3.93
1990-08-13 22:00:00+00:00,0.0,0.0,0.0,15.75,3.79
1990-08-13 23:00:00+00:00,0.0,0.0,0.0,15.58,3.79
1990-08-14 00:00:00+00:00,0.0,0.0,0.0,15.45,3.79
1990-08-14 01:00:00+00:00,0.0,0.0,0.0,15.14,3.59
1990-08-14 02:00:00+00:00,0.0,0.0,0.0,14.74,3.45
1990-08-14 03:00:00+00:00,0.0,0.0,0.0,14.35,3.24
1990-08-14 04:00:00+00:00,0.0,0.0,0.0,14.34,3.1
1990-08-14 05:00:00+00:00,4.0,0.0,4.0,14.36,3.03
1990-08-14 06:00:00+00:00,96.0,97.61,77.0,14.42,2.55
1990-08-14 07:00:00+00:00,221.0,210.14,148.0,15.83,4.41
1990-08-14 08:00:00+00:00,291.0,134.72,225.0,16.63,4.28
1990-08-14 09:00:00+00:00,179.0,0.0,179.0,17.32,3.93
1990-08-14 10:00:00+00:00,119.0,0.0,119.0,17.45,3.24
1990-08-14 11:00:00+00:00,141.0,0.0,141.0,17.92,3.66
1990-08-14 12:00:00+00:00,254.0,1.27,253.0,18.33,3.45
1990-08-14 13:00:00+00:00,181.0,0.0,181.0,18.71,3.52
1990-08-14 14:00:00+00:00,158.0,0.0,158.0,19.42,4.34
1990-08-14 15:00:00+00:00,351.0,100.54,289.0,20.17,4.83
1990-08-14 16:00:00+00:00,253.0,68.69,219.0,20.45,4.21
1990-08-14 17:00:00+00:00,150.0,31.16,139.0,20.33,3.1
1990-08-14 18:00:00+00:00,75.0,24.94,70.0,20.0,2.76
1990-08-14 19:00:00+00:00,2.0,0.0,2.0,19.05,2.21
1990-08-14 20:00:00+00:00,0.0,0.0,0.0,18.29,2.14
1990-08-14 21:00:00+00:00,0.0,0.0,0.0,17.59,2.34
1990-08-14 22:00:00+00:00,0.0,0.0,0.0,16.72,2.41
1990-08-14 23:00:00+00:00,0.0,0.0,0.0,16.35,2.41
1990-08-15 00:00:00+00:00,0.0,0.0,0.0,15.9,2.34
1990-08-15 01:00:00+00:00,0.0,0.0,0.0,15.58,2.21
1990-08-15 02:00:00+00:00,0.0,0.0,0.0,15.41,2.34
1990-08-15 03:00:00+00:00,0.0,0.0,0.0,15.47,2.55
1990-08-15 04:00:00+00:00,0.0,0.0,0.0,15.44,2.83
1990-08-15 05:00:00+00:00,2.0,0.0,2.0,15.46,3.03
1990-08-15 06:00:00+00:00,68.0,20.94,64.0,15.59,3.79
1990-08-15 07:00:00+00:00,170.0,69.78,146.0,16.4,3.59
1990-08-15 08:00:00+00:00,236.0,51.38,211.0,16.89,3.45
1990-08-15 09:00:00+00:00,382.0,150.99,290.0,17.48,3.45
1990-08-15 10:00:00+00:00,266.0,7.11,261.0,18.08,3.79
1990-08-15 11:00:00+00:00,526.0,205.7,369.0,18.58,4.28
1990-08-15 12:00:00+00:00,417.0,62.5,368.0,18.6,4.9
1990-08-15 13:00:00+00:00,448.0,100.72,371.0,19.09,5.1
1990-08-15 14:00:00+00:00,351.0,45.32,319.0,18.59,4.41
1990-08-15 15:00:00+00:00,340.0,86.5,287.0,18.32,4.48
1990-08-15 16:00:00+00:00,256.0,73.35,220.0,18.09,4.41
1990-08-15 17:00:00+00:00,102.0,2.87,101.0,17.9,4.0
1990-08-15 18:00:00+00:00,52.0,0.0,52.0,17.42,3.17
1990-08-15 19:00:00+00:00,4.0,0.0,4.0,16.93,3.1
1990-08-15 20:00:00+00:00,0.0,0.0,0.0,16.5,3.24
1990-08-15 21:00:00+00:00,0.0,0.0,0.0,15.73,4.07
1990-08-15 22:00:00+00:00,0.0,0.0,0.0,14.72,4.62
1990-08-15 23:00:00+00:00,0.0,0.0,0.0,13.72,4.28
1990-08-16 00:00:00+00:00,0.0,0.0,0.0,12.95,4.14
1990-08-16 01:00:00+00:00,0.0,0.0,0.0,12.4,3.93
1990-08-16 02:00:00+00:00,0.0,0.0,0.0,12.16,4.0
1990-08-16 03:00:00+00:00,0.0,0.0,0.0,12.16,4.14
1990-08-16 04:00:00+00:00,0.0,0.0,0.0,12.15,4.21
1990-08-16 05:00:00+00:00,2.0,0.0,2.0,12.24,4.28
1990-08-16 06:00:00+00:00,40.0,0.0,40.0,12.67,4.55
1990-08-16 07:00:00+00:00,43.0,0.0,43.0,13.74,5.93
1990-08-16 08:00:00+00:00,196.0,18.62,187.0,14.59,6.76
1990-08-16 09:00:00+00:00,272.0,28.05,255.0,15.1,6.41
1990-08-16 10:00:00+00:00,246.0,4.28,243.0,15.6,6.14
1990-08-16 11:00:00+00:00,134.0,0.0,134.0,15.99,5.86
1990-08-16 12:00:00+00:00,182.0,0.0,182.0,16.09,5.24
1990-08-16 13:00:00+00:00,151.0,0.0,151.0,15.96,4.83
1990-08-16 14:00:00+00:00,131.0,0.0,131.0,15.68,4.97
1990-08-16 15:00:00+00:00,429.0,241.48,282.0,15.99,5.1
1990-08-16 16:00:00+00:00,359.0,310.33,208.0,16.07,4.83
1990-08-16 17:00:00+00:00,130.0,14.53,125.0,15.94,4.48
1990-08-16 18:00:00+00:00,113.0,188.34,77.0,15.57,3.79
1990-08-16 19:00:00+00:00,1.0,0.0,1.0,14.68,3.45
1990-08-16 20:00:00+00:00,0.0,0.0,0.0,13.89,3.38
1990-08-16 21:00:00+00:00,0.0,0.0,0.0,13.61,2.83
1990-08-16 22:00:00+00:00,0.0,0.0,0.0,13.26,2.62
1990-08-16 23:00:00+00:00,0.0,0.0,0.0,13.14,2.83
1990-08-17 00:00:00+00:00,0.0,0.0,0.0,13.2,2.9
1990-08-17 01:00:00+00:00,0.0,0.0,0.0,13.3,3.03
1990-08-17 02:00:00+00:00,0.0,0.0,0.0,13.39,3.31
1990-08-17 03:00:00+00:00,0.0,0.0,0.0,13.39,3.38
1990-08-17 04:00:00+00:00,0.0,0.0,0.0,13.48,3.38
1990-08-17 05:00:00+00:00,3.0,0.0,3.0,13.58,3.38
1990-08-17 06:00:00+00:00,87.0,87.13,71.0,13.76,3.52
1990-08-17 07:00:00+00:00,147.0,38.58,134.0,13.69,4.34
1990-08-17 08:00:00+00:00,247.0,72.93,212.0,13.76,4.55
1990-08-17 09:00:00+00:00,194.0,1.66,193.0,14.84,5.38
1990-08-17 10:00:00+00:00,369.0,67.42,322.0,15.59,6.0
1990-08-17 11:00:00+00:00,226.0,0.0,226.0,16.32,6.28
1990-08-17 12:00:00+00:00,348.0,24.45,329.0,16.53,5.93
1990-08-17 13:00:00+00:00,206.0,0.0,206.0,16.82,5.52
1990-08-17 14:00:00+00:00,128.0,0.0,128.0,17.16,5.31
1990-08-17 15:00:00+00:00,133.0,0.0,133.0,17.34,5.31
1990-08-17 16:00:00+00:00,102.0,0.0,102.0,17.16,4.41
1990-08-17 17:00:00+00:00,185.0,108.97,148.0,16.93,4.28
1990-08-17 18:00:00+00:00,67.0,21.47,63.0,16.69,4.28
1990-08-17 19:00:00+00:00,2.0,0.0,2.0,16.48,4.0
1990-08-17 20:00:00+00:00,0.0,0.0,0.0,16.09,3.66
1990-08-17 21:00:00+00:00,0.0,0.0,0.0,15.75,3.52
1990-08-17 22:00:00+00:00,0.0,0.0,0.0,15.65,3.38
1990-08-17 23:00:00+00:00,0.0,0.0,0.0,15.56,3.24
1990-08-18 00:00:00+00:00,0.0,0.0,0.0,15.49,3.17
1990-08-18 01:00:00+00:00,0.0,0.0,0.0,15.42,3.17
1990-08-18 02:00:00+00:00,0.0,0.0,0.0,15.28,3.24
1990-08-18 03:00:00+00:00,0.0,0.0,0.0,15.21,3.31
1990-08-18 04:00:00+00:00,0.0,0.0,0.0,15.12,3.31
1990-08-18 05:00:00+00:00,1.0,0.0,1.0,14.93,3.24
1990-08-18 06:00:00+00:00,106.0,200.12,70.0,14.84,3.17
1990-08-18 07:00:00+00:00,257.0,425.94,115.0,15.1,3.66
1990-08-18 08:00:00+00:00,364.0,367.29,189.0,15.47,4.34
1990-08-18 09:00:00+00:00,343.0,103.44,281.0,15.71,4.55
1990-08-18 10:00:00+00:00,242.0,4.32,239.0,16.3,4.69
1990-08-18 11:00:00+00:00,271.0,3.98,268.0,16.82,4.55
1990-08-18 12:00:00+00:00,251.0,1.29,250.0,17.07,4.41
1990-08-18 13:00:00+00:00,247.0,1.33,246.0,17.54,4.21
1990-08-18 14:00:00+00:00,247.0,4.32,244.0,17.92,4.07
1990-08-18 15:00:00+00:00,283.0,38.3,260.0,18.0,3.86
1990-08-18 16:00:00+00:00,202.0,23.02,191.0,17.95,3.72
1990-08-18 17:00:00+00:00,147.0,38.82,134.0,17.74,3.66
1990-08-18 18:00:00+00:00,44.0,0.0,44.0,17.34,3.38
1990-08-18 19:00:00+00:00,3.0,0.0,3.0,17.04,2.55
1990-08-18 20:00:00+00:00,0.0,0.0,0.0,16.55,2.55
1990-08-18 21:00:00+00:00,0.0,0.0,0.0,16.13,2.76
1990-08-18 22:00:00+00:00,0.0,0.0,0.0,15.64,3.03
1990-08-18 23:00:00+00:00,0.0,0.0,0.0,15.2,2.97
1990-08-19 00:00:00+00:00,0.0,0.0,0.0,14.83,2.55
1990-08-19 01:00:00+00:00,0.0,0.0,0.0,14.53,2.14
1990-08-19 02:00:00+00:00,0.0,0.0,0.0,14.24,2.21
1990-08-19 03:00:00+00:00,0.0,0.0,0.0,14.17,2.21
1990-08-19 04:00:00+00:00,0.0,0.0,0.0,14.09,2.21
1990-08-19 05:00:00+00:00,0.0,0.0,0.0,13.93,2.21
1990-08-19 06:00:00+00:00,95.0,141.94,70.0,13.89,1.93
1990-08-19 07:00:00+00:00,210.0,209.21,141.0,13.64,2.41
1990-08-19 08:00:00+00:00,412.0,581.38,137.0,14.36,2.28
1990-08-19 09:00:00+00:00,434.0,280.2,267.0,15.38,2.48
1990-08-19 10:00:00+00:00,489.0,237.54,325.0,16.44,3.1
1990-08-19 11:00:00+00:00,353.0,32.01,329.0,17.12,3.52
1990-08-19 12:00:00+00:00,520.0,188.31,375.0,17.62,3.45
1990-08-19 13:00:00+00:00,450.0,113.36,365.0,18.25,3.38
1990-08-19 14:00:00+00:00,261.0,7.24,256.0,19.06,3.17
1990-08-19 15:00:00+00:00,350.0,112.37,283.0,19.78,3.38
1990-08-19 16:00:00+00:00,418.0,604.24,132.0,19.65,3.59
1990-08-19 17:00:00+00:00,188.0,127.22,146.0,17.62,3.31
1990-08-19 18:00:00+00:00,11.0,0.0,11.0,17.57,2.41
1990-08-19 19:00:00+00:00,1.0,0.0,1.0,17.13,2.14
1990-08-19 20:00:00+00:00,0.0,0.0,0.0,16.31,2.14
1990-08-19 21:00:00+00:00,0.0,0.0,0.0,15.93,2.14
1990-08-19 22:00:00+00:00,0.0,0.0,0.0,15.48,2.21
1990-08-19 23:00:00+00:00,0.0,0.0,0.0,15.36,2.07
1990-08-20 00:00:00+00:00,0.0,0.0,0.0,15.1,1.93
1990-08-20 01:00:00+00:00,0.0,0.0,0.0,14.89,1.66
1990-08-20 02:00:00+00:00,0.0,0.0,0.0,14.81,1.66
1990-08-20 03:00:00+00:00,0.0,0.0,0.0,14.63,1.72
1990-08-20 04:00:00+00:00,0.0,0.0,0.0,14.47,1.66
1990-08-20 05:00:00+00:00,0.0,0.0,0.0,14.34,1.52
1990-08-20 06:00:00+00:00,48.0,5.8,47.0,14.28,1.38
1990-08-20 07:00:00+00:00,193.0,159.41,141.0,15.11,2.41
1990-08-20 08:00:00+00:00,396.0,528.19,148.0,15.7,2.21
1990-08-20 09:00:00+00:00,504.0,506.26,204.0,16.89,2.21
1990-08-20 10:00:00+00:00,253.0,5.82,249.0,18.04,2.28
1990-08-20 11:00:00+00:00,356.0,36.18,329.0,18.85,2.55
1990-08-20 12:00:00+00:00,293.0,7.83,287.0,19.23,2.76
1990-08-20 13:00:00+00:00,207.0,0.0,207.0,19.6,2.97
1990-08-20 14:00:00+00:00,133.0,0.0,133.0,19.62,2.97
1990-08-20 15:00:00+00:00,309.0,67.58,269.0,19.94,2.9
1990-08-20 16:00:00+00:00,197.0,23.47,186.0,19.91,2.34
1990-08-20 17:00:00+00:00,133.0,27.67,124.0,19.89,1.79
1990-08-20 18:00:00+00:00,58.0,17.5,55.0,19.74,1.79
1990-08-20 19:00:00+00:00,0.0,0.0,0.0,18.48,1.66
1990-08-20 20:00:00+00:00,0.0,0.0,0.0,17.83,1.86
1990-08-20 21:00:00+00:00,0.0,0.0,0.0,17.28,2.14
1990-08-20 22:00:00+00:00,0.0,0.0,0.0,16.88,2.07
1990-08-20 23:00:00+00:00,0.0,0.0,0.0,16.66,1.93
1990-08-21 00:00:00+00:00,0.0,0.0,0.0,16.46,1.72
1990-08-21 01:00:00+00:00,0.0,0.0,0.0,16.3,1.86
1990-08-21 02:00:00+00:00,0.0,0.0,0.0,16.19,1.93
1990-08-21 03:00:00+00:00,0.0,0.0,0.0,16.02,1.86
1990-08-21 04:00:00+00:00,0.0,0.0,0.0,15.79,2.0
1990-08-21 05:00:00+00:00,0.0,0.0,0.0,15.49,2.0
1990-08-21 06:00:00+00:00,53.0,11.87,51.0,15.45,2.07
1990-08-21 07:00:00+00:00,44.0,0.0,44.0,15.38,1.45
1990-08-21 08:00:00+00:00,99.0,0.0,99.0,15.7,1.66
1990-08-21 09:00:00+00:00,156.0,0.0,156.0,15.67,1.66
1990-08-21 10:00:00+00:00,200.0,0.0,200.0,15.83,2.21
1990-08-21 11:00:00+00:00,338.0,28.28,317.0,17.13,2.76
1990-08-21 12:00:00+00:00,261.0,2.62,259.0,18.08,3.72
1990-08-21 13:00:00+00:00,122.0,0.0,122.0,17.71,2.9
1990-08-21 14:00:00+00:00,88.0,0.0,88.0,16.97,2.34
1990-08-21 15:00:00+00:00,82.0,0.0,82.0,17.26,1.79
1990-08-21 16:00:00+00:00,122.0,0.0,122.0,16.98,2.62
1990-08-21 17:00:00+00:00,151.0,56.18,133.0,17.5,2.9
1990-08-21 18:00:00+00:00,82.0,102.21,65.0,17.57,2.62
1990-08-21 19:00:00+00:00,0.0,0.0,0.0,16.64,1.24
1990-08-21 20:00:00+00:00,0.0,0.0,0.0,15.96,1.79
1990-08-21 21:00:00+00:00,0.0,0.0,0.0,15.41,1.79
1990-08-21 22:00:00+00:00,0.0,0.0,0.0,15.23,1.66
1990-08-21 23:00:00+00:00,0.0,0.0,0.0,15.07,1.72
1990-08-22 00:00:00+00:00,0.0,0.0,0.0,14.66,1.86
1990-08-22 01:00:00+00:00,0.0,0.0,0.0,14.33,2.07
1990-08-22 02:00:00+00:00,0.0,0.0,0.0,14.11,2.41
1990-08-22 03:00:00+00:00,0.0,0.0,0.0,14.01,2.69
1990-08-22 04:00:00+00:00,0.0,0.0,0.0,13.98,2.97
1990-08-22 05:00:00+00:00,0.0,0.0,0.0,13.92,2.97
1990-08-22 06:00:00+00:00,83.0,115.36,64.0,13.92,2.83
1990-08-22 07:00:00+00:00,89.0,0.0,89.0,15.54,3.17
1990-08-22 08:00:00+00:00,241.0,75.68,206.0,15.96,4.34
1990-08-22 09:00:00+00:00,195.0,3.42,193.0,16.37,4.48
1990-08-22 10:00:00+00:00,310.0,29.41,290.0,17.58,4.76
1990-08-22 11:00:00+00:00,277.0,6.77,272.0,18.79,4.55
1990-08-22 12:00:00+00:00,404.0,63.25,356.0,19.66,4.21
1990-08-22 13:00:00+00:00,285.0,8.13,279.0,20.28,3.93
1990-08-22 14:00:00+00:00,601.0,560.35,221.0,20.38,3.86
1990-08-22 15:00:00+00:00,573.0,802.65,105.0,20.53,3.86
1990-08-22 16:00:00+00:00,435.0,744.52,93.0,20.24,3.59
1990-08-22 17:00:00+00:00,233.0,361.4,119.0,20.0,3.72
1990-08-22 18:00:00+00:00,112.0,366.16,53.0,19.14,3.38
1990-08-22 19:00:00+00:00,0.0,0.0,0.0,17.74,2.9
1990-08-22 20:00:00+00:00,0.0,0.0,0.0,16.98,2.9
1990-08-22 21:00:00+00:00,0.0,0.0,0.0,16.29,2.76
1990-08-22 22:00:00+00:00,0.0,0.0,0.0,15.73,2.62
1990-08-22 23:00:00+00:00,0.0,0.0,0.0,15.44,2.55
1990-08-23 00:00:00+00:00,0.0,0.0,0.0,15.14,2.48
1990-08-23 01:00:00+00:00,0.0,0.0,0.0,15.06,2.41
1990-08-23 02:00:00+00:00,0.0,0.0,0.0,14.85,2.34
1990-08-23 03:00:00+00:00,0.0,0.0,0.0,14.84,2.28
1990-08-23 04:00:00+00:00,0.0,0.0,0.0,14.99,2.14
1990-08-23 05:00:00+00:00,0.0,0.0,0.0,14.9,2.21
1990-08-23 06:00:00+00:00,54.0,18.65,51.0,14.85,2.34
1990-08-23 07:00:00+00:00,185.0,155.46,136.0,15.13,2.69
1990-08-23 08:00:00+00:00,216.0,45.77,195.0,15.8,2.83
1990-08-23 09:00:00+00:00,170.0,0.0,170.0,16.61,2.83
1990-08-23 10:00:00+00:00,316.0,34.01,293.0,17.57,3.45
1990-08-23 11:00:00+00:00,546.0,280.14,340.0,18.42,3.86
1990-08-23 12:00:00+00:00,673.0,549.64,258.0,18.86,3.72
1990-08-23 13:00:00+00:00,735.0,821.45,132.0,19.27,3.86
1990-08-23 14:00:00+00:00,672.0,819.16,120.0,19.26,3.66
1990-08-23 15:00:00+00:00,568.0,795.13,108.0,19.45,3.38
1990-08-23 16:00:00+00:00,421.0,701.8,102.0,19.43,3.24
1990-08-23 17:00:00+00:00,269.0,612.13,79.0,19.28,3.24
1990-08-23 18:00:00+00:00,111.0,384.93,51.0,18.68,2.9
1990-08-23 19:00:00+00:00,0.0,0.0,0.0,17.25,2.76
1990-08-23 20:00:00+00:00,0.0,0.0,0.0,15.9,3.31
1990-08-23 21:00:00+00:00,0.0,0.0,0.0,14.86,3.45
1990-08-23 22:00:00+00:00,0.0,0.0,0.0,13.95,3.17
1990-08-23 23:00:00+00:00,0.0,0.0,0.0,13.35,2.9
1990-08-24 00:00:00+00:00,0.0,0.0,0.0,12.92,2.55
1990-08-24 01:00:00+00:00,0.0,0.0,0.0,12.56,2.41
1990-08-24 02:00:00+00:00,0.0,0.0,0.0,12.15,2.28
1990-08-24 03:00:00+00:00,0.0,0.0,0.0,11.76,2.21
1990-08-24 04:00:00+00:00,0.0,0.0,0.0,11.35,2.14
1990-08-24 05:00:00+00:00,0.0,0.0,0.0,11.08,2.28
1990-08-24 06:00:00+00:00,82.0,127.43,62.0,11.42,2.41
1990-08-24 07:00:00+00:00,189.0,173.38,135.0,13.55,3.17
1990-08-24 08:00:00+00:00,273.0,140.59,209.0,15.04,4.14
1990-08-24 09:00:00+00:00,298.0,62.24,262.0,15.99,4.0
1990-08-24 10:00:00+00:00,150.0,0.0,150.0,16.74,3.79
1990-08-24 11:00:00+00:00,181.0,0.0,181.0,17.72,3.72
1990-08-24 12:00:00+00:00,293.0,7.99,287.0,18.17,3.45
1990-08-24 13:00:00+00:00,284.0,8.22,278.0,18.53,3.24
1990-08-24 14:00:00+00:00,221.0,1.49,220.0,18.54,3.31
1990-08-24 15:00:00+00:00,211.0,6.97,207.0,18.74,3.79
1990-08-24 16:00:00+00:00,179.0,15.57,172.0,18.62,3.93
1990-08-24 17:00:00+00:00,134.0,39.31,122.0,18.24,3.24
1990-08-24 18:00:00+00:00,54.0,19.93,51.0,17.68,2.97
1990-08-24 19:00:00+00:00,0.0,0.0,0.0,17.01,2.9
1990-08-24 20:00:00+00:00,0.0,0.0,0.0,16.38,2.62
1990-08-24 21:00:00+00:00,0.0,0.0,0.0,15.83,2.55
1990-08-24 22:00:00+00:00,0.0,0.0,0.0,15.01,2.41
1990-08-24 23:00:00+00:00,0.0,0.0,0.0,14.3,2.21
1990-08-25 00:00:00+00:00,0.0,0.0,0.0,13.68,2.0
1990-08-25 01:00:00+00:00,0.0,0.0,0.0,13.19,1.86
1990-08-25 02:00:00+00:00,0.0,0.0,0.0,12.75,1.79
1990-08-25 03:00:00+00:00,0.0,0.0,0.0,12.67,1.86
1990-08-25 04:00:00+00:00,0.0,0.0,0.0,12.77,1.86
1990-08-25 05:00:00+00:00,0.0,0.0,0.0,13.05,2.0
1990-08-25 06:00:00+00:00,34.0,0.0,34.0,13.41,2.07
1990-08-25 07:00:00+00:00,83.0,0.0,83.0,14.36,2.34
1990-08-25 08:00:00+00:00,177.0,15.5,170.0,14.97,2.97
1990-08-25 09:00:00+00:00,108.0,0.0,108.0,15.33,2.9
1990-08-25 10:00:00+00:00,122.0,0.0,122.0,15.85,2.69
1990-08-25 11:00:00+00:00,215.0,0.0,215.0,16.33,2.69
1990-08-25 12:00:00+00:00,239.0,1.34,238.0,16.67,2.76
1990-08-25 13:00:00+00:00,219.0,0.0,219.0,17.25,2.83
1990-08-25 14:00:00+00:00,240.0,4.51,237.0,17.55,2.69
1990-08-25 15:00:00+00:00,277.0,45.68,251.0,17.94,2.55
1990-08-25 16:00:00+00:00,242.0,89.95,202.0,18.2,2.69
1990-08-25 17:00:00+00:00,150.0,73.32,128.0,18.18,3.03
1990-08-25 18:00:00+00:00,48.0,13.78,46.0,18.07,2.48
1990-08-25 19:00:00+00:00,0.0,0.0,0.0,17.19,2.28
1990-08-25 20:00:00+00:00,0.0,0.0,0.0,16.46,1.79
1990-08-25 21:00:00+00:00,0.0,0.0,0.0,15.82,1.79
1990-08-25 22:00:00+00:00,0.0,0.0,0.0,15.04,2.07
1990-08-25 23:00:00+00:00,0.0,0.0,0.0,14.58,2.34
1990-08-26 00:00:00+00:00,0.0,0.0,0.0,14.36,2.55
1990-08-26 01:00:00+00:00,0.0,0.0,0.0,14.34,2.48
1990-08-26 02:00:00+00:00,0.0,0.0,0.0,14.09,2.48
1990-08-26 03:00:00+00:00,0.0,0.0,0.0,14.04,2.48
1990-08-26 04:00:00+00:00,0.0,0.0,0.0,14.05,2.55
1990-08-26 05:00:00+00:00,0.0,0.0,0.0,14.07,2.62
1990-08-26 06:00:00+00:00,75.0,114.01,58.0,14.19,2.69
1990-08-26 07:00:00+00:00,188.0,184.26,132.0,14.67,4.0
1990-08-26 08:00:00+00:00,334.0,328.23,187.0,14.81,4.14
1990-08-26 09:00:00+00:00,479.0,464.0,214.0,15.08,4.14
1990-08-26 10:00:00+00:00,563.0,459.95,257.0,15.46,4.0
1990-08-26 11:00:00+00:00,717.0,781.8,151.0,16.27,3.66
1990-08-26 12:00:00+00:00,760.0,851.78,127.0,17.08,3.59
1990-08-26 13:00:00+00:00,666.0,611.2,225.0,17.71,3.93
1990-08-26 14:00:00+00:00,649.0,773.57,138.0,17.9,4.07
1990-08-26 15:00:00+00:00,548.0,763.58,117.0,17.89,4.14
1990-08-26 16:00:00+00:00,405.0,682.3,105.0,17.47,4.0
1990-08-26 17:00:00+00:00,245.0,539.34,86.0,17.02,3.72
1990-08-26 18:00:00+00:00,88.0,257.74,52.0,16.48,3.03
1990-08-26 19:00:00+00:00,0.0,0.0,0.0,15.58,2.83
1990-08-26 20:00:00+00:00,0.0,0.0,0.0,14.36,2.69
1990-08-26 21:00:00+00:00,0.0,0.0,0.0,13.55,2.83
1990-08-26 22:00:00+00:00,0.0,0.0,0.0,13.07,2.76
1990-08-26 23:00:00+00:00,0.0,0.0,0.0,12.59,2.48
1990-08-27 00:00:00+00:00,0.0,0.0,0.0,12.13,2.28
1990-08-27 01:00:00+00:00,0.0,0.0,0.0,11.54,2.34
1990-08-27 02:00:00+00:00,0.0,0.0,0.0,11.09,2.41
1990-08-27 03:00:00+00:00,0.0,0.0,0.0,11.08,2.34
1990-08-27 04:00:00+00:00,0.0,0.0,0.0,11.12,2.41
1990-08-27 05:00:00+00:00,0.0,0.0,0.0,10.81,2.48
1990-08-27 06:00:00+00:00,53.0,27.56,49.0,11.11,2.34
1990-08-27 07:00:00+00:00,133.0,39.99,121.0,11.93,2.69
1990-08-27 08:00:00+00:00,262.0,123.84,207.0,13.22,3.24
1990-08-27 09:00:00+00:00,169.0,0.0,169.0,14.56,3.1
1990-08-27 10:00:00+00:00,167.0,0.0,167.0,15.28,2.97
1990-08-27 11:00:00+00:00,216.0,0.0,216.0,15.49,2.9
1990-08-27 12:00:00+00:00,347.0,29.77,325.0,15.93,2.9
1990-08-27 13:00:00+00:00,286.0,9.76,279.0,16.25,2.9
1990-08-27 14:00:00+00:00,155.0,0.0,155.0,16.52,2.9
1990-08-27 15:00:00+00:00,250.0,26.8,235.0,16.59,2.97
1990-08-27 16:00:00+00:00,185.0,23.01,175.0,16.66,3.03
1990-08-27 17:00:00+00:00,124.0,34.55,114.0,16.42,2.69
1990-08-27 18:00:00+00:00,48.0,22.36,45.0,16.11,2.48
1990-08-27 19:00:00+00:00,0.0,0.0,0.0,15.04,2.9
1990-08-27 20:00:00+00:00,0.0,0.0,0.0,14.41,2.76
1990-08-27 21:00:00+00:00,0.0,0.0,0.0,13.76,2.83
1990-08-27 22:00:00+00:00,0.0,0.0,0.0,12.82,2.62
1990-08-27 23:00:00+00:00,0.0,0.0,0.0,12.05,2.48
1990-08-28 00:00:00+00:00,0.0,0.0,0.0,11.24,2.41
1990-08-28 01:00:00+00:00,0.0,0.0,0.0,10.62,2.34
1990-08-28 02:00:00+00:00,0.0,0.0,0.0,10.16,2.34
1990-08-28 03:00:00+00:00,0.0,0.0,0.0,9.85,2.34
1990-08-28 04:00:00+00:00,0.0,0.0,0.0,9.65,2.34
1990-08-28 05:00:00+00:00,0.0,0.0,0.0,9.61,2.41
1990-08-28 06:00:00+00:00,45.0,14.17,43.0,9.98,2.41
1990-08-28 07:00:00+00:00,128.0,37.13,117.0,12.07,3.52
1990-08-28 08:00:00+00:00,207.0,43.15,188.0,13.02,3.45
1990-08-28 09:00:00+00:00,313.0,85.16,265.0,14.18,3.17
1990-08-28 10:00:00+00:00,396.0,115.56,320.0,15.33,3.1
1990-08-28 11:00:00+00:00,547.0,300.23,332.0,16.26,3.03
1990-08-28 12:00:00+00:00,645.0,503.46,275.0,17.0,2.83
1990-08-28 13:00:00+00:00,563.0,342.29,319.0,17.47,2.83
1990-08-28 14:00:00+00:00,443.0,194.97,316.0,18.09,3.03
1990-08-28 15:00:00+00:00,397.0,254.19,256.0,17.97,2.83
1990-08-28 16:00:00+00:00,328.0,351.63,177.0,17.89,2.69
1990-08-28 17:00:00+00:00,237.0,538.59,84.0,17.94,2.76
1990-08-28 18:00:00+00:00,80.0,248.92,48.0,17.44,2.07
1990-08-28 19:00:00+00:00,0.0,0.0,0.0,16.41,2.34
1990-08-28 20:00:00+00:00,0.0,0.0,0.0,14.98,2.48
1990-08-28 21:00:00+00:00,0.0,0.0,0.0,14.11,2.62
1990-08-28 22:00:00+00:00,0.0,0.0,0.0,13.4,2.55
1990-08-28 23:00:00+00:00,0.0,0.0,0.0,12.59,2.21
1990-08-29 00:00:00+00:00,0.0,0.0,0.0,11.88,2.0
1990-08-29 01:00:00+00:00,0.0,0.0,0.0,11.38,2.14
1990-08-29 02:00:00+00:00,0.0,0.0,0.0,11.01,2.28
1990-08-29 03:00:00+00:00,0.0,0.0,0.0,10.73,2.34
1990-08-29 04:00:00+00:00,0.0,0.0,0.0,10.54,2.34
1990-08-29 05:00:00+00:00,0.0,0.0,0.0,10.35,2.48
1990-08-29 06:00:00+00:00,70.0,131.21,52.0,10.42,2.41
1990-08-29 07:00:00+00:00,174.0,157.32,128.0,11.68,3.45
1990-08-29 08:00:00+00:00,178.0,18.33,170.0,12.77,3.59
1990-08-29 09:00:00+00:00,329.0,112.53,266.0,13.57,3.59
1990-08-29 10:00:00+00:00,278.0,18.35,266.0,14.15,3.45
1990-08-29 11:00:00+00:00,382.0,64.6,336.0,14.92,3.52
1990-08-29 12:00:00+00:00,420.0,88.95,355.0,15.63,3.66
1990-08-29 13:00:00+00:00,387.0,70.58,337.0,16.09,3.72
1990-08-29 14:00:00+00:00,231.0,4.64,228.0,16.44,3.66
1990-08-29 15:00:00+00:00,244.0,25.47,230.0,16.53,3.72
1990-08-29 16:00:00+00:00,193.0,35.36,178.0,16.49,3.72
1990-08-29 17:00:00+00:00,138.0,71.78,118.0,16.2,3.66
1990-08-29 18:00:00+00:00,56.0,81.36,46.0,15.92,3.31
1990-08-29 19:00:00+00:00,0.0,0.0,0.0,14.37,2.9
1990-08-29 20:00:00+00:00,0.0,0.0,0.0,13.48,3.03
1990-08-29 21:00:00+00:00,0.0,0.0,0.0,12.93,3.03
1990-08-29 22:00:00+00:00,0.0,0.0,0.0,12.39,2.9
1990-08-29 23:00:00+00:00,0.0,0.0,0.0,11.94,2.76
1990-08-30 00:00:00+00:00,0.0,0.0,0.0,11.66,2.69
1990-08-30 01:00:00+00:00,0.0,0.0,0.0,11.55,2.62
1990-08-30 02:00:00+00:00,0.0,0.0,0.0,11.58,2.62
1990-08-30 03:00:00+00:00,0.0,0.0,0.0,11.35,2.76
1990-08-30 04:00:00+00:00,0.0,0.0,0.0,11.22,2.97
1990-08-30 05:00:00+00:00,0.0,0.0,0.0,11.36,3.1
1990-08-30 06:00:00+00:00,42.0,15.02,40.0,11.85,3.1
1990-08-30 07:00:00+00:00,92.0,6.93,90.0,12.76,3.17
1990-08-30 08:00:00+00:00,176.0,20.8,167.0,13.66,4.55
1990-08-30 09:00:00+00:00,157.0,0.0,157.0,14.43,4.55
1990-08-30 10:00:00+00:00,137.0,0.0,137.0,14.89,4.28
1990-08-30 11:00:00+00:00,148.0,0.0,148.0,15.45,4.14
1990-08-30 12:00:00+00:00,204.0,0.0,204.0,15.94,4.07
1990-08-30 13:00:00+00:00,189.0,0.0,189.0,16.6,4.14
1990-08-30 14:00:00+00:00,142.0,0.0,142.0,17.14,4.14
1990-08-30 15:00:00+00:00,134.0,0.0,134.0,17.46,4.07
1990-08-30 16:00:00+00:00,173.0,21.48,164.0,17.85,4.28
1990-08-30 17:00:00+00:00,120.0,40.28,109.0,17.58,3.52
1990-08-30 18:00:00+00:00,40.0,25.6,37.0,17.11,3.52
1990-08-30 19:00:00+00:00,0.0,0.0,0.0,15.76,3.03
1990-08-30 20:00:00+00:00,0.0,0.0,0.0,15.29,3.17
1990-08-30 21:00:00+00:00,0.0,0.0,0.0,14.81,3.24
1990-08-30 22:00:00+00:00,0.0,0.0,0.0,14.35,3.24
1990-08-30 23:00:00+00:00,0.0,0.0,0.0,14.01,3.24
1990-08-31 00:00:00+00:00,0.0,0.0,0.0,13.67,3.31
1990-08-31 01:00:00+00:00,0.0,0.0,0.0,13.43,3.45
1990-08-31 02:00:00+00:00,0.0,0.0,0.0,13.3,3.66
1990-08-31 03:00:00+00:00,0.0,0.0,0.0,13.0,3.66
1990-08-31 04:00:00+00:00,0.0,0.0,0.0,12.9,3.59
1990-08-31 05:00:00+00:00,0.0,0.0,0.0,12.77,3.59
1990-08-31 06:00:00+00:00,32.0,0.0,32.0,12.59,3.45
1990-08-31 07:00:00+00:00,107.0,17.57,102.0,12.55,3.24
1990-08-31 08:00:00+00:00,141.0,4.66,139.0,13.17,4.34
1990-08-31 09:00:00+00:00,285.0,61.58,251.0,13.77,4.14
1990-08-31 10:00:00+00:00,234.0,4.64,231.0,14.58,4.14
1990-08-31 11:00:00+00:00,140.0,0.0,140.0,15.21,4.21
1990-08-31 12:00:00+00:00,260.0,4.15,257.0,15.45,4.14
1990-08-31 13:00:00+00:00,193.0,0.0,193.0,15.51,4.07
1990-08-31 14:00:00+00:00,84.0,0.0,84.0,15.69,4.0
1990-08-31 15:00:00+00:00,125.0,0.0,125.0,15.81,4.0
1990-08-31 16:00:00+00:00,172.0,21.76,163.0,15.87,3.44
1990-08-31 17:00:00+00:00,104.0,18.69,99.0,15.4,3.37
1990-08-31 18:00:00+00:00,33.0,8.97,32.0,14.93,3.29
1990-08-31 19:00:00+00:00,0.0,0.0,0.0,14.46,3.21
1990-08-31 20:00:00+00:00,0.0,0.0,0.0,13.98,3.13
1990-08-31 21:00:00+00:00,0.0,0.0,0.0,13.51,3.06
1990-08-31 22:00:00+00:00,0.0,0.0,0.0,13.04,2.98
1990-08-31 23:00:00+00:00,0.0,0.0,0.0,12.57,2.9
1990-09-01 00:00:00+00:00,0.0,0.0,0.0,12.1,2.82
1990-09-01 01:00:00+00:00,0.0,0.0,0.0,11.63,2.75
1990-09-01 02:00:00+00:00,0.0,0.0,0.0,11.16,2.67
1990-09-01 03:00:00+00:00,0.0,0.0,0.0,10.69,2.59
1990-09-01 04:00:00+00:00,0.0,0.0,0.0,10.22,2.51
1990-09-01 05:00:00+00:00,0.0,0.0,0.0,9.75,2.44
1990-09-01 06:00:00+00:00,56.0,79.96,46.0,9.28,2.36
1990-09-01 07:00:00+00:00,165.0,153.22,122.0,8.81,2.28
1990-09-01 08:00:00+00:00,365.0,534.16,138.0,12.39,3.31
1990-09-01 09:00:00+00:00,497.0,601.99,167.0,13.91,3.79
1990-09-01 10:00:00+00:00,589.0,601.34,203.0,15.43,4.07
1990-09-01 11:00:00+00:00,537.0,302.97,325.0,16.81,4.28
1990-09-01 12:00:00+00:00,706.0,739.82,175.0,17.87,4.48
1990-09-01 13:00:00+00:00,676.0,718.3,177.0,18.63,4.62
1990-09-01 14:00:00+00:00,554.0,507.77,233.0,19.01,4.62
1990-09-01 15:00:00+00:00,260.0,43.04,237.0,18.96,4.62
1990-09-01 16:00:00+00:00,165.0,17.15,158.0,18.49,4.62
1990-09-01 17:00:00+00:00,101.0,19.09,96.0,17.76,4.34
1990-09-01 18:00:00+00:00,34.0,18.94,32.0,16.7,3.86
1990-09-01 19:00:00+00:00,0.0,0.0,0.0,14.7,4.14
1990-09-01 20:00:00+00:00,0.0,0.0,0.0,14.11,4.0
1990-09-01 21:00:00+00:00,0.0,0.0,0.0,13.48,3.72
1990-09-01 22:00:00+00:00,0.0,0.0,0.0,12.91,3.52
1990-09-01 23:00:00+00:00,0.0,0.0,0.0,12.56,3.31
1990-09-02 00:00:00+00:00,0.0,0.0,0.0,12.08,3.17
1990-09-02 01:00:00+00:00,0.0,0.0,0.0,11.81,3.1
1990-09-02 02:00:00+00:00,0.0,0.0,0.0,11.59,3.03
1990-09-02 03:00:00+00:00,0.0,0.0,0.0,11.44,3.03
1990-09-02 04:00:00+00:00,0.0,0.0,0.0,11.31,3.03
1990-09-02 05:00:00+00:00,0.0,0.0,0.0,11.18,3.17
1990-09-02 06:00:00+00:00,66.0,181.84,44.0,11.28,3.31
1990-09-02 07:00:00+00:00,177.0,227.7,114.0,12.61,3.17
1990-09-02 08:00:00+00:00,300.0,289.76,178.0,14.28,3.72
1990-09-02 09:00:00+00:00,361.0,198.45,253.0,16.14,4.76
1990-09-02 10:00:00+00:00,286.0,26.65,269.0,17.2,4.55
1990-09-02 11:00:00+00:00,345.0,46.01,313.0,18.32,4.41
1990-09-02 12:00:00+00:00,642.0,576.19,231.0,19.52,4.76
1990-09-02 13:00:00+00:00,557.0,392.75,286.0,21.13,4.76
1990-09-02 14:00:00+00:00,616.0,790.8,120.0,21.52,4.21
1990-09-02 15:00:00+00:00,457.0,536.66,173.0,22.0,4.34
1990-09-02 16:00:00+00:00,318.0,422.22,148.0,21.97,4.41
1990-09-02 17:00:00+00:00,190.0,390.39,90.0,21.2,4.21
1990-09-02 18:00:00+00:00,61.0,270.69,34.0,19.86,3.79
1990-09-02 19:00:00+00:00,0.0,0.0,0.0,18.62,3.1
1990-09-02 20:00:00+00:00,0.0,0.0,0.0,17.47,2.9
1990-09-02 21:00:00+00:00,0.0,0.0,0.0,16.52,2.62
1990-09-02 22:00:00+00:00,0.0,0.0,0.0,15.72,2.28
1990-09-02 23:00:00+00:00,0.0,0.0,0.0,15.08,2.07
1990-09-03 00:00:00+00:00,0.0,0.0,0.0,14.9,1.79
1990-09-03 01:00:00+00:00,0.0,0.0,0.0,14.36,1.66
1990-09-03 02:00:00+00:00,0.0,0.0,0.0,13.65,1.52
1990-09-03 03:00:00+00:00,0.0,0.0,0.0,13.13,1.38
1990-09-03 04:00:00+00:00,0.0,0.0,0.0,12.38,1.38
1990-09-03 05:00:00+00:00,0.0,0.0,0.0,11.69,1.45
1990-09-03 06:00:00+00:00,33.0,8.56,32.0,11.73,1.38
1990-09-03 07:00:00+00:00,170.0,205.37,114.0,14.37,1.17
1990-09-03 08:00:00+00:00,210.0,64.74,183.0,15.84,1.38
1990-09-03 09:00:00+00:00,196.0,7.4,192.0,16.47,0.9
1990-09-03 10:00:00+00:00,224.0,4.73,221.0,17.76,0.9
1990-09-03 11:00:00+00:00,530.0,316.83,311.0,18.62,1.38
1990-09-03 12:00:00+00:00,187.0,0.0,187.0,19.52,1.66
1990-09-03 13:00:00+00:00,239.0,2.92,237.0,20.19,1.59
1990-09-03 14:00:00+00:00,277.0,25.72,261.0,20.35,1.45
1990-09-03 15:00:00+00:00,419.0,400.84,209.0,20.57,1.38
1990-09-03 16:00:00+00:00,358.0,657.28,97.0,20.53,0.97
1990-09-03 17:00:00+00:00,200.0,503.19,74.0,20.55,0.69
1990-09-03 18:00:00+00:00,55.0,234.48,33.0,20.25,0.28
1990-09-03 19:00:00+00:00,0.0,0.0,0.0,20.21,0.28
1990-09-03 20:00:00+00:00,0.0,0.0,0.0,17.66,1.1
1990-09-03 21:00:00+00:00,0.0,0.0,0.0,15.28,1.59
1990-09-03 22:00:00+00:00,0.0,0.0,0.0,14.07,1.86
1990-09-03 23:00:00+00:00,0.0,0.0,0.0,13.47,1.72
1990-09-04 00:00:00+00:00,0.0,0.0,0.0,13.07,1.72
1990-09-04 01:00:00+00:00,0.0,0.0,0.0,12.79,1.72
1990-09-04 02:00:00+00:00,0.0,0.0,0.0,12.68,1.52
1990-09-04 03:00:00+00:00,0.0,0.0,0.0,12.32,1.38
1990-09-04 04:00:00+00:00,0.0,0.0,0.0,11.58,1.52
1990-09-04 05:00:00+00:00,0.0,0.0,0.0,10.86,1.59
1990-09-04 06:00:00+00:00,74.0,336.96,36.0,10.85,1.59
1990-09-04 07:00:00+00:00,222.0,539.72,77.0,12.86,0.9
1990-09-04 08:00:00+00:00,378.0,668.17,102.0,16.18,0.9
1990-09-04 09:00:00+00:00,508.0,703.14,131.0,18.77,1.59
1990-09-04 10:00:00+00:00,545.0,493.99,234.0,20.45,2.55
1990-09-04 11:00:00+00:00,677.0,755.57,158.0,21.57,3.31
1990-09-04 12:00:00+00:00,736.0,890.31,109.0,22.49,3.52
1990-09-04 13:00:00+00:00,689.0,822.99,129.0,22.93,3.31
1990-09-04 14:00:00+00:00,612.0,785.92,127.0,23.41,3.24
1990-09-04 15:00:00+00:00,504.0,757.87,111.0,23.57,3.31
1990-09-04 16:00:00+00:00,336.0,538.96,125.0,23.59,3.24
1990-09-04 17:00:00+00:00,207.0,568.29,68.0,23.18,2.48
1990-09-04 18:00:00+00:00,39.0,79.67,32.0,22.02,2.0
1990-09-04 19:00:00+00:00,0.0,0.0,0.0,20.43,2.07
1990-09-04 20:00:00+00:00,0.0,0.0,0.0,18.59,2.14
1990-09-04 21:00:00+00:00,0.0,0.0,0.0,17.1,2.14
1990-09-04 22:00:00+00:00,0.0,0.0,0.0,16.03,2.21
1990-09-04 23:00:00+00:00,0.0,0.0,0.0,15.14,2.21
1990-09-05 00:00:00+00:00,0.0,0.0,0.0,14.32,2.14
1990-09-05 01:00:00+00:00,0.0,0.0,0.0,13.53,2.07
1990-09-05 02:00:00+00:00,0.0,0.0,0.0,12.85,1.93
1990-09-05 03:00:00+00:00,0.0,0.0,0.0,12.17,1.79
1990-09-05 04:00:00+00:00,0.0,0.0,0.0,11.51,1.52
1990-09-05 05:00:00+00:00,0.0,0.0,0.0,11.23,1.24
1990-09-05 06:00:00+00:00,68.0,303.77,35.0,10.83,1.17
1990-09-05 07:00:00+00:00,213.0,502.63,80.0,12.89,0.97
1990-09-05 08:00:00+00:00,372.0,664.97,100.0,16.33,1.31
1990-09-05 09:00:00+00:00,513.0,751.76,113.0,18.42,2.0
1990-09-05 10:00:00+00:00,643.0,874.69,96.0,19.62,2.07
1990-09-05 11:00:00+00:00,693.0,836.61,122.0,20.45,1.86
1990-09-05 12:00:00+00:00,647.0,611.74,219.0,21.1,1.72
1990-09-05 13:00:00+00:00,689.0,846.68,117.0,21.59,1.93
1990-09-05 14:00:00+00:00,453.0,277.79,283.0,21.8,2.28
1990-09-05 15:00:00+00:00,365.0,253.34,235.0,21.67,2.62
1990-09-05 16:00:00+00:00,334.0,564.99,116.0,21.19,2.83
1990-09-05 17:00:00+00:00,138.0,146.6,103.0,20.3,2.97
1990-09-05 18:00:00+00:00,51.0,293.21,27.0,18.85,3.52
1990-09-05 19:00:00+00:00,0.0,0.0,0.0,17.08,3.93
1990-09-05 20:00:00+00:00,0.0,0.0,0.0,15.38,4.07
1990-09-05 21:00:00+00:00,0.0,0.0,0.0,14.24,4.0
1990-09-05 22:00:00+00:00,0.0,0.0,0.0,13.39,3.59
1990-09-05 23:00:00+00:00,0.0,0.0,0.0,12.99,3.17
1990-09-06 00:00:00+00:00,0.0,0.0,0.0,12.81,3.03
1990-09-06 01:00:00+00:00,0.0,0.0,0.0,12.68,2.9
1990-09-06 02:00:00+00:00,0.0,0.0,0.0,12.48,2.83
1990-09-06 03:00:00+00:00,0.0,0.0,0.0,12.27,2.69
1990-09-06 04:00:00+00:00,0.0,0.0,0.0,11.87,2.76
1990-09-06 05:00:00+00:00,0.0,0.0,0.0,11.52,2.62
1990-09-06 06:00:00+00:00,6.0,0.0,6.0,11.42,2.41
1990-09-06 07:00:00+00:00,64.0,0.0,64.0,11.22,2.97
1990-09-06 08:00:00+00:00,66.0,0.0,66.0,11.28,3.17
1990-09-06 09:00:00+00:00,119.0,0.0,119.0,11.33,3.24
1990-09-06 10:00:00+00:00,88.0,0.0,88.0,11.6,3.03
1990-09-06 11:00:00+00:00,90.0,0.0,90.0,11.87,4.21
1990-09-06 12:00:00+00:00,96.0,0.0,96.0,12.35,4.0
1990-09-06 13:00:00+00:00,106.0,0.0,106.0,12.84,4.14
1990-09-06 14:00:00+00:00,113.0,0.0,113.0,12.62,2.97
1990-09-06 15:00:00+00:00,95.0,0.0,95.0,12.38,3.03
1990-09-06 16:00:00+00:00,225.0,136.79,173.0,12.31,2.83
1990-09-06 17:00:00+00:00,186.0,498.21,70.0,12.14,2.34
1990-09-06 18:00:00+00:00,44.0,237.46,26.0,12.01,1.79
1990-09-06 19:00:00+00:00,0.0,0.0,0.0,12.58,1.93
1990-09-06 20:00:00+00:00,0.0,0.0,0.0,11.4,2.14
1990-09-06 21:00:00+00:00,0.0,0.0,0.0,10.55,2.28
1990-09-06 22:00:00+00:00,0.0,0.0,0.0,9.79,2.14
1990-09-06 23:00:00+00:00,0.0,0.0,0.0,8.97,1.86
1990-09-07 00:00:00+00:00,0.0,0.0,0.0,8.6,1.59
1990-09-07 01:00:00+00:00,0.0,0.0,0.0,8.27,1.66
1990-09-07 02:00:00+00:00,0.0,0.0,0.0,7.79,1.79
1990-09-07 03:00:00+00:00,0.0,0.0,0.0,7.68,1.86
1990-09-07 04:00:00+00:00,0.0,0.0,0.0,7.45,2.0
1990-09-07 05:00:00+00:00,0.0,0.0,0.0,7.37,2.07
1990-09-07 06:00:00+00:00,64.0,319.01,32.0,7.4,2.0
1990-09-07 07:00:00+00:00,213.0,549.84,72.0,8.88,3.66
1990-09-07 08:00:00+00:00,335.0,491.41,138.0,9.87,3.72
1990-09-07 09:00:00+00:00,460.0,538.37,178.0,11.22,4.0
1990-09-07 10:00:00+00:00,493.0,366.39,267.0,12.31,4.14
1990-09-07 11:00:00+00:00,409.0,114.31,332.0,12.99,4.14
1990-09-07 12:00:00+00:00,428.0,124.59,342.0,13.54,4.34
1990-09-07 13:00:00+00:00,418.0,132.2,330.0,14.17,4.28
1990-09-07 14:00:00+00:00,593.0,771.37,129.0,14.41,4.07
1990-09-07 15:00:00+00:00,151.0,0.0,151.0,14.97,4.48
1990-09-07 16:00:00+00:00,220.0,128.21,172.0,14.95,4.28
1990-09-07 17:00:00+00:00,190.0,555.35,64.0,14.48,3.66
1990-09-07 18:00:00+00:00,38.0,186.48,25.0,13.66,3.38
1990-09-07 19:00:00+00:00,0.0,0.0,0.0,12.57,2.34
1990-09-07 20:00:00+00:00,0.0,0.0,0.0,11.24,2.55
1990-09-07 21:00:00+00:00,0.0,0.0,0.0,10.2,2.62
1990-09-07 22:00:00+00:00,0.0,0.0,0.0,9.48,2.48
1990-09-07 23:00:00+00:00,0.0,0.0,0.0,8.79,2.34
1990-09-08 00:00:00+00:00,0.0,0.0,0.0,8.22,2.34
1990-09-08 01:00:00+00:00,0.0,0.0,0.0,7.8,2.41
1990-09-08 02:00:00+00:00,0.0,0.0,0.0,7.45,2.48
1990-09-08 03:00:00+00:00,0.0,0.0,0.0,7.42,2.55
1990-09-08 04:00:00+00:00,0.0,0.0,0.0,7.31,2.55
1990-09-08 05:00:00+00:00,0.0,0.0,0.0,7.25,2.55
1990-09-08 06:00:00+00:00,60.0,312.11,30.0,7.17,2.48
1990-09-08 07:00:00+00:00,198.0,459.74,82.0,8.29,2.21
1990-09-08 08:00:00+00:00,359.0,647.75,102.0,10.23,3.1
1990-09-08 09:00:00+00:00,438.0,469.59,194.0,11.72,3.93
1990-09-08 10:00:00+00:00,606.0,783.69,126.0,12.62,4.28
1990-09-08 11:00:00+00:00,478.0,231.67,323.0,12.97,4.41
1990-09-08 12:00:00+00:00,334.0,37.93,308.0,13.52,3.72
1990-09-08 13:00:00+00:00,327.0,42.38,299.0,14.15,3.59
1990-09-08 14:00:00+00:00,133.0,0.0,133.0,14.03,3.45
1990-09-08 15:00:00+00:00,219.0,26.18,206.0,14.0,3.52
1990-09-08 16:00:00+00:00,338.0,670.13,91.0,13.85,3.31
1990-09-08 17:00:00+00:00,98.0,45.27,88.0,13.2,2.97
1990-09-08 18:00:00+00:00,24.0,47.18,21.0,12.07,2.14
1990-09-08 19:00:00+00:00,0.0,0.0,0.0,11.58,2.0
1990-09-08 20:00:00+00:00,0.0,0.0,0.0,10.88,2.14
1990-09-08 21:00:00+00:00,0.0,0.0,0.0,10.51,2.21
1990-09-08 22:00:00+00:00,0.0,0.0,0.0,9.45,2.34
1990-09-08 23:00:00+00:00,0.0,0.0,0.0,9.0,2.28
1990-09-09 00:00:00+00:00,0.0,0.0,0.0,8.8,1.93
1990-09-09 01:00:00+00:00,0.0,0.0,0.0,8.66,1.79
1990-09-09 02:00:00+00:00,0.0,0.0,0.0,8.81,1.72
1990-09-09 03:00:00+00:00,0.0,0.0,0.0,8.96,1.66
1990-09-09 04:00:00+00:00,0.0,0.0,0.0,9.04,1.59
1990-09-09 05:00:00+00:00,0.0,0.0,0.0,9.05,1.31
1990-09-09 06:00:00+00:00,42.0,97.92,33.0,9.29,1.03
1990-09-09 07:00:00+00:00,125.0,84.62,104.0,9.7,1.03
1990-09-09 08:00:00+00:00,119.0,2.55,118.0,10.2,0.83
1990-09-09 09:00:00+00:00,162.0,1.94,161.0,10.63,0.07
1990-09-09 10:00:00+00:00,217.0,4.93,214.0,10.96,0.97
1990-09-09 11:00:00+00:00,151.0,0.0,151.0,11.77,1.45
1990-09-09 12:00:00+00:00,345.0,47.01,313.0,12.54,2.07
1990-09-09 13:00:00+00:00,584.0,535.42,233.0,13.66,2.97
1990-09-09 14:00:00+00:00,514.0,506.04,215.0,14.79,3.72
1990-09-09 15:00:00+00:00,441.0,590.65,151.0,15.11,4.07
1990-09-09 16:00:00+00:00,302.0,490.71,124.0,14.85,4.48
1990-09-09 17:00:00+00:00,79.0,18.62,75.0,14.18,4.14
1990-09-09 18:00:00+00:00,17.0,17.41,16.0,13.18,3.72
1990-09-09 19:00:00+00:00,0.0,0.0,0.0,12.22,4.0
1990-09-09 20:00:00+00:00,0.0,0.0,0.0,11.39,3.93
1990-09-09 21:00:00+00:00,0.0,0.0,0.0,10.87,3.72
1990-09-09 22:00:00+00:00,0.0,0.0,0.0,10.14,3.38
1990-09-09 23:00:00+00:00,0.0,0.0,0.0,9.64,3.17
1990-09-10 00:00:00+00:00,0.0,0.0,0.0,9.38,3.1
1990-09-10 01:00:00+00:00,0.0,0.0,0.0,8.96,2.97
1990-09-10 02:00:00+00:00,0.0,0.0,0.0,8.78,2.97
1990-09-10 03:00:00+00:00,0.0,0.0,0.0,8.58,2.76
1990-09-10 04:00:00+00:00,0.0,0.0,0.0,8.4,3.03
1990-09-10 05:00:00+00:00,0.0,0.0,0.0,8.19,3.1
1990-09-10 06:00:00+00:00,23.0,11.4,22.0,8.12,2.97
1990-09-10 07:00:00+00:00,91.0,16.39,87.0,9.79,2.97
1990-09-10 08:00:00+00:00,281.0,298.65,165.0,11.22,3.45
1990-09-10 09:00:00+00:00,425.0,453.93,193.0,12.45,3.93
1990-09-10 10:00:00+00:00,394.0,167.31,293.0,13.79,5.17
1990-09-10 11:00:00+00:00,231.0,3.03,229.0,14.4,5.79
1990-09-10 12:00:00+00:00,253.0,5.92,249.0,14.51,6.0
1990-09-10 13:00:00+00:00,283.0,19.99,270.0,14.62,6.21
1990-09-10 14:00:00+00:00,297.0,52.95,266.0,14.5,6.0
1990-09-10 15:00:00+00:00,146.0,0.0,146.0,14.18,5.66
1990-09-10 16:00:00+00:00,124.0,5.6,122.0,13.73,4.55
1990-09-10 17:00:00+00:00,45.0,0.0,45.0,13.37,3.86
1990-09-10 18:00:00+00:00,10.0,0.0,10.0,12.98,4.0
1990-09-10 19:00:00+00:00,0.0,0.0,0.0,13.01,4.34
1990-09-10 20:00:00+00:00,0.0,0.0,0.0,12.76,4.55
1990-09-10 21:00:00+00:00,0.0,0.0,0.0,12.15,4.48
1990-09-10 22:00:00+00:00,0.0,0.0,0.0,11.7,4.28
1990-09-10 23:00:00+00:00,0.0,0.0,0.0,11.6,4.21
1990-09-11 00:00:00+00:00,0.0,0.0,0.0,11.16,4.14
1990-09-11 01:00:00+00:00,0.0,0.0,0.0,10.79,3.86
1990-09-11 02:00:00+00:00,0.0,0.0,0.0,10.57,3.66
1990-09-11 03:00:00+00:00,0.0,0.0,0.0,10.26,3.45
1990-09-11 04:00:00+00:00,0.0,0.0,0.0,9.97,3.24
1990-09-11 05:00:00+00:00,0.0,0.0,0.0,9.77,3.03
1990-09-11 06:00:00+00:00,27.0,23.97,25.0,9.66,2.83
1990-09-11 07:00:00+00:00,73.0,4.17,72.0,10.82,2.48
1990-09-11 08:00:00+00:00,166.0,31.23,154.0,12.21,3.17
1990-09-11 09:00:00+00:00,249.0,51.3,223.0,13.43,3.38
1990-09-11 10:00:00+00:00,185.0,0.0,185.0,13.93,3.72
1990-09-11 11:00:00+00:00,89.0,0.0,89.0,14.22,4.28
1990-09-11 12:00:00+00:00,129.0,0.0,129.0,14.2,4.21
1990-09-11 13:00:00+00:00,124.0,0.0,124.0,13.75,3.59
1990-09-11 14:00:00+00:00,130.0,0.0,130.0,13.4,3.1
1990-09-11 15:00:00+00:00,128.0,0.0,128.0,12.64,2.62
1990-09-11 16:00:00+00:00,101.0,0.0,101.0,12.38,2.55
1990-09-11 17:00:00+00:00,47.0,0.0,47.0,12.06,2.14
1990-09-11 18:00:00+00:00,8.0,0.0,8.0,11.82,1.66
1990-09-11 19:00:00+00:00,0.0,0.0,0.0,11.62,1.45
1990-09-11 20:00:00+00:00,0.0,0.0,0.0,11.59,1.1
1990-09-11 21:00:00+00:00,0.0,0.0,0.0,11.67,0.76
1990-09-11 22:00:00+00:00,0.0,0.0,0.0,11.72,0.97
1990-09-11 23:00:00+00:00,0.0,0.0,0.0,11.72,1.1
1990-09-12 00:00:00+00:00,0.0,0.0,0.0,11.74,1.17
1990-09-12 01:00:00+00:00,0.0,0.0,0.0,11.76,1.17
1990-09-12 02:00:00+00:00,0.0,0.0,0.0,11.85,1.1
1990-09-12 03:00:00+00:00,0.0,0.0,0.0,11.98,1.03
1990-09-12 04:00:00+00:00,0.0,0.0,0.0,12.05,1.03
1990-09-12 05:00:00+00:00,0.0,0.0,0.0,12.15,1.03
1990-09-12 06:00:00+00:00,29.0,50.51,25.0,12.27,0.9
1990-09-12 07:00:00+00:00,106.0,55.18,93.0,12.76,1.24
1990-09-12 08:00:00+00:00,214.0,113.17,171.0,13.26,1.03
1990-09-12 09:00:00+00:00,215.0,23.88,203.0,13.93,1.38
1990-09-12 10:00:00+00:00,346.0,105.94,283.0,15.01,1.24
1990-09-12 11:00:00+00:00,242.0,6.15,238.0,16.23,1.38
1990-09-12 12:00:00+00:00,403.0,120.14,323.0,17.0,1.66
1990-09-12 13:00:00+00:00,555.0,506.25,231.0,17.52,2.34
1990-09-12 14:00:00+00:00,550.0,732.83,129.0,18.3,2.76
1990-09-12 15:00:00+00:00,440.0,690.1,113.0,19.01,2.97
1990-09-12 16:00:00+00:00,278.0,460.96,119.0,19.07,2.34
1990-09-12 17:00:00+00:00,116.0,178.08,81.0,18.78,1.72
1990-09-12 18:00:00+00:00,12.0,0.0,12.0,17.81,2.07
1990-09-12 19:00:00+00:00,0.0,0.0,0.0,17.07,2.62
1990-09-12 20:00:00+00:00,0.0,0.0,0.0,16.56,3.1
1990-09-12 21:00:00+00:00,0.0,0.0,0.0,16.03,3.24
1990-09-12 22:00:00+00:00,0.0,0.0,0.0,15.8,2.97
1990-09-12 23:00:00+00:00,0.0,0.0,0.0,15.75,2.76
1990-09-13 00:00:00+00:00,0.0,0.0,0.0,15.76,2.62
1990-09-13 01:00:00+00:00,0.0,0.0,0.0,15.83,2.69
1990-09-13 02:00:00+00:00,0.0,0.0,0.0,15.85,2.62
1990-09-13 03:00:00+00:00,0.0,0.0,0.0,15.65,2.76
1990-09-13 04:00:00+00:00,0.0,0.0,0.0,15.04,3.24
1990-09-13 05:00:00+00:00,0.0,0.0,0.0,13.93,3.59
1990-09-13 06:00:00+00:00,19.0,13.35,18.0,12.86,3.45
1990-09-13 07:00:00+00:00,58.0,0.0,58.0,13.07,2.97
1990-09-13 08:00:00+00:00,66.0,0.0,66.0,12.69,2.97
1990-09-13 09:00:00+00:00,84.0,0.0,84.0,12.73,2.55
1990-09-13 10:00:00+00:00,120.0,0.0,120.0,13.02,2.48
1990-09-13 11:00:00+00:00,507.0,356.21,277.0,13.77,2.9
1990-09-13 12:00:00+00:00,367.0,81.71,313.0,14.33,3.24
1990-09-13 13:00:00+00:00,417.0,176.46,305.0,14.91,3.24
1990-09-13 14:00:00+00:00,282.0,50.97,253.0,15.43,2.97
1990-09-13 15:00:00+00:00,93.0,0.0,93.0,15.35,2.83
1990-09-13 16:00:00+00:00,26.0,0.0,26.0,14.79,2.07
1990-09-13 17:00:00+00:00,24.0,0.0,24.0,14.07,1.66
1990-09-13 18:00:00+00:00,8.0,0.0,8.0,13.07,1.86
1990-09-13 19:00:00+00:00,0.0,0.0,0.0,11.18,2.76
1990-09-13 20:00:00+00:00,0.0,0.0,0.0,10.7,3.17
1990-09-13 21:00:00+00:00,0.0,0.0,0.0,9.97,3.38
1990-09-13 22:00:00+00:00,0.0,0.0,0.0,9.44,2.97
1990-09-13 23:00:00+00:00,0.0,0.0,0.0,9.31,2.48
1990-09-14 00:00:00+00:00,0.0,0.0,0.0,9.32,2.28
1990-09-14 01:00:00+00:00,0.0,0.0,0.0,9.14,2.41
1990-09-14 02:00:00+00:00,0.0,0.0,0.0,8.99,2.76
1990-09-14 03:00:00+00:00,0.0,0.0,0.0,8.78,2.9
1990-09-14 04:00:00+00:00,0.0,0.0,0.0,8.56,2.9
1990-09-14 05:00:00+00:00,0.0,0.0,0.0,8.4,2.76
1990-09-14 06:00:00+00:00,35.0,155.75,24.0,8.55,2.62
1990-09-14 07:00:00+00:00,42.0,0.0,42.0,9.53,3.45
1990-09-14 08:00:00+00:00,96.0,0.0,96.0,9.92,3.93
1990-09-14 09:00:00+00:00,169.0,4.05,167.0,10.38,3.66
1990-09-14 10:00:00+00:00,318.0,73.43,275.0,10.53,3.03
1990-09-14 11:00:00+00:00,207.0,1.56,206.0,11.22,3.1
1990-09-14 12:00:00+00:00,323.0,41.17,296.0,12.0,2.97
1990-09-14 13:00:00+00:00,353.0,82.62,301.0,12.67,2.83
1990-09-14 14:00:00+00:00,205.0,5.33,202.0,13.18,2.83
1990-09-14 15:00:00+00:00,273.0,118.99,218.0,13.41,2.9
1990-09-14 16:00:00+00:00,144.0,30.04,134.0,13.46,2.83
1990-09-14 17:00:00+00:00,46.0,0.0,46.0,13.3,2.69
1990-09-14 18:00:00+00:00,7.0,0.0,7.0,12.3,2.21
1990-09-14 19:00:00+00:00,0.0,0.0,0.0,11.39,2.34
1990-09-14 20:00:00+00:00,0.0,0.0,0.0,10.59,2.69
1990-09-14 21:00:00+00:00,0.0,0.0,0.0,9.86,2.55
1990-09-14 22:00:00+00:00,0.0,0.0,0.0,9.35,2.21
1990-09-14 23:00:00+00:00,0.0,0.0,0.0,8.63,2.14
1990-09-15 00:00:00+00:00,0.0,0.0,0.0,7.92,1.86
1990-09-15 01:00:00+00:00,0.0,0.0,0.0,7.23,2.0
1990-09-15 02:00:00+00:00,0.0,0.0,0.0,6.65,2.14
1990-09-15 03:00:00+00:00,0.0,0.0,0.0,6.6,2.34
1990-09-15 04:00:00+00:00,0.0,0.0,0.0,6.82,2.62
1990-09-15 05:00:00+00:00,0.0,0.0,0.0,6.88,2.97
1990-09-15 06:00:00+00:00,21.0,30.16,19.0,7.45,3.45
1990-09-15 07:00:00+00:00,134.0,188.52,92.0,8.37,4.21
1990-09-15 08:00:00+00:00,37.0,0.0,37.0,9.93,4.21
1990-09-15 09:00:00+00:00,134.0,0.0,134.0,11.09,4.97
1990-09-15 10:00:00+00:00,211.0,5.16,208.0,12.3,6.69
1990-09-15 11:00:00+00:00,149.0,0.0,149.0,13.2,8.21
1990-09-15 12:00:00+00:00,101.0,0.0,101.0,13.51,7.66
1990-09-15 13:00:00+00:00,96.0,0.0,96.0,13.64,6.07
1990-09-15 14:00:00+00:00,92.0,0.0,92.0,13.68,7.79
1990-09-15 15:00:00+00:00,126.0,0.0,126.0,14.19,7.1
1990-09-15 16:00:00+00:00,47.0,0.0,47.0,14.93,6.21
1990-09-15 17:00:00+00:00,58.0,11.24,56.0,14.65,5.72
1990-09-15 18:00:00+00:00,0.0,0.0,0.0,13.11,5.31
1990-09-15 19:00:00+00:00,0.0,0.0,0.0,12.62,4.55
1990-09-15 20:00:00+00:00,0.0,0.0,0.0,11.41,4.62
1990-09-15 21:00:00+00:00,0.0,0.0,0.0,10.8,4.69
1990-09-15 22:00:00+00:00,0.0,0.0,0.0,10.09,4.9
1990-09-15 23:00:00+00:00,0.0,0.0,0.0,9.39,5.24
1990-09-16 00:00:00+00:00,0.0,0.0,0.0,8.84,5.38
1990-09-16 01:00:00+00:00,0.0,0.0,0.0,8.45,5.45
1990-09-16 02:00:00+00:00,0.0,0.0,0.0,8.21,5.45
1990-09-16 03:00:00+00:00,0.0,0.0,0.0,8.05,5.17
1990-09-16 04:00:00+00:00,0.0,0.0,0.0,7.92,4.83
1990-09-16 05:00:00+00:00,0.0,0.0,0.0,7.77,4.83
1990-09-16 06:00:00+00:00,33.0,209.67,20.0,7.61,5.03
1990-09-16 07:00:00+00:00,185.0,572.13,60.0,8.16,4.97
1990-09-16 08:00:00+00:00,329.0,650.77,93.0,9.02,4.9
1990-09-16 09:00:00+00:00,241.0,49.52,217.0,9.85,6.07
1990-09-16 10:00:00+00:00,255.0,22.56,242.0,10.57,5.93
1990-09-16 11:00:00+00:00,631.0,779.57,139.0,11.37,6.21
1990-09-16 12:00:00+00:00,580.0,532.87,236.0,11.63,6.28
1990-09-16 13:00:00+00:00,391.0,137.41,306.0,11.52,6.55
1990-09-16 14:00:00+00:00,523.0,668.45,154.0,11.67,6.41
1990-09-16 15:00:00+00:00,430.0,717.12,107.0,11.67,6.48
1990-09-16 16:00:00+00:00,235.0,311.83,135.0,11.61,6.9
1990-09-16 17:00:00+00:00,115.0,273.76,68.0,11.24,5.52
1990-09-16 18:00:00+00:00,0.0,0.0,0.0,10.47,4.9
1990-09-16 19:00:00+00:00,0.0,0.0,0.0,9.78,4.97
1990-09-16 20:00:00+00:00,0.0,0.0,0.0,9.36,4.62
1990-09-16 21:00:00+00:00,0.0,0.0,0.0,8.84,4.41
1990-09-16 22:00:00+00:00,0.0,0.0,0.0,8.52,4.48
1990-09-16 23:00:00+00:00,0.0,0.0,0.0,8.26,4.41
1990-09-17 00:00:00+00:00,0.0,0.0,0.0,8.0,4.41
1990-09-17 01:00:00+00:00,0.0,0.0,0.0,7.95,4.48
1990-09-17 02:00:00+00:00,0.0,0.0,0.0,7.88,4.48
1990-09-17 03:00:00+00:00,0.0,0.0,0.0,7.9,4.34
1990-09-17 04:00:00+00:00,0.0,0.0,0.0,7.91,4.21
1990-09-17 05:00:00+00:00,0.0,0.0,0.0,7.72,4.07
1990-09-17 06:00:00+00:00,16.0,17.34,15.0,7.56,4.0
1990-09-17 07:00:00+00:00,37.0,0.0,37.0,8.67,4.14
1990-09-17 08:00:00+00:00,120.0,5.58,118.0,9.54,3.59
1990-09-17 09:00:00+00:00,156.0,2.08,155.0,10.17,4.0
1990-09-17 10:00:00+00:00,248.0,21.0,236.0,10.49,3.93
1990-09-17 11:00:00+00:00,84.0,0.0,84.0,10.64,3.17
1990-09-17 12:00:00+00:00,192.0,0.0,192.0,9.88,2.62
1990-09-17 13:00:00+00:00,261.0,17.94,250.0,10.08,2.34
1990-09-17 14:00:00+00:00,143.0,0.0,143.0,10.64,2.41
1990-09-17 15:00:00+00:00,134.0,0.0,134.0,10.55,2.41
1990-09-17 16:00:00+00:00,102.0,3.18,101.0,10.57,1.86
1990-09-17 17:00:00+00:00,65.0,30.23,60.0,10.58,1.17
1990-09-17 18:00:00+00:00,0.0,0.0,0.0,10.64,0.69
1990-09-17 19:00:00+00:00,0.0,0.0,0.0,10.24,0.97
1990-09-17 20:00:00+00:00,0.0,0.0,0.0,10.13,1.52
1990-09-17 21:00:00+00:00,0.0,0.0,0.0,9.96,1.86
1990-09-17 22:00:00+00:00,0.0,0.0,0.0,9.7,1.93
1990-09-17 23:00:00+00:00,0.0,0.0,0.0,9.46,1.79
1990-09-18 00:00:00+00:00,0.0,0.0,0.0,9.22,1.93
1990-09-18 01:00:00+00:00,0.0,0.0,0.0,9.03,2.0
1990-09-18 02:00:00+00:00,0.0,0.0,0.0,8.84,2.0
1990-09-18 03:00:00+00:00,0.0,0.0,0.0,8.83,2.0
1990-09-18 04:00:00+00:00,0.0,0.0,0.0,8.81,2.07
1990-09-18 05:00:00+00:00,0.0,0.0,0.0,8.87,2.28
1990-09-18 06:00:00+00:00,16.0,18.76,15.0,8.88,2.48
1990-09-18 07:00:00+00:00,59.0,4.77,58.0,9.02,2.55
1990-09-18 08:00:00+00:00,139.0,16.96,133.0,9.57,3.52
1990-09-18 09:00:00+00:00,168.0,4.21,166.0,10.06,4.07
1990-09-18 10:00:00+00:00,482.0,467.56,217.0,11.18,4.55
1990-09-18 11:00:00+00:00,518.0,421.77,256.0,11.87,4.76
1990-09-18 12:00:00+00:00,171.0,0.0,171.0,12.64,5.03
1990-09-18 13:00:00+00:00,106.0,0.0,106.0,12.72,5.24
1990-09-18 14:00:00+00:00,270.0,48.1,244.0,12.93,5.52
1990-09-18 15:00:00+00:00,350.0,396.82,176.0,13.12,5.72
1990-09-18 16:00:00+00:00,252.0,476.66,105.0,12.84,4.76
1990-09-18 17:00:00+00:00,121.0,446.18,50.0,12.51,4.21
1990-09-18 18:00:00+00:00,0.0,0.0,0.0,11.88,3.52
1990-09-18 19:00:00+00:00,0.0,0.0,0.0,10.99,3.31
1990-09-18 20:00:00+00:00,0.0,0.0,0.0,10.16,3.03
1990-09-18 21:00:00+00:00,0.0,0.0,0.0,9.7,2.97
1990-09-18 22:00:00+00:00,0.0,0.0,0.0,9.01,2.76
1990-09-18 23:00:00+00:00,0.0,0.0,0.0,8.36,2.76
1990-09-19 00:00:00+00:00,0.0,0.0,0.0,7.86,2.9
1990-09-19 01:00:00+00:00,0.0,0.0,0.0,7.75,2.83
1990-09-19 02:00:00+00:00,0.0,0.0,0.0,8.08,2.62
1990-09-19 03:00:00+00:00,0.0,0.0,0.0,8.07,2.28
1990-09-19 04:00:00+00:00,0.0,0.0,0.0,8.02,2.07
1990-09-19 05:00:00+00:00,0.0,0.0,0.0,7.82,2.21
1990-09-19 06:00:00+00:00,6.0,0.0,6.0,8.12,2.48
1990-09-19 07:00:00+00:00,73.0,14.6,70.0,9.06,2.83
1990-09-19 08:00:00+00:00,213.0,157.43,158.0,10.29,3.45
1990-09-19 09:00:00+00:00,107.0,0.0,107.0,11.53,4.9
1990-09-19 10:00:00+00:00,103.0,0.0,103.0,12.06,6.83
1990-09-19 11:00:00+00:00,333.0,68.16,291.0,12.02,6.34
1990-09-19 12:00:00+00:00,325.0,53.98,291.0,12.61,6.34
1990-09-19 13:00:00+00:00,120.0,0.0,120.0,13.85,5.1
1990-09-19 14:00:00+00:00,469.0,529.21,186.0,16.55,6.76
1990-09-19 15:00:00+00:00,293.0,215.04,200.0,17.32,5.66
1990-09-19 16:00:00+00:00,225.0,350.75,119.0,16.82,5.38
1990-09-19 17:00:00+00:00,109.0,372.98,52.0,15.77,4.34
1990-09-19 18:00:00+00:00,0.0,0.0,0.0,14.64,3.79
1990-09-19 19:00:00+00:00,0.0,0.0,0.0,13.97,3.86
1990-09-19 20:00:00+00:00,0.0,0.0,0.0,13.49,4.0
1990-09-19 21:00:00+00:00,0.0,0.0,0.0,13.15,4.0
1990-09-19 22:00:00+00:00,0.0,0.0,0.0,12.82,3.93
1990-09-19 23:00:00+00:00,0.0,0.0,0.0,12.52,3.86
1990-09-20 00:00:00+00:00,0.0,0.0,0.0,12.17,3.93
1990-09-20 01:00:00+00:00,0.0,0.0,0.0,11.79,3.93
1990-09-20 02:00:00+00:00,0.0,0.0,0.0,11.39,3.79
1990-09-20 03:00:00+00:00,0.0,0.0,0.0,11.13,3.66
1990-09-20 04:00:00+00:00,0.0,0.0,0.0,10.68,3.24
1990-09-20 05:00:00+00:00,0.0,0.0,0.0,9.82,2.76
1990-09-20 06:00:00+00:00,11.0,22.43,10.0,9.37,2.34
1990-09-20 07:00:00+00:00,74.0,19.9,70.0,10.05,2.28
1990-09-20 08:00:00+00:00,222.0,191.37,156.0,11.24,2.83
1990-09-20 09:00:00+00:00,211.0,30.02,197.0,12.48,3.52
1990-09-20 10:00:00+00:00,165.0,0.0,165.0,13.27,2.9
1990-09-20 11:00:00+00:00,197.0,1.64,196.0,13.88,2.41
1990-09-20 12:00:00+00:00,233.0,6.4,229.0,14.54,2.28
1990-09-20 13:00:00+00:00,373.0,134.12,293.0,15.16,2.48
1990-09-20 14:00:00+00:00,407.0,325.18,235.0,15.57,2.41
1990-09-20 15:00:00+00:00,265.0,150.08,201.0,15.68,2.34
1990-09-20 16:00:00+00:00,187.0,185.81,132.0,15.69,2.34
1990-09-20 17:00:00+00:00,82.0,150.16,60.0,15.51,2.07
1990-09-20 18:00:00+00:00,0.0,0.0,0.0,14.69,1.24
1990-09-20 19:00:00+00:00,0.0,0.0,0.0,13.91,1.03
1990-09-20 20:00:00+00:00,0.0,0.0,0.0,13.2,1.31
1990-09-20 21:00:00+00:00,0.0,0.0,0.0,12.29,1.59
1990-09-20 22:00:00+00:00,0.0,0.0,0.0,11.39,1.86
1990-09-20 23:00:00+00:00,0.0,0.0,0.0,10.89,2.14
1990-09-21 00:00:00+00:00,0.0,0.0,0.0,10.16,2.14
1990-09-21 01:00:00+00:00,0.0,0.0,0.0,9.53,1.86
1990-09-21 02:00:00+00:00,0.0,0.0,0.0,8.99,1.93
1990-09-21 03:00:00+00:00,0.0,0.0,0.0,8.56,2.0
1990-09-21 04:00:00+00:00,0.0,0.0,0.0,8.64,2.0
1990-09-21 05:00:00+00:00,0.0,0.0,0.0,8.83,2.14
1990-09-21 06:00:00+00:00,14.0,49.78,12.0,9.79,2.34
1990-09-21 07:00:00+00:00,0.0,0.0,0.0,11.23,2.14
1990-09-21 08:00:00+00:00,173.0,76.39,147.0,11.93,2.28
1990-09-21 09:00:00+00:00,199.0,25.99,187.0,12.39,2.55
1990-09-21 10:00:00+00:00,236.0,21.73,224.0,13.28,3.03
1990-09-21 11:00:00+00:00,254.0,16.5,244.0,14.73,3.93
1990-09-21 12:00:00+00:00,170.0,0.0,170.0,15.81,4.14
1990-09-21 13:00:00+00:00,386.0,172.62,284.0,17.01,3.86
1990-09-21 14:00:00+00:00,417.0,391.9,212.0,18.03,3.59
1990-09-21 15:00:00+00:00,327.0,382.98,166.0,18.59,2.69
1990-09-21 16:00:00+00:00,219.0,386.49,107.0,19.05,2.76
1990-09-21 17:00:00+00:00,84.0,214.01,54.0,18.87,2.55
1990-09-21 18:00:00+00:00,0.0,0.0,0.0,17.48,2.55
1990-09-21 19:00:00+00:00,0.0,0.0,0.0,16.67,3.03
1990-09-21 20:00:00+00:00,0.0,0.0,0.0,16.02,3.1
1990-09-21 21:00:00+00:00,0.0,0.0,0.0,15.66,2.97
1990-09-21 22:00:00+00:00,0.0,0.0,0.0,15.65,2.83
1990-09-21 23:00:00+00:00,0.0,0.0,0.0,15.5,2.55
1990-09-22 00:00:00+00:00,0.0,0.0,0.0,15.46,2.34
1990-09-22 01:00:00+00:00,0.0,0.0,0.0,15.61,2.28
1990-09-22 02:00:00+00:00,0.0,0.0,0.0,15.64,2.28
1990-09-22 03:00:00+00:00,0.0,0.0,0.0,15.65,2.28
1990-09-22 04:00:00+00:00,0.0,0.0,0.0,15.59,2.34
1990-09-22 05:00:00+00:00,0.0,0.0,0.0,15.49,2.41
1990-09-22 06:00:00+00:00,8.0,0.0,8.0,15.4,2.41
1990-09-22 07:00:00+00:00,85.0,52.04,75.0,15.75,2.21
1990-09-22 08:00:00+00:00,168.0,68.49,145.0,15.9,2.69
1990-09-22 09:00:00+00:00,136.0,0.0,136.0,16.22,2.62
1990-09-22 10:00:00+00:00,271.0,45.67,246.0,16.83,2.69
1990-09-22 11:00:00+00:00,349.0,96.53,291.0,17.48,2.69
1990-09-22 12:00:00+00:00,425.0,205.28,299.0,18.29,2.62
1990-09-22 13:00:00+00:00,498.0,463.05,227.0,18.68,2.48
1990-09-22 14:00:00+00:00,423.0,413.76,209.0,19.22,2.48
1990-09-22 15:00:00+00:00,383.0,675.83,103.0,19.46,2.34
1990-09-22 16:00:00+00:00,245.0,585.44,79.0,19.45,2.07
1990-09-22 17:00:00+00:00,98.0,418.38,42.0,19.27,1.52
1990-09-22 18:00:00+00:00,0.0,0.0,0.0,18.23,1.31
1990-09-22 19:00:00+00:00,0.0,0.0,0.0,16.73,2.14
1990-09-22 20:00:00+00:00,0.0,0.0,0.0,15.56,2.07
1990-09-22 21:00:00+00:00,0.0,0.0,0.0,14.62,1.93
1990-09-22 22:00:00+00:00,0.0,0.0,0.0,13.55,1.52
1990-09-22 23:00:00+00:00,0.0,0.0,0.0,13.1,1.03
1990-09-23 00:00:00+00:00,0.0,0.0,0.0,13.42,0.62
1990-09-23 01:00:00+00:00,0.0,0.0,0.0,12.95,0.69
1990-09-23 02:00:00+00:00,0.0,0.0,0.0,11.79,1.1
1990-09-23 03:00:00+00:00,0.0,0.0,0.0,10.98,1.24
1990-09-23 04:00:00+00:00,0.0,0.0,0.0,10.67,1.17
1990-09-23 05:00:00+00:00,0.0,0.0,0.0,11.18,1.1
1990-09-23 06:00:00+00:00,4.0,0.0,4.0,11.57,1.1
1990-09-23 07:00:00+00:00,66.0,15.98,63.0,13.85,0.83
1990-09-23 08:00:00+00:00,93.0,0.0,93.0,15.62,1.1
1990-09-23 09:00:00+00:00,80.0,0.0,80.0,16.53,2.07
1990-09-23 10:00:00+00:00,118.0,0.0,118.0,16.8,1.93
1990-09-23 11:00:00+00:00,113.0,0.0,113.0,17.27,1.93
1990-09-23 12:00:00+00:00,110.0,0.0,110.0,17.71,1.79
1990-09-23 13:00:00+00:00,119.0,0.0,119.0,18.59,1.79
1990-09-23 14:00:00+00:00,96.0,0.0,96.0,18.86,1.59
1990-09-23 15:00:00+00:00,126.0,2.45,125.0,19.24,1.38
1990-09-23 16:00:00+00:00,104.0,14.42,100.0,19.23,1.31
1990-09-23 17:00:00+00:00,47.0,23.53,44.0,19.14,0.9
1990-09-23 18:00:00+00:00,0.0,0.0,0.0,18.52,1.31
1990-09-23 19:00:00+00:00,0.0,0.0,0.0,16.79,1.45
1990-09-23 20:00:00+00:00,0.0,0.0,0.0,16.26,1.59
1990-09-23 21:00:00+00:00,0.0,0.0,0.0,15.57,1.86
1990-09-23 22:00:00+00:00,0.0,0.0,0.0,14.94,1.93
1990-09-23 23:00:00+00:00,0.0,0.0,0.0,14.15,2.07
1990-09-24 00:00:00+00:00,0.0,0.0,0.0,13.7,2.14
1990-09-24 01:00:00+00:00,0.0,0.0,0.0,13.26,2.0
1990-09-24 02:00:00+00:00,0.0,0.0,0.0,12.62,1.72
1990-09-24 03:00:00+00:00,0.0,0.0,0.0,12.07,1.59
1990-09-24 04:00:00+00:00,0.0,0.0,0.0,11.41,1.79
1990-09-24 05:00:00+00:00,0.0,0.0,0.0,10.84,1.79
1990-09-24 06:00:00+00:00,6.0,0.0,6.0,10.47,1.52
1990-09-24 07:00:00+00:00,95.0,109.16,75.0,11.63,1.31
1990-09-24 08:00:00+00:00,107.0,3.06,106.0,12.24,1.17
1990-09-24 09:00:00+00:00,118.0,0.0,118.0,13.06,1.31
1990-09-24 10:00:00+00:00,164.0,0.0,164.0,14.0,1.24
1990-09-24 11:00:00+00:00,139.0,0.0,139.0,15.19,1.1
1990-09-24 12:00:00+00:00,224.0,4.98,221.0,16.47,1.59
1990-09-24 13:00:00+00:00,297.0,55.76,265.0,17.43,1.93
1990-09-24 14:00:00+00:00,417.0,423.45,203.0,18.4,2.07
1990-09-24 15:00:00+00:00,362.0,614.3,115.0,18.82,2.0
1990-09-24 16:00:00+00:00,144.0,92.24,119.0,18.68,1.66
1990-09-24 17:00:00+00:00,60.0,99.03,48.0,18.07,0.9
1990-09-24 18:00:00+00:00,0.0,0.0,0.0,17.24,0.48
1990-09-24 19:00:00+00:00,0.0,0.0,0.0,16.06,0.69
1990-09-24 20:00:00+00:00,0.0,0.0,0.0,15.59,0.48
1990-09-24 21:00:00+00:00,0.0,0.0,0.0,12.72,1.52
1990-09-24 22:00:00+00:00,0.0,0.0,0.0,14.43,0.07
1990-09-24 23:00:00+00:00,0.0,0.0,0.0,12.66,1.31
1990-09-25 00:00:00+00:00,0.0,0.0,0.0,12.48,1.38
1990-09-25 01:00:00+00:00,0.0,0.0,0.0,12.72,0.76
1990-09-25 02:00:00+00:00,0.0,0.0,0.0,11.85,1.1
1990-09-25 03:00:00+00:00,0.0,0.0,0.0,11.4,1.1
1990-09-25 04:00:00+00:00,0.0,0.0,0.0,12.08,0.69
1990-09-25 05:00:00+00:00,0.0,0.0,0.0,11.62,0.69
1990-09-25 06:00:00+00:00,0.0,0.0,0.0,11.18,0.28
1990-09-25 07:00:00+00:00,27.0,0.0,27.0,11.28,0.76
1990-09-25 08:00:00+00:00,170.0,90.05,141.0,12.96,0.34
1990-09-25 09:00:00+00:00,215.0,49.69,193.0,14.64,0.69
1990-09-25 10:00:00+00:00,318.0,122.07,253.0,15.72,0.9
1990-09-25 11:00:00+00:00,362.0,136.69,282.0,17.36,1.38
1990-09-25 12:00:00+00:00,383.0,159.02,288.0,18.14,1.59
1990-09-25 13:00:00+00:00,419.0,281.62,259.0,18.41,1.1
1990-09-25 14:00:00+00:00,352.0,246.28,229.0,19.0,1.03
1990-09-25 15:00:00+00:00,205.0,73.24,176.0,19.16,1.1
1990-09-25 16:00:00+00:00,121.0,49.1,108.0,19.09,1.59
1990-09-25 17:00:00+00:00,35.0,8.71,34.0,18.22,1.66
1990-09-25 18:00:00+00:00,0.0,0.0,0.0,17.13,2.0
1990-09-25 19:00:00+00:00,0.0,0.0,0.0,16.66,2.62
1990-09-25 20:00:00+00:00,0.0,0.0,0.0,16.34,2.55
1990-09-25 21:00:00+00:00,0.0,0.0,0.0,15.92,2.83
1990-09-25 22:00:00+00:00,0.0,0.0,0.0,15.44,3.17
1990-09-25 23:00:00+00:00,0.0,0.0,0.0,14.91,3.52
1990-09-26 00:00:00+00:00,0.0,0.0,0.0,14.24,3.66
1990-09-26 01:00:00+00:00,0.0,0.0,0.0,13.66,3.93
1990-09-26 02:00:00+00:00,0.0,0.0,0.0,13.11,3.59
1990-09-26 03:00:00+00:00,0.0,0.0,0.0,12.57,3.66
1990-09-26 04:00:00+00:00,0.0,0.0,0.0,12.13,3.59
1990-09-26 05:00:00+00:00,0.0,0.0,0.0,11.67,3.66
1990-09-26 06:00:00+00:00,0.0,0.0,0.0,11.37,3.45
1990-09-26 07:00:00+00:00,80.0,68.89,68.0,11.03,4.07
1990-09-26 08:00:00+00:00,158.0,69.31,136.0,11.37,4.07
1990-09-26 09:00:00+00:00,113.0,0.0,113.0,12.14,4.0
1990-09-26 10:00:00+00:00,171.0,1.9,170.0,13.0,3.86
1990-09-26 11:00:00+00:00,313.0,72.42,271.0,14.07,3.72
1990-09-26 12:00:00+00:00,333.0,86.16,282.0,14.85,3.52
1990-09-26 13:00:00+00:00,486.0,506.77,201.0,15.46,3.17
1990-09-26 14:00:00+00:00,213.0,24.32,201.0,16.09,3.03
1990-09-26 15:00:00+00:00,129.0,5.13,127.0,16.22,2.97
1990-09-26 16:00:00+00:00,82.0,3.87,81.0,16.11,2.83
1990-09-26 17:00:00+00:00,57.0,147.46,41.0,15.47,2.28
1990-09-26 18:00:00+00:00,0.0,0.0,0.0,14.55,2.28
1990-09-26 19:00:00+00:00,0.0,0.0,0.0,14.12,2.07
1990-09-26 20:00:00+00:00,0.0,0.0,0.0,13.62,2.34
1990-09-26 21:00:00+00:00,0.0,0.0,0.0,13.01,2.55
1990-09-26 22:00:00+00:00,0.0,0.0,0.0,12.57,2.62
1990-09-26 23:00:00+00:00,0.0,0.0,0.0,12.09,2.62
1990-09-27 00:00:00+00:00,0.0,0.0,0.0,11.46,2.62
1990-09-27 01:00:00+00:00,0.0,0.0,0.0,10.92,2.55
1990-09-27 02:00:00+00:00,0.0,0.0,0.0,10.52,2.41
1990-09-27 03:00:00+00:00,0.0,0.0,0.0,10.02,2.21
1990-09-27 04:00:00+00:00,0.0,0.0,0.0,9.89,2.07
1990-09-27 05:00:00+00:00,0.0,0.0,0.0,9.77,2.07
1990-09-27 06:00:00+00:00,0.0,0.0,0.0,9.61,2.28
1990-09-27 07:00:00+00:00,78.0,70.73,66.0,9.89,2.07
1990-09-27 08:00:00+00:00,231.0,345.34,123.0,11.08,2.62
1990-09-27 09:00:00+00:00,340.0,385.64,173.0,12.81,3.24
1990-09-27 10:00:00+00:00,480.0,637.45,147.0,13.9,3.52
1990-09-27 11:00:00+00:00,498.0,504.63,208.0,14.62,3.31
1990-09-27 12:00:00+00:00,504.0,487.76,218.0,15.95,3.17
1990-09-27 13:00:00+00:00,356.0,156.31,269.0,16.86,3.31
1990-09-27 14:00:00+00:00,307.0,153.86,232.0,17.23,3.45
1990-09-27 15:00:00+00:00,346.0,641.2,100.0,17.22,3.66
1990-09-27 16:00:00+00:00,140.0,122.9,109.0,16.76,3.52
1990-09-27 17:00:00+00:00,49.0,107.66,38.0,15.95,3.1
1990-09-27 18:00:00+00:00,0.0,0.0,0.0,14.96,3.17
1990-09-27 19:00:00+00:00,0.0,0.0,0.0,13.65,2.97
1990-09-27 20:00:00+00:00,0.0,0.0,0.0,12.79,3.1
1990-09-27 21:00:00+00:00,0.0,0.0,0.0,12.11,3.03
1990-09-27 22:00:00+00:00,0.0,0.0,0.0,11.5,2.76
1990-09-27 23:00:00+00:00,0.0,0.0,0.0,10.86,2.62
1990-09-28 00:00:00+00:00,0.0,0.0,0.0,10.52,2.55
1990-09-28 01:00:00+00:00,0.0,0.0,0.0,10.16,2.62
1990-09-28 02:00:00+00:00,0.0,0.0,0.0,9.93,2.9
1990-09-28 03:00:00+00:00,0.0,0.0,0.0,10.01,2.9
1990-09-28 04:00:00+00:00,0.0,0.0,0.0,9.94,2.62
1990-09-28 05:00:00+00:00,0.0,0.0,0.0,9.86,2.76
1990-09-28 06:00:00+00:00,0.0,0.0,0.0,9.98,2.97
1990-09-28 07:00:00+00:00,96.0,187.77,65.0,10.2,3.17
1990-09-28 08:00:00+00:00,206.0,243.47,131.0,11.5,4.14
1990-09-28 09:00:00+00:00,359.0,497.46,146.0,13.53,4.97
1990-09-28 10:00:00+00:00,478.0,663.05,135.0,14.99,4.07
1990-09-28 11:00:00+00:00,377.0,182.66,273.0,16.16,4.14
1990-09-28 12:00:00+00:00,134.0,0.0,134.0,17.32,4.14
1990-09-28 13:00:00+00:00,261.0,38.13,240.0,17.69,4.41
1990-09-28 14:00:00+00:00,98.0,0.0,98.0,18.22,4.55
1990-09-28 15:00:00+00:00,133.0,7.95,130.0,18.37,4.62
1990-09-28 16:00:00+00:00,110.0,44.72,99.0,18.15,4.21
1990-09-28 17:00:00+00:00,41.0,62.59,35.0,17.37,3.93
1990-09-28 18:00:00+00:00,0.0,0.0,0.0,16.11,4.07
1990-09-28 19:00:00+00:00,0.0,0.0,0.0,15.06,4.69
1990-09-28 20:00:00+00:00,0.0,0.0,0.0,13.82,4.69
1990-09-28 21:00:00+00:00,0.0,0.0,0.0,13.01,4.76
1990-09-28 22:00:00+00:00,0.0,0.0,0.0,12.31,4.34
1990-09-28 23:00:00+00:00,0.0,0.0,0.0,12.1,4.07
1990-09-29 00:00:00+00:00,0.0,0.0,0.0,11.79,4.07
1990-09-29 01:00:00+00:00,0.0,0.0,0.0,11.3,4.07
1990-09-29 02:00:00+00:00,0.0,0.0,0.0,10.98,4.14
1990-09-29 03:00:00+00:00,0.0,0.0,0.0,10.78,4.07
1990-09-29 04:00:00+00:00,0.0,0.0,0.0,10.59,4.07
1990-09-29 05:00:00+00:00,0.0,0.0,0.0,10.46,4.07
1990-09-29 06:00:00+00:00,0.0,0.0,0.0,10.23,4.14
1990-09-29 07:00:00+00:00,90.0,161.98,64.0,10.67,3.93
1990-09-29 08:00:00+00:00,197.0,210.99,133.0,11.8,5.03
1990-09-29 09:00:00+00:00,316.0,318.94,181.0,13.08,5.24
1990-09-29 10:00:00+00:00,234.0,31.24,218.0,14.29,5.45
1990-09-29 11:00:00+00:00,556.0,776.6,118.0,15.47,5.59
1990-09-29 12:00:00+00:00,560.0,749.32,129.0,16.28,5.59
1990-09-29 13:00:00+00:00,532.0,757.82,119.0,16.82,5.31
1990-09-29 14:00:00+00:00,465.0,769.8,99.0,17.07,5.1
1990-09-29 15:00:00+00:00,340.0,665.19,93.0,16.97,4.97
1990-09-29 16:00:00+00:00,196.0,517.31,72.0,16.46,4.62
1990-09-29 17:00:00+00:00,54.0,245.66,32.0,15.4,3.93
1990-09-29 18:00:00+00:00,0.0,0.0,0.0,13.97,3.93
1990-09-29 19:00:00+00:00,0.0,0.0,0.0,13.13,3.93
1990-09-29 20:00:00+00:00,0.0,0.0,0.0,12.35,3.59
1990-09-29 21:00:00+00:00,0.0,0.0,0.0,11.81,3.31
1990-09-29 22:00:00+00:00,0.0,0.0,0.0,11.59,3.24
1990-09-29 23:00:00+00:00,0.0,0.0,0.0,11.53,3.1
1990-09-30 00:00:00+00:00,0.0,0.0,0.0,11.57,2.97
1990-09-30 01:00:00+00:00,0.0,0.0,0.0,11.84,2.9
1990-09-30 02:00:00+00:00,0.0,0.0,0.0,12.23,3.03
1990-09-30 03:00:00+00:00,0.0,0.0,0.0,12.64,3.17
1990-09-30 04:00:00+00:00,0.0,0.0,0.0,12.97,3.24
1990-09-30 05:00:00+00:00,0.0,0.0,0.0,13.14,3.38
1990-09-30 06:00:00+00:00,0.0,0.0,0.0,13.2,3.59
1990-09-30 07:00:00+00:00,59.0,32.07,54.0,13.02,3.72
1990-09-30 08:00:00+00:00,61.0,0.0,61.0,13.16,3.93
1990-09-30 09:00:00+00:00,100.0,0.0,100.0,13.81,4.34
1990-09-30 10:00:00+00:00,145.0,0.0,145.0,14.31,4.28
1990-09-30 11:00:00+00:00,172.0,0.0,172.0,15.34,4.41
1990-09-30 12:00:00+00:00,113.0,0.0,113.0,16.12,4.28
1990-09-30 13:00:00+00:00,289.0,72.34,250.0,16.69,4.28
1990-09-30 14:00:00+00:00,259.0,89.47,217.0,17.09,4.34
1990-09-30 15:00:00+00:00,148.0,19.17,141.0,16.82,3.24
1990-09-30 16:00:00+00:00,109.0,59.97,95.0,15.68,3.8
1990-09-30 17:00:00+00:00,47.0,204.17,30.0,15.16,3.68
1990-09-30 18:00:00+00:00,0.0,0.0,0.0,14.64,3.57
1990-09-30 19:00:00+00:00,0.0,0.0,0.0,14.12,3.45
1990-09-30 20:00:00+00:00,0.0,0.0,0.0,13.6,3.34
1990-09-30 21:00:00+00:00,0.0,0.0,0.0,13.08,3.23
1990-09-30 22:00:00+00:00,0.0,0.0,0.0,12.56,3.11
1990-09-30 23:00:00+00:00,0.0,0.0,0.0,12.04,3.0
1990-10-01 00:00:00+00:00,0.0,0.0,0.0,11.52,2.88
1990-10-01 01:00:00+00:00,0.0,0.0,0.0,11.0,2.77
1990-10-01 02:00:00+00:00,0.0,0.0,0.0,10.48,2.65
1990-10-01 03:00:00+00:00,0.0,0.0,0.0,9.96,2.54
1990-10-01 04:00:00+00:00,0.0,0.0,0.0,9.44,2.43
1990-10-01 05:00:00+00:00,0.0,0.0,0.0,8.92,2.31
1990-10-01 06:00:00+00:00,0.0,0.0,0.0,8.4,2.2
1990-10-01 07:00:00+00:00,63.0,54.54,55.0,7.87,2.08
1990-10-01 08:00:00+00:00,169.0,138.39,129.0,8.81,2.28
1990-10-01 09:00:00+00:00,352.0,523.97,138.0,9.87,3.03
1990-10-01 10:00:00+00:00,265.0,68.46,231.0,11.05,3.1
1990-10-01 11:00:00+00:00,372.0,191.68,267.0,11.79,3.31
1990-10-01 12:00:00+00:00,553.0,770.23,123.0,12.2,3.1
1990-10-01 13:00:00+00:00,500.0,673.07,145.0,12.52,2.62
1990-10-01 14:00:00+00:00,442.0,739.03,104.0,12.6,2.07
1990-10-01 15:00:00+00:00,326.0,674.56,88.0,12.71,1.93
1990-10-01 16:00:00+00:00,120.0,113.14,95.0,12.36,2.0
1990-10-01 17:00:00+00:00,32.0,98.95,25.0,11.64,1.59
1990-10-01 18:00:00+00:00,0.0,0.0,0.0,10.55,2.14
1990-10-01 19:00:00+00:00,0.0,0.0,0.0,9.52,2.28
1990-10-01 20:00:00+00:00,0.0,0.0,0.0,9.01,2.55
1990-10-01 21:00:00+00:00,0.0,0.0,0.0,8.74,2.83
1990-10-01 22:00:00+00:00,0.0,0.0,0.0,8.69,3.1
1990-10-01 23:00:00+00:00,0.0,0.0,0.0,8.53,3.1
1990-10-02 00:00:00+00:00,0.0,0.0,0.0,8.32,3.24
1990-10-02 01:00:00+00:00,0.0,0.0,0.0,8.14,4.0
1990-10-02 02:00:00+00:00,0.0,0.0,0.0,8.18,4.48
1990-10-02 03:00:00+00:00,0.0,0.0,0.0,8.3,5.03
1990-10-02 04:00:00+00:00,0.0,0.0,0.0,8.44,5.38
1990-10-02 05:00:00+00:00,0.0,0.0,0.0,8.7,5.86
1990-10-02 06:00:00+00:00,0.0,0.0,0.0,8.96,6.21
1990-10-02 07:00:00+00:00,34.0,0.0,34.0,9.51,6.34
1990-10-02 08:00:00+00:00,29.0,0.0,29.0,10.08,6.41
1990-10-02 09:00:00+00:00,52.0,0.0,52.0,10.62,6.76
1990-10-02 10:00:00+00:00,152.0,0.0,152.0,10.98,6.97
1990-10-02 11:00:00+00:00,125.0,0.0,125.0,11.35,7.03
1990-10-02 12:00:00+00:00,109.0,0.0,109.0,11.54,6.83
1990-10-02 13:00:00+00:00,133.0,0.0,133.0,11.59,6.55
1990-10-02 14:00:00+00:00,63.0,0.0,63.0,11.61,6.21
1990-10-02 15:00:00+00:00,88.0,0.0,88.0,11.52,6.0
1990-10-02 16:00:00+00:00,22.0,0.0,22.0,11.4,6.07
1990-10-02 17:00:00+00:00,10.0,0.0,10.0,11.29,6.14
1990-10-02 18:00:00+00:00,0.0,0.0,0.0,11.27,6.41
1990-10-02 19:00:00+00:00,0.0,0.0,0.0,11.11,6.62
1990-10-02 20:00:00+00:00,0.0,0.0,0.0,11.19,6.41
1990-10-02 21:00:00+00:00,0.0,0.0,0.0,11.25,6.41
1990-10-02 22:00:00+00:00,0.0,0.0,0.0,11.29,6.69
1990-10-02 23:00:00+00:00,0.0,0.0,0.0,11.46,6.55
1990-10-03 00:00:00+00:00,0.0,0.0,0.0,11.57,6.28
1990-10-03 01:00:00+00:00,0.0,0.0,0.0,11.73,6.07
1990-10-03 02:00:00+00:00,0.0,0.0,0.0,11.83,5.79
1990-10-03 03:00:00+00:00,0.0,0.0,0.0,11.9,5.93
1990-10-03 04:00:00+00:00,0.0,0.0,0.0,11.9,6.07
1990-10-03 05:00:00+00:00,0.0,0.0,0.0,11.95,6.28
1990-10-03 06:00:00+00:00,0.0,0.0,0.0,12.06,6.28
1990-10-03 07:00:00+00:00,17.0,0.0,17.0,11.89,6.21
1990-10-03 08:00:00+00:00,43.0,0.0,43.0,11.95,6.0
1990-10-03 09:00:00+00:00,32.0,0.0,32.0,12.09,5.79
1990-10-03 10:00:00+00:00,49.0,0.0,49.0,12.2,5.66
1990-10-03 11:00:00+00:00,92.0,0.0,92.0,12.37,4.97
1990-10-03 12:00:00+00:00,81.0,0.0,81.0,12.49,4.76
1990-10-03 13:00:00+00:00,74.0,0.0,74.0,12.4,4.55
1990-10-03 14:00:00+00:00,82.0,0.0,82.0,12.24,4.21
1990-10-03 15:00:00+00:00,103.0,2.94,102.0,12.08,4.14
1990-10-03 16:00:00+00:00,74.0,14.39,71.0,11.81,4.34
1990-10-03 17:00:00+00:00,4.0,0.0,4.0,11.36,4.62
1990-10-03 18:00:00+00:00,0.0,0.0,0.0,10.79,5.03
1990-10-03 19:00:00+00:00,0.0,0.0,0.0,10.14,5.93
1990-10-03 20:00:00+00:00,0.0,0.0,0.0,9.72,6.41
1990-10-03 21:00:00+00:00,0.0,0.0,0.0,9.45,6.48
1990-10-03 22:00:00+00:00,0.0,0.0,0.0,9.24,6.28
1990-10-03 23:00:00+00:00,0.0,0.0,0.0,9.09,6.14
1990-10-04 00:00:00+00:00,0.0,0.0,0.0,9.0,5.66
1990-10-04 01:00:00+00:00,0.0,0.0,0.0,8.91,5.24
1990-10-04 02:00:00+00:00,0.0,0.0,0.0,8.88,5.24
1990-10-04 03:00:00+00:00,0.0,0.0,0.0,8.84,5.17
1990-10-04 04:00:00+00:00,0.0,0.0,0.0,8.82,4.9
1990-10-04 05:00:00+00:00,0.0,0.0,0.0,8.79,4.76
1990-10-04 06:00:00+00:00,0.0,0.0,0.0,8.71,4.69
1990-10-04 07:00:00+00:00,15.0,0.0,15.0,9.27,3.45
1990-10-04 08:00:00+00:00,114.0,29.13,106.0,9.49,2.62
1990-10-04 09:00:00+00:00,138.0,5.08,136.0,10.0,2.28
1990-10-04 10:00:00+00:00,207.0,22.87,196.0,10.21,1.59
1990-10-04 11:00:00+00:00,156.0,0.0,156.0,10.77,2.14
1990-10-04 12:00:00+00:00,247.0,27.72,232.0,11.44,3.1
1990-10-04 13:00:00+00:00,103.0,0.0,103.0,11.98,3.31
1990-10-04 14:00:00+00:00,235.0,77.41,201.0,12.61,3.38
1990-10-04 15:00:00+00:00,303.0,654.95,84.0,12.79,2.83
1990-10-04 16:00:00+00:00,161.0,489.27,62.0,12.8,2.83
1990-10-04 17:00:00+00:00,11.0,0.0,11.0,12.19,2.62
1990-10-04 18:00:00+00:00,0.0,0.0,0.0,11.14,2.62
1990-10-04 19:00:00+00:00,0.0,0.0,0.0,10.47,2.62
1990-10-04 20:00:00+00:00,0.0,0.0,0.0,10.06,2.76
1990-10-04 21:00:00+00:00,0.0,0.0,0.0,9.71,2.9
1990-10-04 22:00:00+00:00,0.0,0.0,0.0,9.63,2.76
1990-10-04 23:00:00+00:00,0.0,0.0,0.0,9.18,2.76
1990-10-05 00:00:00+00:00,0.0,0.0,0.0,8.79,2.97
1990-10-05 01:00:00+00:00,0.0,0.0,0.0,8.64,2.97
1990-10-05 02:00:00+00:00,0.0,0.0,0.0,8.69,3.31
1990-10-05 03:00:00+00:00,0.0,0.0,0.0,9.09,3.45
1990-10-05 04:00:00+00:00,0.0,0.0,0.0,9.47,3.45
1990-10-05 05:00:00+00:00,0.0,0.0,0.0,9.41,3.24
1990-10-05 06:00:00+00:00,0.0,0.0,0.0,9.43,3.31
1990-10-05 07:00:00+00:00,74.0,195.26,49.0,9.96,3.86
1990-10-05 08:00:00+00:00,220.0,504.2,84.0,10.76,3.59
1990-10-05 09:00:00+00:00,237.0,146.79,180.0,11.6,3.31
1990-10-05 10:00:00+00:00,124.0,0.0,124.0,13.12,4.97
1990-10-05 11:00:00+00:00,227.0,20.92,216.0,13.64,4.62
1990-10-05 12:00:00+00:00,172.0,1.87,171.0,13.85,4.48
1990-10-05 13:00:00+00:00,168.0,1.98,167.0,14.04,4.48
1990-10-05 14:00:00+00:00,58.0,0.0,58.0,14.07,4.97
1990-10-05 15:00:00+00:00,128.0,15.23,123.0,13.2,5.38
1990-10-05 16:00:00+00:00,54.0,0.0,54.0,12.83,5.38
1990-10-05 17:00:00+00:00,9.0,0.0,9.0,12.36,5.59
1990-10-05 18:00:00+00:00,0.0,0.0,0.0,11.92,5.1
1990-10-05 19:00:00+00:00,0.0,0.0,0.0,11.83,4.83
1990-10-05 20:00:00+00:00,0.0,0.0,0.0,11.63,4.76
1990-10-05 21:00:00+00:00,0.0,0.0,0.0,11.34,4.62
1990-10-05 22:00:00+00:00,0.0,0.0,0.0,10.57,4.07
1990-10-05 23:00:00+00:00,0.0,0.0,0.0,9.93,3.45
1990-10-06 00:00:00+00:00,0.0,0.0,0.0,9.15,2.9
1990-10-06 01:00:00+00:00,0.0,0.0,0.0,8.96,2.76
1990-10-06 02:00:00+00:00,0.0,0.0,0.0,8.86,2.28
1990-10-06 03:00:00+00:00,0.0,0.0,0.0,8.99,2.21
1990-10-06 04:00:00+00:00,0.0,0.0,0.0,8.97,2.83
1990-10-06 05:00:00+00:00,0.0,0.0,0.0,9.13,3.45
1990-10-06 06:00:00+00:00,0.0,0.0,0.0,9.42,3.86
1990-10-06 07:00:00+00:00,89.0,413.5,38.0,9.86,4.07
1990-10-06 08:00:00+00:00,217.0,502.15,84.0,10.46,4.21
1990-10-06 09:00:00+00:00,256.0,208.75,176.0,11.43,4.97
1990-10-06 10:00:00+00:00,377.0,389.04,194.0,12.34,4.69
1990-10-06 11:00:00+00:00,295.0,90.32,248.0,13.42,5.45
1990-10-06 12:00:00+00:00,343.0,160.44,258.0,13.83,6.07
1990-10-06 13:00:00+00:00,156.0,2.01,155.0,12.81,6.0
1990-10-06 14:00:00+00:00,194.0,32.77,180.0,13.1,6.41
1990-10-06 15:00:00+00:00,209.0,195.57,146.0,13.04,5.45
1990-10-06 16:00:00+00:00,103.0,115.76,81.0,12.57,5.52
1990-10-06 17:00:00+00:00,9.0,0.0,9.0,11.93,5.03
1990-10-06 18:00:00+00:00,0.0,0.0,0.0,11.13,4.9
1990-10-06 19:00:00+00:00,0.0,0.0,0.0,10.85,4.28
1990-10-06 20:00:00+00:00,0.0,0.0,0.0,10.34,4.07
1990-10-06 21:00:00+00:00,0.0,0.0,0.0,10.12,4.21
1990-10-06 22:00:00+00:00,0.0,0.0,0.0,9.99,4.48
1990-10-06 23:00:00+00:00,0.0,0.0,0.0,9.9,4.76
1990-10-07 00:00:00+00:00,0.0,0.0,0.0,9.84,4.76
1990-10-07 01:00:00+00:00,0.0,0.0,0.0,9.6,4.83
1990-10-07 02:00:00+00:00,0.0,0.0,0.0,9.54,4.69
1990-10-07 03:00:00+00:00,0.0,0.0,0.0,9.38,4.55
1990-10-07 04:00:00+00:00,0.0,0.0,0.0,9.32,4.48
1990-10-07 05:00:00+00:00,0.0,0.0,0.0,9.2,4.28
1990-10-07 06:00:00+00:00,0.0,0.0,0.0,8.87,4.07
1990-10-07 07:00:00+00:00,68.0,193.88,45.0,9.01,4.07
1990-10-07 08:00:00+00:00,136.0,92.32,112.0,9.6,3.72
1990-10-07 09:00:00+00:00,306.0,431.06,143.0,10.49,4.55
1990-10-07 10:00:00+00:00,401.0,511.75,163.0,11.5,5.59
1990-10-07 11:00:00+00:00,328.0,151.5,250.0,12.21,5.72
1990-10-07 12:00:00+00:00,311.0,110.67,253.0,12.74,5.52
1990-10-07 13:00:00+00:00,430.0,524.26,172.0,13.28,5.45
1990-10-07 14:00:00+00:00,252.0,125.84,199.0,13.55,5.24
1990-10-07 15:00:00+00:00,171.0,91.76,142.0,13.54,4.21
1990-10-07 16:00:00+00:00,101.0,130.48,77.0,13.35,3.03
1990-10-07 17:00:00+00:00,3.0,0.0,3.0,12.41,2.28
1990-10-07 18:00:00+00:00,0.0,0.0,0.0,11.65,2.21
1990-10-07 19:00:00+00:00,0.0,0.0,0.0,11.47,2.55
1990-10-07 20:00:00+00:00,0.0,0.0,0.0,11.32,2.97
1990-10-07 21:00:00+00:00,0.0,0.0,0.0,11.03,3.1
1990-10-07 22:00:00+00:00,0.0,0.0,0.0,11.02,3.31
1990-10-07 23:00:00+00:00,0.0,0.0,0.0,11.09,3.66
1990-10-08 00:00:00+00:00,0.0,0.0,0.0,11.39,4.34
1990-10-08 01:00:00+00:00,0.0,0.0,0.0,12.74,5.79
1990-10-08 02:00:00+00:00,0.0,0.0,0.0,14.02,6.76
1990-10-08 03:00:00+00:00,0.0,0.0,0.0,14.07,6.83
1990-10-08 04:00:00+00:00,0.0,0.0,0.0,14.07,7.31
1990-10-08 05:00:00+00:00,0.0,0.0,0.0,14.11,7.52
1990-10-08 06:00:00+00:00,0.0,0.0,0.0,14.37,7.31
1990-10-08 07:00:00+00:00,60.0,149.24,43.0,14.57,6.14
1990-10-08 08:00:00+00:00,102.0,27.44,95.0,14.57,5.86
1990-10-08 09:00:00+00:00,193.0,72.38,166.0,14.34,5.24
1990-10-08 10:00:00+00:00,145.0,2.18,144.0,14.23,5.17
1990-10-08 11:00:00+00:00,370.0,270.95,232.0,13.55,5.03
1990-10-08 12:00:00+00:00,332.0,160.12,249.0,12.85,4.83
1990-10-08 13:00:00+00:00,97.0,0.0,97.0,12.44,4.55
1990-10-08 14:00:00+00:00,141.0,4.82,139.0,12.2,4.28
1990-10-08 15:00:00+00:00,55.0,0.0,55.0,12.09,4.0
1990-10-08 16:00:00+00:00,51.0,5.62,50.0,12.0,3.17
1990-10-08 17:00:00+00:00,2.0,0.0,2.0,11.6,2.28
1990-10-08 18:00:00+00:00,0.0,0.0,0.0,10.54,1.79
1990-10-08 19:00:00+00:00,0.0,0.0,0.0,9.82,2.0
1990-10-08 20:00:00+00:00,0.0,0.0,0.0,9.1,1.93
1990-10-08 21:00:00+00:00,0.0,0.0,0.0,8.42,1.93
1990-10-08 22:00:00+00:00,0.0,0.0,0.0,7.94,1.86
1990-10-08 23:00:00+00:00,0.0,0.0,0.0,7.6,1.86
1990-10-09 00:00:00+00:00,0.0,0.0,0.0,7.11,2.07
1990-10-09 01:00:00+00:00,0.0,0.0,0.0,6.68,2.07
1990-10-09 02:00:00+00:00,0.0,0.0,0.0,6.44,2.14
1990-10-09 03:00:00+00:00,0.0,0.0,0.0,6.33,2.41
1990-10-09 04:00:00+00:00,0.0,0.0,0.0,6.24,2.69
1990-10-09 05:00:00+00:00,0.0,0.0,0.0,6.43,2.9
1990-10-09 06:00:00+00:00,0.0,0.0,0.0,6.36,3.03
1990-10-09 07:00:00+00:00,72.0,320.57,37.0,6.91,3.59
1990-10-09 08:00:00+00:00,115.0,47.97,103.0,8.02,3.52
1990-10-09 09:00:00+00:00,104.0,0.0,104.0,9.45,4.0
1990-10-09 10:00:00+00:00,227.0,50.61,204.0,10.32,4.21
1990-10-09 11:00:00+00:00,404.0,369.22,218.0,11.27,4.83
1990-10-09 12:00:00+00:00,293.0,91.69,246.0,11.93,4.69
1990-10-09 13:00:00+00:00,286.0,114.5,231.0,12.01,4.97
1990-10-09 14:00:00+00:00,217.0,70.87,188.0,10.9,4.9
1990-10-09 15:00:00+00:00,204.0,223.73,136.0,10.24,3.72
1990-10-09 16:00:00+00:00,34.0,0.0,34.0,10.34,4.14
1990-10-09 17:00:00+00:00,2.0,0.0,2.0,9.53,3.86
1990-10-09 18:00:00+00:00,0.0,0.0,0.0,8.58,3.72
1990-10-09 19:00:00+00:00,0.0,0.0,0.0,7.85,3.1
1990-10-09 20:00:00+00:00,0.0,0.0,0.0,7.28,2.97
1990-10-09 21:00:00+00:00,0.0,0.0,0.0,6.63,3.17
1990-10-09 22:00:00+00:00,0.0,0.0,0.0,6.23,3.45
1990-10-09 23:00:00+00:00,0.0,0.0,0.0,6.02,3.59
1990-10-10 00:00:00+00:00,0.0,0.0,0.0,5.91,3.72
1990-10-10 01:00:00+00:00,0.0,0.0,0.0,5.83,3.79
1990-10-10 02:00:00+00:00,0.0,0.0,0.0,5.78,3.79
1990-10-10 03:00:00+00:00,0.0,0.0,0.0,5.81,3.79
1990-10-10 04:00:00+00:00,0.0,0.0,0.0,6.01,3.79
1990-10-10 05:00:00+00:00,0.0,0.0,0.0,6.11,3.72
1990-10-10 06:00:00+00:00,0.0,0.0,0.0,6.37,3.72
1990-10-10 07:00:00+00:00,67.0,296.81,36.0,7.04,4.14
1990-10-10 08:00:00+00:00,129.0,93.79,106.0,8.29,4.07
1990-10-10 09:00:00+00:00,102.0,0.0,102.0,9.47,4.34
1990-10-10 10:00:00+00:00,187.0,17.81,179.0,10.24,5.45
1990-10-10 11:00:00+00:00,222.0,24.09,210.0,10.92,6.28
1990-10-10 12:00:00+00:00,227.0,25.65,214.0,11.45,5.86
1990-10-10 13:00:00+00:00,291.0,130.67,229.0,12.11,5.66
1990-10-10 14:00:00+00:00,289.0,262.89,183.0,12.07,6.0
1990-10-10 15:00:00+00:00,124.0,23.5,117.0,11.42,5.72
1990-10-10 16:00:00+00:00,13.0,0.0,13.0,10.92,5.31
1990-10-10 17:00:00+00:00,0.0,0.0,0.0,10.14,4.62
1990-10-10 18:00:00+00:00,0.0,0.0,0.0,9.53,4.34
1990-10-10 19:00:00+00:00,0.0,0.0,0.0,9.35,3.93
1990-10-10 20:00:00+00:00,0.0,0.0,0.0,8.98,3.66
1990-10-10 21:00:00+00:00,0.0,0.0,0.0,8.94,3.66
1990-10-10 22:00:00+00:00,0.0,0.0,0.0,8.72,3.72
1990-10-10 23:00:00+00:00,0.0,0.0,0.0,8.73,3.93
1990-10-11 00:00:00+00:00,0.0,0.0,0.0,8.57,3.86
1990-10-11 01:00:00+00:00,0.0,0.0,0.0,8.52,3.66
1990-10-11 02:00:00+00:00,0.0,0.0,0.0,8.08,3.45
1990-10-11 03:00:00+00:00,0.0,0.0,0.0,7.85,3.24
1990-10-11 04:00:00+00:00,0.0,0.0,0.0,7.64,3.1
1990-10-11 05:00:00+00:00,0.0,0.0,0.0,7.16,2.9
1990-10-11 06:00:00+00:00,0.0,0.0,0.0,6.7,2.83
1990-10-11 07:00:00+00:00,60.0,250.76,35.0,6.56,2.69
1990-10-11 08:00:00+00:00,132.0,112.36,105.0,7.35,2.28
1990-10-11 09:00:00+00:00,331.0,671.08,91.0,8.9,3.17
1990-10-11 10:00:00+00:00,414.0,660.34,121.0,10.0,3.45
1990-10-11 11:00:00+00:00,435.0,523.68,177.0,10.73,3.86
1990-10-11 12:00:00+00:00,0.0,0.0,0.0,11.44,4.07
1990-10-11 13:00:00+00:00,362.0,328.62,208.0,11.47,3.79
1990-10-11 14:00:00+00:00,370.0,672.11,103.0,11.8,4.14
1990-10-11 15:00:00+00:00,114.0,17.13,109.0,11.78,4.0
1990-10-11 16:00:00+00:00,104.0,256.52,63.0,11.29,3.03
1990-10-11 17:00:00+00:00,0.0,0.0,0.0,10.37,2.76
1990-10-11 18:00:00+00:00,0.0,0.0,0.0,9.13,2.62
1990-10-11 19:00:00+00:00,0.0,0.0,0.0,8.78,2.28
1990-10-11 20:00:00+00:00,0.0,0.0,0.0,7.88,2.28
1990-10-11 21:00:00+00:00,0.0,0.0,0.0,7.21,2.07
1990-10-11 22:00:00+00:00,0.0,0.0,0.0,6.4,1.86
1990-10-11 23:00:00+00:00,0.0,0.0,0.0,5.77,1.86
1990-10-12 00:00:00+00:00,0.0,0.0,0.0,5.6,1.45
1990-10-12 01:00:00+00:00,0.0,0.0,0.0,5.67,1.24
1990-10-12 02:00:00+00:00,0.0,0.0,0.0,5.7,1.31
1990-10-12 03:00:00+00:00,0.0,0.0,0.0,5.95,1.52
1990-10-12 04:00:00+00:00,0.0,0.0,0.0,6.22,1.66
1990-10-12 05:00:00+00:00,0.0,0.0,0.0,6.26,2.21
1990-10-12 06:00:00+00:00,0.0,0.0,0.0,6.32,2.21
1990-10-12 07:00:00+00:00,37.0,42.13,33.0,7.21,2.41
1990-10-12 08:00:00+00:00,34.0,0.0,34.0,7.85,2.34
1990-10-12 09:00:00+00:00,63.0,0.0,63.0,8.36,2.55
1990-10-12 10:00:00+00:00,190.0,22.81,180.0,8.96,2.9
1990-10-12 11:00:00+00:00,147.0,0.0,147.0,9.32,3.17
1990-10-12 12:00:00+00:00,179.0,6.06,176.0,9.29,3.38
1990-10-12 13:00:00+00:00,110.0,0.0,110.0,9.48,3.52
1990-10-12 14:00:00+00:00,64.0,0.0,64.0,9.61,3.93
1990-10-12 15:00:00+00:00,59.0,0.0,59.0,9.42,3.59
1990-10-12 16:00:00+00:00,29.0,0.0,29.0,9.37,3.31
1990-10-12 17:00:00+00:00,0.0,0.0,0.0,9.58,2.76
1990-10-12 18:00:00+00:00,0.0,0.0,0.0,9.74,3.31
1990-10-12 19:00:00+00:00,0.0,0.0,0.0,9.39,3.31
1990-10-12 20:00:00+00:00,0.0,0.0,0.0,8.65,3.59
1990-10-12 21:00:00+00:00,0.0,0.0,0.0,8.36,3.66
1990-10-12 22:00:00+00:00,0.0,0.0,0.0,7.82,3.66
1990-10-12 23:00:00+00:00,0.0,0.0,0.0,7.53,3.66
1990-10-13 00:00:00+00:00,0.0,0.0,0.0,7.08,3.66
1990-10-13 01:00:00+00:00,0.0,0.0,0.0,6.73,3.66
1990-10-13 02:00:00+00:00,0.0,0.0,0.0,6.68,3.72
1990-10-13 03:00:00+00:00,0.0,0.0,0.0,6.48,3.66
1990-10-13 04:00:00+00:00,0.0,0.0,0.0,6.21,3.45
1990-10-13 05:00:00+00:00,0.0,0.0,0.0,6.02,3.17
1990-10-13 06:00:00+00:00,0.0,0.0,0.0,5.86,2.9
1990-10-13 07:00:00+00:00,47.0,155.23,33.0,6.45,2.55
1990-10-13 08:00:00+00:00,146.0,204.0,99.0,7.2,3.72
1990-10-13 09:00:00+00:00,308.0,593.12,102.0,8.01,3.86
1990-10-13 10:00:00+00:00,363.0,457.29,165.0,8.76,3.52
1990-10-13 11:00:00+00:00,383.0,363.4,208.0,9.87,3.59
1990-10-13 12:00:00+00:00,474.0,724.89,119.0,10.75,3.93
1990-10-13 13:00:00+00:00,104.0,0.0,104.0,11.08,4.0
1990-10-13 14:00:00+00:00,124.0,2.59,123.0,10.99,3.72
1990-10-13 15:00:00+00:00,95.0,7.14,93.0,10.79,3.38
1990-10-13 16:00:00+00:00,57.0,27.02,53.0,10.4,2.55
1990-10-13 17:00:00+00:00,0.0,0.0,0.0,10.14,2.0
1990-10-13 18:00:00+00:00,0.0,0.0,0.0,9.69,2.28
1990-10-13 19:00:00+00:00,0.0,0.0,0.0,9.71,3.38
1990-10-13 20:00:00+00:00,0.0,0.0,0.0,9.62,3.72
1990-10-13 21:00:00+00:00,0.0,0.0,0.0,9.44,3.93
1990-10-13 22:00:00+00:00,0.0,0.0,0.0,9.35,4.07
1990-10-13 23:00:00+00:00,0.0,0.0,0.0,9.11,4.0
1990-10-14 00:00:00+00:00,0.0,0.0,0.0,8.56,3.72
1990-10-14 01:00:00+00:00,0.0,0.0,0.0,8.1,3.59
1990-10-14 02:00:00+00:00,0.0,0.0,0.0,7.99,3.66
1990-10-14 03:00:00+00:00,0.0,0.0,0.0,7.88,3.86
1990-10-14 04:00:00+00:00,0.0,0.0,0.0,7.89,4.07
1990-10-14 05:00:00+00:00,0.0,0.0,0.0,7.91,4.21
1990-10-14 06:00:00+00:00,0.0,0.0,0.0,7.91,4.21
1990-10-14 07:00:00+00:00,35.0,58.53,30.0,7.99,4.0
1990-10-14 08:00:00+00:00,172.0,403.66,81.0,8.6,3.93
1990-10-14 09:00:00+00:00,313.0,660.53,87.0,9.86,4.07
1990-10-14 10:00:00+00:00,339.0,378.85,177.0,10.92,5.24
1990-10-14 11:00:00+00:00,362.0,310.92,214.0,11.9,5.17
1990-10-14 12:00:00+00:00,409.0,454.52,189.0,12.35,5.24
1990-10-14 13:00:00+00:00,279.0,137.43,217.0,12.62,5.1
1990-10-14 14:00:00+00:00,254.0,205.51,176.0,12.57,5.17
1990-10-14 15:00:00+00:00,157.0,124.01,123.0,11.87,4.28
1990-10-14 16:00:00+00:00,77.0,133.64,58.0,11.33,4.28
1990-10-14 17:00:00+00:00,0.0,0.0,0.0,10.71,4.07
1990-10-14 18:00:00+00:00,0.0,0.0,0.0,10.0,3.93
1990-10-14 19:00:00+00:00,0.0,0.0,0.0,9.57,3.66
1990-10-14 20:00:00+00:00,0.0,0.0,0.0,8.87,3.66
1990-10-14 21:00:00+00:00,0.0,0.0,0.0,8.21,3.66
1990-10-14 22:00:00+00:00,0.0,0.0,0.0,7.88,3.66
1990-10-14 23:00:00+00:00,0.0,0.0,0.0,7.33,3.52
1990-10-15 00:00:00+00:00,0.0,0.0,0.0,7.0,3.52
1990-10-15 01:00:00+00:00,0.0,0.0,0.0,6.67,3.38
1990-10-15 02:00:00+00:00,0.0,0.0,0.0,6.35,3.24
1990-10-15 03:00:00+00:00,0.0,0.0,0.0,6.17,3.24
1990-10-15 04:00:00+00:00,0.0,0.0,0.0,6.01,3.24
1990-10-15 05:00:00+00:00,0.0,0.0,0.0,6.08,3.31
1990-10-15 06:00:00+00:00,0.0,0.0,0.0,5.77,3.24
1990-10-15 07:00:00+00:00,44.0,185.98,29.0,5.62,3.24
1990-10-15 08:00:00+00:00,179.0,494.4,70.0,6.41,2.9
1990-10-15 09:00:00+00:00,312.0,667.7,87.0,7.97,3.38
1990-10-15 10:00:00+00:00,417.0,772.06,91.0,9.31,3.72
1990-10-15 11:00:00+00:00,341.0,248.69,224.0,10.54,4.69
1990-10-15 12:00:00+00:00,382.0,361.67,209.0,11.02,4.07
1990-10-15 13:00:00+00:00,206.0,31.44,192.0,11.35,4.14
1990-10-15 14:00:00+00:00,233.0,149.85,177.0,11.28,3.93
1990-10-15 15:00:00+00:00,226.0,518.03,87.0,10.88,3.45
1990-10-15 16:00:00+00:00,35.0,0.0,35.0,10.5,2.97
1990-10-15 17:00:00+00:00,0.0,0.0,0.0,9.38,2.62
1990-10-15 18:00:00+00:00,0.0,0.0,0.0,8.66,2.55
1990-10-15 19:00:00+00:00,0.0,0.0,0.0,8.42,3.03
1990-10-15 20:00:00+00:00,0.0,0.0,0.0,8.04,2.9
1990-10-15 21:00:00+00:00,0.0,0.0,0.0,7.65,2.76
1990-10-15 22:00:00+00:00,0.0,0.0,0.0,7.18,2.69
1990-10-15 23:00:00+00:00,0.0,0.0,0.0,6.73,2.62
1990-10-16 00:00:00+00:00,0.0,0.0,0.0,6.31,2.62
1990-10-16 01:00:00+00:00,0.0,0.0,0.0,6.2,2.55
1990-10-16 02:00:00+00:00,0.0,0.0,0.0,6.01,2.55
1990-10-16 03:00:00+00:00,0.0,0.0,0.0,5.71,2.48
1990-10-16 04:00:00+00:00,0.0,0.0,0.0,5.6,2.41
1990-10-16 05:00:00+00:00,0.0,0.0,0.0,5.49,2.41
1990-10-16 06:00:00+00:00,0.0,0.0,0.0,5.39,2.41
1990-10-16 07:00:00+00:00,33.0,79.07,27.0,5.63,2.41
1990-10-16 08:00:00+00:00,102.0,60.33,89.0,6.28,2.28
1990-10-16 09:00:00+00:00,136.0,21.1,129.0,7.88,2.69
1990-10-16 10:00:00+00:00,235.0,93.55,196.0,9.58,3.59
1990-10-16 11:00:00+00:00,239.0,55.92,213.0,10.78,3.45
1990-10-16 12:00:00+00:00,157.0,2.12,156.0,11.45,3.45
1990-10-16 13:00:00+00:00,119.0,0.0,119.0,10.93,2.83
1990-10-16 14:00:00+00:00,62.0,0.0,62.0,10.83,2.83
1990-10-16 15:00:00+00:00,75.0,0.0,75.0,10.71,2.34
1990-10-16 16:00:00+00:00,45.0,15.31,43.0,10.66,2.34
1990-10-16 17:00:00+00:00,0.0,0.0,0.0,10.21,2.48
1990-10-16 18:00:00+00:00,0.0,0.0,0.0,9.9,2.76
1990-10-16 19:00:00+00:00,0.0,0.0,0.0,9.24,2.83
1990-10-16 20:00:00+00:00,0.0,0.0,0.0,9.0,2.97
1990-10-16 21:00:00+00:00,0.0,0.0,0.0,8.91,2.9
1990-10-16 22:00:00+00:00,0.0,0.0,0.0,8.75,2.62
1990-10-16 23:00:00+00:00,0.0,0.0,0.0,8.61,2.41
1990-10-17 00:00:00+00:00,0.0,0.0,0.0,8.42,2.41
1990-10-17 01:00:00+00:00,0.0,0.0,0.0,8.23,2.41
1990-10-17 02:00:00+00:00,0.0,0.0,0.0,7.82,2.34
1990-10-17 03:00:00+00:00,0.0,0.0,0.0,7.59,2.21
1990-10-17 04:00:00+00:00,0.0,0.0,0.0,7.31,2.14
1990-10-17 05:00:00+00:00,0.0,0.0,0.0,7.13,2.0
1990-10-17 06:00:00+00:00,0.0,0.0,0.0,6.72,1.93
1990-10-17 07:00:00+00:00,40.0,239.05,23.0,6.27,1.93
1990-10-17 08:00:00+00:00,144.0,275.5,86.0,6.68,1.86
1990-10-17 09:00:00+00:00,84.0,0.0,84.0,7.78,2.07
1990-10-17 10:00:00+00:00,150.0,7.29,147.0,9.02,2.28
1990-10-17 11:00:00+00:00,98.0,0.0,98.0,9.99,2.41
1990-10-17 12:00:00+00:00,125.0,0.0,125.0,10.63,2.28
1990-10-17 13:00:00+00:00,233.0,73.76,201.0,10.83,2.14
1990-10-17 14:00:00+00:00,181.0,55.23,161.0,10.78,1.59
1990-10-17 15:00:00+00:00,105.0,23.37,99.0,10.72,1.31
1990-10-17 16:00:00+00:00,47.0,24.01,44.0,10.64,1.52
1990-10-17 17:00:00+00:00,0.0,0.0,0.0,10.17,1.52
1990-10-17 18:00:00+00:00,0.0,0.0,0.0,9.79,1.66
1990-10-17 19:00:00+00:00,0.0,0.0,0.0,9.22,1.45
1990-10-17 20:00:00+00:00,0.0,0.0,0.0,8.97,1.38
1990-10-17 21:00:00+00:00,0.0,0.0,0.0,8.75,1.31
1990-10-17 22:00:00+00:00,0.0,0.0,0.0,8.31,1.31
1990-10-17 23:00:00+00:00,0.0,0.0,0.0,7.58,1.38
1990-10-18 00:00:00+00:00,0.0,0.0,0.0,7.33,1.31
1990-10-18 01:00:00+00:00,0.0,0.0,0.0,7.18,1.38
1990-10-18 02:00:00+00:00,0.0,0.0,0.0,7.23,1.38
1990-10-18 03:00:00+00:00,0.0,0.0,0.0,7.35,1.31
1990-10-18 04:00:00+00:00,0.0,0.0,0.0,7.45,1.31
1990-10-18 05:00:00+00:00,0.0,0.0,0.0,7.37,1.38
1990-10-18 06:00:00+00:00,0.0,0.0,0.0,7.4,1.03
1990-10-18 07:00:00+00:00,9.0,0.0,9.0,7.17,0.76
1990-10-18 08:00:00+00:00,55.0,0.0,55.0,7.66,0.55
1990-10-18 09:00:00+00:00,56.0,0.0,56.0,8.51,0.69
1990-10-18 10:00:00+00:00,133.0,2.46,132.0,9.75,0.76
1990-10-18 11:00:00+00:00,128.0,0.0,128.0,10.26,0.55
1990-10-18 12:00:00+00:00,99.0,0.0,99.0,10.91,0.76
1990-10-18 13:00:00+00:00,115.0,0.0,115.0,11.28,1.31
1990-10-18 14:00:00+00:00,96.0,0.0,96.0,11.27,1.52
1990-10-18 15:00:00+00:00,102.0,23.9,96.0,11.22,1.93
1990-10-18 16:00:00+00:00,48.0,41.9,43.0,10.75,1.52
1990-10-18 17:00:00+00:00,0.0,0.0,0.0,10.07,1.52
1990-10-18 18:00:00+00:00,0.0,0.0,0.0,9.52,1.66
1990-10-18 19:00:00+00:00,0.0,0.0,0.0,8.83,2.07
1990-10-18 20:00:00+00:00,0.0,0.0,0.0,8.4,2.07
1990-10-18 21:00:00+00:00,0.0,0.0,0.0,7.92,2.07
1990-10-18 22:00:00+00:00,0.0,0.0,0.0,7.36,2.14
1990-10-18 23:00:00+00:00,0.0,0.0,0.0,7.11,2.28
1990-10-19 00:00:00+00:00,0.0,0.0,0.0,7.01,2.55
1990-10-19 01:00:00+00:00,0.0,0.0,0.0,6.98,2.55
1990-10-19 02:00:00+00:00,0.0,0.0,0.0,6.7,2.48
1990-10-19 03:00:00+00:00,0.0,0.0,0.0,6.63,2.34
1990-10-19 04:00:00+00:00,0.0,0.0,0.0,6.63,2.34
1990-10-19 05:00:00+00:00,0.0,0.0,0.0,6.75,2.62
1990-10-19 06:00:00+00:00,0.0,0.0,0.0,6.8,2.83
1990-10-19 07:00:00+00:00,11.0,0.0,11.0,7.02,2.97
1990-10-19 08:00:00+00:00,92.0,59.83,80.0,7.91,3.24
1990-10-19 09:00:00+00:00,109.0,6.32,107.0,9.32,3.38
1990-10-19 10:00:00+00:00,110.0,0.0,110.0,11.09,4.34
1990-10-19 11:00:00+00:00,319.0,247.57,208.0,12.38,6.76
1990-10-19 12:00:00+00:00,325.0,250.15,211.0,12.88,6.0
1990-10-19 13:00:00+00:00,258.0,134.94,201.0,13.07,5.17
1990-10-19 14:00:00+00:00,99.0,0.0,99.0,12.91,4.34
1990-10-19 15:00:00+00:00,61.0,0.0,61.0,12.72,4.21
1990-10-19 16:00:00+00:00,44.0,35.16,40.0,12.27,4.14
1990-10-19 17:00:00+00:00,0.0,0.0,0.0,11.8,4.07
1990-10-19 18:00:00+00:00,0.0,0.0,0.0,11.5,4.14
1990-10-19 19:00:00+00:00,0.0,0.0,0.0,11.32,4.55
1990-10-19 20:00:00+00:00,0.0,0.0,0.0,11.21,4.9
1990-10-19 21:00:00+00:00,0.0,0.0,0.0,10.96,5.17
1990-10-19 22:00:00+00:00,0.0,0.0,0.0,10.86,5.31
1990-10-19 23:00:00+00:00,0.0,0.0,0.0,11.17,5.24
1990-10-20 00:00:00+00:00,0.0,0.0,0.0,10.66,5.03
1990-10-20 01:00:00+00:00,0.0,0.0,0.0,10.6,4.83
1990-10-20 02:00:00+00:00,0.0,0.0,0.0,10.86,5.03
1990-10-20 03:00:00+00:00,0.0,0.0,0.0,11.23,5.17
1990-10-20 04:00:00+00:00,0.0,0.0,0.0,11.75,5.1
1990-10-20 05:00:00+00:00,0.0,0.0,0.0,12.26,5.1
1990-10-20 06:00:00+00:00,0.0,0.0,0.0,12.51,4.83
1990-10-20 07:00:00+00:00,3.0,0.0,3.0,12.71,5.03
1990-10-20 08:00:00+00:00,58.0,5.11,57.0,13.17,4.97
1990-10-20 09:00:00+00:00,140.0,38.57,128.0,13.83,4.9
1990-10-20 10:00:00+00:00,112.0,0.0,112.0,15.05,7.59
1990-10-20 11:00:00+00:00,245.0,88.06,206.0,15.58,7.1
1990-10-20 12:00:00+00:00,215.0,39.99,197.0,16.1,7.24
1990-10-20 13:00:00+00:00,132.0,2.4,131.0,16.41,7.17
1990-10-20 14:00:00+00:00,141.0,20.29,134.0,16.46,6.28
1990-10-20 15:00:00+00:00,142.0,154.3,105.0,16.06,6.07
1990-10-20 16:00:00+00:00,39.0,27.71,36.0,15.43,5.52
1990-10-20 17:00:00+00:00,0.0,0.0,0.0,14.62,5.03
1990-10-20 18:00:00+00:00,0.0,0.0,0.0,14.08,4.76
1990-10-20 19:00:00+00:00,0.0,0.0,0.0,13.79,4.9
1990-10-20 20:00:00+00:00,0.0,0.0,0.0,13.66,4.55
1990-10-20 21:00:00+00:00,0.0,0.0,0.0,13.29,4.34
1990-10-20 22:00:00+00:00,0.0,0.0,0.0,13.23,4.21
1990-10-20 23:00:00+00:00,0.0,0.0,0.0,13.15,3.93
1990-10-21 00:00:00+00:00,0.0,0.0,0.0,13.04,3.59
1990-10-21 01:00:00+00:00,0.0,0.0,0.0,12.6,3.38
1990-10-21 02:00:00+00:00,0.0,0.0,0.0,12.46,3.38
1990-10-21 03:00:00+00:00,0.0,0.0,0.0,12.56,3.03
1990-10-21 04:00:00+00:00,0.0,0.0,0.0,12.73,2.69
1990-10-21 05:00:00+00:00,0.0,0.0,0.0,12.79,2.28
1990-10-21 06:00:00+00:00,0.0,0.0,0.0,12.69,2.07
1990-10-21 07:00:00+00:00,6.0,0.0,6.0,12.3,1.86
1990-10-21 08:00:00+00:00,21.0,0.0,21.0,12.23,2.0
1990-10-21 09:00:00+00:00,52.0,0.0,52.0,12.48,2.9
1990-10-21 10:00:00+00:00,115.0,0.0,115.0,12.73,2.0
1990-10-21 11:00:00+00:00,184.0,20.58,175.0,13.21,1.1
1990-10-21 12:00:00+00:00,108.0,0.0,108.0,13.41,1.79
1990-10-21 13:00:00+00:00,94.0,0.0,94.0,13.68,2.07
1990-10-21 14:00:00+00:00,131.0,14.73,126.0,14.01,2.41
1990-10-21 15:00:00+00:00,46.0,0.0,46.0,14.0,2.83
1990-10-21 16:00:00+00:00,6.0,0.0,6.0,13.71,3.31
1990-10-21 17:00:00+00:00,0.0,0.0,0.0,13.31,3.59
1990-10-21 18:00:00+00:00,0.0,0.0,0.0,13.06,3.66
1990-10-21 19:00:00+00:00,0.0,0.0,0.0,12.58,3.79
1990-10-21 20:00:00+00:00,0.0,0.0,0.0,12.32,3.93
1990-10-21 21:00:00+00:00,0.0,0.0,0.0,12.23,4.34
1990-10-21 22:00:00+00:00,0.0,0.0,0.0,12.17,4.14
1990-10-21 23:00:00+00:00,0.0,0.0,0.0,12.01,4.14
1990-10-22 00:00:00+00:00,0.0,0.0,0.0,11.76,3.79
1990-10-22 01:00:00+00:00,0.0,0.0,0.0,11.31,3.31
1990-10-22 02:00:00+00:00,0.0,0.0,0.0,10.94,3.24
1990-10-22 03:00:00+00:00,0.0,0.0,0.0,10.7,3.31
1990-10-22 04:00:00+00:00,0.0,0.0,0.0,10.27,3.45
1990-10-22 05:00:00+00:00,0.0,0.0,0.0,9.85,3.52
1990-10-22 06:00:00+00:00,0.0,0.0,0.0,9.42,3.31
1990-10-22 07:00:00+00:00,16.0,42.29,14.0,9.39,3.45
1990-10-22 08:00:00+00:00,153.0,533.17,54.0,9.08,3.38
1990-10-22 09:00:00+00:00,268.0,618.37,82.0,9.46,3.59
1990-10-22 10:00:00+00:00,371.0,738.08,87.0,10.11,4.41
1990-10-22 11:00:00+00:00,413.0,713.09,105.0,10.99,4.97
1990-10-22 12:00:00+00:00,425.0,738.03,101.0,11.5,5.17
1990-10-22 13:00:00+00:00,385.0,705.22,99.0,11.67,4.9
1990-10-22 14:00:00+00:00,305.0,650.04,88.0,11.95,4.97
1990-10-22 15:00:00+00:00,137.0,157.39,101.0,11.79,3.93
1990-10-22 16:00:00+00:00,54.0,174.48,37.0,11.41,3.17
1990-10-22 17:00:00+00:00,0.0,0.0,0.0,10.59,2.62
1990-10-22 18:00:00+00:00,0.0,0.0,0.0,9.4,2.28
1990-10-22 19:00:00+00:00,0.0,0.0,0.0,8.77,2.21
1990-10-22 20:00:00+00:00,0.0,0.0,0.0,8.16,2.14
1990-10-22 21:00:00+00:00,0.0,0.0,0.0,7.58,2.14
1990-10-22 22:00:00+00:00,0.0,0.0,0.0,6.98,2.0
1990-10-22 23:00:00+00:00,0.0,0.0,0.0,6.28,1.93
1990-10-23 00:00:00+00:00,0.0,0.0,0.0,6.34,1.79
1990-10-23 01:00:00+00:00,0.0,0.0,0.0,6.61,2.0
1990-10-23 02:00:00+00:00,0.0,0.0,0.0,7.2,1.93
1990-10-23 03:00:00+00:00,0.0,0.0,0.0,7.7,1.86
1990-10-23 04:00:00+00:00,0.0,0.0,0.0,7.88,1.72
1990-10-23 05:00:00+00:00,0.0,0.0,0.0,8.03,1.86
1990-10-23 06:00:00+00:00,0.0,0.0,0.0,8.19,2.14
1990-10-23 07:00:00+00:00,2.0,0.0,2.0,8.18,2.76
1990-10-23 08:00:00+00:00,82.0,55.33,72.0,8.98,3.17
1990-10-23 09:00:00+00:00,59.0,0.0,59.0,10.1,4.83
1990-10-23 10:00:00+00:00,50.0,0.0,50.0,11.04,4.9
1990-10-23 11:00:00+00:00,94.0,0.0,94.0,11.2,4.07
1990-10-23 12:00:00+00:00,272.0,145.33,209.0,11.69,5.03
1990-10-23 13:00:00+00:00,165.0,17.5,158.0,11.7,5.17
1990-10-23 14:00:00+00:00,117.0,6.09,115.0,11.72,4.69
1990-10-23 15:00:00+00:00,153.0,268.7,93.0,11.72,4.48
1990-10-23 16:00:00+00:00,39.0,65.13,33.0,10.99,4.21
1990-10-23 17:00:00+00:00,0.0,0.0,0.0,9.8,3.86
1990-10-23 18:00:00+00:00,0.0,0.0,0.0,9.07,3.24
1990-10-23 19:00:00+00:00,0.0,0.0,0.0,8.11,2.76
1990-10-23 20:00:00+00:00,0.0,0.0,0.0,7.43,2.62
1990-10-23 21:00:00+00:00,0.0,0.0,0.0,6.97,2.76
1990-10-23 22:00:00+00:00,0.0,0.0,0.0,6.92,2.97
1990-10-23 23:00:00+00:00,0.0,0.0,0.0,6.95,3.45
1990-10-24 00:00:00+00:00,0.0,0.0,0.0,6.92,3.79
1990-10-24 01:00:00+00:00,0.0,0.0,0.0,7.19,4.48
1990-10-24 02:00:00+00:00,0.0,0.0,0.0,7.49,4.9
1990-10-24 03:00:00+00:00,0.0,0.0,0.0,8.04,5.17
1990-10-24 04:00:00+00:00,0.0,0.0,0.0,8.53,5.38
1990-10-24 05:00:00+00:00,0.0,0.0,0.0,8.99,5.66
1990-10-24 06:00:00+00:00,0.0,0.0,0.0,9.26,6.0
1990-10-24 07:00:00+00:00,4.0,0.0,4.0,10.28,6.62
1990-10-24 08:00:00+00:00,86.0,85.33,71.0,11.22,6.83
1990-10-24 09:00:00+00:00,143.0,61.96,125.0,11.98,7.03
1990-10-24 10:00:00+00:00,113.0,0.0,113.0,12.63,7.24
1990-10-24 11:00:00+00:00,119.0,0.0,119.0,13.32,7.59
1990-10-24 12:00:00+00:00,87.0,0.0,87.0,13.69,7.38
1990-10-24 13:00:00+00:00,106.0,0.0,106.0,13.87,7.72
1990-10-24 14:00:00+00:00,57.0,0.0,57.0,13.74,7.45
1990-10-24 15:00:00+00:00,47.0,0.0,47.0,13.37,7.59
1990-10-24 16:00:00+00:00,35.0,57.55,30.0,12.44,6.07
1990-10-24 17:00:00+00:00,0.0,0.0,0.0,11.33,4.41
1990-10-24 18:00:00+00:00,0.0,0.0,0.0,10.63,4.69
1990-10-24 19:00:00+00:00,0.0,0.0,0.0,10.67,4.55
1990-10-24 20:00:00+00:00,0.0,0.0,0.0,10.27,5.31
1990-10-24 21:00:00+00:00,0.0,0.0,0.0,9.83,5.1
1990-10-24 22:00:00+00:00,0.0,0.0,0.0,9.18,4.14
1990-10-24 23:00:00+00:00,0.0,0.0,0.0,8.52,4.34
1990-10-25 00:00:00+00:00,0.0,0.0,0.0,8.07,4.9
1990-10-25 01:00:00+00:00,0.0,0.0,0.0,7.47,5.1
1990-10-25 02:00:00+00:00,0.0,0.0,0.0,7.1,5.31
1990-10-25 03:00:00+00:00,0.0,0.0,0.0,6.85,5.52
1990-10-25 04:00:00+00:00,0.0,0.0,0.0,6.82,5.38
1990-10-25 05:00:00+00:00,0.0,0.0,0.0,6.79,5.1
1990-10-25 06:00:00+00:00,0.0,0.0,0.0,6.74,5.03
1990-10-25 07:00:00+00:00,1.0,0.0,1.0,6.99,4.9
1990-10-25 08:00:00+00:00,21.0,0.0,21.0,7.34,4.83
1990-10-25 09:00:00+00:00,218.0,364.4,114.0,8.15,4.34
1990-10-25 10:00:00+00:00,333.0,607.2,109.0,9.31,6.41
1990-10-25 11:00:00+00:00,304.0,269.43,192.0,10.14,6.34
1990-10-25 12:00:00+00:00,255.0,123.06,203.0,10.67,5.59
1990-10-25 13:00:00+00:00,221.0,97.67,183.0,10.96,5.24
1990-10-25 14:00:00+00:00,41.0,0.0,41.0,10.93,4.55
1990-10-25 15:00:00+00:00,87.0,28.22,81.0,10.69,3.93
1990-10-25 16:00:00+00:00,52.0,305.98,27.0,10.06,3.59
1990-10-25 17:00:00+00:00,0.0,0.0,0.0,9.23,3.52
1990-10-25 18:00:00+00:00,0.0,0.0,0.0,8.53,3.59
1990-10-25 19:00:00+00:00,0.0,0.0,0.0,7.73,3.79
1990-10-25 20:00:00+00:00,0.0,0.0,0.0,7.42,3.86
1990-10-25 21:00:00+00:00,0.0,0.0,0.0,6.98,3.86
1990-10-25 22:00:00+00:00,0.0,0.0,0.0,6.44,3.72
1990-10-25 23:00:00+00:00,0.0,0.0,0.0,6.11,3.66
1990-10-26 00:00:00+00:00,0.0,0.0,0.0,5.93,3.79
1990-10-26 01:00:00+00:00,0.0,0.0,0.0,5.96,4.07
1990-10-26 02:00:00+00:00,0.0,0.0,0.0,6.05,4.28
1990-10-26 03:00:00+00:00,0.0,0.0,0.0,6.18,4.34
1990-10-26 04:00:00+00:00,0.0,0.0,0.0,6.28,4.41
1990-10-26 05:00:00+00:00,0.0,0.0,0.0,6.35,4.41
1990-10-26 06:00:00+00:00,0.0,0.0,0.0,6.58,4.28
1990-10-26 07:00:00+00:00,1.0,0.0,1.0,6.48,4.21
1990-10-26 08:00:00+00:00,98.0,174.77,69.0,7.2,4.41
1990-10-26 09:00:00+00:00,149.0,85.62,125.0,8.18,4.76
1990-10-26 10:00:00+00:00,183.0,57.75,162.0,9.36,4.14
1990-10-26 11:00:00+00:00,273.0,187.65,196.0,10.66,5.17
1990-10-26 12:00:00+00:00,199.0,38.35,183.0,11.03,5.52
1990-10-26 13:00:00+00:00,214.0,91.23,179.0,11.33,5.93
1990-10-26 14:00:00+00:00,164.0,76.9,140.0,11.16,6.0
1990-10-26 15:00:00+00:00,157.0,385.79,77.0,10.68,4.9
1990-10-26 16:00:00+00:00,42.0,195.8,27.0,10.31,4.41
1990-10-26 17:00:00+00:00,0.0,0.0,0.0,9.69,4.55
1990-10-26 18:00:00+00:00,0.0,0.0,0.0,8.84,4.28
1990-10-26 19:00:00+00:00,0.0,0.0,0.0,8.47,4.21
1990-10-26 20:00:00+00:00,0.0,0.0,0.0,7.84,3.79
1990-10-26 21:00:00+00:00,0.0,0.0,0.0,7.27,3.59
1990-10-26 22:00:00+00:00,0.0,0.0,0.0,7.0,3.66
1990-10-26 23:00:00+00:00,0.0,0.0,0.0,6.42,3.45
1990-10-27 00:00:00+00:00,0.0,0.0,0.0,6.06,3.38
1990-10-27 01:00:00+00:00,0.0,0.0,0.0,5.75,3.17
1990-10-27 02:00:00+00:00,0.0,0.0,0.0,5.45,3.03
1990-10-27 03:00:00+00:00,0.0,0.0,0.0,5.42,3.03
1990-10-27 04:00:00+00:00,0.0,0.0,0.0,5.44,2.9
1990-10-27 05:00:00+00:00,0.0,0.0,0.0,5.84,3.1
1990-10-27 06:00:00+00:00,0.0,0.0,0.0,6.46,3.45
1990-10-27 07:00:00+00:00,1.0,0.0,1.0,7.3,3.86
1990-10-27 08:00:00+00:00,81.0,99.36,65.0,7.81,4.07
1990-10-27 09:00:00+00:00,80.0,0.0,80.0,8.18,4.48
1990-10-27 10:00:00+00:00,108.0,0.0,108.0,8.62,5.1
1990-10-27 11:00:00+00:00,92.0,0.0,92.0,9.3,5.45
1990-10-27 12:00:00+00:00,128.0,0.0,128.0,10.18,5.79
1990-10-27 13:00:00+00:00,67.0,0.0,67.0,10.97,5.79
1990-10-27 14:00:00+00:00,163.0,81.49,138.0,11.67,5.66
1990-10-27 15:00:00+00:00,136.0,262.13,83.0,11.9,5.86
1990-10-27 16:00:00+00:00,26.0,41.91,23.0,10.89,6.0
1990-10-27 17:00:00+00:00,0.0,0.0,0.0,9.79,5.66
1990-10-27 18:00:00+00:00,0.0,0.0,0.0,8.85,5.24
1990-10-27 19:00:00+00:00,0.0,0.0,0.0,8.35,4.69
1990-10-27 20:00:00+00:00,0.0,0.0,0.0,7.6,4.62
1990-10-27 21:00:00+00:00,0.0,0.0,0.0,7.22,4.76
1990-10-27 22:00:00+00:00,0.0,0.0,0.0,7.01,4.69
1990-10-27 23:00:00+00:00,0.0,0.0,0.0,7.03,4.76
1990-10-28 00:00:00+00:00,0.0,0.0,0.0,7.12,5.03
1990-10-28 01:00:00+00:00,0.0,0.0,0.0,7.38,5.24
1990-10-28 02:00:00+00:00,0.0,0.0,0.0,7.28,5.31
1990-10-28 03:00:00+00:00,0.0,0.0,0.0,7.21,5.31
1990-10-28 04:00:00+00:00,0.0,0.0,0.0,7.13,5.38
1990-10-28 05:00:00+00:00,0.0,0.0,0.0,7.23,5.17
1990-10-28 06:00:00+00:00,0.0,0.0,0.0,7.19,5.31
1990-10-28 07:00:00+00:00,0.0,0.0,0.0,7.04,4.83
1990-10-28 08:00:00+00:00,81.0,108.88,64.0,7.41,5.17
1990-10-28 09:00:00+00:00,209.0,388.68,104.0,8.33,4.83
1990-10-28 10:00:00+00:00,285.0,407.66,141.0,9.47,7.17
1990-10-28 11:00:00+00:00,219.0,80.05,187.0,10.21,6.9
1990-10-28 12:00:00+00:00,276.0,204.2,193.0,10.34,6.97
1990-10-28 13:00:00+00:00,236.0,158.18,177.0,9.8,5.72
1990-10-28 14:00:00+00:00,79.0,0.0,79.0,9.67,5.1
1990-10-28 15:00:00+00:00,103.0,96.41,84.0,9.53,5.45
1990-10-28 16:00:00+00:00,22.0,30.01,20.0,9.24,5.52
1990-10-28 17:00:00+00:00,0.0,0.0,0.0,8.49,5.38
1990-10-28 18:00:00+00:00,0.0,0.0,0.0,8.16,5.31
1990-10-28 19:00:00+00:00,0.0,0.0,0.0,7.6,4.76
1990-10-28 20:00:00+00:00,0.0,0.0,0.0,7.31,4.62
1990-10-28 21:00:00+00:00,0.0,0.0,0.0,6.95,4.55
1990-10-28 22:00:00+00:00,0.0,0.0,0.0,6.93,4.55
1990-10-28 23:00:00+00:00,0.0,0.0,0.0,7.0,4.48
1990-10-29 00:00:00+00:00,0.0,0.0,0.0,6.7,4.48
1990-10-29 01:00:00+00:00,0.0,0.0,0.0,6.66,4.69
1990-10-29 02:00:00+00:00,0.0,0.0,0.0,6.74,4.48
1990-10-29 03:00:00+00:00,0.0,0.0,0.0,6.86,4.21
1990-10-29 04:00:00+00:00,0.0,0.0,0.0,6.99,4.0
1990-10-29 05:00:00+00:00,0.0,0.0,0.0,7.06,3.72
1990-10-29 06:00:00+00:00,0.0,0.0,0.0,7.02,3.45
1990-10-29 07:00:00+00:00,0.0,0.0,0.0,7.9,3.72
1990-10-29 08:00:00+00:00,60.0,33.05,55.0,8.8,4.41
1990-10-29 09:00:00+00:00,70.0,0.0,70.0,9.56,5.1
1990-10-29 10:00:00+00:00,88.0,0.0,88.0,9.94,5.59
1990-10-29 11:00:00+00:00,130.0,2.54,129.0,10.64,6.14
1990-10-29 12:00:00+00:00,141.0,4.99,139.0,11.51,6.62
1990-10-29 13:00:00+00:00,94.0,0.0,94.0,12.28,6.83
1990-10-29 14:00:00+00:00,41.0,0.0,41.0,12.77,6.83
1990-10-29 15:00:00+00:00,31.0,0.0,31.0,13.2,6.97
1990-10-29 16:00:00+00:00,10.0,0.0,10.0,13.35,7.03
1990-10-29 17:00:00+00:00,0.0,0.0,0.0,13.38,6.9
1990-10-29 18:00:00+00:00,0.0,0.0,0.0,13.4,6.76
1990-10-29 19:00:00+00:00,0.0,0.0,0.0,13.49,6.83
1990-10-29 20:00:00+00:00,0.0,0.0,0.0,13.5,6.83
1990-10-29 21:00:00+00:00,0.0,0.0,0.0,13.43,6.76
1990-10-29 22:00:00+00:00,0.0,0.0,0.0,13.35,7.03
1990-10-29 23:00:00+00:00,0.0,0.0,0.0,13.44,7.17
1990-10-30 00:00:00+00:00,0.0,0.0,0.0,13.56,7.1
1990-10-30 01:00:00+00:00,0.0,0.0,0.0,13.7,6.97
1990-10-30 02:00:00+00:00,0.0,0.0,0.0,13.81,6.83
1990-10-30 03:00:00+00:00,0.0,0.0,0.0,13.89,6.55
1990-10-30 04:00:00+00:00,0.0,0.0,0.0,13.94,6.28
1990-10-30 05:00:00+00:00,0.0,0.0,0.0,13.97,6.07
1990-10-30 06:00:00+00:00,0.0,0.0,0.0,13.98,6.0
1990-10-30 07:00:00+00:00,0.0,0.0,0.0,13.96,6.28
1990-10-30 08:00:00+00:00,57.0,34.15,52.0,14.02,6.14
1990-10-30 09:00:00+00:00,99.0,19.22,94.0,14.21,5.93
1990-10-30 10:00:00+00:00,143.0,23.33,135.0,14.34,5.72
1990-10-30 11:00:00+00:00,60.0,0.0,60.0,14.52,5.52
1990-10-30 12:00:00+00:00,189.0,45.46,171.0,14.75,5.52
1990-10-30 13:00:00+00:00,124.0,5.52,122.0,15.06,5.17
1990-10-30 14:00:00+00:00,47.0,0.0,47.0,15.21,4.62
1990-10-30 15:00:00+00:00,68.0,21.38,64.0,14.8,3.79
1990-10-30 16:00:00+00:00,10.0,0.0,10.0,14.18,2.62
1990-10-30 17:00:00+00:00,0.0,0.0,0.0,13.48,1.45
1990-10-30 18:00:00+00:00,0.0,0.0,0.0,12.7,0.9
1990-10-30 19:00:00+00:00,0.0,0.0,0.0,12.35,0.69
1990-10-30 20:00:00+00:00,0.0,0.0,0.0,11.99,1.24
1990-10-30 21:00:00+00:00,0.0,0.0,0.0,12.23,2.07
1990-10-30 22:00:00+00:00,0.0,0.0,0.0,12.68,2.97
1990-10-30 23:00:00+00:00,0.0,0.0,0.0,13.23,4.0
1990-10-31 00:00:00+00:00,0.0,0.0,0.0,13.52,4.9
1990-10-31 01:00:00+00:00,0.0,0.0,0.0,13.49,5.59
1990-10-31 02:00:00+00:00,0.0,0.0,0.0,13.26,5.79
1990-10-31 03:00:00+00:00,0.0,0.0,0.0,13.21,6.21
1990-10-31 04:00:00+00:00,0.0,0.0,0.0,13.26,6.41
1990-10-31 05:00:00+00:00,0.0,0.0,0.0,13.26,6.55
1990-10-31 06:00:00+00:00,0.0,0.0,0.0,13.15,6.9
1990-10-31 07:00:00+00:00,0.0,0.0,0.0,13.11,7.38
1990-10-31 08:00:00+00:00,70.0,98.88,56.0,13.48,8.0
1990-10-31 09:00:00+00:00,43.0,0.0,43.0,14.02,8.69
1990-10-31 10:00:00+00:00,51.0,0.0,51.0,14.27,9.24
1990-10-31 11:00:00+00:00,38.0,0.0,38.0,13.99,9.86
1990-10-31 12:00:00+00:00,78.0,0.0,78.0,13.81,8.9
1990-10-31 13:00:00+00:00,331.0,677.1,89.0,12.71,7.31
1990-10-31 14:00:00+00:00,164.0,125.75,128.0,11.88,6.48
1990-10-31 15:00:00+00:00,119.0,252.46,73.0,11.86,6.14
1990-10-31 16:00:00+00:00,20.0,76.46,16.0,9.67,4.54
1990-10-31 17:00:00+00:00,0.0,0.0,0.0,9.68,4.71
1990-10-31 18:00:00+00:00,0.0,0.0,0.0,9.7,4.88
1990-10-31 19:00:00+00:00,0.0,0.0,0.0,9.72,5.06
1990-10-31 20:00:00+00:00,0.0,0.0,0.0,9.73,5.23
1990-10-31 21:00:00+00:00,0.0,0.0,0.0,9.75,5.4
1990-10-31 22:00:00+00:00,0.0,0.0,0.0,9.77,5.57
1990-10-31 23:00:00+00:00,0.0,0.0,0.0,9.79,5.74
1990-11-01 00:00:00+00:00,0.0,0.0,0.0,9.8,5.91
1990-11-01 01:00:00+00:00,0.0,0.0,0.0,9.82,6.08
1990-11-01 02:00:00+00:00,0.0,0.0,0.0,9.84,6.26
1990-11-01 03:00:00+00:00,0.0,0.0,0.0,9.86,6.43
1990-11-01 04:00:00+00:00,0.0,0.0,0.0,9.87,6.6
1990-11-01 05:00:00+00:00,0.0,0.0,0.0,9.89,6.77
1990-11-01 06:00:00+00:00,0.0,0.0,0.0,9.91,6.94
1990-11-01 07:00:00+00:00,0.0,0.0,0.0,9.92,7.11
1990-11-01 08:00:00+00:00,50.0,29.24,46.0,12.36,7.17
1990-11-01 09:00:00+00:00,122.0,67.96,105.0,13.47,6.83
1990-11-01 10:00:00+00:00,207.0,168.3,151.0,13.63,6.9
1990-11-01 11:00:00+00:00,160.0,23.75,151.0,13.22,6.34
1990-11-01 12:00:00+00:00,324.0,497.87,132.0,12.83,6.28
1990-11-01 13:00:00+00:00,43.0,0.0,43.0,13.1,5.72
1990-11-01 14:00:00+00:00,79.0,0.0,79.0,13.03,6.69
1990-11-01 15:00:00+00:00,77.0,50.73,68.0,13.12,6.62
1990-11-01 16:00:00+00:00,3.0,0.0,3.0,13.42,7.1
1990-11-01 17:00:00+00:00,0.0,0.0,0.0,14.16,8.07
1990-11-01 18:00:00+00:00,0.0,0.0,0.0,15.28,8.69
1990-11-01 19:00:00+00:00,0.0,0.0,0.0,15.99,8.97
1990-11-01 20:00:00+00:00,0.0,0.0,0.0,15.88,9.03
1990-11-01 21:00:00+00:00,0.0,0.0,0.0,15.66,9.59
1990-11-01 22:00:00+00:00,0.0,0.0,0.0,15.64,9.66
1990-11-01 23:00:00+00:00,0.0,0.0,0.0,15.69,9.66
1990-11-02 00:00:00+00:00,0.0,0.0,0.0,16.02,9.72
1990-11-02 01:00:00+00:00,0.0,0.0,0.0,16.22,9.52
1990-11-02 02:00:00+00:00,0.0,0.0,0.0,16.18,9.45
1990-11-02 03:00:00+00:00,0.0,0.0,0.0,16.28,9.31
1990-11-02 04:00:00+00:00,0.0,0.0,0.0,16.21,9.86
1990-11-02 05:00:00+00:00,0.0,0.0,0.0,15.79,9.45
1990-11-02 06:00:00+00:00,0.0,0.0,0.0,15.49,8.83
1990-11-02 07:00:00+00:00,0.0,0.0,0.0,14.19,7.66
1990-11-02 08:00:00+00:00,16.0,0.0,16.0,12.47,6.97
1990-11-02 09:00:00+00:00,208.0,575.01,67.0,11.23,6.76
1990-11-02 10:00:00+00:00,296.0,656.07,81.0,10.75,6.07
1990-11-02 11:00:00+00:00,271.0,283.52,165.0,11.12,7.59
1990-11-02 12:00:00+00:00,294.0,357.36,158.0,11.58,7.03
1990-11-02 13:00:00+00:00,267.0,359.89,142.0,11.93,8.34
1990-11-02 14:00:00+00:00,223.0,466.67,94.0,11.46,8.83
1990-11-02 15:00:00+00:00,130.0,428.52,56.0,10.91,8.14
1990-11-02 16:00:00+00:00,11.0,0.0,11.0,10.47,7.66
1990-11-02 17:00:00+00:00,0.0,0.0,0.0,9.79,7.45
1990-11-02 18:00:00+00:00,0.0,0.0,0.0,9.15,7.31
1990-11-02 19:00:00+00:00,0.0,0.0,0.0,8.41,6.83
1990-11-02 20:00:00+00:00,0.0,0.0,0.0,8.11,6.83
1990-11-02 21:00:00+00:00,0.0,0.0,0.0,7.7,6.41
1990-11-02 22:00:00+00:00,0.0,0.0,0.0,7.28,5.72
1990-11-02 23:00:00+00:00,0.0,0.0,0.0,6.83,4.9
1990-11-03 00:00:00+00:00,0.0,0.0,0.0,6.29,4.0
1990-11-03 01:00:00+00:00,0.0,0.0,0.0,5.81,3.52
1990-11-03 02:00:00+00:00,0.0,0.0,0.0,5.78,3.17
1990-11-03 03:00:00+00:00,0.0,0.0,0.0,5.83,3.03
1990-11-03 04:00:00+00:00,0.0,0.0,0.0,5.59,1.93
1990-11-03 05:00:00+00:00,0.0,0.0,0.0,5.25,1.1
1990-11-03 06:00:00+00:00,0.0,0.0,0.0,5.27,1.86
1990-11-03 07:00:00+00:00,0.0,0.0,0.0,4.63,2.41
1990-11-03 08:00:00+00:00,54.0,47.15,48.0,4.31,1.38
1990-11-03 09:00:00+00:00,152.0,187.25,107.0,4.69,2.14
1990-11-03 10:00:00+00:00,265.0,443.11,122.0,5.97,4.28
1990-11-03 11:00:00+00:00,332.0,582.9,117.0,7.32,5.93
1990-11-03 12:00:00+00:00,113.0,0.0,113.0,8.07,6.14
1990-11-03 13:00:00+00:00,287.0,464.38,128.0,8.41,6.21
1990-11-03 14:00:00+00:00,236.0,566.98,82.0,8.56,5.72
1990-11-03 15:00:00+00:00,136.0,523.65,48.0,8.4,4.48
1990-11-03 16:00:00+00:00,9.0,0.0,9.0,8.06,3.93
1990-11-03 17:00:00+00:00,0.0,0.0,0.0,6.97,3.52
1990-11-03 18:00:00+00:00,0.0,0.0,0.0,6.22,3.03
1990-11-03 19:00:00+00:00,0.0,0.0,0.0,5.38,2.83
1990-11-03 20:00:00+00:00,0.0,0.0,0.0,4.59,2.34
1990-11-03 21:00:00+00:00,0.0,0.0,0.0,3.99,2.34
1990-11-03 22:00:00+00:00,0.0,0.0,0.0,3.56,2.21
1990-11-03 23:00:00+00:00,0.0,0.0,0.0,3.32,2.07
1990-11-04 00:00:00+00:00,0.0,0.0,0.0,2.87,2.0
1990-11-04 01:00:00+00:00,0.0,0.0,0.0,2.42,2.0
1990-11-04 02:00:00+00:00,0.0,0.0,0.0,2.09,2.07
1990-11-04 03:00:00+00:00,0.0,0.0,0.0,1.87,2.14
1990-11-04 04:00:00+00:00,0.0,0.0,0.0,1.79,2.21
1990-11-04 05:00:00+00:00,0.0,0.0,0.0,1.81,2.28
1990-11-04 06:00:00+00:00,0.0,0.0,0.0,1.84,2.34
1990-11-04 07:00:00+00:00,0.0,0.0,0.0,1.78,2.55
1990-11-04 08:00:00+00:00,90.0,424.34,38.0,2.5,2.41
1990-11-04 09:00:00+00:00,213.0,658.29,58.0,4.46,1.93
1990-11-04 10:00:00+00:00,305.0,736.39,71.0,6.76,2.21
1990-11-04 11:00:00+00:00,351.0,736.55,83.0,8.33,2.69
1990-11-04 12:00:00+00:00,328.0,550.46,124.0,9.5,3.93
1990-11-04 13:00:00+00:00,46.0,0.0,46.0,9.98,3.52
1990-11-04 14:00:00+00:00,122.0,37.47,112.0,10.05,3.03
1990-11-04 15:00:00+00:00,77.0,61.16,67.0,9.67,2.14
1990-11-04 16:00:00+00:00,3.0,0.0,3.0,8.75,2.14
1990-11-04 17:00:00+00:00,0.0,0.0,0.0,7.51,2.28
1990-11-04 18:00:00+00:00,0.0,0.0,0.0,6.59,2.41
1990-11-04 19:00:00+00:00,0.0,0.0,0.0,5.73,2.28
1990-11-04 20:00:00+00:00,0.0,0.0,0.0,5.02,2.34
1990-11-04 21:00:00+00:00,0.0,0.0,0.0,4.53,2.21
1990-11-04 22:00:00+00:00,0.0,0.0,0.0,4.08,2.14
1990-11-04 23:00:00+00:00,0.0,0.0,0.0,3.85,1.93
1990-11-05 00:00:00+00:00,0.0,0.0,0.0,3.67,1.93
1990-11-05 01:00:00+00:00,0.0,0.0,0.0,3.99,1.93
1990-11-05 02:00:00+00:00,0.0,0.0,0.0,4.21,2.07
1990-11-05 03:00:00+00:00,0.0,0.0,0.0,4.77,1.93
1990-11-05 04:00:00+00:00,0.0,0.0,0.0,5.23,1.86
1990-11-05 05:00:00+00:00,0.0,0.0,0.0,5.27,1.93
1990-11-05 06:00:00+00:00,0.0,0.0,0.0,5.26,1.86
1990-11-05 07:00:00+00:00,0.0,0.0,0.0,4.36,2.07
1990-11-05 08:00:00+00:00,46.0,33.94,42.0,4.16,1.79
1990-11-05 09:00:00+00:00,187.0,494.29,73.0,5.77,1.31
1990-11-05 10:00:00+00:00,283.0,652.05,79.0,8.08,1.59
1990-11-05 11:00:00+00:00,272.0,337.11,151.0,9.15,1.93
1990-11-05 12:00:00+00:00,232.0,166.8,171.0,9.68,2.0
1990-11-05 13:00:00+00:00,212.0,174.32,154.0,10.03,1.79
1990-11-05 14:00:00+00:00,139.0,87.71,116.0,10.11,1.72
1990-11-05 15:00:00+00:00,126.0,503.04,46.0,9.94,1.45
1990-11-05 16:00:00+00:00,4.0,0.0,4.0,9.2,1.31
1990-11-05 17:00:00+00:00,0.0,0.0,0.0,7.77,1.17
1990-11-05 18:00:00+00:00,0.0,0.0,0.0,7.11,0.83
1990-11-05 19:00:00+00:00,0.0,0.0,0.0,6.13,0.97
1990-11-05 20:00:00+00:00,0.0,0.0,0.0,6.04,0.83
1990-11-05 21:00:00+00:00,0.0,0.0,0.0,5.73,0.41
1990-11-05 22:00:00+00:00,0.0,0.0,0.0,5.27,0.41
1990-11-05 23:00:00+00:00,0.0,0.0,0.0,4.87,0.76
1990-11-06 00:00:00+00:00,0.0,0.0,0.0,2.9,1.24
1990-11-06 01:00:00+00:00,0.0,0.0,0.0,2.62,1.24
1990-11-06 02:00:00+00:00,0.0,0.0,0.0,2.13,1.45
1990-11-06 03:00:00+00:00,0.0,0.0,0.0,1.82,1.72
1990-11-06 04:00:00+00:00,0.0,0.0,0.0,1.61,1.79
1990-11-06 05:00:00+00:00,0.0,0.0,0.0,1.64,1.79
1990-11-06 06:00:00+00:00,0.0,0.0,0.0,1.59,1.86
1990-11-06 07:00:00+00:00,0.0,0.0,0.0,2.22,2.0
1990-11-06 08:00:00+00:00,83.0,432.83,34.0,2.79,2.21
1990-11-06 09:00:00+00:00,150.0,234.67,97.0,3.56,2.55
1990-11-06 10:00:00+00:00,250.0,438.31,115.0,4.47,2.97
1990-11-06 11:00:00+00:00,338.0,728.7,80.0,5.93,3.24
1990-11-06 12:00:00+00:00,331.0,637.34,101.0,7.3,3.38
1990-11-06 13:00:00+00:00,180.0,88.42,151.0,8.43,3.59
1990-11-06 14:00:00+00:00,70.0,0.0,70.0,8.79,3.31
1990-11-06 15:00:00+00:00,68.0,51.73,60.0,8.74,3.24
1990-11-06 16:00:00+00:00,1.0,0.0,1.0,8.17,2.97
1990-11-06 17:00:00+00:00,0.0,0.0,0.0,7.31,3.03
1990-11-06 18:00:00+00:00,0.0,0.0,0.0,7.09,3.24
1990-11-06 19:00:00+00:00,0.0,0.0,0.0,5.96,3.31
1990-11-06 20:00:00+00:00,0.0,0.0,0.0,5.7,3.17
1990-11-06 21:00:00+00:00,0.0,0.0,0.0,5.35,2.9
1990-11-06 22:00:00+00:00,0.0,0.0,0.0,4.81,2.76
1990-11-06 23:00:00+00:00,0.0,0.0,0.0,4.31,2.69
1990-11-07 00:00:00+00:00,0.0,0.0,0.0,4.02,2.55
1990-11-07 01:00:00+00:00,0.0,0.0,0.0,3.8,2.34
1990-11-07 02:00:00+00:00,0.0,0.0,0.0,3.51,2.21
1990-11-07 03:00:00+00:00,0.0,0.0,0.0,3.22,2.07
1990-11-07 04:00:00+00:00,0.0,0.0,0.0,2.91,2.0
1990-11-07 05:00:00+00:00,0.0,0.0,0.0,2.69,1.93
1990-11-07 06:00:00+00:00,0.0,0.0,0.0,2.55,1.93
1990-11-07 07:00:00+00:00,0.0,0.0,0.0,2.93,1.86
1990-11-07 08:00:00+00:00,71.0,322.29,36.0,3.15,1.93
1990-11-07 09:00:00+00:00,130.0,153.77,96.0,5.07,1.79
1990-11-07 10:00:00+00:00,233.0,376.0,119.0,7.3,2.0
1990-11-07 11:00:00+00:00,333.0,738.75,75.0,9.25,2.07
1990-11-07 12:00:00+00:00,346.0,772.23,71.0,10.77,2.14
1990-11-07 13:00:00+00:00,211.0,194.84,148.0,11.86,2.07
1990-11-07 14:00:00+00:00,199.0,426.59,91.0,12.44,2.07
1990-11-07 15:00:00+00:00,92.0,212.8,60.0,12.32,2.07
1990-11-07 16:00:00+00:00,0.0,0.0,0.0,11.15,2.55
1990-11-07 17:00:00+00:00,0.0,0.0,0.0,10.0,2.9
1990-11-07 18:00:00+00:00,0.0,0.0,0.0,9.62,3.1
1990-11-07 19:00:00+00:00,0.0,0.0,0.0,9.25,3.03
1990-11-07 20:00:00+00:00,0.0,0.0,0.0,9.23,3.1
1990-11-07 21:00:00+00:00,0.0,0.0,0.0,8.79,3.03
1990-11-07 22:00:00+00:00,0.0,0.0,0.0,8.41,2.83
1990-11-07 23:00:00+00:00,0.0,0.0,0.0,8.36,2.62
1990-11-08 00:00:00+00:00,0.0,0.0,0.0,8.38,2.48
1990-11-08 01:00:00+00:00,0.0,0.0,0.0,7.87,2.48
1990-11-08 02:00:00+00:00,0.0,0.0,0.0,7.85,2.48
1990-11-08 03:00:00+00:00,0.0,0.0,0.0,7.81,2.55
1990-11-08 04:00:00+00:00,0.0,0.0,0.0,7.78,2.62
1990-11-08 05:00:00+00:00,0.0,0.0,0.0,8.35,2.76
1990-11-08 06:00:00+00:00,0.0,0.0,0.0,8.65,2.76
1990-11-08 07:00:00+00:00,0.0,0.0,0.0,9.29,2.07
1990-11-08 08:00:00+00:00,33.0,19.23,31.0,9.27,2.14
1990-11-08 09:00:00+00:00,31.0,0.0,31.0,10.0,1.66
1990-11-08 10:00:00+00:00,90.0,3.35,89.0,11.03,2.14
1990-11-08 11:00:00+00:00,142.0,20.32,135.0,11.8,2.0
1990-11-08 12:00:00+00:00,114.0,2.85,113.0,12.26,1.86
1990-11-08 13:00:00+00:00,80.0,0.0,80.0,12.61,1.52
1990-11-08 14:00:00+00:00,92.0,16.08,88.0,12.38,1.31
1990-11-08 15:00:00+00:00,61.0,47.89,54.0,12.33,1.38
1990-11-08 16:00:00+00:00,0.0,0.0,0.0,12.05,1.52
1990-11-08 17:00:00+00:00,0.0,0.0,0.0,11.8,1.66
1990-11-08 18:00:00+00:00,0.0,0.0,0.0,11.64,1.59
1990-11-08 19:00:00+00:00,0.0,0.0,0.0,11.58,1.38
1990-11-08 20:00:00+00:00,0.0,0.0,0.0,11.6,1.45
1990-11-08 21:00:00+00:00,0.0,0.0,0.0,11.68,1.38
1990-11-08 22:00:00+00:00,0.0,0.0,0.0,11.72,1.31
1990-11-08 23:00:00+00:00,0.0,0.0,0.0,11.68,1.38
1990-11-09 00:00:00+00:00,0.0,0.0,0.0,11.69,1.45
1990-11-09 01:00:00+00:00,0.0,0.0,0.0,11.67,1.52
1990-11-09 02:00:00+00:00,0.0,0.0,0.0,11.55,1.72
1990-11-09 03:00:00+00:00,0.0,0.0,0.0,11.3,1.93
1990-11-09 04:00:00+00:00,0.0,0.0,0.0,11.17,2.14
1990-11-09 05:00:00+00:00,0.0,0.0,0.0,11.16,2.14
1990-11-09 06:00:00+00:00,0.0,0.0,0.0,11.16,2.21
1990-11-09 07:00:00+00:00,0.0,0.0,0.0,11.09,2.28
1990-11-09 08:00:00+00:00,36.0,30.15,33.0,11.08,2.62
1990-11-09 09:00:00+00:00,32.0,0.0,32.0,11.67,4.07
1990-11-09 10:00:00+00:00,41.0,0.0,41.0,12.25,2.69
1990-11-09 11:00:00+00:00,133.0,14.72,128.0,13.04,2.48
1990-11-09 12:00:00+00:00,28.0,0.0,28.0,13.56,2.83
1990-11-09 13:00:00+00:00,43.0,0.0,43.0,13.93,2.83
1990-11-09 14:00:00+00:00,62.0,0.0,62.0,14.16,2.55
1990-11-09 15:00:00+00:00,66.0,77.42,55.0,14.16,2.76
1990-11-09 16:00:00+00:00,0.0,0.0,0.0,13.66,3.17
1990-11-09 17:00:00+00:00,0.0,0.0,0.0,13.26,3.24
1990-11-09 18:00:00+00:00,0.0,0.0,0.0,13.07,3.1
1990-11-09 19:00:00+00:00,0.0,0.0,0.0,11.96,2.55
1990-11-09 20:00:00+00:00,0.0,0.0,0.0,11.75,2.76
1990-11-09 21:00:00+00:00,0.0,0.0,0.0,11.56,2.83
1990-11-09 22:00:00+00:00,0.0,0.0,0.0,11.11,2.69
1990-11-09 23:00:00+00:00,0.0,0.0,0.0,10.79,2.55
1990-11-10 00:00:00+00:00,0.0,0.0,0.0,10.89,2.48
1990-11-10 01:00:00+00:00,0.0,0.0,0.0,10.82,2.48
1990-11-10 02:00:00+00:00,0.0,0.0,0.0,10.83,2.34
1990-11-10 03:00:00+00:00,0.0,0.0,0.0,10.82,2.28
1990-11-10 04:00:00+00:00,0.0,0.0,0.0,10.79,2.21
1990-11-10 05:00:00+00:00,0.0,0.0,0.0,10.73,2.07
1990-11-10 06:00:00+00:00,0.0,0.0,0.0,10.63,2.07
1990-11-10 07:00:00+00:00,0.0,0.0,0.0,9.55,1.72
1990-11-10 08:00:00+00:00,34.0,31.58,31.0,9.57,1.79
1990-11-10 09:00:00+00:00,55.0,0.0,55.0,10.3,2.83
1990-11-10 10:00:00+00:00,90.0,3.46,89.0,10.98,2.9
1990-11-10 11:00:00+00:00,179.0,80.56,152.0,11.67,3.03
1990-11-10 12:00:00+00:00,87.0,0.0,87.0,12.03,3.45
1990-11-10 13:00:00+00:00,136.0,32.27,126.0,12.39,3.66
1990-11-10 14:00:00+00:00,208.0,603.58,63.0,12.43,3.38
1990-11-10 15:00:00+00:00,88.0,260.72,52.0,12.19,2.97
1990-11-10 16:00:00+00:00,0.0,0.0,0.0,11.48,2.83
1990-11-10 17:00:00+00:00,0.0,0.0,0.0,10.75,2.97
1990-11-10 18:00:00+00:00,0.0,0.0,0.0,10.28,2.9
1990-11-10 19:00:00+00:00,0.0,0.0,0.0,10.01,2.55
1990-11-10 20:00:00+00:00,0.0,0.0,0.0,9.37,2.48
1990-11-10 21:00:00+00:00,0.0,0.0,0.0,8.96,2.55
1990-11-10 22:00:00+00:00,0.0,0.0,0.0,8.48,2.62
1990-11-10 23:00:00+00:00,0.0,0.0,0.0,8.1,2.76
1990-11-11 00:00:00+00:00,0.0,0.0,0.0,7.83,2.83
1990-11-11 01:00:00+00:00,0.0,0.0,0.0,7.69,2.9
1990-11-11 02:00:00+00:00,0.0,0.0,0.0,7.75,3.03
1990-11-11 03:00:00+00:00,0.0,0.0,0.0,7.86,3.17
1990-11-11 04:00:00+00:00,0.0,0.0,0.0,8.06,3.31
1990-11-11 05:00:00+00:00,0.0,0.0,0.0,8.32,3.52
1990-11-11 06:00:00+00:00,0.0,0.0,0.0,8.63,3.79
1990-11-11 07:00:00+00:00,0.0,0.0,0.0,9.2,4.14
1990-11-11 08:00:00+00:00,18.0,0.0,18.0,9.65,4.62
1990-11-11 09:00:00+00:00,46.0,0.0,46.0,10.53,5.17
1990-11-11 10:00:00+00:00,57.0,0.0,57.0,11.32,5.45
1990-11-11 11:00:00+00:00,98.0,0.0,98.0,11.98,5.45
1990-11-11 12:00:00+00:00,57.0,0.0,57.0,12.43,4.97
1990-11-11 13:00:00+00:00,95.0,3.27,94.0,12.6,6.07
1990-11-11 14:00:00+00:00,51.0,0.0,51.0,12.44,6.07
1990-11-11 15:00:00+00:00,32.0,0.0,32.0,12.2,5.79
1990-11-11 16:00:00+00:00,0.0,0.0,0.0,11.93,5.79
1990-11-11 17:00:00+00:00,0.0,0.0,0.0,11.79,6.21
1990-11-11 18:00:00+00:00,0.0,0.0,0.0,11.61,6.62
1990-11-11 19:00:00+00:00,0.0,0.0,0.0,11.45,7.17
1990-11-11 20:00:00+00:00,0.0,0.0,0.0,11.27,7.66
1990-11-11 21:00:00+00:00,0.0,0.0,0.0,11.45,8.14
1990-11-11 22:00:00+00:00,0.0,0.0,0.0,11.66,8.41
1990-11-11 23:00:00+00:00,0.0,0.0,0.0,10.69,6.62
1990-11-12 00:00:00+00:00,0.0,0.0,0.0,9.11,5.52
1990-11-12 01:00:00+00:00,0.0,0.0,0.0,8.19,5.45
1990-11-12 02:00:00+00:00,0.0,0.0,0.0,8.12,5.24
1990-11-12 03:00:00+00:00,0.0,0.0,0.0,8.35,4.9
1990-11-12 04:00:00+00:00,0.0,0.0,0.0,8.42,5.1
1990-11-12 05:00:00+00:00,0.0,0.0,0.0,8.41,5.24
1990-11-12 06:00:00+00:00,0.0,0.0,0.0,8.12,4.9
1990-11-12 07:00:00+00:00,0.0,0.0,0.0,8.5,4.41
1990-11-12 08:00:00+00:00,49.0,208.9,31.0,7.97,4.14
1990-11-12 09:00:00+00:00,131.0,247.3,82.0,8.0,3.59
1990-11-12 10:00:00+00:00,227.0,453.6,100.0,8.78,3.38
1990-11-12 11:00:00+00:00,208.0,171.72,152.0,9.75,4.48
1990-11-12 12:00:00+00:00,297.0,593.91,99.0,10.42,4.76
1990-11-12 13:00:00+00:00,211.0,255.56,134.0,10.96,5.24
1990-11-12 14:00:00+00:00,133.0,129.28,103.0,11.04,4.34
1990-11-12 15:00:00+00:00,52.0,38.35,47.0,10.75,4.48
1990-11-12 16:00:00+00:00,0.0,0.0,0.0,10.44,4.69
1990-11-12 17:00:00+00:00,0.0,0.0,0.0,10.28,4.69
1990-11-12 18:00:00+00:00,0.0,0.0,0.0,9.92,4.62
1990-11-12 19:00:00+00:00,0.0,0.0,0.0,9.71,4.69
1990-11-12 20:00:00+00:00,0.0,0.0,0.0,9.63,4.83
1990-11-12 21:00:00+00:00,0.0,0.0,0.0,9.52,5.03
1990-11-12 22:00:00+00:00,0.0,0.0,0.0,9.81,5.45
1990-11-12 23:00:00+00:00,0.0,0.0,0.0,10.2,5.86
1990-11-13 00:00:00+00:00,0.0,0.0,0.0,10.38,5.93
1990-11-13 01:00:00+00:00,0.0,0.0,0.0,10.56,5.86
1990-11-13 02:00:00+00:00,0.0,0.0,0.0,10.49,5.59
1990-11-13 03:00:00+00:00,0.0,0.0,0.0,10.33,5.45
1990-11-13 04:00:00+00:00,0.0,0.0,0.0,10.17,5.52
1990-11-13 05:00:00+00:00,0.0,0.0,0.0,10.08,5.72
1990-11-13 06:00:00+00:00,0.0,0.0,0.0,10.44,6.07
1990-11-13 07:00:00+00:00,0.0,0.0,0.0,10.06,5.45
1990-11-13 08:00:00+00:00,54.0,354.42,25.0,9.42,4.21
1990-11-13 09:00:00+00:00,158.0,531.73,55.0,8.52,3.38
1990-11-13 10:00:00+00:00,241.0,591.61,78.0,8.9,3.31
1990-11-13 11:00:00+00:00,283.0,578.2,97.0,9.58,4.07
1990-11-13 12:00:00+00:00,303.0,674.63,81.0,10.22,4.83
1990-11-13 13:00:00+00:00,215.0,292.78,128.0,10.5,5.03
1990-11-13 14:00:00+00:00,142.0,184.12,100.0,10.4,4.21
1990-11-13 15:00:00+00:00,49.0,31.58,45.0,9.94,3.86
1990-11-13 16:00:00+00:00,0.0,0.0,0.0,9.28,3.59
1990-11-13 17:00:00+00:00,0.0,0.0,0.0,8.24,3.38
1990-11-13 18:00:00+00:00,0.0,0.0,0.0,7.84,3.31
1990-11-13 19:00:00+00:00,0.0,0.0,0.0,7.67,3.38
1990-11-13 20:00:00+00:00,0.0,0.0,0.0,7.38,3.38
1990-11-13 21:00:00+00:00,0.0,0.0,0.0,7.34,3.59
1990-11-13 22:00:00+00:00,0.0,0.0,0.0,7.6,3.66
1990-11-13 23:00:00+00:00,0.0,0.0,0.0,7.74,3.45
1990-11-14 00:00:00+00:00,0.0,0.0,0.0,7.74,3.31
1990-11-14 01:00:00+00:00,0.0,0.0,0.0,7.53,3.31
1990-11-14 02:00:00+00:00,0.0,0.0,0.0,7.28,3.24
1990-11-14 03:00:00+00:00,0.0,0.0,0.0,7.42,3.17
1990-11-14 04:00:00+00:00,0.0,0.0,0.0,7.85,3.38
1990-11-14 05:00:00+00:00,0.0,0.0,0.0,8.32,3.59
1990-11-14 06:00:00+00:00,0.0,0.0,0.0,9.04,4.14
1990-11-14 07:00:00+00:00,0.0,0.0,0.0,10.05,4.62
1990-11-14 08:00:00+00:00,4.0,0.0,4.0,11.39,5.1
1990-11-14 09:00:00+00:00,77.0,31.69,71.0,12.45,5.79
1990-11-14 10:00:00+00:00,25.0,0.0,25.0,12.87,6.55
1990-11-14 11:00:00+00:00,44.0,0.0,44.0,13.07,7.17
1990-11-14 12:00:00+00:00,37.0,0.0,37.0,12.85,7.31
1990-11-14 13:00:00+00:00,134.0,40.94,122.0,12.87,7.1
1990-11-14 14:00:00+00:00,74.0,4.46,73.0,12.89,7.03
1990-11-14 15:00:00+00:00,30.0,0.0,30.0,12.97,7.38
1990-11-14 16:00:00+00:00,0.0,0.0,0.0,12.92,7.79
1990-11-14 17:00:00+00:00,0.0,0.0,0.0,13.17,8.14
1990-11-14 18:00:00+00:00,0.0,0.0,0.0,12.88,7.86
1990-11-14 19:00:00+00:00,0.0,0.0,0.0,12.28,6.48
1990-11-14 20:00:00+00:00,0.0,0.0,0.0,11.35,6.41
1990-11-14 21:00:00+00:00,0.0,0.0,0.0,10.61,6.21
1990-11-14 22:00:00+00:00,0.0,0.0,0.0,10.27,6.14
1990-11-14 23:00:00+00:00,0.0,0.0,0.0,10.0,5.86
1990-11-15 00:00:00+00:00,0.0,0.0,0.0,9.93,5.52
1990-11-15 01:00:00+00:00,0.0,0.0,0.0,9.88,5.24
1990-11-15 02:00:00+00:00,0.0,0.0,0.0,10.02,5.03
1990-11-15 03:00:00+00:00,0.0,0.0,0.0,10.17,5.03
1990-11-15 04:00:00+00:00,0.0,0.0,0.0,10.47,5.24
1990-11-15 05:00:00+00:00,0.0,0.0,0.0,10.77,5.45
1990-11-15 06:00:00+00:00,0.0,0.0,0.0,10.85,5.66
1990-11-15 07:00:00+00:00,0.0,0.0,0.0,10.3,5.1
1990-11-15 08:00:00+00:00,39.0,191.01,25.0,10.4,5.52
1990-11-15 09:00:00+00:00,16.0,0.0,16.0,10.37,8.07
1990-11-15 10:00:00+00:00,230.0,565.96,79.0,8.98,6.76
1990-11-15 11:00:00+00:00,284.0,645.2,82.0,9.25,6.28
1990-11-15 12:00:00+00:00,186.0,115.37,149.0,9.63,6.62
1990-11-15 13:00:00+00:00,232.0,428.88,108.0,9.47,6.69
1990-11-15 14:00:00+00:00,33.0,0.0,33.0,9.26,6.07
1990-11-15 15:00:00+00:00,66.0,158.91,47.0,8.74,5.86
1990-11-15 16:00:00+00:00,0.0,0.0,0.0,8.1,5.1
1990-11-15 17:00:00+00:00,0.0,0.0,0.0,7.37,4.62
1990-11-15 18:00:00+00:00,0.0,0.0,0.0,6.96,4.97
1990-11-15 19:00:00+00:00,0.0,0.0,0.0,7.33,5.93
1990-11-15 20:00:00+00:00,0.0,0.0,0.0,7.54,6.48
1990-11-15 21:00:00+00:00,0.0,0.0,0.0,7.82,6.28
1990-11-15 22:00:00+00:00,0.0,0.0,0.0,7.83,5.86
1990-11-15 23:00:00+00:00,0.0,0.0,0.0,7.86,5.45
1990-11-16 00:00:00+00:00,0.0,0.0,0.0,7.91,5.24
1990-11-16 01:00:00+00:00,0.0,0.0,0.0,8.25,5.03
1990-11-16 02:00:00+00:00,0.0,0.0,0.0,8.4,4.83
1990-11-16 03:00:00+00:00,0.0,0.0,0.0,8.97,5.24
1990-11-16 04:00:00+00:00,0.0,0.0,0.0,9.55,6.0
1990-11-16 05:00:00+00:00,0.0,0.0,0.0,9.72,6.0
1990-11-16 06:00:00+00:00,0.0,0.0,0.0,9.27,5.38
1990-11-16 07:00:00+00:00,0.0,0.0,0.0,9.05,5.45
1990-11-16 08:00:00+00:00,8.0,0.0,8.0,8.53,5.17
1990-11-16 09:00:00+00:00,87.0,71.92,74.0,8.23,4.14
1990-11-16 10:00:00+00:00,203.0,403.73,97.0,8.51,3.52
1990-11-16 11:00:00+00:00,93.0,0.0,93.0,9.07,4.0
1990-11-16 12:00:00+00:00,143.0,34.74,132.0,9.57,4.21
1990-11-16 13:00:00+00:00,181.0,185.8,128.0,10.21,4.76
1990-11-16 14:00:00+00:00,106.0,69.16,91.0,10.32,4.41
1990-11-16 15:00:00+00:00,28.0,0.0,28.0,10.21,4.41
1990-11-16 16:00:00+00:00,0.0,0.0,0.0,10.1,4.62
1990-11-16 17:00:00+00:00,0.0,0.0,0.0,10.04,5.1
1990-11-16 18:00:00+00:00,0.0,0.0,0.0,10.0,5.45
1990-11-16 19:00:00+00:00,0.0,0.0,0.0,10.19,6.0
1990-11-16 20:00:00+00:00,0.0,0.0,0.0,10.76,6.0
1990-11-16 21:00:00+00:00,0.0,0.0,0.0,11.44,5.93
1990-11-16 22:00:00+00:00,0.0,0.0,0.0,11.85,6.0
1990-11-16 23:00:00+00:00,0.0,0.0,0.0,12.02,6.07
1990-11-17 00:00:00+00:00,0.0,0.0,0.0,12.06,5.93
1990-11-17 01:00:00+00:00,0.0,0.0,0.0,12.08,5.79
1990-11-17 02:00:00+00:00,0.0,0.0,0.0,11.98,5.72
1990-11-17 03:00:00+00:00,0.0,0.0,0.0,11.88,5.72
1990-11-17 04:00:00+00:00,0.0,0.0,0.0,11.69,5.79
1990-11-17 05:00:00+00:00,0.0,0.0,0.0,11.48,5.59
1990-11-17 06:00:00+00:00,0.0,0.0,0.0,11.52,5.66
1990-11-17 07:00:00+00:00,0.0,0.0,0.0,11.74,5.59
1990-11-17 08:00:00+00:00,8.0,0.0,8.0,11.85,5.31
1990-11-17 09:00:00+00:00,18.0,0.0,18.0,12.08,5.66
1990-11-17 10:00:00+00:00,36.0,0.0,36.0,12.3,5.86
1990-11-17 11:00:00+00:00,34.0,0.0,34.0,12.37,5.86
1990-11-17 12:00:00+00:00,97.0,3.2,96.0,12.6,5.79
1990-11-17 13:00:00+00:00,57.0,0.0,57.0,12.77,4.48
1990-11-17 14:00:00+00:00,19.0,0.0,19.0,12.93,5.59
1990-11-17 15:00:00+00:00,7.0,0.0,7.0,12.95,5.38
1990-11-17 16:00:00+00:00,0.0,0.0,0.0,12.92,5.1
1990-11-17 17:00:00+00:00,0.0,0.0,0.0,12.84,5.03
1990-11-17 18:00:00+00:00,0.0,0.0,0.0,12.8,5.03
1990-11-17 19:00:00+00:00,0.0,0.0,0.0,12.39,5.24
1990-11-17 20:00:00+00:00,0.0,0.0,0.0,11.98,5.24
1990-11-17 21:00:00+00:00,0.0,0.0,0.0,11.44,5.31
1990-11-17 22:00:00+00:00,0.0,0.0,0.0,11.06,5.59
1990-11-17 23:00:00+00:00,0.0,0.0,0.0,10.83,5.59
1990-11-18 00:00:00+00:00,0.0,0.0,0.0,10.96,5.52
1990-11-18 01:00:00+00:00,0.0,0.0,0.0,11.15,5.45
1990-11-18 02:00:00+00:00,0.0,0.0,0.0,10.84,5.38
1990-11-18 03:00:00+00:00,0.0,0.0,0.0,10.7,5.45
1990-11-18 04:00:00+00:00,0.0,0.0,0.0,10.59,5.59
1990-11-18 05:00:00+00:00,0.0,0.0,0.0,10.47,5.66
1990-11-18 06:00:00+00:00,0.0,0.0,0.0,10.49,5.66
1990-11-18 07:00:00+00:00,0.0,0.0,0.0,10.88,6.0
1990-11-18 08:00:00+00:00,6.0,0.0,6.0,11.11,6.07
1990-11-18 09:00:00+00:00,27.0,0.0,27.0,11.72,6.21
1990-11-18 10:00:00+00:00,70.0,0.0,70.0,12.32,6.28
1990-11-18 11:00:00+00:00,93.0,3.32,92.0,12.77,6.9
1990-11-18 12:00:00+00:00,41.0,0.0,41.0,13.12,6.9
1990-11-18 13:00:00+00:00,44.0,0.0,44.0,13.5,6.97
1990-11-18 14:00:00+00:00,38.0,0.0,38.0,13.91,6.97
1990-11-18 15:00:00+00:00,39.0,27.34,36.0,13.5,6.83
1990-11-18 16:00:00+00:00,0.0,0.0,0.0,12.03,6.62
1990-11-18 17:00:00+00:00,0.0,0.0,0.0,10.54,6.48
1990-11-18 18:00:00+00:00,0.0,0.0,0.0,9.36,6.41
1990-11-18 19:00:00+00:00,0.0,0.0,0.0,8.49,6.14
1990-11-18 20:00:00+00:00,0.0,0.0,0.0,8.03,6.28
1990-11-18 21:00:00+00:00,0.0,0.0,0.0,7.83,6.41
1990-11-18 22:00:00+00:00,0.0,0.0,0.0,7.9,6.48
1990-11-18 23:00:00+00:00,0.0,0.0,0.0,7.88,6.97
1990-11-19 00:00:00+00:00,0.0,0.0,0.0,8.09,7.24
1990-11-19 01:00:00+00:00,0.0,0.0,0.0,7.94,6.9
1990-11-19 02:00:00+00:00,0.0,0.0,0.0,7.97,7.03
1990-11-19 03:00:00+00:00,0.0,0.0,0.0,8.14,7.24
1990-11-19 04:00:00+00:00,0.0,0.0,0.0,8.09,7.24
1990-11-19 05:00:00+00:00,0.0,0.0,0.0,7.99,6.62
1990-11-19 06:00:00+00:00,0.0,0.0,0.0,7.97,5.86
1990-11-19 07:00:00+00:00,0.0,0.0,0.0,8.1,5.66
1990-11-19 08:00:00+00:00,5.0,0.0,5.0,7.9,5.38
1990-11-19 09:00:00+00:00,23.0,0.0,23.0,7.72,5.38
1990-11-19 10:00:00+00:00,228.0,659.37,63.0,7.45,4.83
1990-11-19 11:00:00+00:00,174.0,121.28,138.0,7.53,3.79
1990-11-19 12:00:00+00:00,232.0,337.7,129.0,7.94,4.0
1990-11-19 13:00:00+00:00,183.0,215.16,124.0,7.9,4.28
1990-11-19 14:00:00+00:00,176.0,571.27,58.0,7.66,3.93
1990-11-19 15:00:00+00:00,47.0,65.64,40.0,7.2,3.45
1990-11-19 16:00:00+00:00,0.0,0.0,0.0,6.27,3.31
1990-11-19 17:00:00+00:00,0.0,0.0,0.0,5.47,2.97
1990-11-19 18:00:00+00:00,0.0,0.0,0.0,5.15,2.55
1990-11-19 19:00:00+00:00,0.0,0.0,0.0,4.13,2.14
1990-11-19 20:00:00+00:00,0.0,0.0,0.0,3.43,2.41
1990-11-19 21:00:00+00:00,0.0,0.0,0.0,3.08,2.34
1990-11-19 22:00:00+00:00,0.0,0.0,0.0,2.75,2.14
1990-11-19 23:00:00+00:00,0.0,0.0,0.0,2.49,2.14
1990-11-20 00:00:00+00:00,0.0,0.0,0.0,2.3,2.07
1990-11-20 01:00:00+00:00,0.0,0.0,0.0,2.2,2.14
1990-11-20 02:00:00+00:00,0.0,0.0,0.0,2.1,2.21
1990-11-20 03:00:00+00:00,0.0,0.0,0.0,2.31,2.48
1990-11-20 04:00:00+00:00,0.0,0.0,0.0,2.68,2.48
1990-11-20 05:00:00+00:00,0.0,0.0,0.0,2.86,2.41
1990-11-20 06:00:00+00:00,0.0,0.0,0.0,3.44,2.41
1990-11-20 07:00:00+00:00,0.0,0.0,0.0,4.17,3.03
1990-11-20 08:00:00+00:00,3.0,0.0,3.0,4.98,3.24
1990-11-20 09:00:00+00:00,21.0,0.0,21.0,5.73,3.45
1990-11-20 10:00:00+00:00,56.0,0.0,56.0,6.46,3.72
1990-11-20 11:00:00+00:00,75.0,0.0,75.0,7.15,3.86
1990-11-20 12:00:00+00:00,41.0,0.0,41.0,7.89,4.07
1990-11-20 13:00:00+00:00,65.0,0.0,65.0,8.41,4.28
1990-11-20 14:00:00+00:00,25.0,0.0,25.0,8.74,4.55
1990-11-20 15:00:00+00:00,25.0,0.0,25.0,8.84,4.69
1990-11-20 16:00:00+00:00,0.0,0.0,0.0,9.03,4.62
1990-11-20 17:00:00+00:00,0.0,0.0,0.0,9.32,4.34
1990-11-20 18:00:00+00:00,0.0,0.0,0.0,9.74,4.21
1990-11-20 19:00:00+00:00,0.0,0.0,0.0,10.1,4.69
1990-11-20 20:00:00+00:00,0.0,0.0,0.0,10.2,4.76
1990-11-20 21:00:00+00:00,0.0,0.0,0.0,10.13,4.9
1990-11-20 22:00:00+00:00,0.0,0.0,0.0,10.01,5.1
1990-11-20 23:00:00+00:00,0.0,0.0,0.0,9.95,5.17
1990-11-21 00:00:00+00:00,0.0,0.0,0.0,9.9,5.17
1990-11-21 01:00:00+00:00,0.0,0.0,0.0,9.91,5.17
1990-11-21 02:00:00+00:00,0.0,0.0,0.0,9.81,5.03
1990-11-21 03:00:00+00:00,0.0,0.0,0.0,9.69,4.9
1990-11-21 04:00:00+00:00,0.0,0.0,0.0,9.41,4.9
1990-11-21 05:00:00+00:00,0.0,0.0,0.0,9.15,4.97
1990-11-21 06:00:00+00:00,0.0,0.0,0.0,8.99,5.31
1990-11-21 07:00:00+00:00,0.0,0.0,0.0,9.17,5.52
1990-11-21 08:00:00+00:00,5.0,0.0,5.0,9.14,5.45
1990-11-21 09:00:00+00:00,24.0,0.0,24.0,9.62,5.52
1990-11-21 10:00:00+00:00,125.0,78.37,106.0,10.34,5.59
1990-11-21 11:00:00+00:00,132.0,38.03,121.0,11.01,4.9
1990-11-21 12:00:00+00:00,77.0,0.0,77.0,11.54,5.59
1990-11-21 13:00:00+00:00,61.0,0.0,61.0,11.76,5.45
1990-11-21 14:00:00+00:00,41.0,0.0,41.0,11.69,5.52
1990-11-21 15:00:00+00:00,35.0,19.83,33.0,11.47,5.45
1990-11-21 16:00:00+00:00,0.0,0.0,0.0,11.33,5.31
1990-11-21 17:00:00+00:00,0.0,0.0,0.0,11.27,5.17
1990-11-21 18:00:00+00:00,0.0,0.0,0.0,11.25,4.76
1990-11-21 19:00:00+00:00,0.0,0.0,0.0,11.05,4.9
1990-11-21 20:00:00+00:00,0.0,0.0,0.0,11.11,4.62
1990-11-21 21:00:00+00:00,0.0,0.0,0.0,10.91,4.34
1990-11-21 22:00:00+00:00,0.0,0.0,0.0,10.55,3.86
1990-11-21 23:00:00+00:00,0.0,0.0,0.0,10.16,3.66
1990-11-22 00:00:00+00:00,0.0,0.0,0.0,9.6,3.66
1990-11-22 01:00:00+00:00,0.0,0.0,0.0,8.56,3.45
1990-11-22 02:00:00+00:00,0.0,0.0,0.0,7.84,3.31
1990-11-22 03:00:00+00:00,0.0,0.0,0.0,7.36,3.24
1990-11-22 04:00:00+00:00,0.0,0.0,0.0,6.83,3.17
1990-11-22 05:00:00+00:00,0.0,0.0,0.0,6.22,2.97
1990-11-22 06:00:00+00:00,0.0,0.0,0.0,5.6,2.69
1990-11-22 07:00:00+00:00,0.0,0.0,0.0,5.83,2.28
1990-11-22 08:00:00+00:00,13.0,22.06,12.0,5.43,2.07
1990-11-22 09:00:00+00:00,81.0,102.1,65.0,5.62,1.93
1990-11-22 10:00:00+00:00,181.0,364.55,94.0,6.91,2.0
1990-11-22 11:00:00+00:00,257.0,626.85,78.0,7.76,2.55
1990-11-22 12:00:00+00:00,274.0,686.52,72.0,8.12,2.97
1990-11-22 13:00:00+00:00,228.0,556.61,81.0,8.25,2.97
1990-11-22 14:00:00+00:00,143.0,334.68,77.0,8.31,3.03
1990-11-22 15:00:00+00:00,61.0,275.22,34.0,8.0,2.34
1990-11-22 16:00:00+00:00,0.0,0.0,0.0,7.25,2.0
1990-11-22 17:00:00+00:00,0.0,0.0,0.0,6.42,2.14
1990-11-22 18:00:00+00:00,0.0,0.0,0.0,5.86,2.28
1990-11-22 19:00:00+00:00,0.0,0.0,0.0,5.31,2.48
1990-11-22 20:00:00+00:00,0.0,0.0,0.0,4.61,2.34
1990-11-22 21:00:00+00:00,0.0,0.0,0.0,3.98,2.28
1990-11-22 22:00:00+00:00,0.0,0.0,0.0,3.54,2.21
1990-11-22 23:00:00+00:00,0.0,0.0,0.0,3.24,2.21
1990-11-23 00:00:00+00:00,0.0,0.0,0.0,2.86,2.14
1990-11-23 01:00:00+00:00,0.0,0.0,0.0,2.57,2.07
1990-11-23 02:00:00+00:00,0.0,0.0,0.0,2.31,2.14
1990-11-23 03:00:00+00:00,0.0,0.0,0.0,2.1,2.21
1990-11-23 04:00:00+00:00,0.0,0.0,0.0,2.02,2.07
1990-11-23 05:00:00+00:00,0.0,0.0,0.0,1.79,2.0
1990-11-23 06:00:00+00:00,0.0,0.0,0.0,1.48,2.07
1990-11-23 07:00:00+00:00,0.0,0.0,0.0,1.09,2.14
1990-11-23 08:00:00+00:00,12.0,24.03,11.0,0.95,2.14
1990-11-23 09:00:00+00:00,91.0,176.5,64.0,2.07,2.07
1990-11-23 10:00:00+00:00,205.0,600.11,64.0,4.24,2.28
1990-11-23 11:00:00+00:00,98.0,7.09,96.0,6.2,2.9
1990-11-23 12:00:00+00:00,64.0,0.0,64.0,7.31,3.79
1990-11-23 13:00:00+00:00,207.0,421.55,97.0,8.07,4.97
1990-11-23 14:00:00+00:00,169.0,612.44,50.0,8.61,4.48
1990-11-23 15:00:00+00:00,56.0,219.94,35.0,8.59,4.48
1990-11-23 16:00:00+00:00,0.0,0.0,0.0,8.28,4.48
1990-11-23 17:00:00+00:00,0.0,0.0,0.0,7.99,4.41
1990-11-23 18:00:00+00:00,0.0,0.0,0.0,7.94,4.34
1990-11-23 19:00:00+00:00,0.0,0.0,0.0,8.03,4.62
1990-11-23 20:00:00+00:00,0.0,0.0,0.0,8.29,4.62
1990-11-23 21:00:00+00:00,0.0,0.0,0.0,8.53,4.83
1990-11-23 22:00:00+00:00,0.0,0.0,0.0,9.14,5.03
1990-11-23 23:00:00+00:00,0.0,0.0,0.0,9.5,5.1
1990-11-24 00:00:00+00:00,0.0,0.0,0.0,9.6,5.17
1990-11-24 01:00:00+00:00,0.0,0.0,0.0,9.72,5.17
1990-11-24 02:00:00+00:00,0.0,0.0,0.0,9.62,5.03
1990-11-24 03:00:00+00:00,0.0,0.0,0.0,9.54,4.97
1990-11-24 04:00:00+00:00,0.0,0.0,0.0,9.36,4.97
1990-11-24 05:00:00+00:00,0.0,0.0,0.0,9.21,4.97
1990-11-24 06:00:00+00:00,0.0,0.0,0.0,8.68,4.9
1990-11-24 07:00:00+00:00,0.0,0.0,0.0,9.23,4.83
1990-11-24 08:00:00+00:00,2.0,0.0,2.0,9.11,4.55
1990-11-24 09:00:00+00:00,32.0,0.0,32.0,9.4,4.83
1990-11-24 10:00:00+00:00,54.0,0.0,54.0,9.7,4.83
1990-11-24 11:00:00+00:00,121.0,28.72,113.0,10.36,5.45
1990-11-24 12:00:00+00:00,173.0,146.06,131.0,10.89,6.07
1990-11-24 13:00:00+00:00,161.0,178.37,115.0,11.13,4.97
1990-11-24 14:00:00+00:00,152.0,480.37,60.0,11.22,4.9
1990-11-24 15:00:00+00:00,18.0,0.0,18.0,10.96,4.97
1990-11-24 16:00:00+00:00,0.0,0.0,0.0,10.49,5.17
1990-11-24 17:00:00+00:00,0.0,0.0,0.0,9.76,5.31
1990-11-24 18:00:00+00:00,0.0,0.0,0.0,9.29,5.24
1990-11-24 19:00:00+00:00,0.0,0.0,0.0,9.63,5.17
1990-11-24 20:00:00+00:00,0.0,0.0,0.0,9.75,5.1
1990-11-24 21:00:00+00:00,0.0,0.0,0.0,9.99,4.97
1990-11-24 22:00:00+00:00,0.0,0.0,0.0,10.2,4.69
1990-11-24 23:00:00+00:00,0.0,0.0,0.0,10.4,4.62
1990-11-25 00:00:00+00:00,0.0,0.0,0.0,10.53,4.48
1990-11-25 01:00:00+00:00,0.0,0.0,0.0,10.5,4.41
1990-11-25 02:00:00+00:00,0.0,0.0,0.0,10.51,4.41
1990-11-25 03:00:00+00:00,0.0,0.0,0.0,10.56,4.34
1990-11-25 04:00:00+00:00,0.0,0.0,0.0,10.6,4.21
1990-11-25 05:00:00+00:00,0.0,0.0,0.0,10.63,4.21
1990-11-25 06:00:00+00:00,0.0,0.0,0.0,10.72,4.07
1990-11-25 07:00:00+00:00,0.0,0.0,0.0,10.13,2.62
1990-11-25 08:00:00+00:00,1.0,0.0,1.0,9.38,1.79
1990-11-25 09:00:00+00:00,33.0,0.0,33.0,8.17,2.97
1990-11-25 10:00:00+00:00,85.0,13.17,82.0,7.08,3.45
1990-11-25 11:00:00+00:00,133.0,54.52,118.0,6.63,3.24
1990-11-25 12:00:00+00:00,128.0,35.16,118.0,6.8,2.62
1990-11-25 13:00:00+00:00,125.0,58.84,110.0,7.45,2.55
1990-11-25 14:00:00+00:00,48.0,0.0,48.0,7.97,2.83
1990-11-25 15:00:00+00:00,46.0,132.47,34.0,7.81,2.21
1990-11-25 16:00:00+00:00,0.0,0.0,0.0,6.97,2.0
1990-11-25 17:00:00+00:00,0.0,0.0,0.0,5.9,2.21
1990-11-25 18:00:00+00:00,0.0,0.0,0.0,4.97,2.21
1990-11-25 19:00:00+00:00,0.0,0.0,0.0,4.48,2.0
1990-11-25 20:00:00+00:00,0.0,0.0,0.0,3.81,2.07
1990-11-25 21:00:00+00:00,0.0,0.0,0.0,3.22,2.07
1990-11-25 22:00:00+00:00,0.0,0.0,0.0,2.75,1.86
1990-11-25 23:00:00+00:00,0.0,0.0,0.0,2.35,2.0
1990-11-26 00:00:00+00:00,0.0,0.0,0.0,2.08,1.86
1990-11-26 01:00:00+00:00,0.0,0.0,0.0,1.73,1.86
1990-11-26 02:00:00+00:00,0.0,0.0,0.0,1.65,1.86
1990-11-26 03:00:00+00:00,0.0,0.0,0.0,1.56,1.72
1990-11-26 04:00:00+00:00,0.0,0.0,0.0,1.15,1.38
1990-11-26 05:00:00+00:00,0.0,0.0,0.0,0.97,1.1
1990-11-26 06:00:00+00:00,0.0,0.0,0.0,0.66,1.1
1990-11-26 07:00:00+00:00,0.0,0.0,0.0,-0.32,1.45
1990-11-26 08:00:00+00:00,6.0,0.0,6.0,-0.22,1.17
1990-11-26 09:00:00+00:00,105.0,386.69,50.0,0.62,0.55
1990-11-26 10:00:00+00:00,196.0,588.18,64.0,2.26,0.62
1990-11-26 11:00:00+00:00,254.0,687.87,67.0,3.32,0.76
1990-11-26 12:00:00+00:00,258.0,647.0,76.0,4.13,0.97
1990-11-26 13:00:00+00:00,223.0,594.96,73.0,4.84,1.03
1990-11-26 14:00:00+00:00,131.0,300.6,75.0,4.81,1.31
1990-11-26 15:00:00+00:00,36.0,56.62,31.0,4.57,1.45
1990-11-26 16:00:00+00:00,0.0,0.0,0.0,4.09,1.45
1990-11-26 17:00:00+00:00,0.0,0.0,0.0,3.88,1.38
1990-11-26 18:00:00+00:00,0.0,0.0,0.0,3.7,1.31
1990-11-26 19:00:00+00:00,0.0,0.0,0.0,3.59,1.17
1990-11-26 20:00:00+00:00,0.0,0.0,0.0,3.36,1.1
1990-11-26 21:00:00+00:00,0.0,0.0,0.0,3.06,1.1
1990-11-26 22:00:00+00:00,0.0,0.0,0.0,2.81,0.97
1990-11-26 23:00:00+00:00,0.0,0.0,0.0,2.7,0.83
1990-11-27 00:00:00+00:00,0.0,0.0,0.0,2.6,0.9
1990-11-27 01:00:00+00:00,0.0,0.0,0.0,2.56,1.17
1990-11-27 02:00:00+00:00,0.0,0.0,0.0,2.51,1.38
1990-11-27 03:00:00+00:00,0.0,0.0,0.0,2.52,1.38
1990-11-27 04:00:00+00:00,0.0,0.0,0.0,2.46,1.31
1990-11-27 05:00:00+00:00,0.0,0.0,0.0,2.47,1.31
1990-11-27 06:00:00+00:00,0.0,0.0,0.0,2.39,1.45
1990-11-27 07:00:00+00:00,0.0,0.0,0.0,2.84,1.45
1990-11-27 08:00:00+00:00,1.0,0.0,1.0,2.18,1.52
1990-11-27 09:00:00+00:00,90.0,252.11,55.0,2.14,1.17
1990-11-27 10:00:00+00:00,108.0,58.8,95.0,3.36,1.03
1990-11-27 11:00:00+00:00,94.0,7.44,92.0,4.34,1.1
1990-11-27 12:00:00+00:00,231.0,459.88,103.0,5.13,0.9
1990-11-27 13:00:00+00:00,237.0,725.74,56.0,5.65,1.1
1990-11-27 14:00:00+00:00,141.0,402.49,67.0,5.78,1.59
1990-11-27 15:00:00+00:00,42.0,116.06,32.0,5.32,1.66
1990-11-27 16:00:00+00:00,0.0,0.0,0.0,4.24,2.0
1990-11-27 17:00:00+00:00,0.0,0.0,0.0,3.46,2.14
1990-11-27 18:00:00+00:00,0.0,0.0,0.0,2.82,2.34
1990-11-27 19:00:00+00:00,0.0,0.0,0.0,2.8,2.28
1990-11-27 20:00:00+00:00,0.0,0.0,0.0,2.98,2.28
1990-11-27 21:00:00+00:00,0.0,0.0,0.0,3.44,2.21
1990-11-27 22:00:00+00:00,0.0,0.0,0.0,3.77,2.0
1990-11-27 23:00:00+00:00,0.0,0.0,0.0,3.98,2.14
1990-11-28 00:00:00+00:00,0.0,0.0,0.0,4.21,2.34
1990-11-28 01:00:00+00:00,0.0,0.0,0.0,4.33,2.55
1990-11-28 02:00:00+00:00,0.0,0.0,0.0,4.22,2.76
1990-11-28 03:00:00+00:00,0.0,0.0,0.0,4.26,2.83
1990-11-28 04:00:00+00:00,0.0,0.0,0.0,4.68,2.62
1990-11-28 05:00:00+00:00,0.0,0.0,0.0,4.86,2.62
1990-11-28 06:00:00+00:00,0.0,0.0,0.0,5.23,2.69
1990-11-28 07:00:00+00:00,0.0,0.0,0.0,6.16,2.83
1990-11-28 08:00:00+00:00,1.0,0.0,1.0,6.33,2.83
1990-11-28 09:00:00+00:00,9.0,0.0,9.0,6.61,2.62
1990-11-28 10:00:00+00:00,16.0,0.0,16.0,6.94,2.83
1990-11-28 11:00:00+00:00,38.0,0.0,38.0,7.35,2.34
1990-11-28 12:00:00+00:00,22.0,0.0,22.0,7.56,2.0
1990-11-28 13:00:00+00:00,43.0,0.0,43.0,7.76,2.48
1990-11-28 14:00:00+00:00,42.0,0.0,42.0,8.17,4.0
1990-11-28 15:00:00+00:00,38.0,95.1,30.0,8.17,2.48
1990-11-28 16:00:00+00:00,0.0,0.0,0.0,8.09,2.14
1990-11-28 17:00:00+00:00,0.0,0.0,0.0,8.0,2.0
1990-11-28 18:00:00+00:00,0.0,0.0,0.0,7.99,1.86
1990-11-28 19:00:00+00:00,0.0,0.0,0.0,8.08,2.0
1990-11-28 20:00:00+00:00,0.0,0.0,0.0,8.12,2.0
1990-11-28 21:00:00+00:00,0.0,0.0,0.0,7.96,1.93
1990-11-28 22:00:00+00:00,0.0,0.0,0.0,7.74,1.86
1990-11-28 23:00:00+00:00,0.0,0.0,0.0,7.63,1.72
1990-11-29 00:00:00+00:00,0.0,0.0,0.0,7.31,1.52
1990-11-29 01:00:00+00:00,0.0,0.0,0.0,6.79,1.59
1990-11-29 02:00:00+00:00,0.0,0.0,0.0,6.52,1.59
1990-11-29 03:00:00+00:00,0.0,0.0,0.0,6.24,1.59
1990-11-29 04:00:00+00:00,0.0,0.0,0.0,6.05,1.38
1990-11-29 05:00:00+00:00,0.0,0.0,0.0,5.94,1.24
1990-11-29 06:00:00+00:00,0.0,0.0,0.0,5.8,1.45
1990-11-29 07:00:00+00:00,0.0,0.0,0.0,6.39,1.24
1990-11-29 08:00:00+00:00,0.0,0.0,0.0,6.06,1.45
1990-11-29 09:00:00+00:00,9.0,0.0,9.0,5.92,1.03
1990-11-29 10:00:00+00:00,28.0,0.0,28.0,5.96,0.55
1990-11-29 11:00:00+00:00,79.0,3.81,78.0,6.1,0.41
1990-11-29 12:00:00+00:00,44.0,0.0,44.0,6.29,0.21
1990-11-29 13:00:00+00:00,62.0,0.0,62.0,6.34,0.28
1990-11-29 14:00:00+00:00,28.0,0.0,28.0,6.36,0.62
1990-11-29 15:00:00+00:00,17.0,0.0,17.0,6.41,1.03
1990-11-29 16:00:00+00:00,0.0,0.0,0.0,6.35,0.97
1990-11-29 17:00:00+00:00,0.0,0.0,0.0,6.25,1.17
1990-11-29 18:00:00+00:00,0.0,0.0,0.0,6.29,1.1
1990-11-29 19:00:00+00:00,0.0,0.0,0.0,6.54,0.97
1990-11-29 20:00:00+00:00,0.0,0.0,0.0,6.61,1.66
1990-11-29 21:00:00+00:00,0.0,0.0,0.0,6.79,1.66
1990-11-29 22:00:00+00:00,0.0,0.0,0.0,6.81,1.17
1990-11-29 23:00:00+00:00,0.0,0.0,0.0,6.74,1.17
1990-11-30 00:00:00+00:00,0.0,0.0,0.0,6.76,1.17
1990-11-30 01:00:00+00:00,0.0,0.0,0.0,6.65,1.31
1990-11-30 02:00:00+00:00,0.0,0.0,0.0,6.52,1.66
1990-11-30 03:00:00+00:00,0.0,0.0,0.0,6.51,2.0
1990-11-30 04:00:00+00:00,0.0,0.0,0.0,6.4,2.41
1990-11-30 05:00:00+00:00,0.0,0.0,0.0,6.33,2.48
1990-11-30 06:00:00+00:00,0.0,0.0,0.0,6.21,2.62
1990-11-30 07:00:00+00:00,0.0,0.0,0.0,5.7,2.69
1990-11-30 08:00:00+00:00,0.0,0.0,0.0,5.97,2.62
1990-11-30 09:00:00+00:00,20.0,0.0,20.0,6.51,2.97
1990-11-30 10:00:00+00:00,26.0,0.0,26.0,7.3,3.66
1990-11-30 11:00:00+00:00,73.0,0.0,73.0,8.05,4.0
1990-11-30 12:00:00+00:00,60.0,0.0,60.0,8.31,4.55
1990-11-30 13:00:00+00:00,93.0,16.53,89.0,8.17,4.62
1990-11-30 14:00:00+00:00,124.0,315.94,68.0,8.31,4.76
1990-11-30 15:00:00+00:00,31.0,49.74,27.0,8.49,5.03
1990-11-30 16:00:00+00:00,0.0,0.0,0.0,10.01,6.49
1990-11-30 17:00:00+00:00,0.0,0.0,0.0,9.08,6.08
1990-11-30 18:00:00+00:00,0.0,0.0,0.0,8.16,5.67
1990-11-30 19:00:00+00:00,0.0,0.0,0.0,7.24,5.26
1990-11-30 20:00:00+00:00,0.0,0.0,0.0,6.32,4.84
1990-11-30 21:00:00+00:00,0.0,0.0,0.0,5.4,4.43
1990-11-30 22:00:00+00:00,0.0,0.0,0.0,4.48,4.02
1990-11-30 23:00:00+00:00,0.0,0.0,0.0,3.55,3.61
1990-12-01 00:00:00+00:00,0.0,0.0,0.0,2.63,3.19
1990-12-01 01:00:00+00:00,0.0,0.0,0.0,1.71,2.78
1990-12-01 02:00:00+00:00,0.0,0.0,0.0,0.79,2.37
1990-12-01 03:00:00+00:00,0.0,0.0,0.0,-0.13,1.96
1990-12-01 04:00:00+00:00,0.0,0.0,0.0,-1.05,1.55
1990-12-01 05:00:00+00:00,0.0,0.0,0.0,-1.98,1.13
1990-12-01 06:00:00+00:00,0.0,0.0,0.0,-2.9,0.72
1990-12-01 07:00:00+00:00,0.0,0.0,0.0,-3.82,0.31
1990-12-01 08:00:00+00:00,0.0,0.0,0.0,-1.76,0.69
1990-12-01 09:00:00+00:00,57.0,54.2,50.0,-2.3,1.03
1990-12-01 10:00:00+00:00,133.0,179.49,95.0,-0.1,1.24
1990-12-01 11:00:00+00:00,173.0,207.87,119.0,1.31,2.0
1990-12-01 12:00:00+00:00,207.0,355.43,111.0,2.32,2.48
1990-12-01 13:00:00+00:00,165.0,239.72,107.0,3.26,2.97
1990-12-01 14:00:00+00:00,84.0,62.06,73.0,3.65,3.1
1990-12-01 15:00:00+00:00,20.0,0.0,20.0,3.69,4.0
1990-12-01 16:00:00+00:00,0.0,0.0,0.0,3.54,4.34
1990-12-01 17:00:00+00:00,0.0,0.0,0.0,3.47,4.76
1990-12-01 18:00:00+00:00,0.0,0.0,0.0,3.6,5.1
1990-12-01 19:00:00+00:00,0.0,0.0,0.0,3.76,5.24
1990-12-01 20:00:00+00:00,0.0,0.0,0.0,4.12,5.52
1990-12-01 21:00:00+00:00,0.0,0.0,0.0,4.27,5.66
1990-12-01 22:00:00+00:00,0.0,0.0,0.0,4.07,5.86
1990-12-01 23:00:00+00:00,0.0,0.0,0.0,4.17,5.72
1990-12-02 00:00:00+00:00,0.0,0.0,0.0,4.47,5.66
1990-12-02 01:00:00+00:00,0.0,0.0,0.0,5.02,5.59
1990-12-02 02:00:00+00:00,0.0,0.0,0.0,5.28,5.03
1990-12-02 03:00:00+00:00,0.0,0.0,0.0,5.32,4.48
1990-12-02 04:00:00+00:00,0.0,0.0,0.0,5.47,3.45
1990-12-02 05:00:00+00:00,0.0,0.0,0.0,5.33,2.9
1990-12-02 06:00:00+00:00,0.0,0.0,0.0,5.32,2.69
1990-12-02 07:00:00+00:00,0.0,0.0,0.0,4.83,2.55
1990-12-02 08:00:00+00:00,0.0,0.0,0.0,4.56,2.55
1990-12-02 09:00:00+00:00,60.0,87.23,49.0,4.48,2.41
1990-12-02 10:00:00+00:00,122.0,143.69,92.0,5.36,2.41
1990-12-02 11:00:00+00:00,196.0,365.71,102.0,6.5,3.59
1990-12-02 12:00:00+00:00,147.0,97.17,121.0,7.53,4.0
1990-12-02 13:00:00+00:00,115.0,54.24,102.0,8.12,3.45
1990-12-02 14:00:00+00:00,86.0,74.17,73.0,7.88,2.9
1990-12-02 15:00:00+00:00,46.0,254.01,26.0,7.72,3.31
1990-12-02 16:00:00+00:00,0.0,0.0,0.0,7.41,3.52
1990-12-02 17:00:00+00:00,0.0,0.0,0.0,7.11,3.24
1990-12-02 18:00:00+00:00,0.0,0.0,0.0,6.93,2.97
1990-12-02 19:00:00+00:00,0.0,0.0,0.0,6.33,2.41
1990-12-02 20:00:00+00:00,0.0,0.0,0.0,5.91,2.34
1990-12-02 21:00:00+00:00,0.0,0.0,0.0,5.58,2.21
1990-12-02 22:00:00+00:00,0.0,0.0,0.0,5.21,2.0
1990-12-02 23:00:00+00:00,0.0,0.0,0.0,5.24,1.59
1990-12-03 00:00:00+00:00,0.0,0.0,0.0,5.07,1.24
1990-12-03 01:00:00+00:00,0.0,0.0,0.0,4.78,0.69
1990-12-03 02:00:00+00:00,0.0,0.0,0.0,4.81,1.03
1990-12-03 03:00:00+00:00,0.0,0.0,0.0,5.12,1.52
1990-12-03 04:00:00+00:00,0.0,0.0,0.0,5.49,1.86
1990-12-03 05:00:00+00:00,0.0,0.0,0.0,5.64,2.0
1990-12-03 06:00:00+00:00,0.0,0.0,0.0,5.66,2.34
1990-12-03 07:00:00+00:00,0.0,0.0,0.0,5.47,3.24
1990-12-03 08:00:00+00:00,0.0,0.0,0.0,5.53,4.21
1990-12-03 09:00:00+00:00,56.0,64.95,48.0,5.27,5.38
1990-12-03 10:00:00+00:00,106.0,82.54,89.0,4.61,5.52
1990-12-03 11:00:00+00:00,152.0,141.51,116.0,4.44,5.59
1990-12-03 12:00:00+00:00,158.0,139.53,121.0,4.44,5.38
1990-12-03 13:00:00+00:00,189.0,433.57,86.0,4.38,5.52
1990-12-03 14:00:00+00:00,86.0,80.72,72.0,4.11,5.45
1990-12-03 15:00:00+00:00,39.0,142.52,28.0,3.64,5.17
1990-12-03 16:00:00+00:00,0.0,0.0,0.0,2.96,4.55
1990-12-03 17:00:00+00:00,0.0,0.0,0.0,2.55,4.28
1990-12-03 18:00:00+00:00,0.0,0.0,0.0,2.17,4.21
1990-12-03 19:00:00+00:00,0.0,0.0,0.0,2.48,4.21
1990-12-03 20:00:00+00:00,0.0,0.0,0.0,2.24,4.07
1990-12-03 21:00:00+00:00,0.0,0.0,0.0,2.12,4.07
1990-12-03 22:00:00+00:00,0.0,0.0,0.0,2.17,4.14
1990-12-03 23:00:00+00:00,0.0,0.0,0.0,2.19,4.28
1990-12-04 00:00:00+00:00,0.0,0.0,0.0,2.35,4.34
1990-12-04 01:00:00+00:00,0.0,0.0,0.0,2.35,4.28
1990-12-04 02:00:00+00:00,0.0,0.0,0.0,2.18,4.21
1990-12-04 03:00:00+00:00,0.0,0.0,0.0,2.03,4.07
1990-12-04 04:00:00+00:00,0.0,0.0,0.0,1.84,3.66
1990-12-04 05:00:00+00:00,0.0,0.0,0.0,1.5,3.45
1990-12-04 06:00:00+00:00,0.0,0.0,0.0,1.25,3.31
1990-12-04 07:00:00+00:00,0.0,0.0,0.0,1.32,3.03
1990-12-04 08:00:00+00:00,0.0,0.0,0.0,1.11,2.97
1990-12-04 09:00:00+00:00,90.0,457.11,35.0,1.48,2.83
1990-12-04 10:00:00+00:00,176.0,595.35,55.0,2.7,2.41
1990-12-04 11:00:00+00:00,220.0,583.64,73.0,4.24,2.21
1990-12-04 12:00:00+00:00,248.0,718.93,59.0,5.3,2.21
1990-12-04 13:00:00+00:00,144.0,161.32,106.0,5.78,2.07
1990-12-04 14:00:00+00:00,53.0,5.82,52.0,5.8,1.86
1990-12-04 15:00:00+00:00,16.0,0.0,16.0,5.36,2.0
1990-12-04 16:00:00+00:00,0.0,0.0,0.0,4.75,2.28
1990-12-04 17:00:00+00:00,0.0,0.0,0.0,4.47,2.55
1990-12-04 18:00:00+00:00,0.0,0.0,0.0,4.39,2.48
1990-12-04 19:00:00+00:00,0.0,0.0,0.0,4.79,3.31
1990-12-04 20:00:00+00:00,0.0,0.0,0.0,4.88,3.79
1990-12-04 21:00:00+00:00,0.0,0.0,0.0,5.21,3.93
1990-12-04 22:00:00+00:00,0.0,0.0,0.0,5.67,4.07
1990-12-04 23:00:00+00:00,0.0,0.0,0.0,6.25,4.0
1990-12-05 00:00:00+00:00,0.0,0.0,0.0,6.79,3.93
1990-12-05 01:00:00+00:00,0.0,0.0,0.0,7.41,4.21
1990-12-05 02:00:00+00:00,0.0,0.0,0.0,7.83,4.76
1990-12-05 03:00:00+00:00,0.0,0.0,0.0,8.21,4.48
1990-12-05 04:00:00+00:00,0.0,0.0,0.0,8.55,4.83
1990-12-05 05:00:00+00:00,0.0,0.0,0.0,7.78,4.41
1990-12-05 06:00:00+00:00,0.0,0.0,0.0,6.87,4.41
1990-12-05 07:00:00+00:00,0.0,0.0,0.0,6.12,4.83
1990-12-05 08:00:00+00:00,0.0,0.0,0.0,6.0,4.62
1990-12-05 09:00:00+00:00,88.0,450.76,35.0,6.07,4.55
1990-12-05 10:00:00+00:00,174.0,608.08,52.0,6.71,4.62
1990-12-05 11:00:00+00:00,194.0,404.88,93.0,7.5,4.69
1990-12-05 12:00:00+00:00,225.0,575.32,75.0,8.39,5.72
1990-12-05 13:00:00+00:00,97.0,25.68,91.0,8.66,4.34
1990-12-05 14:00:00+00:00,61.0,17.63,58.0,8.61,4.76
1990-12-05 15:00:00+00:00,16.0,0.0,16.0,8.25,4.41
1990-12-05 16:00:00+00:00,0.0,0.0,0.0,8.13,4.21
1990-12-05 17:00:00+00:00,0.0,0.0,0.0,8.2,4.14
1990-12-05 18:00:00+00:00,0.0,0.0,0.0,8.46,4.83
1990-12-05 19:00:00+00:00,0.0,0.0,0.0,9.14,5.38
1990-12-05 20:00:00+00:00,0.0,0.0,0.0,9.63,5.72
1990-12-05 21:00:00+00:00,0.0,0.0,0.0,9.93,5.79
1990-12-05 22:00:00+00:00,0.0,0.0,0.0,9.95,6.21
1990-12-05 23:00:00+00:00,0.0,0.0,0.0,10.17,6.55
1990-12-06 00:00:00+00:00,0.0,0.0,0.0,10.3,6.9
1990-12-06 01:00:00+00:00,0.0,0.0,0.0,10.37,6.9
1990-12-06 02:00:00+00:00,0.0,0.0,0.0,10.51,6.76
1990-12-06 03:00:00+00:00,0.0,0.0,0.0,10.7,6.97
1990-12-06 04:00:00+00:00,0.0,0.0,0.0,10.83,7.03
1990-12-06 05:00:00+00:00,0.0,0.0,0.0,10.68,6.48
1990-12-06 06:00:00+00:00,0.0,0.0,0.0,10.49,5.59
1990-12-06 07:00:00+00:00,0.0,0.0,0.0,10.15,6.14
1990-12-06 08:00:00+00:00,0.0,0.0,0.0,8.77,5.03
1990-12-06 09:00:00+00:00,43.0,26.1,40.0,7.65,4.62
1990-12-06 10:00:00+00:00,161.0,509.76,60.0,7.64,5.86
1990-12-06 11:00:00+00:00,142.0,125.42,111.0,7.92,6.9
1990-12-06 12:00:00+00:00,228.0,614.66,69.0,8.3,6.28
1990-12-06 13:00:00+00:00,197.0,573.52,64.0,8.71,6.28
1990-12-06 14:00:00+00:00,131.0,474.33,51.0,8.67,6.48
1990-12-06 15:00:00+00:00,40.0,204.77,25.0,8.19,6.34
1990-12-06 16:00:00+00:00,0.0,0.0,0.0,7.52,5.79
1990-12-06 17:00:00+00:00,0.0,0.0,0.0,6.96,5.66
1990-12-06 18:00:00+00:00,0.0,0.0,0.0,6.66,5.52
1990-12-06 19:00:00+00:00,0.0,0.0,0.0,6.17,5.45
1990-12-06 20:00:00+00:00,0.0,0.0,0.0,5.92,5.31
1990-12-06 21:00:00+00:00,0.0,0.0,0.0,5.88,5.31
1990-12-06 22:00:00+00:00,0.0,0.0,0.0,5.98,5.17
1990-12-06 23:00:00+00:00,0.0,0.0,0.0,5.91,5.1
1990-12-07 00:00:00+00:00,0.0,0.0,0.0,5.96,5.31
1990-12-07 01:00:00+00:00,0.0,0.0,0.0,6.06,5.1
1990-12-07 02:00:00+00:00,0.0,0.0,0.0,5.79,5.1
1990-12-07 03:00:00+00:00,0.0,0.0,0.0,5.81,5.17
1990-12-07 04:00:00+00:00,0.0,0.0,0.0,5.91,5.24
1990-12-07 05:00:00+00:00,0.0,0.0,0.0,6.22,5.31
1990-12-07 06:00:00+00:00,0.0,0.0,0.0,6.51,5.59
1990-12-07 07:00:00+00:00,0.0,0.0,0.0,7.28,6.0
1990-12-07 08:00:00+00:00,0.0,0.0,0.0,7.65,6.28
1990-12-07 09:00:00+00:00,38.0,17.79,36.0,7.84,6.62
1990-12-07 10:00:00+00:00,83.0,35.76,76.0,8.34,6.97
1990-12-07 11:00:00+00:00,118.0,57.15,104.0,8.49,7.24
1990-12-07 12:00:00+00:00,31.0,0.0,31.0,8.51,6.83
1990-12-07 13:00:00+00:00,38.0,0.0,38.0,8.55,6.28
1990-12-07 14:00:00+00:00,52.0,5.98,51.0,8.46,6.55
1990-12-07 15:00:00+00:00,25.0,27.7,23.0,8.04,6.34
1990-12-07 16:00:00+00:00,0.0,0.0,0.0,6.55,4.76
1990-12-07 17:00:00+00:00,0.0,0.0,0.0,5.65,3.03
1990-12-07 18:00:00+00:00,0.0,0.0,0.0,5.11,2.9
1990-12-07 19:00:00+00:00,0.0,0.0,0.0,4.87,3.52
1990-12-07 20:00:00+00:00,0.0,0.0,0.0,4.03,3.38
1990-12-07 21:00:00+00:00,0.0,0.0,0.0,3.56,3.38
1990-12-07 22:00:00+00:00,0.0,0.0,0.0,3.26,3.59
1990-12-07 23:00:00+00:00,0.0,0.0,0.0,3.43,3.79
1990-12-08 00:00:00+00:00,0.0,0.0,0.0,3.68,3.72
1990-12-08 01:00:00+00:00,0.0,0.0,0.0,3.82,3.45
1990-12-08 02:00:00+00:00,0.0,0.0,0.0,4.19,3.38
1990-12-08 03:00:00+00:00,0.0,0.0,0.0,4.11,3.31
1990-12-08 04:00:00+00:00,0.0,0.0,0.0,3.94,3.24
1990-12-08 05:00:00+00:00,0.0,0.0,0.0,4.12,3.03
1990-12-08 06:00:00+00:00,0.0,0.0,0.0,3.96,2.76
1990-12-08 07:00:00+00:00,0.0,0.0,0.0,6.13,3.52
1990-12-08 08:00:00+00:00,0.0,0.0,0.0,6.06,3.03
1990-12-08 09:00:00+00:00,71.0,290.99,39.0,5.14,2.69
1990-12-08 10:00:00+00:00,97.0,77.53,82.0,5.62,2.55
1990-12-08 11:00:00+00:00,210.0,580.44,69.0,6.59,2.62
1990-12-08 12:00:00+00:00,110.0,31.38,102.0,7.38,3.03
1990-12-08 13:00:00+00:00,59.0,0.0,59.0,7.85,3.17
1990-12-08 14:00:00+00:00,42.0,0.0,42.0,7.84,3.86
1990-12-08 15:00:00+00:00,8.0,0.0,8.0,7.71,3.93
1990-12-08 16:00:00+00:00,0.0,0.0,0.0,7.71,4.34
1990-12-08 17:00:00+00:00,0.0,0.0,0.0,7.87,4.9
1990-12-08 18:00:00+00:00,0.0,0.0,0.0,8.11,5.17
1990-12-08 19:00:00+00:00,0.0,0.0,0.0,8.63,5.38
1990-12-08 20:00:00+00:00,0.0,0.0,0.0,9.03,5.17
1990-12-08 21:00:00+00:00,0.0,0.0,0.0,9.56,4.76
1990-12-08 22:00:00+00:00,0.0,0.0,0.0,10.07,4.34
1990-12-08 23:00:00+00:00,0.0,0.0,0.0,10.23,3.86
1990-12-09 00:00:00+00:00,0.0,0.0,0.0,10.12,3.66
1990-12-09 01:00:00+00:00,0.0,0.0,0.0,9.85,3.59
1990-12-09 02:00:00+00:00,0.0,0.0,0.0,9.64,3.52
1990-12-09 03:00:00+00:00,0.0,0.0,0.0,9.27,3.45
1990-12-09 04:00:00+00:00,0.0,0.0,0.0,9.1,3.38
1990-12-09 05:00:00+00:00,0.0,0.0,0.0,8.73,3.17
1990-12-09 06:00:00+00:00,0.0,0.0,0.0,8.67,3.24
1990-12-09 07:00:00+00:00,0.0,0.0,0.0,8.22,3.03
1990-12-09 08:00:00+00:00,0.0,0.0,0.0,7.82,2.97
1990-12-09 09:00:00+00:00,75.0,371.59,35.0,7.73,3.17
1990-12-09 10:00:00+00:00,164.0,590.68,51.0,8.38,3.38
1990-12-09 11:00:00+00:00,155.0,199.19,107.0,9.09,3.45
1990-12-09 12:00:00+00:00,193.0,371.14,99.0,9.95,4.41
1990-12-09 13:00:00+00:00,111.0,61.58,97.0,10.17,3.72
1990-12-09 14:00:00+00:00,84.0,96.97,68.0,10.14,2.97
1990-12-09 15:00:00+00:00,29.0,70.99,24.0,9.76,2.62
1990-12-09 16:00:00+00:00,0.0,0.0,0.0,8.81,2.55
1990-12-09 17:00:00+00:00,0.0,0.0,0.0,8.01,2.69
1990-12-09 18:00:00+00:00,0.0,0.0,0.0,7.62,2.9
1990-12-09 19:00:00+00:00,0.0,0.0,0.0,8.12,3.1
1990-12-09 20:00:00+00:00,0.0,0.0,0.0,8.07,3.31
1990-12-09 21:00:00+00:00,0.0,0.0,0.0,8.0,3.79
1990-12-09 22:00:00+00:00,0.0,0.0,0.0,7.93,3.93
1990-12-09 23:00:00+00:00,0.0,0.0,0.0,7.84,4.0
1990-12-10 00:00:00+00:00,0.0,0.0,0.0,7.82,4.07
1990-12-10 01:00:00+00:00,0.0,0.0,0.0,7.54,4.21
1990-12-10 02:00:00+00:00,0.0,0.0,0.0,6.93,4.34
1990-12-10 03:00:00+00:00,0.0,0.0,0.0,6.7,4.14
1990-12-10 04:00:00+00:00,0.0,0.0,0.0,6.58,4.07
1990-12-10 05:00:00+00:00,0.0,0.0,0.0,6.43,4.0
1990-12-10 06:00:00+00:00,0.0,0.0,0.0,6.26,3.72
1990-12-10 07:00:00+00:00,0.0,0.0,0.0,6.56,3.38
1990-12-10 08:00:00+00:00,0.0,0.0,0.0,6.26,3.1
1990-12-10 09:00:00+00:00,75.0,388.89,34.0,6.21,2.97
1990-12-10 10:00:00+00:00,156.0,528.38,56.0,6.63,2.83
1990-12-10 11:00:00+00:00,210.0,597.94,67.0,7.14,3.72
1990-12-10 12:00:00+00:00,217.0,552.2,78.0,7.58,3.72
1990-12-10 13:00:00+00:00,193.0,557.29,67.0,7.91,3.38
1990-12-10 14:00:00+00:00,94.0,152.42,69.0,8.03,2.69
1990-12-10 15:00:00+00:00,29.0,86.03,23.0,7.54,2.0
1990-12-10 16:00:00+00:00,0.0,0.0,0.0,6.57,1.93
1990-12-10 17:00:00+00:00,0.0,0.0,0.0,5.92,1.86
1990-12-10 18:00:00+00:00,0.0,0.0,0.0,5.31,1.86
1990-12-10 19:00:00+00:00,0.0,0.0,0.0,4.1,1.93
1990-12-10 20:00:00+00:00,0.0,0.0,0.0,3.45,1.93
1990-12-10 21:00:00+00:00,0.0,0.0,0.0,2.72,2.0
1990-12-10 22:00:00+00:00,0.0,0.0,0.0,2.05,2.0
1990-12-10 23:00:00+00:00,0.0,0.0,0.0,1.56,1.93
1990-12-11 00:00:00+00:00,0.0,0.0,0.0,1.2,1.66
1990-12-11 01:00:00+00:00,0.0,0.0,0.0,0.95,1.52
1990-12-11 02:00:00+00:00,0.0,0.0,0.0,0.77,1.52
1990-12-11 03:00:00+00:00,0.0,0.0,0.0,0.75,1.45
1990-12-11 04:00:00+00:00,0.0,0.0,0.0,0.65,1.24
1990-12-11 05:00:00+00:00,0.0,0.0,0.0,0.39,1.1
1990-12-11 06:00:00+00:00,0.0,0.0,0.0,0.39,0.97
1990-12-11 07:00:00+00:00,0.0,0.0,0.0,0.48,1.03
1990-12-11 08:00:00+00:00,0.0,0.0,0.0,0.49,1.1
1990-12-11 09:00:00+00:00,36.0,19.36,34.0,0.69,1.31
1990-12-11 10:00:00+00:00,70.0,16.01,67.0,1.26,1.52
1990-12-11 11:00:00+00:00,79.0,4.21,78.0,1.8,1.72
1990-12-11 12:00:00+00:00,75.0,0.0,75.0,2.47,1.93
1990-12-11 13:00:00+00:00,55.0,0.0,55.0,2.97,2.21
1990-12-11 14:00:00+00:00,37.0,0.0,37.0,3.21,2.55
1990-12-11 15:00:00+00:00,29.0,72.28,24.0,3.41,2.69
1990-12-11 16:00:00+00:00,0.0,0.0,0.0,3.53,2.76
1990-12-11 17:00:00+00:00,0.0,0.0,0.0,3.7,2.07
1990-12-11 18:00:00+00:00,0.0,0.0,0.0,3.84,2.21
1990-12-11 19:00:00+00:00,0.0,0.0,0.0,3.99,1.59
1990-12-11 20:00:00+00:00,0.0,0.0,0.0,4.05,1.72
1990-12-11 21:00:00+00:00,0.0,0.0,0.0,4.15,1.93
1990-12-11 22:00:00+00:00,0.0,0.0,0.0,4.39,2.07
1990-12-11 23:00:00+00:00,0.0,0.0,0.0,4.47,2.21
1990-12-12 00:00:00+00:00,0.0,0.0,0.0,4.58,2.34
1990-12-12 01:00:00+00:00,0.0,0.0,0.0,4.48,2.41
1990-12-12 02:00:00+00:00,0.0,0.0,0.0,4.23,2.34
1990-12-12 03:00:00+00:00,0.0,0.0,0.0,4.18,2.48
1990-12-12 04:00:00+00:00,0.0,0.0,0.0,4.02,2.69
1990-12-12 05:00:00+00:00,0.0,0.0,0.0,3.83,2.83
1990-12-12 06:00:00+00:00,0.0,0.0,0.0,3.83,3.31
1990-12-12 07:00:00+00:00,0.0,0.0,0.0,3.79,2.97
1990-12-12 08:00:00+00:00,0.0,0.0,0.0,3.74,3.1
1990-12-12 09:00:00+00:00,35.0,19.74,33.0,3.87,3.03
1990-12-12 10:00:00+00:00,109.0,145.54,82.0,4.37,3.03
1990-12-12 11:00:00+00:00,125.0,84.79,105.0,5.32,4.28
1990-12-12 12:00:00+00:00,149.0,136.55,115.0,5.79,4.21
1990-12-12 13:00:00+00:00,170.0,366.16,88.0,6.28,4.14
1990-12-12 14:00:00+00:00,107.0,252.36,66.0,6.35,3.1
1990-12-12 15:00:00+00:00,37.0,203.69,23.0,5.85,3.1
1990-12-12 16:00:00+00:00,0.0,0.0,0.0,4.85,2.9
1990-12-12 17:00:00+00:00,0.0,0.0,0.0,4.24,2.97
1990-12-12 18:00:00+00:00,0.0,0.0,0.0,3.52,2.9
1990-12-12 19:00:00+00:00,0.0,0.0,0.0,3.65,3.31
1990-12-12 20:00:00+00:00,0.0,0.0,0.0,3.84,3.45
1990-12-12 21:00:00+00:00,0.0,0.0,0.0,3.88,3.45
1990-12-12 22:00:00+00:00,0.0,0.0,0.0,3.85,3.38
1990-12-12 23:00:00+00:00,0.0,0.0,0.0,3.85,3.38
1990-12-13 00:00:00+00:00,0.0,0.0,0.0,3.47,3.31
1990-12-13 01:00:00+00:00,0.0,0.0,0.0,2.93,3.1
1990-12-13 02:00:00+00:00,0.0,0.0,0.0,2.6,3.03
1990-12-13 03:00:00+00:00,0.0,0.0,0.0,2.37,3.1
1990-12-13 04:00:00+00:00,0.0,0.0,0.0,2.11,3.24
1990-12-13 05:00:00+00:00,0.0,0.0,0.0,2.11,3.1
1990-12-13 06:00:00+00:00,0.0,0.0,0.0,2.07,2.83
1990-12-13 07:00:00+00:00,0.0,0.0,0.0,2.35,3.03
1990-12-13 08:00:00+00:00,0.0,0.0,0.0,2.24,3.1
1990-12-13 09:00:00+00:00,67.0,341.91,33.0,2.16,3.1
1990-12-13 10:00:00+00:00,114.0,190.41,79.0,3.02,2.76
1990-12-13 11:00:00+00:00,206.0,610.01,63.0,3.89,3.1
1990-12-13 12:00:00+00:00,192.0,391.43,95.0,4.63,3.45
1990-12-13 13:00:00+00:00,64.0,0.0,64.0,5.28,3.72
1990-12-13 14:00:00+00:00,126.0,463.31,51.0,5.19,3.38
1990-12-13 15:00:00+00:00,34.0,160.78,23.0,4.75,3.45
1990-12-13 16:00:00+00:00,0.0,0.0,0.0,3.95,3.24
1990-12-13 17:00:00+00:00,0.0,0.0,0.0,3.44,3.17
1990-12-13 18:00:00+00:00,0.0,0.0,0.0,3.29,3.17
1990-12-13 19:00:00+00:00,0.0,0.0,0.0,3.99,3.24
1990-12-13 20:00:00+00:00,0.0,0.0,0.0,4.1,3.24
1990-12-13 21:00:00+00:00,0.0,0.0,0.0,4.11,3.24
1990-12-13 22:00:00+00:00,0.0,0.0,0.0,4.11,3.17
1990-12-13 23:00:00+00:00,0.0,0.0,0.0,3.92,3.1
1990-12-14 00:00:00+00:00,0.0,0.0,0.0,3.81,3.03
1990-12-14 01:00:00+00:00,0.0,0.0,0.0,3.75,2.9
1990-12-14 02:00:00+00:00,0.0,0.0,0.0,3.69,2.83
1990-12-14 03:00:00+00:00,0.0,0.0,0.0,3.49,2.62
1990-12-14 04:00:00+00:00,0.0,0.0,0.0,3.37,2.55
1990-12-14 05:00:00+00:00,0.0,0.0,0.0,3.13,2.48
1990-12-14 06:00:00+00:00,0.0,0.0,0.0,3.1,2.28
1990-12-14 07:00:00+00:00,0.0,0.0,0.0,3.25,1.93
1990-12-14 08:00:00+00:00,0.0,0.0,0.0,3.18,1.79
1990-12-14 09:00:00+00:00,15.0,0.0,15.0,3.05,1.93
1990-12-14 10:00:00+00:00,42.0,0.0,42.0,3.09,2.21
1990-12-14 11:00:00+00:00,50.0,0.0,50.0,3.18,2.34
1990-12-14 12:00:00+00:00,65.0,0.0,65.0,3.22,2.48
1990-12-14 13:00:00+00:00,86.0,17.99,82.0,3.21,2.48
1990-12-14 14:00:00+00:00,65.0,30.98,60.0,3.24,2.41
1990-12-14 15:00:00+00:00,27.0,58.63,23.0,3.22,2.41
1990-12-14 16:00:00+00:00,0.0,0.0,0.0,3.02,2.14
1990-12-14 17:00:00+00:00,0.0,0.0,0.0,2.81,2.07
1990-12-14 18:00:00+00:00,0.0,0.0,0.0,2.64,1.79
1990-12-14 19:00:00+00:00,0.0,0.0,0.0,3.06,1.66
1990-12-14 20:00:00+00:00,0.0,0.0,0.0,3.01,1.79
1990-12-14 21:00:00+00:00,0.0,0.0,0.0,2.91,1.93
1990-12-14 22:00:00+00:00,0.0,0.0,0.0,2.82,1.86
1990-12-14 23:00:00+00:00,0.0,0.0,0.0,2.79,2.07
1990-12-15 00:00:00+00:00,0.0,0.0,0.0,2.75,2.21
1990-12-15 01:00:00+00:00,0.0,0.0,0.0,2.69,2.41
1990-12-15 02:00:00+00:00,0.0,0.0,0.0,2.56,2.28
1990-12-15 03:00:00+00:00,0.0,0.0,0.0,2.49,2.28
1990-12-15 04:00:00+00:00,0.0,0.0,0.0,2.45,2.21
1990-12-15 05:00:00+00:00,0.0,0.0,0.0,2.45,2.14
1990-12-15 06:00:00+00:00,0.0,0.0,0.0,2.47,2.21
1990-12-15 07:00:00+00:00,0.0,0.0,0.0,2.45,2.07
1990-12-15 08:00:00+00:00,0.0,0.0,0.0,2.47,1.93
1990-12-15 09:00:00+00:00,13.0,0.0,13.0,2.51,2.34
1990-12-15 10:00:00+00:00,13.0,0.0,13.0,2.58,2.76
1990-12-15 11:00:00+00:00,18.0,0.0,18.0,2.66,2.76
1990-12-15 12:00:00+00:00,52.0,0.0,52.0,2.76,2.69
1990-12-15 13:00:00+00:00,38.0,0.0,38.0,2.66,2.0
1990-12-15 14:00:00+00:00,31.0,0.0,31.0,2.52,1.72
1990-12-15 15:00:00+00:00,19.0,14.67,18.0,2.29,1.59
1990-12-15 16:00:00+00:00,0.0,0.0,0.0,1.97,1.59
1990-12-15 17:00:00+00:00,0.0,0.0,0.0,1.72,1.52
1990-12-15 18:00:00+00:00,0.0,0.0,0.0,1.37,1.52
1990-12-15 19:00:00+00:00,0.0,0.0,0.0,1.64,1.03
1990-12-15 20:00:00+00:00,0.0,0.0,0.0,1.35,0.83
1990-12-15 21:00:00+00:00,0.0,0.0,0.0,0.95,0.55
1990-12-15 22:00:00+00:00,0.0,0.0,0.0,1.01,0.21
1990-12-15 23:00:00+00:00,0.0,0.0,0.0,0.83,0.41
1990-12-16 00:00:00+00:00,0.0,0.0,0.0,0.75,0.9
1990-12-16 01:00:00+00:00,0.0,0.0,0.0,0.93,0.83
1990-12-16 02:00:00+00:00,0.0,0.0,0.0,1.06,1.03
1990-12-16 03:00:00+00:00,0.0,0.0,0.0,1.2,1.31
1990-12-16 04:00:00+00:00,0.0,0.0,0.0,1.42,1.93
1990-12-16 05:00:00+00:00,0.0,0.0,0.0,1.39,2.0
1990-12-16 06:00:00+00:00,0.0,0.0,0.0,1.55,2.14
1990-12-16 07:00:00+00:00,0.0,0.0,0.0,1.97,2.14
1990-12-16 08:00:00+00:00,0.0,0.0,0.0,2.39,2.14
1990-12-16 09:00:00+00:00,49.0,137.6,36.0,2.78,2.28
1990-12-16 10:00:00+00:00,74.0,33.43,68.0,3.42,3.38
1990-12-16 11:00:00+00:00,87.0,13.0,84.0,3.8,3.1
1990-12-16 12:00:00+00:00,84.0,8.16,82.0,4.12,3.1
1990-12-16 13:00:00+00:00,129.0,140.14,98.0,4.02,2.62
1990-12-16 14:00:00+00:00,65.0,31.08,60.0,4.07,3.31
1990-12-16 15:00:00+00:00,28.0,87.97,22.0,4.0,2.97
1990-12-16 16:00:00+00:00,0.0,0.0,0.0,3.68,2.97
1990-12-16 17:00:00+00:00,0.0,0.0,0.0,3.33,2.76
1990-12-16 18:00:00+00:00,0.0,0.0,0.0,3.26,2.76
1990-12-16 19:00:00+00:00,0.0,0.0,0.0,3.66,2.62
1990-12-16 20:00:00+00:00,0.0,0.0,0.0,3.74,2.69
1990-12-16 21:00:00+00:00,0.0,0.0,0.0,3.76,2.83
1990-12-16 22:00:00+00:00,0.0,0.0,0.0,3.77,3.17
1990-12-16 23:00:00+00:00,0.0,0.0,0.0,3.68,3.66
1990-12-17 00:00:00+00:00,0.0,0.0,0.0,3.5,4.28
1990-12-17 01:00:00+00:00,0.0,0.0,0.0,3.1,3.93
1990-12-17 02:00:00+00:00,0.0,0.0,0.0,2.34,3.52
1990-12-17 03:00:00+00:00,0.0,0.0,0.0,1.22,3.31
1990-12-17 04:00:00+00:00,0.0,0.0,0.0,0.25,3.24
1990-12-17 05:00:00+00:00,0.0,0.0,0.0,-0.28,3.38
1990-12-17 06:00:00+00:00,0.0,0.0,0.0,-0.5,3.59
1990-12-17 07:00:00+00:00,0.0,0.0,0.0,-0.04,3.86
1990-12-17 08:00:00+00:00,0.0,0.0,0.0,-0.06,4.07
1990-12-17 09:00:00+00:00,60.0,290.15,33.0,0.12,4.28
1990-12-17 10:00:00+00:00,154.0,589.07,49.0,0.87,4.48
1990-12-17 11:00:00+00:00,212.0,674.31,57.0,1.76,3.79
1990-12-17 12:00:00+00:00,219.0,613.77,69.0,2.39,4.69
1990-12-17 13:00:00+00:00,198.0,638.48,57.0,2.53,5.38
1990-12-17 14:00:00+00:00,138.0,603.22,41.0,2.07,6.07
1990-12-17 15:00:00+00:00,44.0,365.56,19.0,1.46,5.17
1990-12-17 16:00:00+00:00,0.0,0.0,0.0,0.73,5.17
1990-12-17 17:00:00+00:00,0.0,0.0,0.0,0.15,5.24
1990-12-17 18:00:00+00:00,0.0,0.0,0.0,-0.19,5.45
1990-12-17 19:00:00+00:00,0.0,0.0,0.0,-1.14,5.86
1990-12-17 20:00:00+00:00,0.0,0.0,0.0,-1.42,6.21
1990-12-17 21:00:00+00:00,0.0,0.0,0.0,-1.52,6.48
1990-12-17 22:00:00+00:00,0.0,0.0,0.0,-1.57,6.62
1990-12-17 23:00:00+00:00,0.0,0.0,0.0,-1.47,6.76
1990-12-18 00:00:00+00:00,0.0,0.0,0.0,-1.33,6.83
1990-12-18 01:00:00+00:00,0.0,0.0,0.0,-1.2,6.76
1990-12-18 02:00:00+00:00,0.0,0.0,0.0,-1.15,6.48
1990-12-18 03:00:00+00:00,0.0,0.0,0.0,-1.07,6.28
1990-12-18 04:00:00+00:00,0.0,0.0,0.0,-1.08,6.0
1990-12-18 05:00:00+00:00,0.0,0.0,0.0,-1.05,5.86
1990-12-18 06:00:00+00:00,0.0,0.0,0.0,-1.24,5.66
1990-12-18 07:00:00+00:00,0.0,0.0,0.0,-1.55,5.93
1990-12-18 08:00:00+00:00,0.0,0.0,0.0,-1.59,5.79
1990-12-18 09:00:00+00:00,53.0,196.18,35.0,-1.42,5.59
1990-12-18 10:00:00+00:00,142.0,462.85,60.0,-0.83,5.38
1990-12-18 11:00:00+00:00,186.0,436.6,86.0,-0.17,4.34
1990-12-18 12:00:00+00:00,97.0,16.4,93.0,0.34,4.76
1990-12-18 13:00:00+00:00,128.0,126.92,100.0,0.58,4.62
1990-12-18 14:00:00+00:00,51.0,6.22,50.0,0.47,4.28
1990-12-18 15:00:00+00:00,28.0,58.23,24.0,-0.08,3.93
1990-12-18 16:00:00+00:00,0.0,0.0,0.0,-0.95,3.86
1990-12-18 17:00:00+00:00,0.0,0.0,0.0,-1.5,3.86
1990-12-18 18:00:00+00:00,0.0,0.0,0.0,-2.11,3.66
1990-12-18 19:00:00+00:00,0.0,0.0,0.0,-2.82,3.66
1990-12-18 20:00:00+00:00,0.0,0.0,0.0,-3.27,3.86
1990-12-18 21:00:00+00:00,0.0,0.0,0.0,-3.56,3.79
1990-12-18 22:00:00+00:00,0.0,0.0,0.0,-3.77,3.59
1990-12-18 23:00:00+00:00,0.0,0.0,0.0,-3.92,3.59
1990-12-19 00:00:00+00:00,0.0,0.0,0.0,-4.04,3.52
1990-12-19 01:00:00+00:00,0.0,0.0,0.0,-4.16,3.24
1990-12-19 02:00:00+00:00,0.0,0.0,0.0,-4.28,3.24
1990-12-19 03:00:00+00:00,0.0,0.0,0.0,-4.33,3.17
1990-12-19 04:00:00+00:00,0.0,0.0,0.0,-4.34,3.03
1990-12-19 05:00:00+00:00,0.0,0.0,0.0,-4.44,2.83
1990-12-19 06:00:00+00:00,0.0,0.0,0.0,-4.56,2.62
1990-12-19 07:00:00+00:00,0.0,0.0,0.0,-4.69,2.41
1990-12-19 08:00:00+00:00,0.0,0.0,0.0,-4.69,2.34
1990-12-19 09:00:00+00:00,61.0,353.33,29.0,-4.42,2.07
1990-12-19 10:00:00+00:00,140.0,454.03,60.0,-3.11,1.72
1990-12-19 11:00:00+00:00,191.0,494.85,78.0,-1.52,1.93
1990-12-19 12:00:00+00:00,213.0,566.83,75.0,-0.33,2.14
1990-12-19 13:00:00+00:00,165.0,340.14,90.0,0.37,2.41
1990-12-19 14:00:00+00:00,62.0,24.84,58.0,0.34,2.48
1990-12-19 15:00:00+00:00,32.0,115.74,24.0,-0.3,2.76
1990-12-19 16:00:00+00:00,0.0,0.0,0.0,-1.15,3.03
1990-12-19 17:00:00+00:00,0.0,0.0,0.0,-1.45,3.17
1990-12-19 18:00:00+00:00,0.0,0.0,0.0,-1.56,3.31
1990-12-19 19:00:00+00:00,0.0,0.0,0.0,-1.26,3.52
1990-12-19 20:00:00+00:00,0.0,0.0,0.0,-0.98,3.93
1990-12-19 21:00:00+00:00,0.0,0.0,0.0,-0.57,4.21
1990-12-19 22:00:00+00:00,0.0,0.0,0.0,-0.06,4.34
1990-12-19 23:00:00+00:00,0.0,0.0,0.0,0.25,3.93
1990-12-20 00:00:00+00:00,0.0,0.0,0.0,0.43,4.14
1990-12-20 01:00:00+00:00,0.0,0.0,0.0,-0.13,4.55
1990-12-20 02:00:00+00:00,0.0,0.0,0.0,-1.29,4.14
1990-12-20 03:00:00+00:00,0.0,0.0,0.0,-2.59,3.72
1990-12-20 04:00:00+00:00,0.0,0.0,0.0,-3.74,3.17
1990-12-20 05:00:00+00:00,0.0,0.0,0.0,-4.86,2.9
1990-12-20 06:00:00+00:00,0.0,0.0,0.0,-5.26,2.83
1990-12-20 07:00:00+00:00,0.0,0.0,0.0,-4.6,2.83
1990-12-20 08:00:00+00:00,0.0,0.0,0.0,-4.44,2.9
1990-12-20 09:00:00+00:00,58.0,290.49,32.0,-3.86,2.9
1990-12-20 10:00:00+00:00,134.0,393.46,65.0,-2.51,2.83
1990-12-20 11:00:00+00:00,180.0,399.5,89.0,-0.97,3.1
1990-12-20 12:00:00+00:00,197.0,427.65,93.0,0.28,3.52
1990-12-20 13:00:00+00:00,183.0,485.2,76.0,1.01,3.66
1990-12-20 14:00:00+00:00,114.0,316.1,63.0,1.21,4.62
1990-12-20 15:00:00+00:00,43.0,315.77,21.0,0.81,4.48
1990-12-20 16:00:00+00:00,0.0,0.0,0.0,0.0,4.34
1990-12-20 17:00:00+00:00,0.0,0.0,0.0,-0.44,4.21
1990-12-20 18:00:00+00:00,0.0,0.0,0.0,-0.91,4.07
1990-12-20 19:00:00+00:00,0.0,0.0,0.0,-0.96,3.93
1990-12-20 20:00:00+00:00,0.0,0.0,0.0,-1.24,3.93
1990-12-20 21:00:00+00:00,0.0,0.0,0.0,-1.44,3.86
1990-12-20 22:00:00+00:00,0.0,0.0,0.0,-1.62,3.72
1990-12-20 23:00:00+00:00,0.0,0.0,0.0,-1.85,3.72
1990-12-21 00:00:00+00:00,0.0,0.0,0.0,-1.89,3.79
1990-12-21 01:00:00+00:00,0.0,0.0,0.0,-1.77,3.93
1990-12-21 02:00:00+00:00,0.0,0.0,0.0,-1.52,4.07
1990-12-21 03:00:00+00:00,0.0,0.0,0.0,-1.37,3.93
1990-12-21 04:00:00+00:00,0.0,0.0,0.0,-1.34,3.86
1990-12-21 05:00:00+00:00,0.0,0.0,0.0,-1.34,3.72
1990-12-21 06:00:00+00:00,0.0,0.0,0.0,-1.52,3.59
1990-12-21 07:00:00+00:00,0.0,0.0,0.0,-1.81,3.31
1990-12-21 08:00:00+00:00,0.0,0.0,0.0,-2.09,3.1
1990-12-21 09:00:00+00:00,65.0,451.68,25.0,-2.23,2.97
1990-12-21 10:00:00+00:00,140.0,475.22,57.0,-1.46,2.76
1990-12-21 11:00:00+00:00,180.0,413.46,86.0,-0.18,2.62
1990-12-21 12:00:00+00:00,219.0,625.39,67.0,0.94,2.69
1990-12-21 13:00:00+00:00,132.0,145.0,100.0,1.6,2.34
1990-12-21 14:00:00+00:00,52.0,6.18,51.0,1.53,1.93
1990-12-21 15:00:00+00:00,26.0,42.65,23.0,0.99,1.86
1990-12-21 16:00:00+00:00,0.0,0.0,0.0,0.04,1.86
1990-12-21 17:00:00+00:00,0.0,0.0,0.0,-0.43,1.59
1990-12-21 18:00:00+00:00,0.0,0.0,0.0,-0.67,1.38
1990-12-21 19:00:00+00:00,0.0,0.0,0.0,-0.91,1.03
1990-12-21 20:00:00+00:00,0.0,0.0,0.0,-1.05,0.69
1990-12-21 21:00:00+00:00,0.0,0.0,0.0,-0.92,0.62
1990-12-21 22:00:00+00:00,0.0,0.0,0.0,-0.96,0.9
1990-12-21 23:00:00+00:00,0.0,0.0,0.0,-1.07,0.97
1990-12-22 00:00:00+00:00,0.0,0.0,0.0,-1.57,0.9
1990-12-22 01:00:00+00:00,0.0,0.0,0.0,-2.0,0.69
1990-12-22 02:00:00+00:00,0.0,0.0,0.0,-2.55,0.83
1990-12-22 03:00:00+00:00,0.0,0.0,0.0,-2.85,1.03
1990-12-22 04:00:00+00:00,0.0,0.0,0.0,-3.04,1.38
1990-12-22 05:00:00+00:00,0.0,0.0,0.0,-3.17,1.59
1990-12-22 06:00:00+00:00,0.0,0.0,0.0,-3.13,1.79
1990-12-22 07:00:00+00:00,0.0,0.0,0.0,-2.68,2.14
1990-12-22 08:00:00+00:00,0.0,0.0,0.0,-2.73,2.48
1990-12-22 09:00:00+00:00,53.0,250.75,31.0,-2.54,3.1
1990-12-22 10:00:00+00:00,144.0,528.51,52.0,-1.68,3.86
1990-12-22 11:00:00+00:00,174.0,365.57,91.0,-0.55,4.28
1990-12-22 12:00:00+00:00,193.0,407.34,94.0,0.8,4.21
1990-12-22 13:00:00+00:00,184.0,488.75,76.0,1.74,3.93
1990-12-22 14:00:00+00:00,130.0,492.8,50.0,2.0,3.86
1990-12-22 15:00:00+00:00,46.0,365.48,20.0,1.6,3.59
1990-12-22 16:00:00+00:00,0.0,0.0,0.0,0.53,3.17
1990-12-22 17:00:00+00:00,0.0,0.0,0.0,-0.46,2.76
1990-12-22 18:00:00+00:00,0.0,0.0,0.0,-1.04,2.69
1990-12-22 19:00:00+00:00,0.0,0.0,0.0,-1.57,2.83
1990-12-22 20:00:00+00:00,0.0,0.0,0.0,-1.87,2.76
1990-12-22 21:00:00+00:00,0.0,0.0,0.0,-2.11,2.62
1990-12-22 22:00:00+00:00,0.0,0.0,0.0,-2.4,2.55
1990-12-22 23:00:00+00:00,0.0,0.0,0.0,-2.59,2.76
1990-12-23 00:00:00+00:00,0.0,0.0,0.0,-2.58,2.83
1990-12-23 01:00:00+00:00,0.0,0.0,0.0,-2.58,2.76
1990-12-23 02:00:00+00:00,0.0,0.0,0.0,-2.61,2.76
1990-12-23 03:00:00+00:00,0.0,0.0,0.0,-2.64,2.9
1990-12-23 04:00:00+00:00,0.0,0.0,0.0,-2.58,3.03
1990-12-23 05:00:00+00:00,0.0,0.0,0.0,-2.49,3.03
1990-12-23 06:00:00+00:00,0.0,0.0,0.0,-2.45,2.83
1990-12-23 07:00:00+00:00,0.0,0.0,0.0,-2.66,2.69
1990-12-23 08:00:00+00:00,0.0,0.0,0.0,-2.82,2.48
1990-12-23 09:00:00+00:00,63.0,436.61,25.0,-2.84,2.28
1990-12-23 10:00:00+00:00,150.0,599.02,46.0,-1.77,2.0
1990-12-23 11:00:00+00:00,100.0,35.26,92.0,-0.32,1.93
1990-12-23 12:00:00+00:00,136.0,102.81,111.0,0.79,1.86
1990-12-23 13:00:00+00:00,156.0,275.54,95.0,1.18,1.93
1990-12-23 14:00:00+00:00,113.0,300.57,64.0,1.25,2.28
1990-12-23 15:00:00+00:00,32.0,97.15,25.0,0.58,2.14
1990-12-23 16:00:00+00:00,0.0,0.0,0.0,-0.13,2.48
1990-12-23 17:00:00+00:00,0.0,0.0,0.0,-0.29,2.55
1990-12-23 18:00:00+00:00,0.0,0.0,0.0,0.09,2.69
1990-12-23 19:00:00+00:00,0.0,0.0,0.0,0.24,2.62
1990-12-23 20:00:00+00:00,0.0,0.0,0.0,0.84,2.41
1990-12-23 21:00:00+00:00,0.0,0.0,0.0,1.35,2.55
1990-12-23 22:00:00+00:00,0.0,0.0,0.0,1.4,2.62
1990-12-23 23:00:00+00:00,0.0,0.0,0.0,0.89,2.76
1990-12-24 00:00:00+00:00,0.0,0.0,0.0,0.53,2.69
1990-12-24 01:00:00+00:00,0.0,0.0,0.0,0.16,2.55
1990-12-24 02:00:00+00:00,0.0,0.0,0.0,-0.31,2.55
1990-12-24 03:00:00+00:00,0.0,0.0,0.0,-0.41,2.48
1990-12-24 04:00:00+00:00,0.0,0.0,0.0,-0.53,2.41
1990-12-24 05:00:00+00:00,0.0,0.0,0.0,-0.87,2.41
1990-12-24 06:00:00+00:00,0.0,0.0,0.0,-0.73,2.34
1990-12-24 07:00:00+00:00,0.0,0.0,0.0,-0.24,2.69
1990-12-24 08:00:00+00:00,0.0,0.0,0.0,-0.17,2.55
1990-12-24 09:00:00+00:00,40.0,92.53,32.0,0.04,2.34
1990-12-24 10:00:00+00:00,76.0,40.4,69.0,0.78,2.07
1990-12-24 11:00:00+00:00,63.0,0.0,63.0,1.92,1.79
1990-12-24 12:00:00+00:00,83.0,4.11,82.0,2.73,2.0
1990-12-24 13:00:00+00:00,108.0,58.58,95.0,3.36,2.07
1990-12-24 14:00:00+00:00,42.0,0.0,42.0,3.59,1.45
1990-12-24 15:00:00+00:00,34.0,109.45,26.0,3.28,1.24
1990-12-24 16:00:00+00:00,0.0,0.0,0.0,2.28,1.66
1990-12-24 17:00:00+00:00,0.0,0.0,0.0,1.84,1.66
1990-12-24 18:00:00+00:00,0.0,0.0,0.0,1.64,1.59
1990-12-24 19:00:00+00:00,0.0,0.0,0.0,2.0,1.66
1990-12-24 20:00:00+00:00,0.0,0.0,0.0,1.86,1.59
1990-12-24 21:00:00+00:00,0.0,0.0,0.0,1.68,1.59
1990-12-24 22:00:00+00:00,0.0,0.0,0.0,1.55,1.66
1990-12-24 23:00:00+00:00,0.0,0.0,0.0,1.49,1.86
1990-12-25 00:00:00+00:00,0.0,0.0,0.0,1.4,2.07
1990-12-25 01:00:00+00:00,0.0,0.0,0.0,1.36,2.21
1990-12-25 02:00:00+00:00,0.0,0.0,0.0,1.19,2.28
1990-12-25 03:00:00+00:00,0.0,0.0,0.0,1.03,2.41
1990-12-25 04:00:00+00:00,0.0,0.0,0.0,0.77,2.41
1990-12-25 05:00:00+00:00,0.0,0.0,0.0,0.69,2.48
1990-12-25 06:00:00+00:00,0.0,0.0,0.0,0.7,2.48
1990-12-25 07:00:00+00:00,0.0,0.0,0.0,0.28,2.69
1990-12-25 08:00:00+00:00,0.0,0.0,0.0,0.47,2.76
1990-12-25 09:00:00+00:00,50.0,220.93,31.0,0.82,2.83
1990-12-25 10:00:00+00:00,139.0,496.87,53.0,1.49,2.48
1990-12-25 11:00:00+00:00,188.0,493.59,76.0,2.4,2.97
1990-12-25 12:00:00+00:00,210.0,553.74,75.0,3.16,4.0
1990-12-25 13:00:00+00:00,193.0,583.99,63.0,3.62,4.14
1990-12-25 14:00:00+00:00,129.0,461.22,53.0,3.64,2.76
1990-12-25 15:00:00+00:00,47.0,336.68,22.0,2.9,2.48
1990-12-25 16:00:00+00:00,0.0,0.0,0.0,1.49,2.69
1990-12-25 17:00:00+00:00,0.0,0.0,0.0,0.61,2.83
1990-12-25 18:00:00+00:00,0.0,0.0,0.0,0.44,3.17
1990-12-25 19:00:00+00:00,0.0,0.0,0.0,1.24,3.72
1990-12-25 20:00:00+00:00,0.0,0.0,0.0,1.83,4.41
1990-12-25 21:00:00+00:00,0.0,0.0,0.0,2.61,4.76
1990-12-25 22:00:00+00:00,0.0,0.0,0.0,3.34,5.17
1990-12-25 23:00:00+00:00,0.0,0.0,0.0,4.0,5.31
1990-12-26 00:00:00+00:00,0.0,0.0,0.0,4.5,5.38
1990-12-26 01:00:00+00:00,0.0,0.0,0.0,4.67,5.31
1990-12-26 02:00:00+00:00,0.0,0.0,0.0,4.68,5.24
1990-12-26 03:00:00+00:00,0.0,0.0,0.0,4.72,5.1
1990-12-26 04:00:00+00:00,0.0,0.0,0.0,4.56,4.83
1990-12-26 05:00:00+00:00,0.0,0.0,0.0,4.56,4.62
1990-12-26 06:00:00+00:00,0.0,0.0,0.0,4.66,4.48
1990-12-26 07:00:00+00:00,0.0,0.0,0.0,4.32,4.07
1990-12-26 08:00:00+00:00,0.0,0.0,0.0,3.86,4.0
1990-12-26 09:00:00+00:00,57.0,361.86,26.0,3.73,3.93
1990-12-26 10:00:00+00:00,136.0,462.4,56.0,4.12,4.0
1990-12-26 11:00:00+00:00,195.0,567.98,66.0,4.88,4.14
1990-12-26 12:00:00+00:00,214.0,597.59,68.0,5.88,5.17
1990-12-26 13:00:00+00:00,193.0,595.31,60.0,6.14,3.72
1990-12-26 14:00:00+00:00,125.0,416.05,56.0,6.14,4.28
1990-12-26 15:00:00+00:00,40.0,198.59,25.0,5.78,4.07
1990-12-26 16:00:00+00:00,0.0,0.0,0.0,5.08,4.0
1990-12-26 17:00:00+00:00,0.0,0.0,0.0,4.51,4.0
1990-12-26 18:00:00+00:00,0.0,0.0,0.0,4.2,3.93
1990-12-26 19:00:00+00:00,0.0,0.0,0.0,3.66,4.0
1990-12-26 20:00:00+00:00,0.0,0.0,0.0,3.54,4.21
1990-12-26 21:00:00+00:00,0.0,0.0,0.0,3.66,4.48
1990-12-26 22:00:00+00:00,0.0,0.0,0.0,3.83,4.76
1990-12-26 23:00:00+00:00,0.0,0.0,0.0,4.18,4.97
1990-12-27 00:00:00+00:00,0.0,0.0,0.0,4.14,5.03
1990-12-27 01:00:00+00:00,0.0,0.0,0.0,4.15,5.17
1990-12-27 02:00:00+00:00,0.0,0.0,0.0,3.99,4.9
1990-12-27 03:00:00+00:00,0.0,0.0,0.0,3.74,4.9
1990-12-27 04:00:00+00:00,0.0,0.0,0.0,4.09,4.97
1990-12-27 05:00:00+00:00,0.0,0.0,0.0,4.3,4.9
1990-12-27 06:00:00+00:00,0.0,0.0,0.0,4.15,4.69
1990-12-27 07:00:00+00:00,0.0,0.0,0.0,3.59,4.9
1990-12-27 08:00:00+00:00,0.0,0.0,0.0,3.57,4.55
1990-12-27 09:00:00+00:00,46.0,163.82,32.0,3.31,4.41
1990-12-27 10:00:00+00:00,148.0,595.15,45.0,3.51,4.69
1990-12-27 11:00:00+00:00,205.0,646.25,58.0,3.85,4.76
1990-12-27 12:00:00+00:00,223.0,657.26,62.0,4.34,6.41
1990-12-27 13:00:00+00:00,172.0,387.8,85.0,4.6,6.21
1990-12-27 14:00:00+00:00,93.0,131.71,71.0,4.5,6.21
1990-12-27 15:00:00+00:00,51.0,389.97,21.0,4.2,5.93
1990-12-27 16:00:00+00:00,0.0,0.0,0.0,3.7,5.59
1990-12-27 17:00:00+00:00,0.0,0.0,0.0,3.47,5.31
1990-12-27 18:00:00+00:00,0.0,0.0,0.0,3.16,4.9
1990-12-27 19:00:00+00:00,0.0,0.0,0.0,3.04,4.62
1990-12-27 20:00:00+00:00,0.0,0.0,0.0,2.84,4.21
1990-12-27 21:00:00+00:00,0.0,0.0,0.0,2.64,3.79
1990-12-27 22:00:00+00:00,0.0,0.0,0.0,2.09,3.17
1990-12-27 23:00:00+00:00,0.0,0.0,0.0,1.29,2.69
1990-12-28 00:00:00+00:00,0.0,0.0,0.0,0.92,2.55
1990-12-28 01:00:00+00:00,0.0,0.0,0.0,0.7,2.07
1990-12-28 02:00:00+00:00,0.0,0.0,0.0,-0.03,2.0
1990-12-28 03:00:00+00:00,0.0,0.0,0.0,-0.63,1.79
1990-12-28 04:00:00+00:00,0.0,0.0,0.0,-1.32,1.1
1990-12-28 05:00:00+00:00,0.0,0.0,0.0,-1.02,0.21
1990-12-28 06:00:00+00:00,0.0,0.0,0.0,-0.88,0.62
1990-12-28 07:00:00+00:00,0.0,0.0,0.0,-1.18,0.41
1990-12-28 08:00:00+00:00,0.0,0.0,0.0,-2.36,0.83
1990-12-28 09:00:00+00:00,49.0,222.54,30.0,-2.85,1.03
1990-12-28 10:00:00+00:00,114.0,236.66,73.0,-0.95,1.24
1990-12-28 11:00:00+00:00,187.0,469.42,80.0,-0.1,1.86
1990-12-28 12:00:00+00:00,233.0,720.3,56.0,1.08,2.28
1990-12-28 13:00:00+00:00,203.0,643.29,58.0,2.43,2.62
1990-12-28 14:00:00+00:00,94.0,130.68,72.0,2.81,2.62
1990-12-28 15:00:00+00:00,29.0,38.24,26.0,2.45,1.72
1990-12-28 16:00:00+00:00,0.0,0.0,0.0,1.63,2.21
1990-12-28 17:00:00+00:00,0.0,0.0,0.0,1.06,2.55
1990-12-28 18:00:00+00:00,0.0,0.0,0.0,0.52,2.76
1990-12-28 19:00:00+00:00,0.0,0.0,0.0,0.1,2.62
1990-12-28 20:00:00+00:00,0.0,0.0,0.0,-0.06,2.76
1990-12-28 21:00:00+00:00,0.0,0.0,0.0,0.11,2.83
1990-12-28 22:00:00+00:00,0.0,0.0,0.0,0.15,2.83
1990-12-28 23:00:00+00:00,0.0,0.0,0.0,0.32,3.1
1990-12-29 00:00:00+00:00,0.0,0.0,0.0,0.37,3.45
1990-12-29 01:00:00+00:00,0.0,0.0,0.0,0.49,3.66
1990-12-29 02:00:00+00:00,0.0,0.0,0.0,0.65,3.93
1990-12-29 03:00:00+00:00,0.0,0.0,0.0,0.74,4.14
1990-12-29 04:00:00+00:00,0.0,0.0,0.0,0.88,4.48
1990-12-29 05:00:00+00:00,0.0,0.0,0.0,1.23,4.83
1990-12-29 06:00:00+00:00,0.0,0.0,0.0,1.55,5.17
1990-12-29 07:00:00+00:00,0.0,0.0,0.0,1.76,5.1
1990-12-29 08:00:00+00:00,0.0,0.0,0.0,1.92,5.52
1990-12-29 09:00:00+00:00,16.0,0.0,16.0,1.94,5.59
1990-12-29 10:00:00+00:00,27.0,0.0,27.0,1.98,5.66
1990-12-29 11:00:00+00:00,140.0,166.27,102.0,2.16,5.72
1990-12-29 12:00:00+00:00,58.0,0.0,58.0,2.2,6.0
1990-12-29 13:00:00+00:00,87.0,17.65,83.0,2.08,5.66
1990-12-29 14:00:00+00:00,53.0,5.89,52.0,1.91,5.45
1990-12-29 15:00:00+00:00,16.0,0.0,16.0,1.49,5.31
1990-12-29 16:00:00+00:00,0.0,0.0,0.0,1.2,5.31
1990-12-29 17:00:00+00:00,0.0,0.0,0.0,1.14,5.45
1990-12-29 18:00:00+00:00,0.0,0.0,0.0,1.08,5.45
1990-12-29 19:00:00+00:00,0.0,0.0,0.0,1.3,5.38
1990-12-29 20:00:00+00:00,0.0,0.0,0.0,1.21,5.38
1990-12-29 21:00:00+00:00,0.0,0.0,0.0,1.15,5.38
1990-12-29 22:00:00+00:00,0.0,0.0,0.0,0.95,5.31
1990-12-29 23:00:00+00:00,0.0,0.0,0.0,0.88,5.31
1990-12-30 00:00:00+00:00,0.0,0.0,0.0,0.92,5.24
1990-12-30 01:00:00+00:00,0.0,0.0,0.0,0.94,5.1
1990-12-30 02:00:00+00:00,0.0,0.0,0.0,1.01,5.1
1990-12-30 03:00:00+00:00,0.0,0.0,0.0,1.03,4.9
1990-12-30 04:00:00+00:00,0.0,0.0,0.0,0.9,4.83
1990-12-30 05:00:00+00:00,0.0,0.0,0.0,1.01,4.83
1990-12-30 06:00:00+00:00,0.0,0.0,0.0,1.28,4.83
1990-12-30 07:00:00+00:00,0.0,0.0,0.0,1.51,5.03
1990-12-30 08:00:00+00:00,0.0,0.0,0.0,1.8,5.24
1990-12-30 09:00:00+00:00,35.0,58.42,30.0,1.97,5.38
1990-12-30 10:00:00+00:00,78.0,51.72,69.0,2.22,5.52
1990-12-30 11:00:00+00:00,60.0,0.0,60.0,2.43,5.59
1990-12-30 12:00:00+00:00,61.0,0.0,61.0,2.62,5.66
1990-12-30 13:00:00+00:00,85.0,13.16,82.0,2.88,5.93
1990-12-30 14:00:00+00:00,16.0,0.0,16.0,2.82,6.21
1990-12-30 15:00:00+00:00,27.0,24.44,25.0,2.75,6.48
1990-12-30 16:00:00+00:00,0.0,0.0,0.0,2.55,6.55
1990-12-30 17:00:00+00:00,0.0,0.0,0.0,2.41,6.62
1990-12-30 18:00:00+00:00,0.0,0.0,0.0,2.32,6.62
1990-12-30 19:00:00+00:00,0.0,0.0,0.0,2.28,5.93
1990-12-30 20:00:00+00:00,0.0,0.0,0.0,2.19,5.66
1990-12-30 21:00:00+00:00,0.0,0.0,0.0,2.2,5.52
1990-12-30 22:00:00+00:00,0.0,0.0,0.0,2.21,5.31
1990-12-30 23:00:00+00:00,0.0,0.0,0.0,2.27,5.17
1990-12-31 00:00:00+00:00,0.0,0.0,0.0,2.34,5.24
1990-12-31 01:00:00+00:00,0.0,0.0,0.0,2.18,5.31
1990-12-31 02:00:00+00:00,0.0,0.0,0.0,2.14,5.38
1990-12-31 03:00:00+00:00,0.0,0.0,0.0,2.01,5.38
1990-12-31 04:00:00+00:00,0.0,0.0,0.0,1.81,5.24
1990-12-31 05:00:00+00:00,0.0,0.0,0.0,1.61,5.17
1990-12-31 06:00:00+00:00,0.0,0.0,0.0,1.5,5.1
1990-12-31 07:00:00+00:00,0.0,0.0,0.0,1.23,5.1
1990-12-31 08:00:00+00:00,0.0,0.0,0.0,0.97,4.9
1990-12-31 09:00:00+00:00,53.0,279.48,29.0,0.8,4.76
1990-12-31 10:00:00+00:00,114.0,240.6,72.0,1.34,4.83
1990-12-31 11:00:00+00:00,136.0,143.39,103.0,1.8,3.86
1990-12-31 12:00:00+00:00,199.0,430.01,92.0,2.23,4.41
1990-12-31 13:00:00+00:00,158.0,257.25,99.0,2.32,4.21
1990-12-31 14:00:00+00:00,75.0,40.46,68.0,2.26,4.21
1990-12-31 15:00:00+00:00,53.0,322.63,26.0,1.88,4.34
1990-12-31 16:00:00+00:00,0.0,0.0,0.0,-0.93,3.88
1990-12-31 17:00:00+00:00,0.0,0.0,0.0,-0.51,3.93
1990-12-31 18:00:00+00:00,0.0,0.0,0.0,-0.09,3.98
1990-12-31 19:00:00+00:00,0.0,0.0,0.0,0.33,4.04
1990-12-31 20:00:00+00:00,0.0,0.0,0.0,0.75,4.09
1990-12-31 21:00:00+00:00,0.0,0.0,0.0,1.17,4.14
1990-12-31 22:00:00+00:00,0.0,0.0,0.0,1.59,4.2
1990-12-31 23:00:00+00:00,0.0,0.0,0.0,2.01,4.25
