time(UTC),ghi,dni,dhi,temp_air,wind_speed
1990-01-01 00:00:00+00:00,0.0,0.0,0.0,4.64,7.46
1990-01-01 01:00:00+00:00,0.0,0.0,0.0,4.37,6.78
1990-01-01 02:00:00+00:00,0.0,0.0,0.0,4.11,6.1
1990-01-01 03:00:00+00:00,0.0,0.0,0.0,3.84,5.42
1990-01-01 04:00:00+00:00,0.0,0.0,0.0,3.57,4.74
1990-01-01 05:00:00+00:00,0.0,0.0,0.0,3.3,4.06
1990-01-01 06:00:00+00:00,0.0,0.0,0.0,3.04,3.38
1990-01-01 07:00:00+00:00,0.0,0.0,0.0,2.77,2.7
1990-01-01 08:00:00+00:00,0.0,0.0,0.0,4.61,4.48
1990-01-01 09:00:00+00:00,1.0,0.0,1.0,4.86,4.62
1990-01-01 10:00:00+00:00,17.0,0.0,17.0,5.21,4.69
1990-01-01 11:00:00+00:00,35.0,0.0,35.0,5.64,4.76
1990-01-01 12:00:00+00:00,39.0,0.0,39.0,6.05,4.41
1990-01-01 13:00:00+00:00,92.0,101.89,74.0,6.11,5.03
1990-01-01 14:00:00+00:00,10.0,0.0,10.0,6.02,4.9
1990-01-01 15:00:00+00:00,5.0,0.0,5.0,5.77,4.9
1990-01-01 16:00:00+00:00,0.0,0.0,0.0,5.62,5.1
1990-01-01 17:00:00+00:00,0.0,0.0,0.0,5.6,5.31
1990-01-01 18:00:00+00:00,0.0,0.0,0.0,5.51,5.38
1990-01-01 19:00:00+00:00,0.0,0.0,0.0,4.86,5.24
1990-01-01 20:00:00+00:00,0.0,0.0,0.0,4.81,5.31
1990-01-01 21:00:00+00:00,0.0,0.0,0.0,5.0,5.59
1990-01-01 22:00:00+00:00,0.0,0.0,0.0,5.2,5.93
1990-01-01 23:00:00+00:00,0.0,0.0,0.0,5.29,6.21
1990-01-02 00:00:00+00:00,0.0,0.0,0.0,5.47,6.55
1990-01-02 01:00:00+00:00,0.0,0.0,0.0,5.57,6.97
1990-01-02 02:00:00+00:00,0.0,0.0,0.0,5.88,7.17
1990-01-02 03:00:00+00:00,0.0,0.0,0.0,6.27,7.31
1990-01-02 04:00:00+00:00,0.0,0.0,0.0,6.49,7.52
1990-01-02 05:00:00+00:00,0.0,0.0,0.0,6.7,7.66
1990-01-02 06:00:00+00:00,0.0,0.0,0.0,6.78,7.86
1990-01-02 07:00:00+00:00,0.0,0.0,0.0,7.0,7.72
1990-01-02 08:00:00+00:00,0.0,0.0,0.0,7.2,7.86
1990-01-02 09:00:00+00:00,8.0,0.0,8.0,7.31,8.0
1990-01-02 10:00:00+00:00,85.0,424.97,35.0,7.58,8.14
1990-01-02 11:00:00+00:00,75.0,46.49,67.0,7.85,8.21
1990-01-02 12:00:00+00:00,53.0,0.0,53.0,8.09,8.07
1990-01-02 13:00:00+00:00,49.0,0.0,49.0,8.13,7.79
1990-01-02 14:00:00+00:00,39.0,7.71,38.0,7.88,7.52
1990-01-02 15:00:00+00:00,5.0,0.0,5.0,7.96,7.66
1990-01-02 16:00:00+00:00,0.0,0.0,0.0,8.2,7.31
1990-01-02 17:00:00+00:00,0.0,0.0,0.0,8.53,7.1
1990-01-02 18:00:00+00:00,0.0,0.0,0.0,8.78,7.17
1990-01-02 19:00:00+00:00,0.0,0.0,0.0,8.81,7.52
1990-01-02 20:00:00+00:00,0.0,0.0,0.0,9.21,7.86
1990-01-02 21:00:00+00:00,0.0,0.0,0.0,9.33,7.79
1990-01-02 22:00:00+00:00,0.0,0.0,0.0,9.28,7.45
1990-01-02 23:00:00+00:00,0.0,0.0,0.0,8.72,6.28
1990-01-03 00:00:00+00:00,0.0,0.0,0.0,7.31,5.66
1990-01-03 01:00:00+00:00,0.0,0.0,0.0,5.83,4.48
1990-01-03 02:00:00+00:00,0.0,0.0,0.0,4.57,3.38
1990-01-03 03:00:00+00:00,0.0,0.0,0.0,3.59,3.17
1990-01-03 04:00:00+00:00,0.0,0.0,0.0,2.95,3.38
1990-01-03 05:00:00+00:00,0.0,0.0,0.0,2.68,3.52
1990-01-03 06:00:00+00:00,0.0,0.0,0.0,2.52,3.66
1990-01-03 07:00:00+00:00,0.0,0.0,0.0,3.18,4.14
1990-01-03 08:00:00+00:00,0.0,0.0,0.0,3.67,4.41
1990-01-03 09:00:00+00:00,6.0,0.0,6.0,4.05,4.69
1990-01-03 10:00:00+00:00,75.0,278.04,42.0,4.14,4.97
1990-01-03 11:00:00+00:00,137.0,496.01,51.0,4.61,5.31
1990-01-03 12:00:00+00:00,154.0,478.5,61.0,5.14,5.59
1990-01-03 13:00:00+00:00,137.0,432.91,59.0,5.42,5.24
1990-01-03 14:00:00+00:00,71.0,151.73,51.0,5.46,5.24
1990-01-03 15:00:00+00:00,16.0,0.0,16.0,5.26,5.24
1990-01-03 16:00:00+00:00,0.0,0.0,0.0,5.12,5.24
1990-01-03 17:00:00+00:00,0.0,0.0,0.0,4.88,5.24
1990-01-03 18:00:00+00:00,0.0,0.0,0.0,4.79,5.31
1990-01-03 19:00:00+00:00,0.0,0.0,0.0,5.18,5.66
1990-01-03 20:00:00+00:00,0.0,0.0,0.0,5.2,5.79
1990-01-03 21:00:00+00:00,0.0,0.0,0.0,5.51,5.93
1990-01-03 22:00:00+00:00,0.0,0.0,0.0,6.15,6.28
1990-01-03 23:00:00+00:00,0.0,0.0,0.0,6.22,6.21
1990-01-04 00:00:00+00:00,0.0,0.0,0.0,5.93,6.14
1990-01-04 01:00:00+00:00,0.0,0.0,0.0,5.94,6.28
1990-01-04 02:00:00+00:00,0.0,0.0,0.0,6.27,6.21
1990-01-04 03:00:00+00:00,0.0,0.0,0.0,6.48,6.21
1990-01-04 04:00:00+00:00,0.0,0.0,0.0,6.81,6.28
1990-01-04 05:00:00+00:00,0.0,0.0,0.0,7.02,6.21
1990-01-04 06:00:00+00:00,0.0,0.0,0.0,6.98,6.0
1990-01-04 07:00:00+00:00,0.0,0.0,0.0,6.76,5.93
1990-01-04 08:00:00+00:00,0.0,0.0,0.0,6.9,5.59
1990-01-04 09:00:00+00:00,1.0,0.0,1.0,7.08,5.31
1990-01-04 10:00:00+00:00,60.0,125.16,45.0,7.23,5.1
1990-01-04 11:00:00+00:00,74.0,45.76,66.0,7.43,4.97
1990-01-04 12:00:00+00:00,58.0,5.1,57.0,7.78,4.97
1990-01-04 13:00:00+00:00,22.0,0.0,22.0,8.16,5.1
1990-01-04 14:00:00+00:00,19.0,0.0,19.0,8.09,4.76
1990-01-04 15:00:00+00:00,2.0,0.0,2.0,7.67,4.62
1990-01-04 16:00:00+00:00,0.0,0.0,0.0,7.34,4.48
1990-01-04 17:00:00+00:00,0.0,0.0,0.0,7.31,4.48
1990-01-04 18:00:00+00:00,0.0,0.0,0.0,7.3,4.48
1990-01-04 19:00:00+00:00,0.0,0.0,0.0,7.03,4.62
1990-01-04 20:00:00+00:00,0.0,0.0,0.0,6.95,4.48
1990-01-04 21:00:00+00:00,0.0,0.0,0.0,6.97,4.69
1990-01-04 22:00:00+00:00,0.0,0.0,0.0,7.07,4.97
1990-01-04 23:00:00+00:00,0.0,0.0,0.0,7.26,5.17
1990-01-05 00:00:00+00:00,0.0,0.0,0.0,7.45,5.38
1990-01-05 01:00:00+00:00,0.0,0.0,0.0,7.41,5.66
1990-01-05 02:00:00+00:00,0.0,0.0,0.0,7.43,6.0
1990-01-05 03:00:00+00:00,0.0,0.0,0.0,7.39,6.14
1990-01-05 04:00:00+00:00,0.0,0.0,0.0,7.32,6.28
1990-01-05 05:00:00+00:00,0.0,0.0,0.0,7.19,6.28
1990-01-05 06:00:00+00:00,0.0,0.0,0.0,6.95,6.28
1990-01-05 07:00:00+00:00,0.0,0.0,0.0,7.17,6.41
1990-01-05 08:00:00+00:00,0.0,0.0,0.0,7.19,6.28
1990-01-05 09:00:00+00:00,9.0,0.0,9.0,7.27,6.0
1990-01-05 10:00:00+00:00,64.0,148.6,46.0,7.64,5.93
1990-01-05 11:00:00+00:00,86.0,79.37,72.0,7.96,6.14
1990-01-05 12:00:00+00:00,47.0,0.0,47.0,8.33,6.14
1990-01-05 13:00:00+00:00,48.0,0.0,48.0,8.6,6.07
1990-01-05 14:00:00+00:00,35.0,0.0,35.0,8.72,6.0
1990-01-05 15:00:00+00:00,5.0,0.0,5.0,8.78,5.93
1990-01-05 16:00:00+00:00,0.0,0.0,0.0,8.72,5.79
1990-01-05 17:00:00+00:00,0.0,0.0,0.0,8.78,5.72
1990-01-05 18:00:00+00:00,0.0,0.0,0.0,8.88,5.66
1990-01-05 19:00:00+00:00,0.0,0.0,0.0,9.19,5.45
1990-01-05 20:00:00+00:00,0.0,0.0,0.0,9.24,5.45
1990-01-05 21:00:00+00:00,0.0,0.0,0.0,9.26,5.45
1990-01-05 22:00:00+00:00,0.0,0.0,0.0,9.13,5.45
1990-01-05 23:00:00+00:00,0.0,0.0,0.0,8.81,5.38
1990-01-06 00:00:00+00:00,0.0,0.0,0.0,8.39,5.72
1990-01-06 01:00:00+00:00,0.0,0.0,0.0,7.87,6.21
1990-01-06 02:00:00+00:00,0.0,0.0,0.0,7.49,6.48
1990-01-06 03:00:00+00:00,0.0,0.0,0.0,7.41,6.62
1990-01-06 04:00:00+00:00,0.0,0.0,0.0,7.4,6.83
1990-01-06 05:00:00+00:00,0.0,0.0,0.0,7.46,7.17
1990-01-06 06:00:00+00:00,0.0,0.0,0.0,7.34,7.52
1990-01-06 07:00:00+00:00,0.0,0.0,0.0,7.46,7.52
1990-01-06 08:00:00+00:00,0.0,0.0,0.0,7.41,7.79
1990-01-06 09:00:00+00:00,1.0,0.0,1.0,7.67,8.34
1990-01-06 10:00:00+00:00,21.0,0.0,21.0,7.98,8.48
1990-01-06 11:00:00+00:00,115.0,241.48,72.0,8.16,8.69
1990-01-06 12:00:00+00:00,47.0,0.0,47.0,8.2,8.62
1990-01-06 13:00:00+00:00,132.0,332.64,70.0,7.95,8.07
1990-01-06 14:00:00+00:00,86.0,245.28,52.0,8.03,7.31
1990-01-06 15:00:00+00:00,3.0,0.0,3.0,7.91,6.55
1990-01-06 16:00:00+00:00,0.0,0.0,0.0,7.34,5.93
1990-01-06 17:00:00+00:00,0.0,0.0,0.0,6.64,6.21
1990-01-06 18:00:00+00:00,0.0,0.0,0.0,6.02,6.14
1990-01-06 19:00:00+00:00,0.0,0.0,0.0,6.11,6.07
1990-01-06 20:00:00+00:00,0.0,0.0,0.0,5.9,5.93
1990-01-06 21:00:00+00:00,0.0,0.0,0.0,5.62,5.45
1990-01-06 22:00:00+00:00,0.0,0.0,0.0,5.41,5.31
1990-01-06 23:00:00+00:00,0.0,0.0,0.0,5.25,5.17
1990-01-07 00:00:00+00:00,0.0,0.0,0.0,5.06,5.17
1990-01-07 01:00:00+00:00,0.0,0.0,0.0,4.94,5.31
1990-01-07 02:00:00+00:00,0.0,0.0,0.0,4.74,5.17
1990-01-07 03:00:00+00:00,0.0,0.0,0.0,4.71,5.1
1990-01-07 04:00:00+00:00,0.0,0.0,0.0,4.81,5.45
1990-01-07 05:00:00+00:00,0.0,0.0,0.0,5.24,6.07
1990-01-07 06:00:00+00:00,0.0,0.0,0.0,5.73,6.41
1990-01-07 07:00:00+00:00,0.0,0.0,0.0,6.77,7.38
1990-01-07 08:00:00+00:00,0.0,0.0,0.0,7.61,8.28
1990-01-07 09:00:00+00:00,1.0,0.0,1.0,8.01,8.69
1990-01-07 10:00:00+00:00,47.0,32.24,43.0,8.48,9.31
1990-01-07 11:00:00+00:00,33.0,0.0,33.0,9.43,9.79
1990-01-07 12:00:00+00:00,29.0,0.0,29.0,10.29,10.14
1990-01-07 13:00:00+00:00,52.0,0.0,52.0,10.81,10.34
1990-01-07 14:00:00+00:00,38.0,7.09,37.0,11.16,10.34
1990-01-07 15:00:00+00:00,17.0,0.0,17.0,11.28,10.14
1990-01-07 16:00:00+00:00,0.0,0.0,0.0,11.44,9.52
1990-01-07 17:00:00+00:00,0.0,0.0,0.0,11.63,9.24
1990-01-07 18:00:00+00:00,0.0,0.0,0.0,11.85,9.38
1990-01-07 19:00:00+00:00,0.0,0.0,0.0,12.04,9.66
1990-01-07 20:00:00+00:00,0.0,0.0,0.0,11.31,9.1
1990-01-07 21:00:00+00:00,0.0,0.0,0.0,10.46,8.97
1990-01-07 22:00:00+00:00,0.0,0.0,0.0,9.76,9.31
1990-01-07 23:00:00+00:00,0.0,0.0,0.0,8.91,8.76
1990-01-08 00:00:00+00:00,0.0,0.0,0.0,7.79,8.07
1990-01-08 01:00:00+00:00,0.0,0.0,0.0,6.98,7.59
1990-01-08 02:00:00+00:00,0.0,0.0,0.0,6.2,6.83
1990-01-08 03:00:00+00:00,0.0,0.0,0.0,5.66,6.48
1990-01-08 04:00:00+00:00,0.0,0.0,0.0,5.15,6.48
1990-01-08 05:00:00+00:00,0.0,0.0,0.0,4.63,6.14
1990-01-08 06:00:00+00:00,0.0,0.0,0.0,4.38,5.86
1990-01-08 07:00:00+00:00,0.0,0.0,0.0,4.85,5.79
1990-01-08 08:00:00+00:00,0.0,0.0,0.0,4.52,5.86
1990-01-08 09:00:00+00:00,8.0,0.0,8.0,4.19,5.79
1990-01-08 10:00:00+00:00,80.0,270.37,46.0,4.42,6.0
1990-01-08 11:00:00+00:00,151.0,555.47,50.0,4.73,6.21
1990-01-08 12:00:00+00:00,165.0,499.69,63.0,5.06,6.48
1990-01-08 13:00:00+00:00,157.0,533.65,55.0,5.08,5.52
1990-01-08 14:00:00+00:00,70.0,90.44,57.0,5.02,6.76
1990-01-08 15:00:00+00:00,20.0,0.0,20.0,4.7,5.93
1990-01-08 16:00:00+00:00,0.0,0.0,0.0,4.08,5.59
1990-01-08 17:00:00+00:00,0.0,0.0,0.0,3.65,5.45
1990-01-08 18:00:00+00:00,0.0,0.0,0.0,3.44,5.24
1990-01-08 19:00:00+00:00,0.0,0.0,0.0,3.6,4.62
1990-01-08 20:00:00+00:00,0.0,0.0,0.0,3.29,3.93
1990-01-08 21:00:00+00:00,0.0,0.0,0.0,3.23,3.03
1990-01-08 22:00:00+00:00,0.0,0.0,0.0,3.06,2.41
1990-01-08 23:00:00+00:00,0.0,0.0,0.0,2.9,2.14
1990-01-09 00:00:00+00:00,0.0,0.0,0.0,2.86,1.86
1990-01-09 01:00:00+00:00,0.0,0.0,0.0,2.65,1.52
1990-01-09 02:00:00+00:00,0.0,0.0,0.0,2.3,1.24
1990-01-09 03:00:00+00:00,0.0,0.0,0.0,2.06,1.45
1990-01-09 04:00:00+00:00,0.0,0.0,0.0,2.24,1.72
1990-01-09 05:00:00+00:00,0.0,0.0,0.0,2.25,2.07
1990-01-09 06:00:00+00:00,0.0,0.0,0.0,2.31,2.48
1990-01-09 07:00:00+00:00,0.0,0.0,0.0,2.5,2.76
1990-01-09 08:00:00+00:00,0.0,0.0,0.0,2.52,3.1
1990-01-09 09:00:00+00:00,2.0,0.0,2.0,2.55,3.03
1990-01-09 10:00:00+00:00,8.0,0.0,8.0,2.52,3.1
1990-01-09 11:00:00+00:00,42.0,0.0,42.0,2.48,3.03
1990-01-09 12:00:00+00:00,137.0,251.87,85.0,2.99,3.31
1990-01-09 13:00:00+00:00,123.0,222.01,80.0,3.44,2.69
1990-01-09 14:00:00+00:00,73.0,102.41,58.0,3.73,2.14
1990-01-09 15:00:00+00:00,7.0,0.0,7.0,3.65,1.93
1990-01-09 16:00:00+00:00,0.0,0.0,0.0,3.29,2.0
1990-01-09 17:00:00+00:00,0.0,0.0,0.0,2.9,2.0
1990-01-09 18:00:00+00:00,0.0,0.0,0.0,2.47,1.93
1990-01-09 19:00:00+00:00,0.0,0.0,0.0,2.6,1.72
1990-01-09 20:00:00+00:00,0.0,0.0,0.0,2.47,1.93
1990-01-09 21:00:00+00:00,0.0,0.0,0.0,2.22,2.07
1990-01-09 22:00:00+00:00,0.0,0.0,0.0,1.86,2.07
1990-01-09 23:00:00+00:00,0.0,0.0,0.0,1.07,2.21
1990-01-10 00:00:00+00:00,0.0,0.0,0.0,0.47,2.14
1990-01-10 01:00:00+00:00,0.0,0.0,0.0,-0.19,2.21
1990-01-10 02:00:00+00:00,0.0,0.0,0.0,-0.65,2.28
1990-01-10 03:00:00+00:00,0.0,0.0,0.0,-0.74,2.41
1990-01-10 04:00:00+00:00,0.0,0.0,0.0,-0.74,2.48
1990-01-10 05:00:00+00:00,0.0,0.0,0.0,-0.53,2.62
1990-01-10 06:00:00+00:00,0.0,0.0,0.0,-0.11,2.62
1990-01-10 07:00:00+00:00,0.0,0.0,0.0,0.52,2.62
1990-01-10 08:00:00+00:00,0.0,0.0,0.0,1.39,2.69
1990-01-10 09:00:00+00:00,6.0,0.0,6.0,2.22,2.83
1990-01-10 10:00:00+00:00,89.0,355.29,43.0,3.1,2.97
1990-01-10 11:00:00+00:00,125.0,279.44,73.0,3.9,2.97
1990-01-10 12:00:00+00:00,143.0,282.43,84.0,4.56,3.03
1990-01-10 13:00:00+00:00,129.0,249.55,80.0,4.73,3.72
1990-01-10 14:00:00+00:00,83.0,154.05,60.0,4.65,4.48
1990-01-10 15:00:00+00:00,12.0,0.0,12.0,4.32,4.9
1990-01-10 16:00:00+00:00,0.0,0.0,0.0,3.96,5.38
1990-01-10 17:00:00+00:00,0.0,0.0,0.0,3.91,5.66
1990-01-10 18:00:00+00:00,0.0,0.0,0.0,4.18,6.55
1990-01-10 19:00:00+00:00,0.0,0.0,0.0,5.4,7.59
1990-01-10 20:00:00+00:00,0.0,0.0,0.0,5.82,8.28
1990-01-10 21:00:00+00:00,0.0,0.0,0.0,6.32,9.1
1990-01-10 22:00:00+00:00,0.0,0.0,0.0,6.8,9.66
1990-01-10 23:00:00+00:00,0.0,0.0,0.0,7.39,10.07
1990-01-11 00:00:00+00:00,0.0,0.0,0.0,7.82,10.14
1990-01-11 01:00:00+00:00,0.0,0.0,0.0,8.22,10.07
1990-01-11 02:00:00+00:00,0.0,0.0,0.0,8.56,10.0
1990-01-11 03:00:00+00:00,0.0,0.0,0.0,9.06,10.21
1990-01-11 04:00:00+00:00,0.0,0.0,0.0,9.39,10.34
1990-01-11 05:00:00+00:00,0.0,0.0,0.0,9.39,10.34
1990-01-11 06:00:00+00:00,0.0,0.0,0.0,9.3,10.28
1990-01-11 07:00:00+00:00,0.0,0.0,0.0,9.47,10.14
1990-01-11 08:00:00+00:00,0.0,0.0,0.0,9.58,10.07
1990-01-11 09:00:00+00:00,14.0,44.76,12.0,9.73,10.0
1990-01-11 10:00:00+00:00,26.0,0.0,26.0,9.91,9.93
1990-01-11 11:00:00+00:00,28.0,0.0,28.0,10.17,9.24
1990-01-11 12:00:00+00:00,51.0,0.0,51.0,10.5,8.41
1990-01-11 13:00:00+00:00,30.0,0.0,30.0,10.16,6.83
1990-01-11 14:00:00+00:00,33.0,0.0,33.0,9.2,5.72
1990-01-11 15:00:00+00:00,15.0,0.0,15.0,8.22,5.38
1990-01-11 16:00:00+00:00,0.0,0.0,0.0,7.74,5.59
1990-01-11 17:00:00+00:00,0.0,0.0,0.0,7.63,5.66
1990-01-11 18:00:00+00:00,0.0,0.0,0.0,7.47,5.86
1990-01-11 19:00:00+00:00,0.0,0.0,0.0,7.06,6.0
1990-01-11 20:00:00+00:00,0.0,0.0,0.0,6.57,5.66
1990-01-11 21:00:00+00:00,0.0,0.0,0.0,6.33,5.24
1990-01-11 22:00:00+00:00,0.0,0.0,0.0,5.84,4.83
1990-01-11 23:00:00+00:00,0.0,0.0,0.0,5.42,4.41
1990-01-12 00:00:00+00:00,0.0,0.0,0.0,4.94,3.93
1990-01-12 01:00:00+00:00,0.0,0.0,0.0,4.59,3.52
1990-01-12 02:00:00+00:00,0.0,0.0,0.0,4.02,3.1
1990-01-12 03:00:00+00:00,0.0,0.0,0.0,3.57,2.97
1990-01-12 04:00:00+00:00,0.0,0.0,0.0,3.33,2.97
1990-01-12 05:00:00+00:00,0.0,0.0,0.0,3.23,2.97
1990-01-12 06:00:00+00:00,0.0,0.0,0.0,3.21,2.97
1990-01-12 07:00:00+00:00,0.0,0.0,0.0,3.68,3.72
1990-01-12 08:00:00+00:00,0.0,0.0,0.0,4.19,4.21
1990-01-12 09:00:00+00:00,3.0,0.0,3.0,4.43,4.62
1990-01-12 10:00:00+00:00,95.0,381.5,44.0,4.59,5.17
1990-01-12 11:00:00+00:00,163.0,592.13,50.0,4.71,5.38
1990-01-12 12:00:00+00:00,180.0,555.68,61.0,4.99,5.31
1990-01-12 13:00:00+00:00,175.0,608.8,52.0,5.07,4.97
1990-01-12 14:00:00+00:00,99.0,251.1,60.0,5.0,5.31
1990-01-12 15:00:00+00:00,25.0,0.0,25.0,4.61,5.38
1990-01-12 16:00:00+00:00,0.0,0.0,0.0,3.89,4.97
1990-01-12 17:00:00+00:00,0.0,0.0,0.0,3.37,5.03
1990-01-12 18:00:00+00:00,0.0,0.0,0.0,3.04,4.9
1990-01-12 19:00:00+00:00,0.0,0.0,0.0,3.62,4.97
1990-01-12 20:00:00+00:00,0.0,0.0,0.0,3.57,4.69
1990-01-12 21:00:00+00:00,0.0,0.0,0.0,3.46,4.48
1990-01-12 22:00:00+00:00,0.0,0.0,0.0,3.41,4.48
1990-01-12 23:00:00+00:00,0.0,0.0,0.0,3.41,4.55
1990-01-13 00:00:00+00:00,0.0,0.0,0.0,3.39,4.48
1990-01-13 01:00:00+00:00,0.0,0.0,0.0,3.32,4.62
1990-01-13 02:00:00+00:00,0.0,0.0,0.0,3.27,4.83
1990-01-13 03:00:00+00:00,0.0,0.0,0.0,3.28,4.62
1990-01-13 04:00:00+00:00,0.0,0.0,0.0,3.29,4.62
1990-01-13 05:00:00+00:00,0.0,0.0,0.0,3.15,4.62
1990-01-13 06:00:00+00:00,0.0,0.0,0.0,3.29,4.62
1990-01-13 07:00:00+00:00,0.0,0.0,0.0,3.81,5.31
1990-01-13 08:00:00+00:00,0.0,0.0,0.0,4.01,5.52
1990-01-13 09:00:00+00:00,2.0,0.0,2.0,4.27,6.0
1990-01-13 10:00:00+00:00,51.0,29.42,47.0,4.92,6.62
1990-01-13 11:00:00+00:00,33.0,0.0,33.0,5.36,7.03
1990-01-13 12:00:00+00:00,56.0,0.0,56.0,5.53,7.24
1990-01-13 13:00:00+00:00,55.0,0.0,55.0,5.62,7.45
1990-01-13 14:00:00+00:00,38.0,0.0,38.0,5.69,7.93
1990-01-13 15:00:00+00:00,9.0,0.0,9.0,5.47,8.41
1990-01-13 16:00:00+00:00,0.0,0.0,0.0,5.58,9.03
1990-01-13 17:00:00+00:00,0.0,0.0,0.0,5.25,9.45
1990-01-13 18:00:00+00:00,0.0,0.0,0.0,5.42,8.97
1990-01-13 19:00:00+00:00,0.0,0.0,0.0,6.05,9.17
1990-01-13 20:00:00+00:00,0.0,0.0,0.0,5.85,9.31
1990-01-13 21:00:00+00:00,0.0,0.0,0.0,5.93,8.62
1990-01-13 22:00:00+00:00,0.0,0.0,0.0,5.63,8.0
1990-01-13 23:00:00+00:00,0.0,0.0,0.0,5.12,7.38
1990-01-14 00:00:00+00:00,0.0,0.0,0.0,4.66,7.52
1990-01-14 01:00:00+00:00,0.0,0.0,0.0,3.98,7.45
1990-01-14 02:00:00+00:00,0.0,0.0,0.0,3.66,7.66
1990-01-14 03:00:00+00:00,0.0,0.0,0.0,3.36,7.72
1990-01-14 04:00:00+00:00,0.0,0.0,0.0,2.99,7.66
1990-01-14 05:00:00+00:00,0.0,0.0,0.0,2.98,7.59
1990-01-14 06:00:00+00:00,0.0,0.0,0.0,2.89,7.52
1990-01-14 07:00:00+00:00,0.0,0.0,0.0,3.67,6.9
1990-01-14 08:00:00+00:00,0.0,0.0,0.0,3.7,6.62
1990-01-14 09:00:00+00:00,10.0,0.0,10.0,3.62,6.14
1990-01-14 10:00:00+00:00,80.0,187.88,54.0,3.98,5.72
1990-01-14 11:00:00+00:00,99.0,81.6,83.0,4.58,5.79
1990-01-14 12:00:00+00:00,31.0,0.0,31.0,5.13,5.66
1990-01-14 13:00:00+00:00,34.0,0.0,34.0,4.76,5.1
1990-01-14 14:00:00+00:00,22.0,0.0,22.0,3.9,4.14
1990-01-14 15:00:00+00:00,10.0,0.0,10.0,3.11,3.45
1990-01-14 16:00:00+00:00,0.0,0.0,0.0,2.7,3.66
1990-01-14 17:00:00+00:00,0.0,0.0,0.0,2.58,3.79
1990-01-14 18:00:00+00:00,0.0,0.0,0.0,2.76,4.48
1990-01-14 19:00:00+00:00,0.0,0.0,0.0,3.28,5.24
1990-01-14 20:00:00+00:00,0.0,0.0,0.0,3.59,5.86
1990-01-14 21:00:00+00:00,0.0,0.0,0.0,3.23,6.07
1990-01-14 22:00:00+00:00,0.0,0.0,0.0,3.06,6.14
1990-01-14 23:00:00+00:00,0.0,0.0,0.0,3.02,6.34
1990-01-15 00:00:00+00:00,0.0,0.0,0.0,3.09,6.41
1990-01-15 01:00:00+00:00,0.0,0.0,0.0,3.01,6.62
1990-01-15 02:00:00+00:00,0.0,0.0,0.0,3.01,6.76
1990-01-15 03:00:00+00:00,0.0,0.0,0.0,3.1,6.9
1990-01-15 04:00:00+00:00,0.0,0.0,0.0,3.18,6.97
1990-01-15 05:00:00+00:00,0.0,0.0,0.0,3.23,7.03
1990-01-15 06:00:00+00:00,0.0,0.0,0.0,3.32,7.1
1990-01-15 07:00:00+00:00,0.0,0.0,0.0,3.91,7.38
1990-01-15 08:00:00+00:00,0.0,0.0,0.0,4.02,7.52
1990-01-15 09:00:00+00:00,9.0,0.0,9.0,4.05,7.66
1990-01-15 10:00:00+00:00,86.0,219.99,55.0,4.47,8.07
1990-01-15 11:00:00+00:00,141.0,316.8,78.0,5.17,8.55
1990-01-15 12:00:00+00:00,158.0,300.58,91.0,5.68,8.9
1990-01-15 13:00:00+00:00,156.0,364.25,79.0,5.98,9.52
1990-01-15 14:00:00+00:00,69.0,42.39,62.0,6.06,9.93
1990-01-15 15:00:00+00:00,38.0,91.71,30.0,5.94,9.79
1990-01-15 16:00:00+00:00,0.0,0.0,0.0,5.7,9.72
1990-01-15 17:00:00+00:00,0.0,0.0,0.0,5.56,9.72
1990-01-15 18:00:00+00:00,0.0,0.0,0.0,5.46,9.1
1990-01-15 19:00:00+00:00,0.0,0.0,0.0,5.61,9.52
1990-01-15 20:00:00+00:00,0.0,0.0,0.0,5.33,8.83
1990-01-15 21:00:00+00:00,0.0,0.0,0.0,5.05,8.14
1990-01-15 22:00:00+00:00,0.0,0.0,0.0,4.91,7.66
1990-01-15 23:00:00+00:00,0.0,0.0,0.0,4.68,6.97
1990-01-16 00:00:00+00:00,0.0,0.0,0.0,4.46,6.48
1990-01-16 01:00:00+00:00,0.0,0.0,0.0,4.2,6.34
1990-01-16 02:00:00+00:00,0.0,0.0,0.0,4.13,6.0
1990-01-16 03:00:00+00:00,0.0,0.0,0.0,4.17,5.79
1990-01-16 04:00:00+00:00,0.0,0.0,0.0,4.5,5.52
1990-01-16 05:00:00+00:00,0.0,0.0,0.0,4.68,5.24
1990-01-16 06:00:00+00:00,0.0,0.0,0.0,4.85,4.83
1990-01-16 07:00:00+00:00,0.0,0.0,0.0,5.67,5.45
1990-01-16 08:00:00+00:00,0.0,0.0,0.0,6.09,5.93
1990-01-16 09:00:00+00:00,17.0,36.11,15.0,6.34,6.0
1990-01-16 10:00:00+00:00,64.0,62.69,55.0,6.7,6.21
1990-01-16 11:00:00+00:00,55.0,0.0,55.0,7.06,6.34
1990-01-16 12:00:00+00:00,66.0,0.0,66.0,7.33,5.79
1990-01-16 13:00:00+00:00,39.0,0.0,39.0,7.24,5.1
1990-01-16 14:00:00+00:00,30.0,0.0,30.0,7.13,5.72
1990-01-16 15:00:00+00:00,12.0,0.0,12.0,7.27,6.62
1990-01-16 16:00:00+00:00,0.0,0.0,0.0,7.82,7.66
1990-01-16 17:00:00+00:00,0.0,0.0,0.0,8.38,7.93
1990-01-16 18:00:00+00:00,0.0,0.0,0.0,8.8,8.07
1990-01-16 19:00:00+00:00,0.0,0.0,0.0,8.79,7.31
1990-01-16 20:00:00+00:00,0.0,0.0,0.0,8.65,6.69
1990-01-16 21:00:00+00:00,0.0,0.0,0.0,8.08,6.07
1990-01-16 22:00:00+00:00,0.0,0.0,0.0,6.95,6.07
1990-01-16 23:00:00+00:00,0.0,0.0,0.0,6.02,6.28
1990-01-17 00:00:00+00:00,0.0,0.0,0.0,5.58,6.07
1990-01-17 01:00:00+00:00,0.0,0.0,0.0,5.21,5.72
1990-01-17 02:00:00+00:00,0.0,0.0,0.0,4.78,5.1
1990-01-17 03:00:00+00:00,0.0,0.0,0.0,4.4,4.76
1990-01-17 04:00:00+00:00,0.0,0.0,0.0,3.91,4.28
1990-01-17 05:00:00+00:00,0.0,0.0,0.0,3.5,4.0
1990-01-17 06:00:00+00:00,0.0,0.0,0.0,3.22,3.86
1990-01-17 07:00:00+00:00,0.0,0.0,0.0,3.11,3.86
1990-01-17 08:00:00+00:00,0.0,0.0,0.0,3.19,3.93
1990-01-17 09:00:00+00:00,10.0,0.0,10.0,3.25,3.79
1990-01-17 10:00:00+00:00,79.0,136.67,59.0,3.65,3.79
1990-01-17 11:00:00+00:00,123.0,166.01,89.0,4.28,4.28
1990-01-17 12:00:00+00:00,136.0,152.64,101.0,4.81,4.76
1990-01-17 13:00:00+00:00,173.0,453.77,74.0,5.02,5.03
1990-01-17 14:00:00+00:00,98.0,151.02,72.0,5.08,5.72
1990-01-17 15:00:00+00:00,13.0,0.0,13.0,4.86,5.45
1990-01-17 16:00:00+00:00,0.0,0.0,0.0,4.45,5.17
1990-01-17 17:00:00+00:00,0.0,0.0,0.0,4.12,5.17
1990-01-17 18:00:00+00:00,0.0,0.0,0.0,3.98,5.24
1990-01-17 19:00:00+00:00,0.0,0.0,0.0,4.17,4.62
1990-01-17 20:00:00+00:00,0.0,0.0,0.0,4.01,4.55
1990-01-17 21:00:00+00:00,0.0,0.0,0.0,3.77,4.41
1990-01-17 22:00:00+00:00,0.0,0.0,0.0,3.51,4.34
1990-01-17 23:00:00+00:00,0.0,0.0,0.0,3.15,4.62
1990-01-18 00:00:00+00:00,0.0,0.0,0.0,2.96,4.83
1990-01-18 01:00:00+00:00,0.0,0.0,0.0,2.74,4.83
1990-01-18 02:00:00+00:00,0.0,0.0,0.0,2.5,4.83
1990-01-18 03:00:00+00:00,0.0,0.0,0.0,2.44,4.9
1990-01-18 04:00:00+00:00,0.0,0.0,0.0,2.33,5.03
1990-01-18 05:00:00+00:00,0.0,0.0,0.0,2.3,5.03
1990-01-18 06:00:00+00:00,0.0,0.0,0.0,2.21,5.03
1990-01-18 07:00:00+00:00,0.0,0.0,0.0,2.41,5.24
1990-01-18 08:00:00+00:00,0.0,0.0,0.0,2.31,5.24
1990-01-18 09:00:00+00:00,28.0,148.74,19.0,2.25,5.17
1990-01-18 10:00:00+00:00,105.0,355.18,52.0,2.65,5.03
1990-01-18 11:00:00+00:00,169.0,490.52,67.0,3.36,4.69
1990-01-18 12:00:00+00:00,183.0,421.2,85.0,4.05,5.24
1990-01-18 13:00:00+00:00,174.0,428.48,79.0,4.63,4.97
1990-01-18 14:00:00+00:00,128.0,363.99,64.0,4.88,4.55
1990-01-18 15:00:00+00:00,43.0,81.52,35.0,4.73,4.28
1990-01-18 16:00:00+00:00,0.0,0.0,0.0,4.17,4.0
1990-01-18 17:00:00+00:00,0.0,0.0,0.0,3.51,3.72
1990-01-18 18:00:00+00:00,0.0,0.0,0.0,2.97,3.66
1990-01-18 19:00:00+00:00,0.0,0.0,0.0,2.84,4.0
1990-01-18 20:00:00+00:00,0.0,0.0,0.0,2.61,3.72
1990-01-18 21:00:00+00:00,0.0,0.0,0.0,2.33,3.45
1990-01-18 22:00:00+00:00,0.0,0.0,0.0,2.01,3.17
1990-01-18 23:00:00+00:00,0.0,0.0,0.0,1.69,3.03
1990-01-19 00:00:00+00:00,0.0,0.0,0.0,1.44,2.97
1990-01-19 01:00:00+00:00,0.0,0.0,0.0,1.15,2.9
1990-01-19 02:00:00+00:00,0.0,0.0,0.0,0.95,2.83
1990-01-19 03:00:00+00:00,0.0,0.0,0.0,0.84,2.83
1990-01-19 04:00:00+00:00,0.0,0.0,0.0,0.78,2.76
1990-01-19 05:00:00+00:00,0.0,0.0,0.0,0.83,2.9
1990-01-19 06:00:00+00:00,0.0,0.0,0.0,1.03,2.97
1990-01-19 07:00:00+00:00,0.0,0.0,0.0,1.02,2.97
1990-01-19 08:00:00+00:00,0.0,0.0,0.0,1.25,3.17
1990-01-19 09:00:00+00:00,34.0,252.98,18.0,1.55,3.24
1990-01-19 10:00:00+00:00,83.0,137.96,62.0,2.51,3.38
1990-01-19 11:00:00+00:00,74.0,9.47,72.0,3.83,3.86
1990-01-19 12:00:00+00:00,43.0,0.0,43.0,4.67,4.14
1990-01-19 13:00:00+00:00,38.0,0.0,38.0,5.02,4.28
1990-01-19 14:00:00+00:00,18.0,0.0,18.0,5.01,4.62
1990-01-19 15:00:00+00:00,19.0,0.0,19.0,5.09,5.03
1990-01-19 16:00:00+00:00,0.0,0.0,0.0,4.66,5.24
1990-01-19 17:00:00+00:00,0.0,0.0,0.0,4.08,5.31
1990-01-19 18:00:00+00:00,0.0,0.0,0.0,3.73,5.31
1990-01-19 19:00:00+00:00,0.0,0.0,0.0,4.3,6.07
1990-01-19 20:00:00+00:00,0.0,0.0,0.0,4.28,6.07
1990-01-19 21:00:00+00:00,0.0,0.0,0.0,4.26,6.07
1990-01-19 22:00:00+00:00,0.0,0.0,0.0,4.17,6.07
1990-01-19 23:00:00+00:00,0.0,0.0,0.0,4.05,6.07
1990-01-20 00:00:00+00:00,0.0,0.0,0.0,4.04,6.0
1990-01-20 01:00:00+00:00,0.0,0.0,0.0,3.88,5.93
1990-01-20 02:00:00+00:00,0.0,0.0,0.0,3.96,5.93
1990-01-20 03:00:00+00:00,0.0,0.0,0.0,3.96,5.93
1990-01-20 04:00:00+00:00,0.0,0.0,0.0,3.98,5.93
1990-01-20 05:00:00+00:00,0.0,0.0,0.0,4.0,5.93
1990-01-20 06:00:00+00:00,0.0,0.0,0.0,4.15,5.93
1990-01-20 07:00:00+00:00,0.0,0.0,0.0,4.49,5.59
1990-01-20 08:00:00+00:00,0.0,0.0,0.0,4.49,5.66
1990-01-20 09:00:00+00:00,10.0,0.0,10.0,4.39,5.59
1990-01-20 10:00:00+00:00,71.0,64.38,61.0,4.83,5.66
1990-01-20 11:00:00+00:00,59.0,0.0,59.0,5.5,5.03
1990-01-20 12:00:00+00:00,75.0,4.17,74.0,6.14,5.86
1990-01-20 13:00:00+00:00,45.0,0.0,45.0,6.49,6.07
1990-01-20 14:00:00+00:00,22.0,0.0,22.0,6.59,6.21
1990-01-20 15:00:00+00:00,15.0,0.0,15.0,6.32,6.34
1990-01-20 16:00:00+00:00,0.0,0.0,0.0,5.99,6.21
1990-01-20 17:00:00+00:00,0.0,0.0,0.0,5.81,6.21
1990-01-20 18:00:00+00:00,0.0,0.0,0.0,5.82,6.21
1990-01-20 19:00:00+00:00,0.0,0.0,0.0,5.77,6.21
1990-01-20 20:00:00+00:00,0.0,0.0,0.0,5.91,6.28
1990-01-20 21:00:00+00:00,0.0,0.0,0.0,6.04,6.41
1990-01-20 22:00:00+00:00,0.0,0.0,0.0,6.2,6.41
1990-01-20 23:00:00+00:00,0.0,0.0,0.0,6.36,6.28
1990-01-21 00:00:00+00:00,0.0,0.0,0.0,6.5,5.86
1990-01-21 01:00:00+00:00,0.0,0.0,0.0,6.61,5.38
1990-01-21 02:00:00+00:00,0.0,0.0,0.0,6.75,5.1
1990-01-21 03:00:00+00:00,0.0,0.0,0.0,6.96,5.03
1990-01-21 04:00:00+00:00,0.0,0.0,0.0,7.16,4.83
1990-01-21 05:00:00+00:00,0.0,0.0,0.0,7.3,4.34
1990-01-21 06:00:00+00:00,0.0,0.0,0.0,7.37,3.93
1990-01-21 07:00:00+00:00,0.0,0.0,0.0,7.45,4.14
1990-01-21 08:00:00+00:00,0.0,0.0,0.0,7.54,4.14
1990-01-21 09:00:00+00:00,31.0,130.3,22.0,7.71,4.55
1990-01-21 10:00:00+00:00,98.0,233.34,61.0,8.05,4.76
1990-01-21 11:00:00+00:00,75.0,9.17,73.0,8.39,4.28
1990-01-21 12:00:00+00:00,102.0,32.87,94.0,8.62,4.97
1990-01-21 13:00:00+00:00,59.0,0.0,59.0,8.76,4.97
1990-01-21 14:00:00+00:00,33.0,0.0,33.0,8.87,5.24
1990-01-21 15:00:00+00:00,28.0,0.0,28.0,8.8,5.03
1990-01-21 16:00:00+00:00,0.0,0.0,0.0,8.64,4.62
1990-01-21 17:00:00+00:00,0.0,0.0,0.0,8.49,4.14
1990-01-21 18:00:00+00:00,0.0,0.0,0.0,8.46,3.86
1990-01-21 19:00:00+00:00,0.0,0.0,0.0,8.31,3.52
1990-01-21 20:00:00+00:00,0.0,0.0,0.0,8.28,3.52
1990-01-21 21:00:00+00:00,0.0,0.0,0.0,8.29,3.59
1990-01-21 22:00:00+00:00,0.0,0.0,0.0,8.28,3.66
1990-01-21 23:00:00+00:00,0.0,0.0,0.0,8.28,3.66
1990-01-22 00:00:00+00:00,0.0,0.0,0.0,8.27,3.66
1990-01-22 01:00:00+00:00,0.0,0.0,0.0,8.42,3.66
1990-01-22 02:00:00+00:00,0.0,0.0,0.0,8.49,3.52
1990-01-22 03:00:00+00:00,0.0,0.0,0.0,8.55,3.31
1990-01-22 04:00:00+00:00,0.0,0.0,0.0,8.58,3.31
1990-01-22 05:00:00+00:00,0.0,0.0,0.0,8.48,3.45
1990-01-22 06:00:00+00:00,0.0,0.0,0.0,8.31,3.66
1990-01-22 07:00:00+00:00,0.0,0.0,0.0,8.46,3.38
1990-01-22 08:00:00+00:00,0.0,0.0,0.0,8.15,3.45
1990-01-22 09:00:00+00:00,33.0,138.59,23.0,7.61,3.45
1990-01-22 10:00:00+00:00,58.0,18.53,55.0,7.74,3.31
1990-01-22 11:00:00+00:00,129.0,157.94,94.0,8.01,3.86
1990-01-22 12:00:00+00:00,109.0,40.46,99.0,8.37,3.79
1990-01-22 13:00:00+00:00,141.0,164.64,102.0,8.49,3.59
1990-01-22 14:00:00+00:00,56.0,5.22,55.0,8.55,3.31
1990-01-22 15:00:00+00:00,25.0,0.0,25.0,8.55,3.17
1990-01-22 16:00:00+00:00,0.0,0.0,0.0,8.26,2.76
1990-01-22 17:00:00+00:00,0.0,0.0,0.0,8.1,2.69
1990-01-22 18:00:00+00:00,0.0,0.0,0.0,7.98,2.55
1990-01-22 19:00:00+00:00,0.0,0.0,0.0,8.25,2.76
1990-01-22 20:00:00+00:00,0.0,0.0,0.0,8.25,2.76
1990-01-22 21:00:00+00:00,0.0,0.0,0.0,8.31,2.76
1990-01-22 22:00:00+00:00,0.0,0.0,0.0,8.23,2.83
1990-01-22 23:00:00+00:00,0.0,0.0,0.0,8.0,3.03
1990-01-23 00:00:00+00:00,0.0,0.0,0.0,7.83,3.24
1990-01-23 01:00:00+00:00,0.0,0.0,0.0,7.44,3.38
1990-01-23 02:00:00+00:00,0.0,0.0,0.0,7.15,3.66
1990-01-23 03:00:00+00:00,0.0,0.0,0.0,7.01,4.0
1990-01-23 04:00:00+00:00,0.0,0.0,0.0,6.92,4.41
1990-01-23 05:00:00+00:00,0.0,0.0,0.0,6.85,4.55
1990-01-23 06:00:00+00:00,0.0,0.0,0.0,6.78,4.69
1990-01-23 07:00:00+00:00,0.0,0.0,0.0,7.07,4.83
1990-01-23 08:00:00+00:00,0.0,0.0,0.0,6.95,5.03
1990-01-23 09:00:00+00:00,27.0,53.09,23.0,6.76,5.1
1990-01-23 10:00:00+00:00,81.0,90.71,66.0,6.73,4.97
1990-01-23 11:00:00+00:00,75.0,8.88,73.0,6.76,5.38
1990-01-23 12:00:00+00:00,84.0,7.97,82.0,7.18,6.07
1990-01-23 13:00:00+00:00,124.0,87.17,103.0,7.31,5.52
1990-01-23 14:00:00+00:00,48.0,0.0,48.0,7.31,5.17
1990-01-23 15:00:00+00:00,20.0,0.0,20.0,7.38,4.9
1990-01-23 16:00:00+00:00,0.0,0.0,0.0,7.0,4.62
1990-01-23 17:00:00+00:00,0.0,0.0,0.0,6.74,4.55
1990-01-23 18:00:00+00:00,0.0,0.0,0.0,6.53,4.48
1990-01-23 19:00:00+00:00,0.0,0.0,0.0,6.54,4.69
1990-01-23 20:00:00+00:00,0.0,0.0,0.0,6.55,4.83
1990-01-23 21:00:00+00:00,0.0,0.0,0.0,6.56,4.97
1990-01-23 22:00:00+00:00,0.0,0.0,0.0,6.54,5.03
1990-01-23 23:00:00+00:00,0.0,0.0,0.0,6.55,5.03
1990-01-24 00:00:00+00:00,0.0,0.0,0.0,6.54,4.97
1990-01-24 01:00:00+00:00,0.0,0.0,0.0,6.62,4.97
1990-01-24 02:00:00+00:00,0.0,0.0,0.0,6.71,4.9
1990-01-24 03:00:00+00:00,0.0,0.0,0.0,6.84,4.76
1990-01-24 04:00:00+00:00,0.0,0.0,0.0,6.84,4.48
1990-01-24 05:00:00+00:00,0.0,0.0,0.0,7.01,4.34
1990-01-24 06:00:00+00:00,0.0,0.0,0.0,7.09,4.21
1990-01-24 07:00:00+00:00,0.0,0.0,0.0,7.23,4.34
1990-01-24 08:00:00+00:00,0.0,0.0,0.0,7.27,4.14
1990-01-24 09:00:00+00:00,15.0,0.0,15.0,7.27,4.07
1990-01-24 10:00:00+00:00,20.0,0.0,20.0,7.39,3.86
1990-01-24 11:00:00+00:00,48.0,0.0,48.0,7.53,4.07
1990-01-24 12:00:00+00:00,54.0,0.0,54.0,7.74,4.07
1990-01-24 13:00:00+00:00,47.0,0.0,47.0,8.07,4.76
1990-01-24 14:00:00+00:00,34.0,0.0,34.0,7.77,3.72
1990-01-24 15:00:00+00:00,14.0,0.0,14.0,7.53,3.79
1990-01-24 16:00:00+00:00,0.0,0.0,0.0,7.29,2.97
1990-01-24 17:00:00+00:00,0.0,0.0,0.0,7.07,2.55
1990-01-24 18:00:00+00:00,0.0,0.0,0.0,6.95,2.55
1990-01-24 19:00:00+00:00,0.0,0.0,0.0,7.29,2.83
1990-01-24 20:00:00+00:00,0.0,0.0,0.0,7.3,3.1
1990-01-24 21:00:00+00:00,0.0,0.0,0.0,7.28,3.38
1990-01-24 22:00:00+00:00,0.0,0.0,0.0,7.15,3.52
1990-01-24 23:00:00+00:00,0.0,0.0,0.0,7.07,3.45
1990-01-25 00:00:00+00:00,0.0,0.0,0.0,6.93,3.52
1990-01-25 01:00:00+00:00,0.0,0.0,0.0,6.67,3.66
1990-01-25 02:00:00+00:00,0.0,0.0,0.0,6.52,3.86
1990-01-25 03:00:00+00:00,0.0,0.0,0.0,6.42,4.07
1990-01-25 04:00:00+00:00,0.0,0.0,0.0,6.25,4.34
1990-01-25 05:00:00+00:00,0.0,0.0,0.0,6.13,4.76
1990-01-25 06:00:00+00:00,0.0,0.0,0.0,5.96,5.03
1990-01-25 07:00:00+00:00,0.0,0.0,0.0,6.1,5.03
1990-01-25 08:00:00+00:00,0.0,0.0,0.0,6.02,5.45
1990-01-25 09:00:00+00:00,28.0,36.55,25.0,5.9,5.66
1990-01-25 10:00:00+00:00,69.0,34.77,63.0,5.94,5.79
1990-01-25 11:00:00+00:00,45.0,0.0,45.0,6.24,6.55
1990-01-25 12:00:00+00:00,37.0,0.0,37.0,6.74,6.76
1990-01-25 13:00:00+00:00,22.0,0.0,22.0,7.17,6.34
1990-01-25 14:00:00+00:00,77.0,19.6,73.0,7.3,6.48
1990-01-25 15:00:00+00:00,24.0,0.0,24.0,7.21,5.38
1990-01-25 16:00:00+00:00,0.0,0.0,0.0,6.88,5.45
1990-01-25 17:00:00+00:00,0.0,0.0,0.0,6.48,5.17
1990-01-25 18:00:00+00:00,0.0,0.0,0.0,6.22,5.1
1990-01-25 19:00:00+00:00,0.0,0.0,0.0,6.38,5.03
1990-01-25 20:00:00+00:00,0.0,0.0,0.0,6.34,5.17
1990-01-25 21:00:00+00:00,0.0,0.0,0.0,6.28,5.31
1990-01-25 22:00:00+00:00,0.0,0.0,0.0,6.13,5.38
1990-01-25 23:00:00+00:00,0.0,0.0,0.0,6.04,5.45
1990-01-26 00:00:00+00:00,0.0,0.0,0.0,5.95,5.45
1990-01-26 01:00:00+00:00,0.0,0.0,0.0,6.17,5.59
1990-01-26 02:00:00+00:00,0.0,0.0,0.0,6.27,5.66
1990-01-26 03:00:00+00:00,0.0,0.0,0.0,6.28,5.66
1990-01-26 04:00:00+00:00,0.0,0.0,0.0,6.45,5.86
1990-01-26 05:00:00+00:00,0.0,0.0,0.0,6.46,5.86
1990-01-26 06:00:00+00:00,0.0,0.0,0.0,6.55,6.07
1990-01-26 07:00:00+00:00,0.0,0.0,0.0,6.65,6.48
1990-01-26 08:00:00+00:00,0.0,0.0,0.0,6.59,6.55
1990-01-26 09:00:00+00:00,6.0,0.0,6.0,6.73,6.48
1990-01-26 10:00:00+00:00,50.0,5.67,49.0,6.83,6.34
1990-01-26 11:00:00+00:00,71.0,4.22,70.0,6.95,5.86
1990-01-26 12:00:00+00:00,41.0,0.0,41.0,6.73,5.1
1990-01-26 13:00:00+00:00,124.0,63.1,108.0,6.06,4.9
1990-01-26 14:00:00+00:00,69.0,9.6,67.0,5.34,4.62
1990-01-26 15:00:00+00:00,19.0,0.0,19.0,4.95,4.55
1990-01-26 16:00:00+00:00,0.0,0.0,0.0,4.34,3.86
1990-01-26 17:00:00+00:00,0.0,0.0,0.0,3.57,3.17
1990-01-26 18:00:00+00:00,0.0,0.0,0.0,2.87,2.76
1990-01-26 19:00:00+00:00,0.0,0.0,0.0,2.55,2.76
1990-01-26 20:00:00+00:00,0.0,0.0,0.0,2.04,2.69
1990-01-26 21:00:00+00:00,0.0,0.0,0.0,1.57,2.55
1990-01-26 22:00:00+00:00,0.0,0.0,0.0,1.08,2.83
1990-01-26 23:00:00+00:00,0.0,0.0,0.0,1.07,2.97
1990-01-27 00:00:00+00:00,0.0,0.0,0.0,1.39,3.38
1990-01-27 01:00:00+00:00,0.0,0.0,0.0,1.42,3.79
1990-01-27 02:00:00+00:00,0.0,0.0,0.0,1.61,4.48
1990-01-27 03:00:00+00:00,0.0,0.0,0.0,2.29,4.9
1990-01-27 04:00:00+00:00,0.0,0.0,0.0,2.85,4.83
1990-01-27 05:00:00+00:00,0.0,0.0,0.0,2.68,4.83
1990-01-27 06:00:00+00:00,0.0,0.0,0.0,2.34,5.03
1990-01-27 07:00:00+00:00,0.0,0.0,0.0,2.52,5.59
1990-01-27 08:00:00+00:00,0.0,0.0,0.0,2.29,5.24
1990-01-27 09:00:00+00:00,55.0,302.57,28.0,1.96,5.1
1990-01-27 10:00:00+00:00,118.0,249.69,73.0,2.22,5.45
1990-01-27 11:00:00+00:00,159.0,224.02,105.0,2.9,5.1
1990-01-27 12:00:00+00:00,249.0,698.93,62.0,3.41,5.1
1990-01-27 13:00:00+00:00,215.0,511.75,83.0,3.91,6.28
1990-01-27 14:00:00+00:00,178.0,559.05,59.0,4.0,5.86
1990-01-27 15:00:00+00:00,99.0,435.79,40.0,3.87,5.38
1990-01-27 16:00:00+00:00,3.0,0.0,3.0,3.46,4.55
1990-01-27 17:00:00+00:00,0.0,0.0,0.0,2.69,3.93
1990-01-27 18:00:00+00:00,0.0,0.0,0.0,2.45,3.52
1990-01-27 19:00:00+00:00,0.0,0.0,0.0,2.34,3.1
1990-01-27 20:00:00+00:00,0.0,0.0,0.0,2.09,2.69
1990-01-27 21:00:00+00:00,0.0,0.0,0.0,1.87,2.34
1990-01-27 22:00:00+00:00,0.0,0.0,0.0,1.32,2.34
1990-01-27 23:00:00+00:00,0.0,0.0,0.0,0.81,2.55
1990-01-28 00:00:00+00:00,0.0,0.0,0.0,0.81,2.28
1990-01-28 01:00:00+00:00,0.0,0.0,0.0,0.65,1.79
1990-01-28 02:00:00+00:00,0.0,0.0,0.0,0.7,1.03
1990-01-28 03:00:00+00:00,0.0,0.0,0.0,0.39,1.72
1990-01-28 04:00:00+00:00,0.0,0.0,0.0,0.09,2.9
1990-01-28 05:00:00+00:00,0.0,0.0,0.0,-0.04,3.59
1990-01-28 06:00:00+00:00,0.0,0.0,0.0,-0.2,3.79
1990-01-28 07:00:00+00:00,0.0,0.0,0.0,0.55,4.9
1990-01-28 08:00:00+00:00,0.0,0.0,0.0,0.62,4.62
1990-01-28 09:00:00+00:00,62.0,387.21,26.0,0.62,4.21
1990-01-28 10:00:00+00:00,151.0,542.89,51.0,1.15,4.21
1990-01-28 11:00:00+00:00,204.0,526.04,75.0,1.57,4.34
1990-01-28 12:00:00+00:00,103.0,14.71,99.0,2.21,4.07
1990-01-28 13:00:00+00:00,229.0,605.93,70.0,2.62,4.83
1990-01-28 14:00:00+00:00,147.0,271.41,88.0,3.05,4.76
1990-01-28 15:00:00+00:00,90.0,293.07,49.0,3.35,4.62
1990-01-28 16:00:00+00:00,1.0,0.0,1.0,3.45,4.9
1990-01-28 17:00:00+00:00,0.0,0.0,0.0,3.44,5.31
1990-01-28 18:00:00+00:00,0.0,0.0,0.0,3.5,5.79
1990-01-28 19:00:00+00:00,0.0,0.0,0.0,3.21,5.59
1990-01-28 20:00:00+00:00,0.0,0.0,0.0,3.36,5.79
1990-01-28 21:00:00+00:00,0.0,0.0,0.0,3.21,6.0
1990-01-28 22:00:00+00:00,0.0,0.0,0.0,3.04,6.34
1990-01-28 23:00:00+00:00,0.0,0.0,0.0,2.99,6.41
1990-01-29 00:00:00+00:00,0.0,0.0,0.0,3.0,6.34
1990-01-29 01:00:00+00:00,0.0,0.0,0.0,2.81,6.14
1990-01-29 02:00:00+00:00,0.0,0.0,0.0,2.47,6.07
1990-01-29 03:00:00+00:00,0.0,0.0,0.0,2.21,6.07
1990-01-29 04:00:00+00:00,0.0,0.0,0.0,1.91,6.0
1990-01-29 05:00:00+00:00,0.0,0.0,0.0,1.8,5.93
1990-01-29 06:00:00+00:00,0.0,0.0,0.0,1.88,5.93
1990-01-29 07:00:00+00:00,0.0,0.0,0.0,2.08,5.52
1990-01-29 08:00:00+00:00,0.0,0.0,0.0,2.21,5.45
1990-01-29 09:00:00+00:00,51.0,175.59,34.0,2.51,5.31
1990-01-29 10:00:00+00:00,111.0,175.28,78.0,3.26,5.45
1990-01-29 11:00:00+00:00,177.0,300.59,102.0,4.12,5.17
1990-01-29 12:00:00+00:00,104.0,14.47,100.0,5.07,7.1
1990-01-29 13:00:00+00:00,119.0,41.21,108.0,5.09,6.0
1990-01-29 14:00:00+00:00,29.0,0.0,29.0,3.74,6.62
1990-01-29 15:00:00+00:00,22.0,0.0,22.0,3.66,7.59
1990-01-29 16:00:00+00:00,2.0,0.0,2.0,4.66,7.79
1990-01-29 17:00:00+00:00,0.0,0.0,0.0,5.96,8.21
1990-01-29 18:00:00+00:00,0.0,0.0,0.0,6.5,7.66
1990-01-29 19:00:00+00:00,0.0,0.0,0.0,6.86,6.83
1990-01-29 20:00:00+00:00,0.0,0.0,0.0,7.14,7.45
1990-01-29 21:00:00+00:00,0.0,0.0,0.0,7.42,8.07
1990-01-29 22:00:00+00:00,0.0,0.0,0.0,7.55,8.0
1990-01-29 23:00:00+00:00,0.0,0.0,0.0,7.51,7.52
1990-01-30 00:00:00+00:00,0.0,0.0,0.0,7.46,7.31
1990-01-30 01:00:00+00:00,0.0,0.0,0.0,7.33,7.24
1990-01-30 02:00:00+00:00,0.0,0.0,0.0,7.24,7.03
1990-01-30 03:00:00+00:00,0.0,0.0,0.0,6.96,6.41
1990-01-30 04:00:00+00:00,0.0,0.0,0.0,6.8,5.79
1990-01-30 05:00:00+00:00,0.0,0.0,0.0,6.75,5.52
1990-01-30 06:00:00+00:00,0.0,0.0,0.0,6.61,5.59
1990-01-30 07:00:00+00:00,0.0,0.0,0.0,6.56,6.14
1990-01-30 08:00:00+00:00,0.0,0.0,0.0,6.33,6.41
1990-01-30 09:00:00+00:00,23.0,0.0,23.0,6.33,6.41
1990-01-30 10:00:00+00:00,43.0,0.0,43.0,7.0,7.17
1990-01-30 11:00:00+00:00,83.0,7.88,81.0,7.85,7.93
1990-01-30 12:00:00+00:00,96.0,7.12,94.0,8.64,8.55
1990-01-30 13:00:00+00:00,37.0,0.0,37.0,9.2,8.97
1990-01-30 14:00:00+00:00,150.0,255.91,92.0,9.35,9.66
1990-01-30 15:00:00+00:00,65.0,67.06,55.0,9.35,10.14
1990-01-30 16:00:00+00:00,3.0,0.0,3.0,8.74,10.69
1990-01-30 17:00:00+00:00,0.0,0.0,0.0,7.81,10.34
1990-01-30 18:00:00+00:00,0.0,0.0,0.0,7.39,9.93
1990-01-30 19:00:00+00:00,0.0,0.0,0.0,7.28,9.59
1990-01-30 20:00:00+00:00,0.0,0.0,0.0,7.01,9.1
1990-01-30 21:00:00+00:00,0.0,0.0,0.0,6.74,8.48
1990-01-30 22:00:00+00:00,0.0,0.0,0.0,6.63,8.07
1990-01-30 23:00:00+00:00,0.0,0.0,0.0,6.41,7.59
1990-01-31 00:00:00+00:00,0.0,0.0,0.0,6.3,7.17
1990-01-31 01:00:00+00:00,0.0,0.0,0.0,6.05,6.55
1990-01-31 02:00:00+00:00,0.0,0.0,0.0,5.73,5.79
1990-01-31 03:00:00+00:00,0.0,0.0,0.0,5.71,5.24
1990-01-31 04:00:00+00:00,0.0,0.0,0.0,6.15,4.83
1990-01-31 05:00:00+00:00,0.0,0.0,0.0,6.98,5.66
1990-01-31 06:00:00+00:00,0.0,0.0,0.0,7.9,6.83
1990-01-31 07:00:00+00:00,0.0,0.0,0.0,9.0,6.76
1990-01-31 08:00:00+00:00,0.0,0.0,0.0,9.63,6.83
1990-01-31 09:00:00+00:00,28.0,9.54,27.0,9.93,6.62
1990-01-31 10:00:00+00:00,96.0,81.34,80.0,10.04,6.34
1990-01-31 11:00:00+00:00,210.0,510.96,78.0,9.99,6.0
1990-01-31 12:00:00+00:00,202.0,297.75,117.0,9.86,6.14
1990-01-31 13:00:00+00:00,188.0,260.61,116.0,10.08,6.62
1990-01-31 14:00:00+00:00,76.0,8.64,74.0,10.36,6.62
1990-01-31 15:00:00+00:00,53.0,19.5,50.0,10.33,7.03
1990-01-31 16:00:00+00:00,4.0,0.0,4.0,10.94,7.3
1990-01-31 17:00:00+00:00,0.0,0.0,0.0,10.18,7.2
1990-01-31 18:00:00+00:00,0.0,0.0,0.0,9.41,7.11
1990-01-31 19:00:00+00:00,0.0,0.0,0.0,8.65,7.01
1990-01-31 20:00:00+00:00,0.0,0.0,0.0,7.88,6.92
1990-01-31 21:00:00+00:00,0.0,0.0,0.0,7.12,6.82
1990-01-31 22:00:00+00:00,0.0,0.0,0.0,6.35,6.72
1990-01-31 23:00:00+00:00,0.0,0.0,0.0,5.58,6.63
1990-02-01 00:00:00+00:00,0.0,0.0,0.0,4.82,6.53
1990-02-01 01:00:00+00:00,0.0,0.0,0.0,4.05,6.44
1990-02-01 02:00:00+00:00,0.0,0.0,0.0,3.29,6.34
1990-02-01 03:00:00+00:00,0.0,0.0,0.0,2.52,6.25
1990-02-01 04:00:00+00:00,0.0,0.0,0.0,1.76,6.15
1990-02-01 05:00:00+00:00,0.0,0.0,0.0,0.99,6.06
1990-02-01 06:00:00+00:00,0.0,0.0,0.0,0.22,5.96
1990-02-01 07:00:00+00:00,0.0,0.0,0.0,-0.54,5.87
1990-02-01 08:00:00+00:00,0.0,0.0,0.0,1.49,6.28
1990-02-01 09:00:00+00:00,48.0,73.42,40.0,1.84,6.28
1990-02-01 10:00:00+00:00,91.0,49.73,81.0,2.67,6.07
1990-02-01 11:00:00+00:00,23.0,0.0,23.0,3.51,5.66
1990-02-01 12:00:00+00:00,95.0,3.45,94.0,4.35,5.52
1990-02-01 13:00:00+00:00,57.0,0.0,57.0,5.02,5.31
1990-02-01 14:00:00+00:00,104.0,38.11,95.0,5.24,5.72
1990-02-01 15:00:00+00:00,72.0,63.05,62.0,5.15,6.34
1990-02-01 16:00:00+00:00,5.0,0.0,5.0,4.81,6.28
1990-02-01 17:00:00+00:00,0.0,0.0,0.0,4.28,5.93
1990-02-01 18:00:00+00:00,0.0,0.0,0.0,3.89,6.07
1990-02-01 19:00:00+00:00,0.0,0.0,0.0,4.01,6.07
1990-02-01 20:00:00+00:00,0.0,0.0,0.0,3.96,5.86
1990-02-01 21:00:00+00:00,0.0,0.0,0.0,3.83,5.59
1990-02-01 22:00:00+00:00,0.0,0.0,0.0,3.73,5.31
1990-02-01 23:00:00+00:00,0.0,0.0,0.0,3.83,5.1
1990-02-02 00:00:00+00:00,0.0,0.0,0.0,3.64,4.9
1990-02-02 01:00:00+00:00,0.0,0.0,0.0,3.28,4.62
1990-02-02 02:00:00+00:00,0.0,0.0,0.0,3.04,4.34
1990-02-02 03:00:00+00:00,0.0,0.0,0.0,2.93,4.14
1990-02-02 04:00:00+00:00,0.0,0.0,0.0,2.88,4.28
1990-02-02 05:00:00+00:00,0.0,0.0,0.0,3.01,4.28
1990-02-02 06:00:00+00:00,0.0,0.0,0.0,3.05,3.93
1990-02-02 07:00:00+00:00,0.0,0.0,0.0,2.91,3.93
1990-02-02 08:00:00+00:00,0.0,0.0,0.0,2.9,3.66
1990-02-02 09:00:00+00:00,61.0,159.01,43.0,2.96,3.38
1990-02-02 10:00:00+00:00,147.0,330.84,79.0,3.49,3.1
1990-02-02 11:00:00+00:00,219.0,482.21,90.0,4.04,3.52
1990-02-02 12:00:00+00:00,240.0,454.35,106.0,4.67,3.79
1990-02-02 13:00:00+00:00,238.0,503.68,94.0,4.92,3.66
1990-02-02 14:00:00+00:00,199.0,522.73,73.0,5.06,3.52
1990-02-02 15:00:00+00:00,108.0,293.73,60.0,4.95,3.1
1990-02-02 16:00:00+00:00,16.0,0.0,16.0,4.52,2.48
1990-02-02 17:00:00+00:00,0.0,0.0,0.0,3.61,2.34
1990-02-02 18:00:00+00:00,0.0,0.0,0.0,2.89,2.48
1990-02-02 19:00:00+00:00,0.0,0.0,0.0,2.24,2.55
1990-02-02 20:00:00+00:00,0.0,0.0,0.0,1.81,2.55
1990-02-02 21:00:00+00:00,0.0,0.0,0.0,1.66,2.62
1990-02-02 22:00:00+00:00,0.0,0.0,0.0,1.81,2.55
1990-02-02 23:00:00+00:00,0.0,0.0,0.0,2.0,2.48
1990-02-03 00:00:00+00:00,0.0,0.0,0.0,2.1,2.34
1990-02-03 01:00:00+00:00,0.0,0.0,0.0,1.96,2.28
1990-02-03 02:00:00+00:00,0.0,0.0,0.0,2.0,2.14
1990-02-03 03:00:00+00:00,0.0,0.0,0.0,1.98,2.07
1990-02-03 04:00:00+00:00,0.0,0.0,0.0,2.02,2.0
1990-02-03 05:00:00+00:00,0.0,0.0,0.0,1.93,1.86
1990-02-03 06:00:00+00:00,0.0,0.0,0.0,1.85,1.79
1990-02-03 07:00:00+00:00,0.0,0.0,0.0,1.55,1.31
1990-02-03 08:00:00+00:00,0.0,0.0,0.0,1.5,1.17
1990-02-03 09:00:00+00:00,22.0,0.0,22.0,1.54,1.31
1990-02-03 10:00:00+00:00,34.0,0.0,34.0,1.64,1.59
1990-02-03 11:00:00+00:00,55.0,0.0,55.0,1.79,1.66
1990-02-03 12:00:00+00:00,62.0,0.0,62.0,2.03,1.52
1990-02-03 13:00:00+00:00,46.0,0.0,46.0,2.08,1.45
1990-02-03 14:00:00+00:00,70.0,0.0,70.0,2.2,1.59
1990-02-03 15:00:00+00:00,62.0,23.77,58.0,2.56,1.86
1990-02-03 16:00:00+00:00,8.0,0.0,8.0,2.67,2.07
1990-02-03 17:00:00+00:00,0.0,0.0,0.0,2.49,1.79
1990-02-03 18:00:00+00:00,0.0,0.0,0.0,2.54,1.66
1990-02-03 19:00:00+00:00,0.0,0.0,0.0,2.63,2.0
1990-02-03 20:00:00+00:00,0.0,0.0,0.0,2.73,1.93
1990-02-03 21:00:00+00:00,0.0,0.0,0.0,2.77,1.93
1990-02-03 22:00:00+00:00,0.0,0.0,0.0,2.65,1.86
1990-02-03 23:00:00+00:00,0.0,0.0,0.0,2.18,2.0
1990-02-04 00:00:00+00:00,0.0,0.0,0.0,1.72,2.0
1990-02-04 01:00:00+00:00,0.0,0.0,0.0,1.34,1.86
1990-02-04 02:00:00+00:00,0.0,0.0,0.0,0.83,1.79
1990-02-04 03:00:00+00:00,0.0,0.0,0.0,0.38,1.79
1990-02-04 04:00:00+00:00,0.0,0.0,0.0,0.25,1.66
1990-02-04 05:00:00+00:00,0.0,0.0,0.0,-0.03,1.52
1990-02-04 06:00:00+00:00,0.0,0.0,0.0,0.62,1.17
1990-02-04 07:00:00+00:00,0.0,0.0,0.0,0.81,1.17
1990-02-04 08:00:00+00:00,0.0,0.0,0.0,0.77,1.24
1990-02-04 09:00:00+00:00,37.0,8.2,36.0,0.61,1.31
1990-02-04 10:00:00+00:00,98.0,51.23,87.0,1.96,1.1
1990-02-04 11:00:00+00:00,153.0,104.68,124.0,3.36,1.24
1990-02-04 12:00:00+00:00,240.0,403.69,117.0,3.6,1.17
1990-02-04 13:00:00+00:00,230.0,388.79,115.0,3.94,1.17
1990-02-04 14:00:00+00:00,210.0,545.92,73.0,4.03,1.1
1990-02-04 15:00:00+00:00,122.0,352.14,61.0,4.01,0.97
1990-02-04 16:00:00+00:00,21.0,0.0,21.0,3.85,0.83
1990-02-04 17:00:00+00:00,0.0,0.0,0.0,3.12,0.69
1990-02-04 18:00:00+00:00,0.0,0.0,0.0,3.25,0.48
1990-02-04 19:00:00+00:00,0.0,0.0,0.0,3.04,0.69
1990-02-04 20:00:00+00:00,0.0,0.0,0.0,1.75,1.03
1990-02-04 21:00:00+00:00,0.0,0.0,0.0,0.59,1.38
1990-02-04 22:00:00+00:00,0.0,0.0,0.0,0.12,1.52
1990-02-04 23:00:00+00:00,0.0,0.0,0.0,0.2,1.66
1990-02-05 00:00:00+00:00,0.0,0.0,0.0,0.14,1.86
1990-02-05 01:00:00+00:00,0.0,0.0,0.0,0.56,1.93
1990-02-05 02:00:00+00:00,0.0,0.0,0.0,0.63,2.07
1990-02-05 03:00:00+00:00,0.0,0.0,0.0,0.82,2.07
1990-02-05 04:00:00+00:00,0.0,0.0,0.0,0.83,2.07
1990-02-05 05:00:00+00:00,0.0,0.0,0.0,0.8,2.07
1990-02-05 06:00:00+00:00,0.0,0.0,0.0,0.73,2.14
1990-02-05 07:00:00+00:00,0.0,0.0,0.0,0.6,1.93
1990-02-05 08:00:00+00:00,0.0,0.0,0.0,0.27,2.07
1990-02-05 09:00:00+00:00,17.0,0.0,17.0,0.37,2.14
1990-02-05 10:00:00+00:00,36.0,0.0,36.0,1.18,2.28
1990-02-05 11:00:00+00:00,50.0,0.0,50.0,1.86,2.9
1990-02-05 12:00:00+00:00,53.0,0.0,53.0,2.28,3.1
1990-02-05 13:00:00+00:00,46.0,0.0,46.0,2.54,3.03
1990-02-05 14:00:00+00:00,41.0,0.0,41.0,2.65,3.03
1990-02-05 15:00:00+00:00,34.0,0.0,34.0,2.63,2.97
1990-02-05 16:00:00+00:00,9.0,0.0,9.0,2.28,2.55
1990-02-05 17:00:00+00:00,0.0,0.0,0.0,1.63,2.34
1990-02-05 18:00:00+00:00,0.0,0.0,0.0,0.67,2.34
1990-02-05 19:00:00+00:00,0.0,0.0,0.0,1.02,2.76
1990-02-05 20:00:00+00:00,0.0,0.0,0.0,0.36,2.76
1990-02-05 21:00:00+00:00,0.0,0.0,0.0,0.02,2.9
1990-02-05 22:00:00+00:00,0.0,0.0,0.0,-0.26,3.03
1990-02-05 23:00:00+00:00,0.0,0.0,0.0,-0.24,3.31
1990-02-06 00:00:00+00:00,0.0,0.0,0.0,-0.17,3.66
1990-02-06 01:00:00+00:00,0.0,0.0,0.0,0.02,3.86
1990-02-06 02:00:00+00:00,0.0,0.0,0.0,0.02,3.86
1990-02-06 03:00:00+00:00,0.0,0.0,0.0,0.06,3.93
1990-02-06 04:00:00+00:00,0.0,0.0,0.0,0.1,3.93
1990-02-06 05:00:00+00:00,0.0,0.0,0.0,0.16,3.59
1990-02-06 06:00:00+00:00,0.0,0.0,0.0,0.37,3.52
1990-02-06 07:00:00+00:00,0.0,0.0,0.0,0.69,3.45
1990-02-06 08:00:00+00:00,0.0,0.0,0.0,1.2,3.93
1990-02-06 09:00:00+00:00,34.0,0.0,34.0,1.38,3.72
1990-02-06 10:00:00+00:00,69.0,4.46,68.0,1.37,3.45
1990-02-06 11:00:00+00:00,111.0,13.94,107.0,1.71,3.72
1990-02-06 12:00:00+00:00,110.0,6.35,108.0,2.08,4.07
1990-02-06 13:00:00+00:00,152.0,58.83,134.0,2.38,4.14
1990-02-06 14:00:00+00:00,145.0,111.07,116.0,2.59,4.21
1990-02-06 15:00:00+00:00,126.0,311.07,69.0,2.66,4.34
1990-02-06 16:00:00+00:00,38.0,167.33,25.0,2.18,4.14
1990-02-06 17:00:00+00:00,0.0,0.0,0.0,1.24,3.66
1990-02-06 18:00:00+00:00,0.0,0.0,0.0,0.38,3.45
1990-02-06 19:00:00+00:00,0.0,0.0,0.0,0.04,3.24
1990-02-06 20:00:00+00:00,0.0,0.0,0.0,-0.43,3.24
1990-02-06 21:00:00+00:00,0.0,0.0,0.0,-0.75,3.45
1990-02-06 22:00:00+00:00,0.0,0.0,0.0,-0.94,3.38
1990-02-06 23:00:00+00:00,0.0,0.0,0.0,-1.1,3.24
1990-02-07 00:00:00+00:00,0.0,0.0,0.0,-1.27,3.1
1990-02-07 01:00:00+00:00,0.0,0.0,0.0,-1.44,3.17
1990-02-07 02:00:00+00:00,0.0,0.0,0.0,-1.54,3.1
1990-02-07 03:00:00+00:00,0.0,0.0,0.0,-1.67,3.1
1990-02-07 04:00:00+00:00,0.0,0.0,0.0,-1.82,2.9
1990-02-07 05:00:00+00:00,0.0,0.0,0.0,-1.99,2.83
1990-02-07 06:00:00+00:00,0.0,0.0,0.0,-2.11,3.1
1990-02-07 07:00:00+00:00,0.0,0.0,0.0,-2.45,3.1
1990-02-07 08:00:00+00:00,0.0,0.0,0.0,-2.55,2.83
1990-02-07 09:00:00+00:00,86.0,272.4,49.0,-2.16,2.69
1990-02-07 10:00:00+00:00,174.0,392.8,84.0,-0.86,2.62
1990-02-07 11:00:00+00:00,158.0,89.07,132.0,0.32,2.62
1990-02-07 12:00:00+00:00,116.0,9.38,113.0,1.26,3.1
1990-02-07 13:00:00+00:00,145.0,41.79,132.0,1.8,3.45
1990-02-07 14:00:00+00:00,91.0,7.51,89.0,1.93,3.66
1990-02-07 15:00:00+00:00,89.0,69.03,76.0,1.59,3.93
1990-02-07 16:00:00+00:00,27.0,24.2,25.0,1.33,4.48
1990-02-07 17:00:00+00:00,0.0,0.0,0.0,0.93,4.83
1990-02-07 18:00:00+00:00,0.0,0.0,0.0,0.91,5.31
1990-02-07 19:00:00+00:00,0.0,0.0,0.0,1.34,5.86
1990-02-07 20:00:00+00:00,0.0,0.0,0.0,1.72,6.07
1990-02-07 21:00:00+00:00,0.0,0.0,0.0,1.92,6.07
1990-02-07 22:00:00+00:00,0.0,0.0,0.0,2.09,6.07
1990-02-07 23:00:00+00:00,0.0,0.0,0.0,2.52,6.0
1990-02-08 00:00:00+00:00,0.0,0.0,0.0,3.11,5.93
1990-02-08 01:00:00+00:00,0.0,0.0,0.0,3.58,5.86
1990-02-08 02:00:00+00:00,0.0,0.0,0.0,3.83,5.59
1990-02-08 03:00:00+00:00,0.0,0.0,0.0,4.0,5.17
1990-02-08 04:00:00+00:00,0.0,0.0,0.0,4.08,4.69
1990-02-08 05:00:00+00:00,0.0,0.0,0.0,4.12,4.0
1990-02-08 06:00:00+00:00,0.0,0.0,0.0,4.13,3.31
1990-02-08 07:00:00+00:00,0.0,0.0,0.0,4.31,3.52
1990-02-08 08:00:00+00:00,0.0,0.0,0.0,4.36,3.1
1990-02-08 09:00:00+00:00,98.0,376.9,45.0,4.44,2.69
1990-02-08 10:00:00+00:00,137.0,149.51,102.0,4.66,2.62
1990-02-08 11:00:00+00:00,203.0,249.16,129.0,4.89,2.69
1990-02-08 12:00:00+00:00,234.0,292.27,139.0,5.53,3.59
1990-02-08 13:00:00+00:00,200.0,177.03,144.0,5.87,3.59
1990-02-08 14:00:00+00:00,135.0,70.0,116.0,6.06,3.79
1990-02-08 15:00:00+00:00,73.0,20.68,69.0,5.83,3.79
1990-02-08 16:00:00+00:00,21.0,0.0,21.0,5.38,3.52
1990-02-08 17:00:00+00:00,0.0,0.0,0.0,4.61,3.31
1990-02-08 18:00:00+00:00,0.0,0.0,0.0,3.89,3.38
1990-02-08 19:00:00+00:00,0.0,0.0,0.0,4.07,3.59
1990-02-08 20:00:00+00:00,0.0,0.0,0.0,3.77,3.86
1990-02-08 21:00:00+00:00,0.0,0.0,0.0,3.4,3.93
1990-02-08 22:00:00+00:00,0.0,0.0,0.0,3.41,4.07
1990-02-08 23:00:00+00:00,0.0,0.0,0.0,3.31,4.0
1990-02-09 00:00:00+00:00,0.0,0.0,0.0,3.19,3.93
1990-02-09 01:00:00+00:00,0.0,0.0,0.0,3.06,3.59
1990-02-09 02:00:00+00:00,0.0,0.0,0.0,2.79,3.03
1990-02-09 03:00:00+00:00,0.0,0.0,0.0,2.24,2.48
1990-02-09 04:00:00+00:00,0.0,0.0,0.0,1.53,2.21
1990-02-09 05:00:00+00:00,0.0,0.0,0.0,1.24,2.28
1990-02-09 06:00:00+00:00,0.0,0.0,0.0,1.23,3.45
1990-02-09 07:00:00+00:00,0.0,0.0,0.0,1.35,4.14
1990-02-09 08:00:00+00:00,0.0,0.0,0.0,1.22,4.62
1990-02-09 09:00:00+00:00,67.0,75.6,56.0,1.12,4.76
1990-02-09 10:00:00+00:00,192.0,472.53,79.0,1.38,4.76
1990-02-09 11:00:00+00:00,266.0,589.08,88.0,2.07,4.83
1990-02-09 12:00:00+00:00,296.0,605.52,96.0,2.78,4.9
1990-02-09 13:00:00+00:00,290.0,628.11,88.0,3.35,4.69
1990-02-09 14:00:00+00:00,250.0,665.02,66.0,3.56,4.48
1990-02-09 15:00:00+00:00,130.0,246.73,81.0,3.53,4.34
1990-02-09 16:00:00+00:00,50.0,205.04,31.0,3.17,4.14
1990-02-09 17:00:00+00:00,0.0,0.0,0.0,2.24,3.66
1990-02-09 18:00:00+00:00,0.0,0.0,0.0,1.41,3.38
1990-02-09 19:00:00+00:00,0.0,0.0,0.0,0.98,3.45
1990-02-09 20:00:00+00:00,0.0,0.0,0.0,0.56,3.31
1990-02-09 21:00:00+00:00,0.0,0.0,0.0,0.32,3.38
1990-02-09 22:00:00+00:00,0.0,0.0,0.0,0.23,3.66
1990-02-09 23:00:00+00:00,0.0,0.0,0.0,0.19,3.93
1990-02-10 00:00:00+00:00,0.0,0.0,0.0,0.16,4.07
1990-02-10 01:00:00+00:00,0.0,0.0,0.0,0.34,4.28
1990-02-10 02:00:00+00:00,0.0,0.0,0.0,0.79,4.9
1990-02-10 03:00:00+00:00,0.0,0.0,0.0,1.31,5.66
1990-02-10 04:00:00+00:00,0.0,0.0,0.0,1.6,6.21
1990-02-10 05:00:00+00:00,0.0,0.0,0.0,2.14,6.9
1990-02-10 06:00:00+00:00,0.0,0.0,0.0,2.55,7.45
1990-02-10 07:00:00+00:00,0.0,0.0,0.0,2.83,7.66
1990-02-10 08:00:00+00:00,4.0,0.0,4.0,3.2,7.86
1990-02-10 09:00:00+00:00,36.0,0.0,36.0,3.7,7.38
1990-02-10 10:00:00+00:00,62.0,0.0,62.0,4.44,7.1
1990-02-10 11:00:00+00:00,207.0,234.22,135.0,5.3,6.41
1990-02-10 12:00:00+00:00,252.0,336.71,139.0,6.06,5.93
1990-02-10 13:00:00+00:00,222.0,232.47,146.0,6.44,5.93
1990-02-10 14:00:00+00:00,95.0,7.09,93.0,6.57,5.66
1990-02-10 15:00:00+00:00,97.0,68.7,83.0,6.32,4.76
1990-02-10 16:00:00+00:00,36.0,40.93,32.0,5.79,4.14
1990-02-10 17:00:00+00:00,0.0,0.0,0.0,4.85,3.31
1990-02-10 18:00:00+00:00,0.0,0.0,0.0,4.11,2.76
1990-02-10 19:00:00+00:00,0.0,0.0,0.0,4.25,2.83
1990-02-10 20:00:00+00:00,0.0,0.0,0.0,3.75,1.38
1990-02-10 21:00:00+00:00,0.0,0.0,0.0,3.21,0.28
1990-02-10 22:00:00+00:00,0.0,0.0,0.0,2.49,0.97
1990-02-10 23:00:00+00:00,0.0,0.0,0.0,1.67,2.41
1990-02-11 00:00:00+00:00,0.0,0.0,0.0,1.28,3.93
1990-02-11 01:00:00+00:00,0.0,0.0,0.0,1.31,5.03
1990-02-11 02:00:00+00:00,0.0,0.0,0.0,1.68,4.62
1990-02-11 03:00:00+00:00,0.0,0.0,0.0,1.63,4.9
1990-02-11 04:00:00+00:00,0.0,0.0,0.0,1.22,5.03
1990-02-11 05:00:00+00:00,0.0,0.0,0.0,0.58,4.83
1990-02-11 06:00:00+00:00,0.0,0.0,0.0,0.03,4.48
1990-02-11 07:00:00+00:00,0.0,0.0,0.0,-0.3,4.55
1990-02-11 08:00:00+00:00,1.0,0.0,1.0,-0.45,4.69
1990-02-11 09:00:00+00:00,106.0,315.12,57.0,-0.03,4.9
1990-02-11 10:00:00+00:00,206.0,505.12,80.0,0.86,5.24
1990-02-11 11:00:00+00:00,268.0,524.45,104.0,1.72,5.86
1990-02-11 12:00:00+00:00,267.0,369.54,141.0,2.34,6.48
1990-02-11 13:00:00+00:00,307.0,668.06,85.0,2.55,6.76
1990-02-11 14:00:00+00:00,265.0,692.65,66.0,3.0,7.17
1990-02-11 15:00:00+00:00,162.0,435.34,71.0,2.6,6.97
1990-02-11 16:00:00+00:00,33.0,19.45,31.0,1.98,6.48
1990-02-11 17:00:00+00:00,0.0,0.0,0.0,1.2,6.55
1990-02-11 18:00:00+00:00,0.0,0.0,0.0,0.56,6.07
1990-02-11 19:00:00+00:00,0.0,0.0,0.0,0.06,5.93
1990-02-11 20:00:00+00:00,0.0,0.0,0.0,-0.33,6.0
1990-02-11 21:00:00+00:00,0.0,0.0,0.0,-0.52,5.66
1990-02-11 22:00:00+00:00,0.0,0.0,0.0,-0.5,5.72
1990-02-11 23:00:00+00:00,0.0,0.0,0.0,-0.42,5.93
1990-02-12 00:00:00+00:00,0.0,0.0,0.0,-0.38,5.93
1990-02-12 01:00:00+00:00,0.0,0.0,0.0,-0.39,5.79
1990-02-12 02:00:00+00:00,0.0,0.0,0.0,-0.37,5.72
1990-02-12 03:00:00+00:00,0.0,0.0,0.0,-0.42,5.66
1990-02-12 04:00:00+00:00,0.0,0.0,0.0,-0.42,5.66
1990-02-12 05:00:00+00:00,0.0,0.0,0.0,-0.44,5.59
1990-02-12 06:00:00+00:00,0.0,0.0,0.0,-0.34,5.66
1990-02-12 07:00:00+00:00,0.0,0.0,0.0,-0.07,5.72
1990-02-12 08:00:00+00:00,9.0,0.0,9.0,0.1,5.66
1990-02-12 09:00:00+00:00,117.0,392.24,54.0,0.62,5.79
1990-02-12 10:00:00+00:00,158.0,176.67,113.0,1.44,5.66
1990-02-12 11:00:00+00:00,219.0,235.79,144.0,2.2,6.48
1990-02-12 12:00:00+00:00,282.0,424.38,135.0,2.79,6.62
1990-02-12 13:00:00+00:00,310.0,648.46,91.0,3.07,6.76
1990-02-12 14:00:00+00:00,257.0,587.68,85.0,3.04,6.34
1990-02-12 15:00:00+00:00,161.0,391.96,77.0,2.85,5.03
1990-02-12 16:00:00+00:00,54.0,138.94,39.0,2.57,4.48
1990-02-12 17:00:00+00:00,0.0,0.0,0.0,1.89,4.14
1990-02-12 18:00:00+00:00,0.0,0.0,0.0,1.14,4.21
1990-02-12 19:00:00+00:00,0.0,0.0,0.0,1.12,4.55
1990-02-12 20:00:00+00:00,0.0,0.0,0.0,1.15,4.9
1990-02-12 21:00:00+00:00,0.0,0.0,0.0,1.45,5.24
1990-02-12 22:00:00+00:00,0.0,0.0,0.0,1.55,5.72
1990-02-12 23:00:00+00:00,0.0,0.0,0.0,1.7,6.14
1990-02-13 00:00:00+00:00,0.0,0.0,0.0,1.89,6.14
1990-02-13 01:00:00+00:00,0.0,0.0,0.0,2.0,6.34
1990-02-13 02:00:00+00:00,0.0,0.0,0.0,2.14,6.76
1990-02-13 03:00:00+00:00,0.0,0.0,0.0,2.19,6.97
1990-02-13 04:00:00+00:00,0.0,0.0,0.0,2.26,7.03
1990-02-13 05:00:00+00:00,0.0,0.0,0.0,2.29,7.1
1990-02-13 06:00:00+00:00,0.0,0.0,0.0,2.06,6.83
1990-02-13 07:00:00+00:00,0.0,0.0,0.0,2.31,6.41
1990-02-13 08:00:00+00:00,5.0,0.0,5.0,2.2,5.93
1990-02-13 09:00:00+00:00,21.0,0.0,21.0,2.12,5.17
1990-02-13 10:00:00+00:00,40.0,0.0,40.0,2.01,4.55
1990-02-13 11:00:00+00:00,67.0,0.0,67.0,1.92,4.34
1990-02-13 12:00:00+00:00,119.0,2.84,118.0,2.26,4.41
1990-02-13 13:00:00+00:00,209.0,142.78,160.0,2.86,4.62
1990-02-13 14:00:00+00:00,263.0,613.92,80.0,3.36,4.28
1990-02-13 15:00:00+00:00,158.0,336.96,84.0,3.26,4.14
1990-02-13 16:00:00+00:00,75.0,371.29,33.0,2.91,3.72
1990-02-13 17:00:00+00:00,0.0,0.0,0.0,2.04,3.24
1990-02-13 18:00:00+00:00,0.0,0.0,0.0,0.86,2.97
1990-02-13 19:00:00+00:00,0.0,0.0,0.0,0.43,3.38
1990-02-13 20:00:00+00:00,0.0,0.0,0.0,0.13,3.59
1990-02-13 21:00:00+00:00,0.0,0.0,0.0,-0.01,3.66
1990-02-13 22:00:00+00:00,0.0,0.0,0.0,-0.09,3.72
1990-02-13 23:00:00+00:00,0.0,0.0,0.0,-0.16,3.66
1990-02-14 00:00:00+00:00,0.0,0.0,0.0,-0.19,3.59
1990-02-14 01:00:00+00:00,0.0,0.0,0.0,-0.32,3.59
1990-02-14 02:00:00+00:00,0.0,0.0,0.0,-0.01,4.07
1990-02-14 03:00:00+00:00,0.0,0.0,0.0,0.38,4.69
1990-02-14 04:00:00+00:00,0.0,0.0,0.0,0.68,5.03
1990-02-14 05:00:00+00:00,0.0,0.0,0.0,0.84,5.45
1990-02-14 06:00:00+00:00,0.0,0.0,0.0,0.99,6.0
1990-02-14 07:00:00+00:00,0.0,0.0,0.0,0.97,6.34
1990-02-14 08:00:00+00:00,14.0,0.0,14.0,1.07,6.76
1990-02-14 09:00:00+00:00,29.0,0.0,29.0,1.32,7.24
1990-02-14 10:00:00+00:00,69.0,0.0,69.0,1.97,6.76
1990-02-14 11:00:00+00:00,120.0,9.12,117.0,2.09,6.97
1990-02-14 12:00:00+00:00,32.0,0.0,32.0,1.89,8.14
1990-02-14 13:00:00+00:00,228.0,192.14,161.0,2.11,8.0
1990-02-14 14:00:00+00:00,162.0,88.95,135.0,2.84,7.03
1990-02-14 15:00:00+00:00,115.0,88.91,95.0,3.61,6.97
1990-02-14 16:00:00+00:00,25.0,0.0,25.0,4.15,6.97
1990-02-14 17:00:00+00:00,0.0,0.0,0.0,4.85,6.41
1990-02-14 18:00:00+00:00,0.0,0.0,0.0,5.29,5.66
1990-02-14 19:00:00+00:00,0.0,0.0,0.0,5.3,5.86
1990-02-14 20:00:00+00:00,0.0,0.0,0.0,4.72,4.9
1990-02-14 21:00:00+00:00,0.0,0.0,0.0,4.15,4.76
1990-02-14 22:00:00+00:00,0.0,0.0,0.0,3.73,4.97
1990-02-14 23:00:00+00:00,0.0,0.0,0.0,3.42,5.03
1990-02-15 00:00:00+00:00,0.0,0.0,0.0,3.2,5.17
1990-02-15 01:00:00+00:00,0.0,0.0,0.0,3.09,5.45
1990-02-15 02:00:00+00:00,0.0,0.0,0.0,2.93,5.24
1990-02-15 03:00:00+00:00,0.0,0.0,0.0,3.02,5.17
1990-02-15 04:00:00+00:00,0.0,0.0,0.0,2.69,5.45
1990-02-15 05:00:00+00:00,0.0,0.0,0.0,2.22,5.31
1990-02-15 06:00:00+00:00,0.0,0.0,0.0,1.91,5.72
1990-02-15 07:00:00+00:00,0.0,0.0,0.0,2.02,5.59
1990-02-15 08:00:00+00:00,13.0,0.0,13.0,1.85,5.72
1990-02-15 09:00:00+00:00,128.0,385.45,60.0,2.06,6.21
1990-02-15 10:00:00+00:00,211.0,409.75,100.0,2.66,6.76
1990-02-15 11:00:00+00:00,279.0,478.29,119.0,3.23,8.07
1990-02-15 12:00:00+00:00,311.0,512.47,125.0,3.7,8.21
1990-02-15 13:00:00+00:00,219.0,149.61,166.0,4.16,9.38
1990-02-15 14:00:00+00:00,210.0,233.01,138.0,4.28,8.62
1990-02-15 15:00:00+00:00,181.0,455.92,76.0,4.23,7.93
1990-02-15 16:00:00+00:00,80.0,323.85,40.0,3.84,7.03
1990-02-15 17:00:00+00:00,0.0,0.0,0.0,3.36,6.9
1990-02-15 18:00:00+00:00,0.0,0.0,0.0,2.92,6.62
1990-02-15 19:00:00+00:00,0.0,0.0,0.0,2.7,6.97
1990-02-15 20:00:00+00:00,0.0,0.0,0.0,2.37,6.97
1990-02-15 21:00:00+00:00,0.0,0.0,0.0,2.31,6.9
1990-02-15 22:00:00+00:00,0.0,0.0,0.0,2.22,6.76
1990-02-15 23:00:00+00:00,0.0,0.0,0.0,2.01,6.62
1990-02-16 00:00:00+00:00,0.0,0.0,0.0,1.86,6.62
1990-02-16 01:00:00+00:00,0.0,0.0,0.0,1.61,6.62
1990-02-16 02:00:00+00:00,0.0,0.0,0.0,1.57,6.48
1990-02-16 03:00:00+00:00,0.0,0.0,0.0,1.56,6.48
1990-02-16 04:00:00+00:00,0.0,0.0,0.0,1.57,6.21
1990-02-16 05:00:00+00:00,0.0,0.0,0.0,1.5,5.59
1990-02-16 06:00:00+00:00,0.0,0.0,0.0,1.67,5.24
1990-02-16 07:00:00+00:00,0.0,0.0,0.0,2.16,5.1
1990-02-16 08:00:00+00:00,19.0,0.0,19.0,1.82,4.9
1990-02-16 09:00:00+00:00,128.0,346.49,65.0,2.32,4.9
1990-02-16 10:00:00+00:00,220.0,441.36,98.0,3.03,4.41
1990-02-16 11:00:00+00:00,297.0,561.58,106.0,4.3,5.72
1990-02-16 12:00:00+00:00,333.0,615.9,106.0,5.29,6.14
1990-02-16 13:00:00+00:00,260.0,275.13,161.0,6.0,5.79
1990-02-16 14:00:00+00:00,159.0,66.77,138.0,6.48,5.17
1990-02-16 15:00:00+00:00,156.0,241.84,99.0,6.38,4.14
1990-02-16 16:00:00+00:00,70.0,163.11,49.0,6.14,4.21
1990-02-16 17:00:00+00:00,0.0,0.0,0.0,5.27,3.86
1990-02-16 18:00:00+00:00,0.0,0.0,0.0,4.72,4.21
1990-02-16 19:00:00+00:00,0.0,0.0,0.0,4.58,5.24
1990-02-16 20:00:00+00:00,0.0,0.0,0.0,4.54,5.86
1990-02-16 21:00:00+00:00,0.0,0.0,0.0,4.44,6.14
1990-02-16 22:00:00+00:00,0.0,0.0,0.0,4.33,6.28
1990-02-16 23:00:00+00:00,0.0,0.0,0.0,3.86,6.41
1990-02-17 00:00:00+00:00,0.0,0.0,0.0,3.36,5.86
1990-02-17 01:00:00+00:00,0.0,0.0,0.0,3.11,5.66
1990-02-17 02:00:00+00:00,0.0,0.0,0.0,2.77,5.38
1990-02-17 03:00:00+00:00,0.0,0.0,0.0,2.5,5.38
1990-02-17 04:00:00+00:00,0.0,0.0,0.0,2.4,5.03
1990-02-17 05:00:00+00:00,0.0,0.0,0.0,2.44,4.62
1990-02-17 06:00:00+00:00,0.0,0.0,0.0,2.55,4.14
1990-02-17 07:00:00+00:00,0.0,0.0,0.0,2.86,4.14
1990-02-17 08:00:00+00:00,21.0,0.0,21.0,3.04,3.79
1990-02-17 09:00:00+00:00,137.0,395.09,63.0,3.51,3.52
1990-02-17 10:00:00+00:00,153.0,95.74,126.0,4.33,4.69
1990-02-17 11:00:00+00:00,128.0,8.68,125.0,5.08,5.24
1990-02-17 12:00:00+00:00,294.0,379.46,152.0,5.61,5.03
1990-02-17 13:00:00+00:00,294.0,418.66,141.0,5.79,4.9
1990-02-17 14:00:00+00:00,286.0,634.28,83.0,5.58,4.76
1990-02-17 15:00:00+00:00,203.0,580.66,63.0,5.39,4.48
1990-02-17 16:00:00+00:00,97.0,447.75,37.0,4.99,3.93
1990-02-17 17:00:00+00:00,0.0,0.0,0.0,4.25,3.38
1990-02-17 18:00:00+00:00,0.0,0.0,0.0,3.45,3.17
1990-02-17 19:00:00+00:00,0.0,0.0,0.0,3.49,2.97
1990-02-17 20:00:00+00:00,0.0,0.0,0.0,3.17,2.69
1990-02-17 21:00:00+00:00,0.0,0.0,0.0,2.97,2.48
1990-02-17 22:00:00+00:00,0.0,0.0,0.0,2.71,2.41
1990-02-17 23:00:00+00:00,0.0,0.0,0.0,2.5,2.41
1990-02-18 00:00:00+00:00,0.0,0.0,0.0,2.3,2.34
1990-02-18 01:00:00+00:00,0.0,0.0,0.0,1.96,2.34
1990-02-18 02:00:00+00:00,0.0,0.0,0.0,1.51,2.21
1990-02-18 03:00:00+00:00,0.0,0.0,0.0,1.18,2.21
1990-02-18 04:00:00+00:00,0.0,0.0,0.0,1.11,2.14
1990-02-18 05:00:00+00:00,0.0,0.0,0.0,1.16,2.07
1990-02-18 06:00:00+00:00,0.0,0.0,0.0,1.3,2.0
1990-02-18 07:00:00+00:00,0.0,0.0,0.0,1.46,2.0
1990-02-18 08:00:00+00:00,6.0,0.0,6.0,1.74,1.93
1990-02-18 09:00:00+00:00,104.0,124.46,80.0,2.59,1.79
1990-02-18 10:00:00+00:00,100.0,6.95,98.0,3.46,2.28
1990-02-18 11:00:00+00:00,113.0,2.85,112.0,4.34,2.28
1990-02-18 12:00:00+00:00,143.0,10.53,139.0,4.81,2.21
1990-02-18 13:00:00+00:00,139.0,10.78,135.0,5.22,2.69
1990-02-18 14:00:00+00:00,85.0,0.0,85.0,5.66,2.76
1990-02-18 15:00:00+00:00,80.0,8.11,78.0,5.84,2.55
1990-02-18 16:00:00+00:00,15.0,0.0,15.0,5.85,2.41
1990-02-18 17:00:00+00:00,0.0,0.0,0.0,5.51,2.55
1990-02-18 18:00:00+00:00,0.0,0.0,0.0,5.37,2.76
1990-02-18 19:00:00+00:00,0.0,0.0,0.0,5.21,3.1
1990-02-18 20:00:00+00:00,0.0,0.0,0.0,5.25,3.17
1990-02-18 21:00:00+00:00,0.0,0.0,0.0,5.35,3.03
1990-02-18 22:00:00+00:00,0.0,0.0,0.0,5.47,2.9
1990-02-18 23:00:00+00:00,0.0,0.0,0.0,5.61,2.69
1990-02-19 00:00:00+00:00,0.0,0.0,0.0,5.78,2.55
1990-02-19 01:00:00+00:00,0.0,0.0,0.0,5.96,2.48
1990-02-19 02:00:00+00:00,0.0,0.0,0.0,6.24,2.48
1990-02-19 03:00:00+00:00,0.0,0.0,0.0,6.5,2.34
1990-02-19 04:00:00+00:00,0.0,0.0,0.0,6.7,2.34
1990-02-19 05:00:00+00:00,0.0,0.0,0.0,6.84,2.48
1990-02-19 06:00:00+00:00,0.0,0.0,0.0,6.98,2.48
1990-02-19 07:00:00+00:00,0.0,0.0,0.0,6.93,2.41
1990-02-19 08:00:00+00:00,13.0,0.0,13.0,6.95,2.07
1990-02-19 09:00:00+00:00,106.0,125.98,81.0,7.04,2.14
1990-02-19 10:00:00+00:00,73.0,0.0,73.0,7.26,2.21
1990-02-19 11:00:00+00:00,107.0,2.8,106.0,7.5,2.21
1990-02-19 12:00:00+00:00,120.0,2.59,119.0,7.84,2.28
1990-02-19 13:00:00+00:00,98.0,0.0,98.0,8.05,2.28
1990-02-19 14:00:00+00:00,88.0,0.0,88.0,8.44,2.48
1990-02-19 15:00:00+00:00,114.0,51.59,101.0,8.58,2.62
1990-02-19 16:00:00+00:00,26.0,0.0,26.0,8.49,2.55
1990-02-19 17:00:00+00:00,0.0,0.0,0.0,8.37,2.21
1990-02-19 18:00:00+00:00,0.0,0.0,0.0,8.14,1.93
1990-02-19 19:00:00+00:00,0.0,0.0,0.0,7.96,2.34
1990-02-19 20:00:00+00:00,0.0,0.0,0.0,7.91,2.62
1990-02-19 21:00:00+00:00,0.0,0.0,0.0,7.77,2.69
1990-02-19 22:00:00+00:00,0.0,0.0,0.0,7.61,2.9
1990-02-19 23:00:00+00:00,0.0,0.0,0.0,7.49,3.52
1990-02-20 00:00:00+00:00,0.0,0.0,0.0,7.18,4.48
1990-02-20 01:00:00+00:00,0.0,0.0,0.0,6.61,5.59
1990-02-20 02:00:00+00:00,0.0,0.0,0.0,5.81,5.52
1990-02-20 03:00:00+00:00,0.0,0.0,0.0,5.08,4.55
1990-02-20 04:00:00+00:00,0.0,0.0,0.0,4.4,3.79
1990-02-20 05:00:00+00:00,0.0,0.0,0.0,3.84,3.45
1990-02-20 06:00:00+00:00,0.0,0.0,0.0,3.65,3.72
1990-02-20 07:00:00+00:00,0.0,0.0,0.0,3.31,3.93
1990-02-20 08:00:00+00:00,49.0,283.94,25.0,3.36,4.07
1990-02-20 09:00:00+00:00,165.0,538.94,55.0,3.94,4.14
1990-02-20 10:00:00+00:00,266.0,638.64,75.0,4.92,3.86
1990-02-20 11:00:00+00:00,324.0,608.88,103.0,5.97,4.69
1990-02-20 12:00:00+00:00,387.0,807.33,71.0,6.9,4.83
1990-02-20 13:00:00+00:00,374.0,789.56,72.0,7.59,4.55
1990-02-20 14:00:00+00:00,167.0,59.38,147.0,7.94,4.0
1990-02-20 15:00:00+00:00,202.0,446.67,87.0,7.95,3.1
1990-02-20 16:00:00+00:00,93.0,253.55,55.0,7.67,2.34
1990-02-20 17:00:00+00:00,0.0,0.0,0.0,7.08,2.0
1990-02-20 18:00:00+00:00,0.0,0.0,0.0,5.94,1.93
1990-02-20 19:00:00+00:00,0.0,0.0,0.0,4.91,1.66
1990-02-20 20:00:00+00:00,0.0,0.0,0.0,3.43,1.66
1990-02-20 21:00:00+00:00,0.0,0.0,0.0,3.1,1.45
1990-02-20 22:00:00+00:00,0.0,0.0,0.0,2.83,1.38
1990-02-20 23:00:00+00:00,0.0,0.0,0.0,2.68,1.31
1990-02-21 00:00:00+00:00,0.0,0.0,0.0,2.7,1.24
1990-02-21 01:00:00+00:00,0.0,0.0,0.0,2.13,1.24
1990-02-21 02:00:00+00:00,0.0,0.0,0.0,3.05,1.03
1990-02-21 03:00:00+00:00,0.0,0.0,0.0,2.88,0.76
1990-02-21 04:00:00+00:00,0.0,0.0,0.0,2.62,0.48
1990-02-21 05:00:00+00:00,0.0,0.0,0.0,2.44,0.14
1990-02-21 06:00:00+00:00,0.0,0.0,0.0,2.34,0.34
1990-02-21 07:00:00+00:00,0.0,0.0,0.0,1.85,0.9
1990-02-21 08:00:00+00:00,55.0,321.75,26.0,1.92,0.62
1990-02-21 09:00:00+00:00,167.0,500.42,62.0,2.29,0.34
1990-02-21 10:00:00+00:00,265.0,587.15,86.0,3.5,0.14
1990-02-21 11:00:00+00:00,351.0,740.28,78.0,4.68,0.62
1990-02-21 12:00:00+00:00,388.0,782.96,77.0,5.48,0.83
1990-02-21 13:00:00+00:00,364.0,700.63,92.0,5.93,0.76
1990-02-21 14:00:00+00:00,291.0,522.74,112.0,6.18,0.9
1990-02-21 15:00:00+00:00,126.0,60.85,110.0,6.18,1.17
1990-02-21 16:00:00+00:00,78.0,109.54,61.0,5.9,1.59
1990-02-21 17:00:00+00:00,0.0,0.0,0.0,5.22,2.0
1990-02-21 18:00:00+00:00,0.0,0.0,0.0,4.13,2.28
1990-02-21 19:00:00+00:00,0.0,0.0,0.0,3.44,1.93
1990-02-21 20:00:00+00:00,0.0,0.0,0.0,2.55,1.93
1990-02-21 21:00:00+00:00,0.0,0.0,0.0,1.94,2.0
1990-02-21 22:00:00+00:00,0.0,0.0,0.0,1.53,2.07
1990-02-21 23:00:00+00:00,0.0,0.0,0.0,1.0,2.0
1990-02-22 00:00:00+00:00,0.0,0.0,0.0,0.03,1.93
1990-02-22 01:00:00+00:00,0.0,0.0,0.0,-0.89,1.86
1990-02-22 02:00:00+00:00,0.0,0.0,0.0,-1.23,1.86
1990-02-22 03:00:00+00:00,0.0,0.0,0.0,-1.33,1.93
1990-02-22 04:00:00+00:00,0.0,0.0,0.0,-1.66,1.93
1990-02-22 05:00:00+00:00,0.0,0.0,0.0,-1.71,1.86
1990-02-22 06:00:00+00:00,0.0,0.0,0.0,-1.04,1.86
1990-02-22 07:00:00+00:00,0.0,0.0,0.0,-0.81,2.07
1990-02-22 08:00:00+00:00,61.0,354.9,27.0,-0.42,2.07
1990-02-22 09:00:00+00:00,187.0,635.44,50.0,0.32,2.21
1990-02-22 10:00:00+00:00,289.0,714.51,67.0,1.25,2.62
1990-02-22 11:00:00+00:00,365.0,782.09,72.0,2.52,3.03
1990-02-22 12:00:00+00:00,391.0,761.71,84.0,3.55,3.31
1990-02-22 13:00:00+00:00,63.0,0.0,63.0,4.1,3.45
1990-02-22 14:00:00+00:00,104.0,0.0,104.0,4.23,3.59
1990-02-22 15:00:00+00:00,64.0,0.0,64.0,4.29,3.72
1990-02-22 16:00:00+00:00,40.0,0.0,40.0,3.98,3.59
1990-02-22 17:00:00+00:00,2.0,0.0,2.0,3.63,3.17
1990-02-22 18:00:00+00:00,0.0,0.0,0.0,2.96,2.83
1990-02-22 19:00:00+00:00,0.0,0.0,0.0,2.56,2.55
1990-02-22 20:00:00+00:00,0.0,0.0,0.0,1.94,2.55
1990-02-22 21:00:00+00:00,0.0,0.0,0.0,1.36,2.48
1990-02-22 22:00:00+00:00,0.0,0.0,0.0,0.78,2.55
1990-02-22 23:00:00+00:00,0.0,0.0,0.0,0.4,2.62
1990-02-23 00:00:00+00:00,0.0,0.0,0.0,0.37,2.83
1990-02-23 01:00:00+00:00,0.0,0.0,0.0,0.12,2.97
1990-02-23 02:00:00+00:00,0.0,0.0,0.0,0.1,2.97
1990-02-23 03:00:00+00:00,0.0,0.0,0.0,-0.03,2.97
1990-02-23 04:00:00+00:00,0.0,0.0,0.0,-0.23,2.9
1990-02-23 05:00:00+00:00,0.0,0.0,0.0,-0.42,2.97
1990-02-23 06:00:00+00:00,0.0,0.0,0.0,-0.51,3.03
1990-02-23 07:00:00+00:00,0.0,0.0,0.0,-0.67,3.17
1990-02-23 08:00:00+00:00,66.0,354.57,30.0,-0.59,3.31
1990-02-23 09:00:00+00:00,156.0,307.1,88.0,0.15,3.38
1990-02-23 10:00:00+00:00,262.0,476.97,111.0,1.25,4.07
1990-02-23 11:00:00+00:00,356.0,683.26,96.0,2.28,4.41
1990-02-23 12:00:00+00:00,381.0,655.43,113.0,3.1,4.48
1990-02-23 13:00:00+00:00,373.0,667.91,106.0,3.8,4.62
1990-02-23 14:00:00+00:00,314.0,585.2,107.0,4.09,4.9
1990-02-23 15:00:00+00:00,163.0,149.66,122.0,4.1,4.9
1990-02-23 16:00:00+00:00,0.0,0.0,0.0,3.89,4.69
1990-02-23 17:00:00+00:00,0.0,0.0,0.0,3.34,3.79
1990-02-23 18:00:00+00:00,0.0,0.0,0.0,2.52,3.59
1990-02-23 19:00:00+00:00,0.0,0.0,0.0,1.97,3.93
1990-02-23 20:00:00+00:00,0.0,0.0,0.0,1.44,4.34
1990-02-23 21:00:00+00:00,0.0,0.0,0.0,1.08,4.69
1990-02-23 22:00:00+00:00,0.0,0.0,0.0,0.7,4.69
1990-02-23 23:00:00+00:00,0.0,0.0,0.0,0.46,4.55
1990-02-24 00:00:00+00:00,0.0,0.0,0.0,0.34,4.48
1990-02-24 01:00:00+00:00,0.0,0.0,0.0,0.09,4.41
1990-02-24 02:00:00+00:00,0.0,0.0,0.0,-0.04,4.21
1990-02-24 03:00:00+00:00,0.0,0.0,0.0,-0.21,4.0
1990-02-24 04:00:00+00:00,0.0,0.0,0.0,-0.31,3.79
1990-02-24 05:00:00+00:00,0.0,0.0,0.0,-0.47,3.79
1990-02-24 06:00:00+00:00,0.0,0.0,0.0,-0.45,3.59
1990-02-24 07:00:00+00:00,0.0,0.0,0.0,-0.26,3.45
1990-02-24 08:00:00+00:00,38.0,27.95,35.0,-0.2,3.31
1990-02-24 09:00:00+00:00,144.0,202.38,98.0,0.55,3.24
1990-02-24 10:00:00+00:00,242.0,328.68,136.0,1.61,4.34
1990-02-24 11:00:00+00:00,372.0,737.48,87.0,2.64,4.83
1990-02-24 12:00:00+00:00,356.0,484.6,155.0,3.42,4.76
1990-02-24 13:00:00+00:00,398.0,771.8,85.0,4.02,4.62
1990-02-24 14:00:00+00:00,357.0,809.69,66.0,4.43,4.34
1990-02-24 15:00:00+00:00,249.0,633.34,72.0,4.46,4.14
1990-02-24 16:00:00+00:00,125.0,397.16,57.0,4.16,3.86
1990-02-24 17:00:00+00:00,8.0,0.0,8.0,3.31,3.66
1990-02-24 18:00:00+00:00,0.0,0.0,0.0,2.17,3.79
1990-02-24 19:00:00+00:00,0.0,0.0,0.0,1.77,3.86
1990-02-24 20:00:00+00:00,0.0,0.0,0.0,1.19,4.0
1990-02-24 21:00:00+00:00,0.0,0.0,0.0,0.92,4.07
1990-02-24 22:00:00+00:00,0.0,0.0,0.0,0.66,4.07
1990-02-24 23:00:00+00:00,0.0,0.0,0.0,0.52,3.79
1990-02-25 00:00:00+00:00,0.0,0.0,0.0,0.47,3.66
1990-02-25 01:00:00+00:00,0.0,0.0,0.0,0.5,3.59
1990-02-25 02:00:00+00:00,0.0,0.0,0.0,0.4,3.59
1990-02-25 03:00:00+00:00,0.0,0.0,0.0,0.36,3.38
1990-02-25 04:00:00+00:00,0.0,0.0,0.0,0.18,3.1
1990-02-25 05:00:00+00:00,0.0,0.0,0.0,-0.03,2.9
1990-02-25 06:00:00+00:00,0.0,0.0,0.0,-0.26,2.9
1990-02-25 07:00:00+00:00,0.0,0.0,0.0,-0.11,3.1
1990-02-25 08:00:00+00:00,81.0,459.52,29.0,-0.05,3.17
1990-02-25 09:00:00+00:00,202.0,621.72,57.0,0.86,3.59
1990-02-25 10:00:00+00:00,305.0,700.22,75.0,1.84,4.14
1990-02-25 11:00:00+00:00,394.0,833.32,67.0,2.61,4.21
1990-02-25 12:00:00+00:00,429.0,855.77,69.0,3.12,4.41
1990-02-25 13:00:00+00:00,417.0,845.99,69.0,3.36,4.48
1990-02-25 14:00:00+00:00,361.0,808.05,66.0,3.41,4.34
1990-02-25 15:00:00+00:00,259.0,677.2,66.0,3.17,4.41
1990-02-25 16:00:00+00:00,139.0,515.38,48.0,2.67,4.41
1990-02-25 17:00:00+00:00,8.0,0.0,8.0,1.95,4.21
1990-02-25 18:00:00+00:00,0.0,0.0,0.0,1.04,4.14
1990-02-25 19:00:00+00:00,0.0,0.0,0.0,0.83,4.07
1990-02-25 20:00:00+00:00,0.0,0.0,0.0,0.28,4.21
1990-02-25 21:00:00+00:00,0.0,0.0,0.0,0.0,4.34
1990-02-25 22:00:00+00:00,0.0,0.0,0.0,-0.16,4.34
1990-02-25 23:00:00+00:00,0.0,0.0,0.0,-0.15,4.07
1990-02-26 00:00:00+00:00,0.0,0.0,0.0,-0.24,3.59
1990-02-26 01:00:00+00:00,0.0,0.0,0.0,-0.24,3.31
1990-02-26 02:00:00+00:00,0.0,0.0,0.0,-0.47,3.03
1990-02-26 03:00:00+00:00,0.0,0.0,0.0,-0.8,2.9
1990-02-26 04:00:00+00:00,0.0,0.0,0.0,-0.86,2.83
1990-02-26 05:00:00+00:00,0.0,0.0,0.0,-0.83,2.62
1990-02-26 06:00:00+00:00,0.0,0.0,0.0,-0.73,2.76
1990-02-26 07:00:00+00:00,0.0,0.0,0.0,-0.2,3.38
1990-02-26 08:00:00+00:00,42.0,25.2,39.0,0.13,3.72
1990-02-26 09:00:00+00:00,64.0,0.0,64.0,0.67,4.14
1990-02-26 10:00:00+00:00,71.0,0.0,71.0,1.15,5.03
1990-02-26 11:00:00+00:00,157.0,12.55,152.0,1.74,4.9
1990-02-26 12:00:00+00:00,61.0,0.0,61.0,1.88,4.69
1990-02-26 13:00:00+00:00,197.0,35.96,182.0,1.98,4.55
1990-02-26 14:00:00+00:00,146.0,13.49,141.0,1.68,4.55
1990-02-26 15:00:00+00:00,172.0,137.68,132.0,1.62,4.48
1990-02-26 16:00:00+00:00,105.0,164.9,75.0,1.22,4.34
1990-02-26 17:00:00+00:00,8.0,0.0,8.0,0.77,3.72
1990-02-26 18:00:00+00:00,0.0,0.0,0.0,0.06,3.1
1990-02-26 19:00:00+00:00,0.0,0.0,0.0,-0.3,2.83
1990-02-26 20:00:00+00:00,0.0,0.0,0.0,-0.44,2.34
1990-02-26 21:00:00+00:00,0.0,0.0,0.0,-0.99,1.93
1990-02-26 22:00:00+00:00,0.0,0.0,0.0,-1.58,2.14
1990-02-26 23:00:00+00:00,0.0,0.0,0.0,-1.63,2.48
1990-02-27 00:00:00+00:00,0.0,0.0,0.0,-1.38,2.76
1990-02-27 01:00:00+00:00,0.0,0.0,0.0,-1.05,3.31
1990-02-27 02:00:00+00:00,0.0,0.0,0.0,-0.84,3.79
1990-02-27 03:00:00+00:00,0.0,0.0,0.0,-0.73,3.72
1990-02-27 04:00:00+00:00,0.0,0.0,0.0,-0.6,3.93
1990-02-27 05:00:00+00:00,0.0,0.0,0.0,-0.38,4.9
1990-02-27 06:00:00+00:00,0.0,0.0,0.0,-0.27,4.76
1990-02-27 07:00:00+00:00,0.0,0.0,0.0,-0.3,4.07
1990-02-27 08:00:00+00:00,71.0,191.99,47.0,-0.17,3.93
1990-02-27 09:00:00+00:00,212.0,607.66,63.0,0.08,4.76
1990-02-27 10:00:00+00:00,197.0,111.6,159.0,0.6,4.62
1990-02-27 11:00:00+00:00,220.0,76.66,189.0,1.02,4.83
1990-02-27 12:00:00+00:00,86.0,0.0,86.0,1.27,5.03
1990-02-27 13:00:00+00:00,198.0,35.46,183.0,1.0,5.45
1990-02-27 14:00:00+00:00,366.0,767.68,77.0,0.78,5.79
1990-02-27 15:00:00+00:00,50.0,0.0,50.0,0.33,5.72
1990-02-27 16:00:00+00:00,111.0,176.2,78.0,-0.28,5.59
1990-02-27 17:00:00+00:00,15.0,17.37,14.0,-0.96,5.38
1990-02-27 18:00:00+00:00,0.0,0.0,0.0,-1.66,5.38
1990-02-27 19:00:00+00:00,0.0,0.0,0.0,-1.92,6.55
1990-02-27 20:00:00+00:00,0.0,0.0,0.0,-2.24,6.48
1990-02-27 21:00:00+00:00,0.0,0.0,0.0,-2.59,6.07
1990-02-27 22:00:00+00:00,0.0,0.0,0.0,-3.01,5.31
1990-02-27 23:00:00+00:00,0.0,0.0,0.0,-3.17,5.31
1990-02-28 00:00:00+00:00,0.0,0.0,0.0,-3.09,5.31
1990-02-28 01:00:00+00:00,0.0,0.0,0.0,-3.37,5.72
1990-02-28 02:00:00+00:00,0.0,0.0,0.0,-3.61,5.72
1990-02-28 03:00:00+00:00,0.0,0.0,0.0,-3.63,6.14
1990-02-28 04:00:00+00:00,0.0,0.0,0.0,-3.43,6.28
1990-02-28 05:00:00+00:00,0.0,0.0,0.0,-3.42,6.97
1990-02-28 06:00:00+00:00,0.0,0.0,0.0,-4.1,7.24
1990-02-28 07:00:00+00:00,0.0,0.0,0.0,-4.53,5.93
1990-02-28 08:00:00+00:00,60.0,76.34,50.0,-4.52,5.72
1990-02-28 09:00:00+00:00,150.0,147.26,113.0,-4.34,5.66
1990-02-28 10:00:00+00:00,169.0,49.05,152.0,-4.0,5.93
1990-02-28 11:00:00+00:00,220.0,70.66,191.0,-3.46,5.93
1990-02-28 12:00:00+00:00,42.0,0.0,42.0,-3.09,6.14
1990-02-28 13:00:00+00:00,67.0,0.0,67.0,-3.3,6.07
1990-02-28 14:00:00+00:00,66.0,0.0,66.0,-3.4,5.45
1990-02-28 15:00:00+00:00,94.0,3.32,93.0,-3.36,5.1
1990-02-28 16:00:00+00:00,14.0,0.0,14.0,-5.34,5.72
1990-02-28 17:00:00+00:00,8.0,0.0,8.0,-4.82,5.41
1990-02-28 18:00:00+00:00,0.0,0.0,0.0,-4.3,5.1
1990-02-28 19:00:00+00:00,0.0,0.0,0.0,-3.79,4.79
1990-02-28 20:00:00+00:00,0.0,0.0,0.0,-3.27,4.47
1990-02-28 21:00:00+00:00,0.0,0.0,0.0,-2.75,4.16
1990-02-28 22:00:00+00:00,0.0,0.0,0.0,-2.23,3.85
1990-02-28 23:00:00+00:00,0.0,0.0,0.0,-1.72,3.54
1990-03-01 00:00:00+00:00,0.0,0.0,0.0,-1.2,3.23
1990-03-01 01:00:00+00:00,0.0,0.0,0.0,-0.68,2.92
1990-03-01 02:00:00+00:00,0.0,0.0,0.0,-0.17,2.6
1990-03-01 03:00:00+00:00,0.0,0.0,0.0,0.35,2.29
1990-03-01 04:00:00+00:00,0.0,0.0,0.0,0.87,1.98
1990-03-01 05:00:00+00:00,0.0,0.0,0.0,1.38,1.67
1990-03-01 06:00:00+00:00,0.0,0.0,0.0,1.9,1.36
1990-03-01 07:00:00+00:00,0.0,0.0,0.0,2.42,1.05
1990-03-01 08:00:00+00:00,63.0,87.57,51.0,0.87,1.24
1990-03-01 09:00:00+00:00,211.0,512.94,79.0,2.16,0.97
1990-03-01 10:00:00+00:00,315.0,604.0,102.0,4.28,1.45
1990-03-01 11:00:00+00:00,401.0,732.34,96.0,5.02,1.93
1990-03-01 12:00:00+00:00,431.0,742.48,101.0,5.39,1.93
1990-03-01 13:00:00+00:00,424.0,756.85,95.0,5.61,1.66
1990-03-01 14:00:00+00:00,377.0,760.59,82.0,5.67,1.24
1990-03-01 15:00:00+00:00,280.0,667.47,75.0,5.71,0.83
1990-03-01 16:00:00+00:00,161.0,540.35,54.0,5.48,0.41
1990-03-01 17:00:00+00:00,36.0,264.87,18.0,5.03,0.76
1990-03-01 18:00:00+00:00,0.0,0.0,0.0,3.64,1.45
1990-03-01 19:00:00+00:00,0.0,0.0,0.0,1.96,1.86
1990-03-01 20:00:00+00:00,0.0,0.0,0.0,0.7,2.14
1990-03-01 21:00:00+00:00,0.0,0.0,0.0,-0.12,2.34
1990-03-01 22:00:00+00:00,0.0,0.0,0.0,-0.52,2.48
1990-03-01 23:00:00+00:00,0.0,0.0,0.0,0.0,2.62
1990-03-02 00:00:00+00:00,0.0,0.0,0.0,0.55,2.76
1990-03-02 01:00:00+00:00,0.0,0.0,0.0,0.75,2.83
1990-03-02 02:00:00+00:00,0.0,0.0,0.0,1.16,2.9
1990-03-02 03:00:00+00:00,0.0,0.0,0.0,1.35,3.03
1990-03-02 04:00:00+00:00,0.0,0.0,0.0,1.46,3.1
1990-03-02 05:00:00+00:00,0.0,0.0,0.0,1.52,3.24
1990-03-02 06:00:00+00:00,0.0,0.0,0.0,2.07,3.31
1990-03-02 07:00:00+00:00,0.0,0.0,0.0,2.97,3.59
1990-03-02 08:00:00+00:00,86.0,230.57,53.0,3.62,3.79
1990-03-02 09:00:00+00:00,228.0,599.7,70.0,4.3,3.66
1990-03-02 10:00:00+00:00,336.0,702.41,84.0,5.29,4.07
1990-03-02 11:00:00+00:00,414.0,773.9,87.0,6.12,4.14
1990-03-02 12:00:00+00:00,427.0,692.67,115.0,6.78,3.93
1990-03-02 13:00:00+00:00,429.0,755.88,96.0,7.45,3.72
1990-03-02 14:00:00+00:00,343.0,543.76,129.0,7.65,3.38
1990-03-02 15:00:00+00:00,195.0,172.71,141.0,7.64,2.97
1990-03-02 16:00:00+00:00,32.0,0.0,32.0,7.53,2.48
1990-03-02 17:00:00+00:00,8.0,0.0,8.0,7.03,1.72
1990-03-02 18:00:00+00:00,0.0,0.0,0.0,6.31,1.79
1990-03-02 19:00:00+00:00,0.0,0.0,0.0,6.28,2.14
1990-03-02 20:00:00+00:00,0.0,0.0,0.0,5.14,2.14
1990-03-02 21:00:00+00:00,0.0,0.0,0.0,4.48,1.93
1990-03-02 22:00:00+00:00,0.0,0.0,0.0,3.79,1.86
1990-03-02 23:00:00+00:00,0.0,0.0,0.0,3.27,1.72
1990-03-03 00:00:00+00:00,0.0,0.0,0.0,2.88,1.59
1990-03-03 01:00:00+00:00,0.0,0.0,0.0,2.67,1.45
1990-03-03 02:00:00+00:00,0.0,0.0,0.0,2.73,1.24
1990-03-03 03:00:00+00:00,0.0,0.0,0.0,3.13,1.03
1990-03-03 04:00:00+00:00,0.0,0.0,0.0,3.15,0.97
1990-03-03 05:00:00+00:00,0.0,0.0,0.0,2.55,1.03
1990-03-03 06:00:00+00:00,0.0,0.0,0.0,2.5,0.97
1990-03-03 07:00:00+00:00,0.0,0.0,0.0,2.4,1.17
1990-03-03 08:00:00+00:00,39.0,0.0,39.0,2.77,1.1
1990-03-03 09:00:00+00:00,56.0,0.0,56.0,4.24,1.03
1990-03-03 10:00:00+00:00,68.0,0.0,68.0,6.01,1.24
1990-03-03 11:00:00+00:00,76.0,0.0,76.0,7.01,1.59
1990-03-03 12:00:00+00:00,44.0,0.0,44.0,7.63,1.59
1990-03-03 13:00:00+00:00,126.0,0.0,126.0,8.03,1.66
1990-03-03 14:00:00+00:00,76.0,0.0,76.0,8.03,1.59
1990-03-03 15:00:00+00:00,80.0,0.0,80.0,7.94,1.45
1990-03-03 16:00:00+00:00,65.0,4.79,64.0,7.85,1.45
1990-03-03 17:00:00+00:00,21.0,12.76,20.0,7.27,1.1
1990-03-03 18:00:00+00:00,0.0,0.0,0.0,6.35,1.31
1990-03-03 19:00:00+00:00,0.0,0.0,0.0,5.12,1.38
1990-03-03 20:00:00+00:00,0.0,0.0,0.0,4.45,1.38
1990-03-03 21:00:00+00:00,0.0,0.0,0.0,3.57,1.45
1990-03-03 22:00:00+00:00,0.0,0.0,0.0,2.68,1.52
1990-03-03 23:00:00+00:00,0.0,0.0,0.0,2.03,1.52
1990-03-04 00:00:00+00:00,0.0,0.0,0.0,1.7,1.59
1990-03-04 01:00:00+00:00,0.0,0.0,0.0,0.99,1.59
1990-03-04 02:00:00+00:00,0.0,0.0,0.0,0.81,1.52
1990-03-04 03:00:00+00:00,0.0,0.0,0.0,0.6,1.45
1990-03-04 04:00:00+00:00,0.0,0.0,0.0,0.34,1.45
1990-03-04 05:00:00+00:00,0.0,0.0,0.0,0.11,1.38
1990-03-04 06:00:00+00:00,0.0,0.0,0.0,-0.3,1.38
1990-03-04 07:00:00+00:00,0.0,0.0,0.0,0.28,1.45
1990-03-04 08:00:00+00:00,61.0,38.61,55.0,0.54,1.38
1990-03-04 09:00:00+00:00,99.0,10.88,96.0,3.13,1.45
1990-03-04 10:00:00+00:00,233.0,161.7,173.0,4.47,1.86
1990-03-04 11:00:00+00:00,272.0,147.22,208.0,5.38,2.0
1990-03-04 12:00:00+00:00,286.0,136.24,223.0,5.95,1.79
1990-03-04 13:00:00+00:00,342.0,307.35,203.0,6.32,1.79
1990-03-04 14:00:00+00:00,368.0,617.36,118.0,6.5,2.0
1990-03-04 15:00:00+00:00,224.0,253.31,142.0,6.37,2.34
1990-03-04 16:00:00+00:00,110.0,93.42,90.0,5.93,2.48
1990-03-04 17:00:00+00:00,35.0,83.78,28.0,5.21,2.21
1990-03-04 18:00:00+00:00,0.0,0.0,0.0,4.31,2.07
1990-03-04 19:00:00+00:00,0.0,0.0,0.0,3.21,2.0
1990-03-04 20:00:00+00:00,0.0,0.0,0.0,2.28,1.86
1990-03-04 21:00:00+00:00,0.0,0.0,0.0,1.16,1.79
1990-03-04 22:00:00+00:00,0.0,0.0,0.0,0.13,1.72
1990-03-04 23:00:00+00:00,0.0,0.0,0.0,-0.37,1.59
1990-03-05 00:00:00+00:00,0.0,0.0,0.0,-0.69,1.52
1990-03-05 01:00:00+00:00,0.0,0.0,0.0,-1.09,1.52
1990-03-05 02:00:00+00:00,0.0,0.0,0.0,-1.39,1.52
1990-03-05 03:00:00+00:00,0.0,0.0,0.0,-1.57,1.52
1990-03-05 04:00:00+00:00,0.0,0.0,0.0,-1.74,1.45
1990-03-05 05:00:00+00:00,0.0,0.0,0.0,-1.86,1.38
1990-03-05 06:00:00+00:00,0.0,0.0,0.0,-1.6,1.31
1990-03-05 07:00:00+00:00,0.0,0.0,0.0,-0.9,1.1
1990-03-05 08:00:00+00:00,101.0,247.52,61.0,-0.24,0.9
1990-03-05 09:00:00+00:00,227.0,468.07,95.0,2.0,0.62
1990-03-05 10:00:00+00:00,339.0,617.64,106.0,3.27,0.55
1990-03-05 11:00:00+00:00,424.0,732.73,101.0,4.28,0.41
1990-03-05 12:00:00+00:00,458.0,762.18,101.0,5.13,0.21
1990-03-05 13:00:00+00:00,432.0,681.07,120.0,5.86,0.41
1990-03-05 14:00:00+00:00,344.0,470.0,151.0,6.51,0.69
1990-03-05 15:00:00+00:00,291.0,613.54,89.0,6.69,1.24
1990-03-05 16:00:00+00:00,170.0,455.7,70.0,6.31,2.07
1990-03-05 17:00:00+00:00,51.0,281.71,26.0,5.23,2.34
1990-03-05 18:00:00+00:00,0.0,0.0,0.0,3.74,2.41
1990-03-05 19:00:00+00:00,0.0,0.0,0.0,2.68,2.14
1990-03-05 20:00:00+00:00,0.0,0.0,0.0,1.77,1.86
1990-03-05 21:00:00+00:00,0.0,0.0,0.0,0.85,1.72
1990-03-05 22:00:00+00:00,0.0,0.0,0.0,-0.15,1.79
1990-03-05 23:00:00+00:00,0.0,0.0,0.0,-0.68,1.93
1990-03-06 00:00:00+00:00,0.0,0.0,0.0,-1.09,2.07
1990-03-06 01:00:00+00:00,0.0,0.0,0.0,-1.02,2.28
1990-03-06 02:00:00+00:00,0.0,0.0,0.0,-0.19,2.48
1990-03-06 03:00:00+00:00,0.0,0.0,0.0,0.64,2.83
1990-03-06 04:00:00+00:00,0.0,0.0,0.0,1.14,3.1
1990-03-06 05:00:00+00:00,0.0,0.0,0.0,1.28,3.45
1990-03-06 06:00:00+00:00,0.0,0.0,0.0,1.37,3.66
1990-03-06 07:00:00+00:00,1.0,0.0,1.0,1.26,4.21
1990-03-06 08:00:00+00:00,28.0,0.0,28.0,1.47,4.48
1990-03-06 09:00:00+00:00,0.0,0.0,0.0,1.88,4.48
1990-03-06 10:00:00+00:00,0.0,0.0,0.0,2.29,4.48
1990-03-06 11:00:00+00:00,123.0,0.0,123.0,2.87,4.62
1990-03-06 12:00:00+00:00,72.0,0.0,72.0,3.36,4.48
1990-03-06 13:00:00+00:00,160.0,4.31,158.0,3.8,4.41
1990-03-06 14:00:00+00:00,121.0,0.0,121.0,4.01,4.48
1990-03-06 15:00:00+00:00,93.0,0.0,93.0,3.9,4.62
1990-03-06 16:00:00+00:00,71.0,4.45,70.0,3.68,4.69
1990-03-06 17:00:00+00:00,12.0,0.0,12.0,3.43,4.62
1990-03-06 18:00:00+00:00,0.0,0.0,0.0,3.16,4.07
1990-03-06 19:00:00+00:00,0.0,0.0,0.0,2.96,4.28
1990-03-06 20:00:00+00:00,0.0,0.0,0.0,2.86,4.0
1990-03-06 21:00:00+00:00,0.0,0.0,0.0,2.78,3.93
1990-03-06 22:00:00+00:00,0.0,0.0,0.0,2.67,3.93
1990-03-06 23:00:00+00:00,0.0,0.0,0.0,2.67,3.93
1990-03-07 00:00:00+00:00,0.0,0.0,0.0,2.67,3.72
1990-03-07 01:00:00+00:00,0.0,0.0,0.0,2.69,3.66
1990-03-07 02:00:00+00:00,0.0,0.0,0.0,2.74,3.59
1990-03-07 03:00:00+00:00,0.0,0.0,0.0,2.78,3.59
1990-03-07 04:00:00+00:00,0.0,0.0,0.0,2.84,3.72
1990-03-07 05:00:00+00:00,0.0,0.0,0.0,2.9,3.86
1990-03-07 06:00:00+00:00,0.0,0.0,0.0,3.03,3.86
1990-03-07 07:00:00+00:00,2.0,0.0,2.0,3.13,4.0
1990-03-07 08:00:00+00:00,35.0,0.0,35.0,3.36,4.14
1990-03-07 09:00:00+00:00,128.0,37.35,117.0,3.71,4.34
1990-03-07 10:00:00+00:00,99.0,0.0,99.0,4.36,4.34
1990-03-07 11:00:00+00:00,110.0,0.0,110.0,4.98,4.83
1990-03-07 12:00:00+00:00,130.0,0.0,130.0,5.16,5.03
1990-03-07 13:00:00+00:00,122.0,0.0,122.0,4.92,5.03
1990-03-07 14:00:00+00:00,145.0,4.74,143.0,4.94,5.31
1990-03-07 15:00:00+00:00,79.0,0.0,79.0,4.82,5.24
1990-03-07 16:00:00+00:00,42.0,0.0,42.0,4.57,5.59
1990-03-07 17:00:00+00:00,16.0,0.0,16.0,4.24,5.72
1990-03-07 18:00:00+00:00,0.0,0.0,0.0,3.84,5.86
1990-03-07 19:00:00+00:00,0.0,0.0,0.0,3.62,6.28
1990-03-07 20:00:00+00:00,0.0,0.0,0.0,3.52,6.14
1990-03-07 21:00:00+00:00,0.0,0.0,0.0,3.41,6.07
1990-03-07 22:00:00+00:00,0.0,0.0,0.0,3.34,5.86
1990-03-07 23:00:00+00:00,0.0,0.0,0.0,3.29,5.79
1990-03-08 00:00:00+00:00,0.0,0.0,0.0,3.2,6.14
1990-03-08 01:00:00+00:00,0.0,0.0,0.0,3.12,6.28
1990-03-08 02:00:00+00:00,0.0,0.0,0.0,3.03,6.34
1990-03-08 03:00:00+00:00,0.0,0.0,0.0,2.95,6.48
1990-03-08 04:00:00+00:00,0.0,0.0,0.0,2.95,6.62
1990-03-08 05:00:00+00:00,0.0,0.0,0.0,2.91,6.62
1990-03-08 06:00:00+00:00,0.0,0.0,0.0,2.85,6.69
1990-03-08 07:00:00+00:00,1.0,0.0,1.0,2.85,6.28
1990-03-08 08:00:00+00:00,23.0,0.0,23.0,2.85,6.21
1990-03-08 09:00:00+00:00,43.0,0.0,43.0,2.83,6.34
1990-03-08 10:00:00+00:00,47.0,0.0,47.0,3.01,6.62
1990-03-08 11:00:00+00:00,66.0,0.0,66.0,3.24,6.62
1990-03-08 12:00:00+00:00,56.0,0.0,56.0,3.39,6.62
1990-03-08 13:00:00+00:00,40.0,0.0,40.0,3.37,6.34
1990-03-08 14:00:00+00:00,52.0,0.0,52.0,3.26,6.34
1990-03-08 15:00:00+00:00,43.0,0.0,43.0,3.29,6.55
1990-03-08 16:00:00+00:00,53.0,0.0,53.0,3.14,6.21
1990-03-08 17:00:00+00:00,27.0,9.59,26.0,2.93,6.28
1990-03-08 18:00:00+00:00,0.0,0.0,0.0,2.74,6.0
1990-03-08 19:00:00+00:00,0.0,0.0,0.0,2.64,5.31
1990-03-08 20:00:00+00:00,0.0,0.0,0.0,2.57,4.97
1990-03-08 21:00:00+00:00,0.0,0.0,0.0,2.54,4.83
1990-03-08 22:00:00+00:00,0.0,0.0,0.0,2.54,5.03
1990-03-08 23:00:00+00:00,0.0,0.0,0.0,2.55,4.97
1990-03-09 00:00:00+00:00,0.0,0.0,0.0,2.5,5.03
1990-03-09 01:00:00+00:00,0.0,0.0,0.0,2.6,5.1
1990-03-09 02:00:00+00:00,0.0,0.0,0.0,2.55,5.24
1990-03-09 03:00:00+00:00,0.0,0.0,0.0,2.36,5.45
1990-03-09 04:00:00+00:00,0.0,0.0,0.0,1.98,5.52
1990-03-09 05:00:00+00:00,0.0,0.0,0.0,1.67,5.45
1990-03-09 06:00:00+00:00,0.0,0.0,0.0,1.47,5.45
1990-03-09 07:00:00+00:00,11.0,0.0,11.0,1.44,5.59
1990-03-09 08:00:00+00:00,18.0,0.0,18.0,1.62,6.0
1990-03-09 09:00:00+00:00,80.0,0.0,80.0,1.85,6.0
1990-03-09 10:00:00+00:00,60.0,0.0,60.0,1.93,6.55
1990-03-09 11:00:00+00:00,68.0,0.0,68.0,2.19,6.97
1990-03-09 12:00:00+00:00,76.0,0.0,76.0,2.52,7.17
1990-03-09 13:00:00+00:00,94.0,0.0,94.0,2.66,7.31
1990-03-09 14:00:00+00:00,65.0,0.0,65.0,2.47,6.97
1990-03-09 15:00:00+00:00,59.0,0.0,59.0,2.32,6.97
1990-03-09 16:00:00+00:00,73.0,4.15,72.0,2.17,7.31
1990-03-09 17:00:00+00:00,50.0,109.63,38.0,1.81,6.9
1990-03-09 18:00:00+00:00,0.0,0.0,0.0,1.41,6.83
1990-03-09 19:00:00+00:00,0.0,0.0,0.0,1.31,6.48
1990-03-09 20:00:00+00:00,0.0,0.0,0.0,1.15,6.28
1990-03-09 21:00:00+00:00,0.0,0.0,0.0,1.0,6.34
1990-03-09 22:00:00+00:00,0.0,0.0,0.0,0.85,6.28
1990-03-09 23:00:00+00:00,0.0,0.0,0.0,0.83,6.55
1990-03-10 00:00:00+00:00,0.0,0.0,0.0,0.72,6.76
1990-03-10 01:00:00+00:00,0.0,0.0,0.0,0.82,6.83
1990-03-10 02:00:00+00:00,0.0,0.0,0.0,0.63,6.69
1990-03-10 03:00:00+00:00,0.0,0.0,0.0,0.56,6.69
1990-03-10 04:00:00+00:00,0.0,0.0,0.0,0.36,6.69
1990-03-10 05:00:00+00:00,0.0,0.0,0.0,0.17,6.48
1990-03-10 06:00:00+00:00,0.0,0.0,0.0,0.17,6.48
1990-03-10 07:00:00+00:00,10.0,0.0,10.0,-0.2,5.86
1990-03-10 08:00:00+00:00,60.0,5.18,59.0,-0.39,5.93
1990-03-10 09:00:00+00:00,82.0,0.0,82.0,-0.02,5.86
1990-03-10 10:00:00+00:00,62.0,0.0,62.0,0.46,5.79
1990-03-10 11:00:00+00:00,227.0,38.18,209.0,0.97,6.0
1990-03-10 12:00:00+00:00,57.0,0.0,57.0,1.35,6.28
1990-03-10 13:00:00+00:00,479.0,749.1,114.0,1.45,6.41
1990-03-10 14:00:00+00:00,428.0,744.99,101.0,1.3,6.55
1990-03-10 15:00:00+00:00,318.0,591.6,107.0,1.02,6.62
1990-03-10 16:00:00+00:00,108.0,40.64,98.0,0.5,6.48
1990-03-10 17:00:00+00:00,77.0,383.87,33.0,-0.09,6.07
1990-03-10 18:00:00+00:00,0.0,0.0,0.0,-0.8,5.72
1990-03-10 19:00:00+00:00,0.0,0.0,0.0,-1.43,5.59
1990-03-10 20:00:00+00:00,0.0,0.0,0.0,-1.87,5.86
1990-03-10 21:00:00+00:00,0.0,0.0,0.0,-2.25,5.93
1990-03-10 22:00:00+00:00,0.0,0.0,0.0,-2.5,6.0
1990-03-10 23:00:00+00:00,0.0,0.0,0.0,-2.48,5.66
1990-03-11 00:00:00+00:00,0.0,0.0,0.0,-2.69,5.38
1990-03-11 01:00:00+00:00,0.0,0.0,0.0,-2.57,4.76
1990-03-11 02:00:00+00:00,0.0,0.0,0.0,-2.6,4.69
1990-03-11 03:00:00+00:00,0.0,0.0,0.0,-2.58,4.21
1990-03-11 04:00:00+00:00,0.0,0.0,0.0,-2.8,4.48
1990-03-11 05:00:00+00:00,0.0,0.0,0.0,-2.77,4.62
1990-03-11 06:00:00+00:00,0.0,0.0,0.0,-2.58,4.69
1990-03-11 07:00:00+00:00,29.0,177.97,18.0,-2.36,5.17
1990-03-11 08:00:00+00:00,28.0,0.0,28.0,-2.04,5.38
1990-03-11 09:00:00+00:00,124.0,15.64,119.0,-1.33,5.93
1990-03-11 10:00:00+00:00,85.0,0.0,85.0,-0.87,6.21
1990-03-11 11:00:00+00:00,82.0,0.0,82.0,-0.47,6.28
1990-03-11 12:00:00+00:00,59.0,0.0,59.0,-0.04,6.0
1990-03-11 13:00:00+00:00,93.0,0.0,93.0,0.22,6.07
1990-03-11 14:00:00+00:00,242.0,74.23,209.0,0.19,6.21
1990-03-11 15:00:00+00:00,194.0,77.33,166.0,-0.19,6.41
1990-03-11 16:00:00+00:00,138.0,107.43,111.0,-0.49,6.14
1990-03-11 17:00:00+00:00,65.0,166.98,45.0,-0.9,5.59
1990-03-11 18:00:00+00:00,0.0,0.0,0.0,-1.41,4.83
1990-03-11 19:00:00+00:00,0.0,0.0,0.0,-1.48,4.21
1990-03-11 20:00:00+00:00,0.0,0.0,0.0,-1.59,3.72
1990-03-11 21:00:00+00:00,0.0,0.0,0.0,-1.64,3.31
1990-03-11 22:00:00+00:00,0.0,0.0,0.0,-1.67,3.03
1990-03-11 23:00:00+00:00,0.0,0.0,0.0,-1.76,2.69
1990-03-12 00:00:00+00:00,0.0,0.0,0.0,-2.03,2.48
1990-03-12 01:00:00+00:00,0.0,0.0,0.0,-2.29,2.41
1990-03-12 02:00:00+00:00,0.0,0.0,0.0,-2.48,2.41
1990-03-12 03:00:00+00:00,0.0,0.0,0.0,-2.65,2.62
1990-03-12 04:00:00+00:00,0.0,0.0,0.0,-2.72,2.83
1990-03-12 05:00:00+00:00,0.0,0.0,0.0,-2.71,2.97
1990-03-12 06:00:00+00:00,0.0,0.0,0.0,-2.79,3.03
1990-03-12 07:00:00+00:00,23.0,44.01,20.0,-2.98,3.1
1990-03-12 08:00:00+00:00,116.0,145.83,86.0,-2.02,2.97
1990-03-12 09:00:00+00:00,221.0,233.14,145.0,-0.43,3.31
1990-03-12 10:00:00+00:00,288.0,213.89,198.0,1.05,3.59
1990-03-12 11:00:00+00:00,158.0,2.07,157.0,2.41,3.66
1990-03-12 12:00:00+00:00,256.0,47.04,232.0,3.58,3.93
1990-03-12 13:00:00+00:00,249.0,46.11,226.0,4.38,4.14
1990-03-12 14:00:00+00:00,211.0,35.54,195.0,4.63,4.14
1990-03-12 15:00:00+00:00,108.0,0.0,108.0,4.57,3.79
1990-03-12 16:00:00+00:00,115.0,46.77,103.0,4.27,2.69
1990-03-12 17:00:00+00:00,0.0,0.0,0.0,3.57,2.28
1990-03-12 18:00:00+00:00,0.0,0.0,0.0,2.42,1.79
1990-03-12 19:00:00+00:00,0.0,0.0,0.0,1.35,2.21
1990-03-12 20:00:00+00:00,0.0,0.0,0.0,0.69,2.28
1990-03-12 21:00:00+00:00,0.0,0.0,0.0,0.45,2.55
1990-03-12 22:00:00+00:00,0.0,0.0,0.0,0.02,2.76
1990-03-12 23:00:00+00:00,0.0,0.0,0.0,-0.23,2.97
1990-03-13 00:00:00+00:00,0.0,0.0,0.0,-0.45,3.17
1990-03-13 01:00:00+00:00,0.0,0.0,0.0,-0.59,3.31
1990-03-13 02:00:00+00:00,0.0,0.0,0.0,-0.77,3.45
1990-03-13 03:00:00+00:00,0.0,0.0,0.0,-0.92,3.52
1990-03-13 04:00:00+00:00,0.0,0.0,0.0,-1.04,3.45
1990-03-13 05:00:00+00:00,0.0,0.0,0.0,-1.19,3.38
1990-03-13 06:00:00+00:00,0.0,0.0,0.0,-1.36,3.31
1990-03-13 07:00:00+00:00,38.0,214.62,22.0,-1.01,3.17
1990-03-13 08:00:00+00:00,174.0,537.49,60.0,-0.24,3.1
1990-03-13 09:00:00+00:00,306.0,671.06,83.0,0.92,3.59
1990-03-13 10:00:00+00:00,428.0,807.96,83.0,1.85,3.66
1990-03-13 11:00:00+00:00,484.0,761.67,111.0,2.66,3.79
1990-03-13 12:00:00+00:00,466.0,552.14,181.0,3.04,3.59
1990-03-13 13:00:00+00:00,367.0,251.69,240.0,3.6,3.72
1990-03-13 14:00:00+00:00,274.0,120.69,219.0,3.6,3.45
1990-03-13 15:00:00+00:00,248.0,198.43,174.0,3.57,3.17
1990-03-13 16:00:00+00:00,156.0,156.58,115.0,3.39,2.97
1990-03-13 17:00:00+00:00,84.0,307.6,44.0,2.95,2.41
1990-03-13 18:00:00+00:00,0.0,0.0,0.0,2.0,1.66
1990-03-13 19:00:00+00:00,0.0,0.0,0.0,0.56,1.17
1990-03-13 20:00:00+00:00,0.0,0.0,0.0,1.48,0.83
1990-03-13 21:00:00+00:00,0.0,0.0,0.0,1.27,0.9
1990-03-13 22:00:00+00:00,0.0,0.0,0.0,0.22,1.17
1990-03-13 23:00:00+00:00,0.0,0.0,0.0,-1.42,1.38
1990-03-14 00:00:00+00:00,0.0,0.0,0.0,-2.19,1.45
1990-03-14 01:00:00+00:00,0.0,0.0,0.0,-2.91,1.59
1990-03-14 02:00:00+00:00,0.0,0.0,0.0,-3.57,1.86
1990-03-14 03:00:00+00:00,0.0,0.0,0.0,-3.98,2.07
1990-03-14 04:00:00+00:00,0.0,0.0,0.0,-3.63,2.21
1990-03-14 05:00:00+00:00,0.0,0.0,0.0,-3.31,2.41
1990-03-14 06:00:00+00:00,0.0,0.0,0.0,-2.91,2.62
1990-03-14 07:00:00+00:00,46.0,271.76,24.0,-1.76,2.83
1990-03-14 08:00:00+00:00,66.0,4.58,65.0,-0.33,2.76
1990-03-14 09:00:00+00:00,209.0,159.46,155.0,1.51,2.97
1990-03-14 10:00:00+00:00,259.0,122.34,206.0,3.11,3.31
1990-03-14 11:00:00+00:00,312.0,145.22,240.0,4.18,4.14
1990-03-14 12:00:00+00:00,370.0,227.93,251.0,4.23,4.14
1990-03-14 13:00:00+00:00,269.0,62.71,237.0,4.31,4.48
1990-03-14 14:00:00+00:00,256.0,86.72,216.0,4.52,4.76
1990-03-14 15:00:00+00:00,207.0,89.87,173.0,4.67,4.62
1990-03-14 16:00:00+00:00,119.0,41.19,108.0,4.63,3.45
1990-03-14 17:00:00+00:00,54.0,51.79,47.0,4.39,3.66
1990-03-14 18:00:00+00:00,0.0,0.0,0.0,3.86,3.93
1990-03-14 19:00:00+00:00,0.0,0.0,0.0,3.35,3.93
1990-03-14 20:00:00+00:00,0.0,0.0,0.0,3.03,4.07
1990-03-14 21:00:00+00:00,0.0,0.0,0.0,2.94,4.14
1990-03-14 22:00:00+00:00,0.0,0.0,0.0,3.08,4.48
1990-03-14 23:00:00+00:00,0.0,0.0,0.0,3.21,4.69
1990-03-15 00:00:00+00:00,0.0,0.0,0.0,3.27,4.76
1990-03-15 01:00:00+00:00,0.0,0.0,0.0,3.32,5.03
1990-03-15 02:00:00+00:00,0.0,0.0,0.0,3.22,4.97
1990-03-15 03:00:00+00:00,0.0,0.0,0.0,3.07,4.83
1990-03-15 04:00:00+00:00,0.0,0.0,0.0,2.94,4.76
1990-03-15 05:00:00+00:00,0.0,0.0,0.0,2.99,4.76
1990-03-15 06:00:00+00:00,0.0,0.0,0.0,2.82,4.97
1990-03-15 07:00:00+00:00,25.0,22.89,23.0,2.65,5.45
1990-03-15 08:00:00+00:00,50.0,0.0,50.0,2.67,5.38
1990-03-15 09:00:00+00:00,212.0,159.44,157.0,3.28,5.66
1990-03-15 10:00:00+00:00,227.0,63.72,199.0,3.98,5.31
1990-03-15 11:00:00+00:00,211.0,17.93,202.0,4.86,4.76
1990-03-15 12:00:00+00:00,196.0,5.68,193.0,5.75,3.52
1990-03-15 13:00:00+00:00,255.0,46.51,231.0,6.32,3.03
1990-03-15 14:00:00+00:00,137.0,0.0,137.0,6.13,3.1
1990-03-15 15:00:00+00:00,167.0,28.67,156.0,5.33,2.9
1990-03-15 16:00:00+00:00,145.0,99.16,118.0,4.95,2.83
1990-03-15 17:00:00+00:00,67.0,106.95,52.0,4.54,3.03
1990-03-15 18:00:00+00:00,0.0,0.0,0.0,3.65,2.48
1990-03-15 19:00:00+00:00,0.0,0.0,0.0,3.19,2.0
1990-03-15 20:00:00+00:00,0.0,0.0,0.0,2.29,2.0
1990-03-15 21:00:00+00:00,0.0,0.0,0.0,1.14,1.93
1990-03-15 22:00:00+00:00,0.0,0.0,0.0,0.42,1.59
1990-03-15 23:00:00+00:00,0.0,0.0,0.0,-0.99,1.52
1990-03-16 00:00:00+00:00,0.0,0.0,0.0,-1.95,1.52
1990-03-16 01:00:00+00:00,0.0,0.0,0.0,-2.4,1.45
1990-03-16 02:00:00+00:00,0.0,0.0,0.0,-2.46,1.31
1990-03-16 03:00:00+00:00,0.0,0.0,0.0,-1.74,1.03
1990-03-16 04:00:00+00:00,0.0,0.0,0.0,-2.26,1.1
1990-03-16 05:00:00+00:00,0.0,0.0,0.0,-0.58,0.62
1990-03-16 06:00:00+00:00,0.0,0.0,0.0,-1.0,0.83
1990-03-16 07:00:00+00:00,6.0,0.0,6.0,-1.08,1.93
1990-03-16 08:00:00+00:00,17.0,0.0,17.0,0.13,3.17
1990-03-16 09:00:00+00:00,71.0,0.0,71.0,0.82,3.1
1990-03-16 10:00:00+00:00,85.0,0.0,85.0,1.43,3.38
1990-03-16 11:00:00+00:00,68.0,0.0,68.0,1.65,3.1
1990-03-16 12:00:00+00:00,47.0,0.0,47.0,2.38,2.76
1990-03-16 13:00:00+00:00,91.0,0.0,91.0,3.13,2.34
1990-03-16 14:00:00+00:00,93.0,0.0,93.0,3.3,2.07
1990-03-16 15:00:00+00:00,89.0,0.0,89.0,3.59,1.24
1990-03-16 16:00:00+00:00,100.0,10.81,97.0,3.94,0.55
1990-03-16 17:00:00+00:00,99.0,357.77,47.0,3.82,0.28
1990-03-16 18:00:00+00:00,0.0,0.0,0.0,3.11,0.48
1990-03-16 19:00:00+00:00,0.0,0.0,0.0,1.56,2.28
1990-03-16 20:00:00+00:00,0.0,0.0,0.0,1.2,2.69
1990-03-16 21:00:00+00:00,0.0,0.0,0.0,0.74,2.97
1990-03-16 22:00:00+00:00,0.0,0.0,0.0,0.5,2.76
1990-03-16 23:00:00+00:00,0.0,0.0,0.0,0.35,2.14
1990-03-17 00:00:00+00:00,0.0,0.0,0.0,0.04,1.52
1990-03-17 01:00:00+00:00,0.0,0.0,0.0,-0.49,0.83
1990-03-17 02:00:00+00:00,0.0,0.0,0.0,-1.26,1.1
1990-03-17 03:00:00+00:00,0.0,0.0,0.0,-1.17,1.93
1990-03-17 04:00:00+00:00,0.0,0.0,0.0,-1.0,2.34
1990-03-17 05:00:00+00:00,0.0,0.0,0.0,-0.21,2.28
1990-03-17 06:00:00+00:00,0.0,0.0,0.0,0.23,1.93
1990-03-17 07:00:00+00:00,56.0,229.45,33.0,1.68,3.1
1990-03-17 08:00:00+00:00,68.0,4.21,67.0,2.35,2.97
1990-03-17 09:00:00+00:00,121.0,5.59,119.0,2.76,2.9
1990-03-17 10:00:00+00:00,184.0,15.49,177.0,3.17,2.83
1990-03-17 11:00:00+00:00,103.0,0.0,103.0,3.44,2.76
1990-03-17 12:00:00+00:00,106.0,0.0,106.0,3.8,2.41
1990-03-17 13:00:00+00:00,131.0,0.0,131.0,4.0,2.0
1990-03-17 14:00:00+00:00,360.0,303.47,215.0,4.52,2.07
1990-03-17 15:00:00+00:00,375.0,730.34,87.0,4.96,2.48
1990-03-17 16:00:00+00:00,245.0,601.41,75.0,5.2,2.9
1990-03-17 17:00:00+00:00,18.0,0.0,18.0,4.06,3.03
1990-03-17 18:00:00+00:00,0.0,0.0,0.0,3.27,3.93
1990-03-17 19:00:00+00:00,0.0,0.0,0.0,2.25,4.14
1990-03-17 20:00:00+00:00,0.0,0.0,0.0,1.33,3.31
1990-03-17 21:00:00+00:00,0.0,0.0,0.0,0.62,2.9
1990-03-17 22:00:00+00:00,0.0,0.0,0.0,0.35,2.69
1990-03-17 23:00:00+00:00,0.0,0.0,0.0,0.66,3.17
1990-03-18 00:00:00+00:00,0.0,0.0,0.0,1.19,3.86
1990-03-18 01:00:00+00:00,0.0,0.0,0.0,1.78,5.1
1990-03-18 02:00:00+00:00,0.0,0.0,0.0,2.25,5.52
1990-03-18 03:00:00+00:00,0.0,0.0,0.0,2.31,5.66
1990-03-18 04:00:00+00:00,0.0,0.0,0.0,2.34,5.86
1990-03-18 05:00:00+00:00,0.0,0.0,0.0,1.98,5.59
1990-03-18 06:00:00+00:00,0.0,0.0,0.0,1.9,6.28
1990-03-18 07:00:00+00:00,8.0,0.0,8.0,1.68,6.76
1990-03-18 08:00:00+00:00,121.0,77.84,102.0,1.76,7.45
1990-03-18 09:00:00+00:00,44.0,0.0,44.0,1.74,7.52
1990-03-18 10:00:00+00:00,50.0,0.0,50.0,1.71,6.62
1990-03-18 11:00:00+00:00,60.0,0.0,60.0,2.16,6.55
1990-03-18 12:00:00+00:00,48.0,0.0,48.0,2.34,6.69
1990-03-18 13:00:00+00:00,64.0,0.0,64.0,2.05,6.62
1990-03-18 14:00:00+00:00,80.0,0.0,80.0,1.94,6.69
1990-03-18 15:00:00+00:00,138.0,5.0,136.0,1.81,6.55
1990-03-18 16:00:00+00:00,65.0,0.0,65.0,1.3,6.62
1990-03-18 17:00:00+00:00,37.0,0.0,37.0,0.71,6.21
1990-03-18 18:00:00+00:00,0.0,0.0,0.0,0.21,6.62
1990-03-18 19:00:00+00:00,0.0,0.0,0.0,-0.23,6.69
1990-03-18 20:00:00+00:00,0.0,0.0,0.0,-0.17,6.55
1990-03-18 21:00:00+00:00,0.0,0.0,0.0,-0.17,6.97
1990-03-18 22:00:00+00:00,0.0,0.0,0.0,-0.07,7.24
1990-03-18 23:00:00+00:00,0.0,0.0,0.0,-0.02,7.72
1990-03-19 00:00:00+00:00,0.0,0.0,0.0,-0.04,7.38
1990-03-19 01:00:00+00:00,0.0,0.0,0.0,0.08,7.38
1990-03-19 02:00:00+00:00,0.0,0.0,0.0,0.13,7.03
1990-03-19 03:00:00+00:00,0.0,0.0,0.0,0.14,7.03
1990-03-19 04:00:00+00:00,0.0,0.0,0.0,0.15,7.24
1990-03-19 05:00:00+00:00,0.0,0.0,0.0,0.12,7.31
1990-03-19 06:00:00+00:00,0.0,0.0,0.0,0.19,7.52
1990-03-19 07:00:00+00:00,29.0,0.0,29.0,0.18,7.72
1990-03-19 08:00:00+00:00,25.0,0.0,25.0,0.41,8.48
1990-03-19 09:00:00+00:00,42.0,0.0,42.0,0.63,9.03
1990-03-19 10:00:00+00:00,83.0,0.0,83.0,0.63,8.76
1990-03-19 11:00:00+00:00,139.0,0.0,139.0,0.83,8.9
1990-03-19 12:00:00+00:00,74.0,0.0,74.0,1.03,8.69
1990-03-19 13:00:00+00:00,67.0,0.0,67.0,1.06,8.34
1990-03-19 14:00:00+00:00,99.0,0.0,99.0,1.05,8.14
1990-03-19 15:00:00+00:00,72.0,0.0,72.0,1.08,7.72
1990-03-19 16:00:00+00:00,54.0,0.0,54.0,0.96,6.34
1990-03-19 17:00:00+00:00,69.0,56.07,60.0,0.86,6.21
1990-03-19 18:00:00+00:00,0.0,0.0,0.0,0.75,6.62
1990-03-19 19:00:00+00:00,0.0,0.0,0.0,0.94,5.93
1990-03-19 20:00:00+00:00,0.0,0.0,0.0,0.88,5.93
1990-03-19 21:00:00+00:00,0.0,0.0,0.0,0.77,5.79
1990-03-19 22:00:00+00:00,0.0,0.0,0.0,0.59,5.59
1990-03-19 23:00:00+00:00,0.0,0.0,0.0,0.55,5.31
1990-03-20 00:00:00+00:00,0.0,0.0,0.0,0.49,4.97
1990-03-20 01:00:00+00:00,0.0,0.0,0.0,0.29,4.83
1990-03-20 02:00:00+00:00,0.0,0.0,0.0,0.19,4.69
1990-03-20 03:00:00+00:00,0.0,0.0,0.0,0.05,4.62
1990-03-20 04:00:00+00:00,0.0,0.0,0.0,-0.1,4.41
1990-03-20 05:00:00+00:00,0.0,0.0,0.0,-0.14,4.28
1990-03-20 06:00:00+00:00,0.0,0.0,0.0,-0.13,4.21
1990-03-20 07:00:00+00:00,44.0,33.45,40.0,0.25,4.48
1990-03-20 08:00:00+00:00,121.0,58.39,106.0,0.41,4.83
1990-03-20 09:00:00+00:00,123.0,2.66,122.0,0.79,5.72
1990-03-20 10:00:00+00:00,179.0,8.5,175.0,1.16,5.79
1990-03-20 11:00:00+00:00,162.0,0.0,162.0,1.56,5.79
1990-03-20 12:00:00+00:00,279.0,44.87,254.0,1.92,5.59
1990-03-20 13:00:00+00:00,313.0,91.87,263.0,2.01,5.38
1990-03-20 14:00:00+00:00,399.0,384.54,209.0,1.98,5.24
1990-03-20 15:00:00+00:00,234.0,104.84,191.0,1.86,5.03
1990-03-20 16:00:00+00:00,139.0,50.32,124.0,1.6,4.83
1990-03-20 17:00:00+00:00,79.0,90.62,64.0,1.12,4.34
1990-03-20 18:00:00+00:00,0.0,0.0,0.0,0.41,3.79
1990-03-20 19:00:00+00:00,0.0,0.0,0.0,-0.33,3.24
1990-03-20 20:00:00+00:00,0.0,0.0,0.0,-0.8,2.97
1990-03-20 21:00:00+00:00,0.0,0.0,0.0,-1.13,2.9
1990-03-20 22:00:00+00:00,0.0,0.0,0.0,-1.51,2.69
1990-03-20 23:00:00+00:00,0.0,0.0,0.0,-2.13,2.41
1990-03-21 00:00:00+00:00,0.0,0.0,0.0,-3.22,2.21
1990-03-21 01:00:00+00:00,0.0,0.0,0.0,-4.3,2.07
1990-03-21 02:00:00+00:00,0.0,0.0,0.0,-5.29,2.28
1990-03-21 03:00:00+00:00,0.0,0.0,0.0,-5.8,2.34
1990-03-21 04:00:00+00:00,0.0,0.0,0.0,-5.94,2.34
1990-03-21 05:00:00+00:00,0.0,0.0,0.0,-6.49,2.55
1990-03-21 06:00:00+00:00,0.0,0.0,0.0,-6.93,2.83
1990-03-21 07:00:00+00:00,88.0,412.56,36.0,-6.56,2.69
1990-03-21 08:00:00+00:00,201.0,391.25,98.0,-5.05,3.17
1990-03-21 09:00:00+00:00,362.0,708.0,91.0,-0.97,4.76
1990-03-21 10:00:00+00:00,458.0,707.33,121.0,0.54,5.17
1990-03-21 11:00:00+00:00,496.0,593.07,177.0,1.33,5.93
1990-03-21 12:00:00+00:00,236.0,14.21,228.0,1.6,5.93
1990-03-21 13:00:00+00:00,110.0,0.0,110.0,1.7,5.59
1990-03-21 14:00:00+00:00,205.0,14.01,198.0,1.68,5.66
1990-03-21 15:00:00+00:00,256.0,142.05,197.0,1.51,6.14
1990-03-21 16:00:00+00:00,107.0,9.9,104.0,1.42,6.41
1990-03-21 17:00:00+00:00,69.0,41.05,62.0,1.15,6.28
1990-03-21 18:00:00+00:00,0.0,0.0,0.0,0.61,6.21
1990-03-21 19:00:00+00:00,0.0,0.0,0.0,-0.05,6.14
1990-03-21 20:00:00+00:00,0.0,0.0,0.0,-0.13,6.28
1990-03-21 21:00:00+00:00,0.0,0.0,0.0,-0.16,6.83
1990-03-21 22:00:00+00:00,0.0,0.0,0.0,-0.05,7.17
1990-03-21 23:00:00+00:00,0.0,0.0,0.0,-0.02,7.31
1990-03-22 00:00:00+00:00,0.0,0.0,0.0,0.06,7.17
1990-03-22 01:00:00+00:00,0.0,0.0,0.0,0.1,7.45
1990-03-22 02:00:00+00:00,0.0,0.0,0.0,0.34,7.72
1990-03-22 03:00:00+00:00,0.0,0.0,0.0,0.44,8.21
1990-03-22 04:00:00+00:00,0.0,0.0,0.0,0.45,8.14
1990-03-22 05:00:00+00:00,0.0,0.0,0.0,0.34,7.86
1990-03-22 06:00:00+00:00,0.0,0.0,0.0,0.09,8.07
1990-03-22 07:00:00+00:00,16.0,0.0,16.0,0.1,7.86
1990-03-22 08:00:00+00:00,33.0,0.0,33.0,0.27,8.07
1990-03-22 09:00:00+00:00,56.0,0.0,56.0,0.63,10.0
1990-03-22 10:00:00+00:00,68.0,0.0,68.0,0.94,9.38
1990-03-22 11:00:00+00:00,104.0,0.0,104.0,1.18,9.86
1990-03-22 12:00:00+00:00,80.0,0.0,80.0,1.4,10.28
1990-03-22 13:00:00+00:00,107.0,0.0,107.0,1.45,10.55
1990-03-22 14:00:00+00:00,68.0,0.0,68.0,1.25,9.86
1990-03-22 15:00:00+00:00,59.0,0.0,59.0,0.98,9.79
1990-03-22 16:00:00+00:00,40.0,0.0,40.0,0.85,9.86
1990-03-22 17:00:00+00:00,25.0,0.0,25.0,0.66,8.97
1990-03-22 18:00:00+00:00,2.0,0.0,2.0,0.36,8.83
1990-03-22 19:00:00+00:00,0.0,0.0,0.0,0.12,8.62
1990-03-22 20:00:00+00:00,0.0,0.0,0.0,0.05,8.62
1990-03-22 21:00:00+00:00,0.0,0.0,0.0,-0.03,8.34
1990-03-22 22:00:00+00:00,0.0,0.0,0.0,-0.13,8.69
1990-03-22 23:00:00+00:00,0.0,0.0,0.0,-0.01,8.41
1990-03-23 00:00:00+00:00,0.0,0.0,0.0,0.01,8.28
1990-03-23 01:00:00+00:00,0.0,0.0,0.0,0.12,8.28
1990-03-23 02:00:00+00:00,0.0,0.0,0.0,0.22,8.48
1990-03-23 03:00:00+00:00,0.0,0.0,0.0,0.21,8.41
1990-03-23 04:00:00+00:00,0.0,0.0,0.0,0.28,8.55
1990-03-23 05:00:00+00:00,0.0,0.0,0.0,0.33,8.55
1990-03-23 06:00:00+00:00,0.0,0.0,0.0,0.26,8.62
1990-03-23 07:00:00+00:00,18.0,0.0,18.0,-0.2,8.21
1990-03-23 08:00:00+00:00,38.0,0.0,38.0,-0.08,8.48
1990-03-23 09:00:00+00:00,68.0,0.0,68.0,0.0,9.24
1990-03-23 10:00:00+00:00,90.0,0.0,90.0,0.05,9.79
1990-03-23 11:00:00+00:00,93.0,0.0,93.0,0.29,9.1
1990-03-23 12:00:00+00:00,104.0,0.0,104.0,0.34,9.79
1990-03-23 13:00:00+00:00,102.0,0.0,102.0,0.36,8.9
1990-03-23 14:00:00+00:00,99.0,0.0,99.0,0.23,8.69
1990-03-23 15:00:00+00:00,76.0,0.0,76.0,0.0,8.55
1990-03-23 16:00:00+00:00,37.0,0.0,37.0,-0.01,8.14
1990-03-23 17:00:00+00:00,18.0,0.0,18.0,-0.08,8.0
1990-03-23 18:00:00+00:00,1.0,0.0,1.0,-0.22,8.0
1990-03-23 19:00:00+00:00,0.0,0.0,0.0,-0.28,7.72
1990-03-23 20:00:00+00:00,0.0,0.0,0.0,-0.29,7.66
1990-03-23 21:00:00+00:00,0.0,0.0,0.0,-0.31,7.66
1990-03-23 22:00:00+00:00,0.0,0.0,0.0,-0.28,7.59
1990-03-23 23:00:00+00:00,0.0,0.0,0.0,-0.25,7.59
1990-03-24 00:00:00+00:00,0.0,0.0,0.0,-0.28,7.59
1990-03-24 01:00:00+00:00,0.0,0.0,0.0,-0.29,7.52
1990-03-24 02:00:00+00:00,0.0,0.0,0.0,-0.34,7.45
1990-03-24 03:00:00+00:00,0.0,0.0,0.0,-0.41,7.38
1990-03-24 04:00:00+00:00,0.0,0.0,0.0,-0.45,7.31
1990-03-24 05:00:00+00:00,0.0,0.0,0.0,-0.57,7.31
1990-03-24 06:00:00+00:00,0.0,0.0,0.0,-0.64,7.31
1990-03-24 07:00:00+00:00,39.0,6.88,38.0,-0.43,7.24
1990-03-24 08:00:00+00:00,127.0,42.5,115.0,-0.3,7.66
1990-03-24 09:00:00+00:00,184.0,34.87,170.0,-0.01,8.69
1990-03-24 10:00:00+00:00,210.0,18.19,201.0,0.02,8.69
1990-03-24 11:00:00+00:00,165.0,0.0,165.0,0.04,8.76
1990-03-24 12:00:00+00:00,184.0,0.0,184.0,0.33,9.03
1990-03-24 13:00:00+00:00,160.0,0.0,160.0,0.46,8.9
1990-03-24 14:00:00+00:00,79.0,0.0,79.0,0.45,8.55
1990-03-24 15:00:00+00:00,196.0,30.18,183.0,0.32,8.28
1990-03-24 16:00:00+00:00,147.0,43.99,133.0,0.35,8.14
1990-03-24 17:00:00+00:00,93.0,97.07,75.0,0.29,7.86
1990-03-24 18:00:00+00:00,2.0,0.0,2.0,0.06,7.1
1990-03-24 19:00:00+00:00,0.0,0.0,0.0,-0.16,7.24
1990-03-24 20:00:00+00:00,0.0,0.0,0.0,-0.27,7.17
1990-03-24 21:00:00+00:00,0.0,0.0,0.0,-0.42,7.1
1990-03-24 22:00:00+00:00,0.0,0.0,0.0,-0.43,6.97
1990-03-24 23:00:00+00:00,0.0,0.0,0.0,-0.2,6.9
1990-03-25 00:00:00+00:00,0.0,0.0,0.0,-0.14,6.76
1990-03-25 01:00:00+00:00,0.0,0.0,0.0,-0.06,6.34
1990-03-25 02:00:00+00:00,0.0,0.0,0.0,0.0,6.14
1990-03-25 03:00:00+00:00,0.0,0.0,0.0,0.08,5.93
1990-03-25 04:00:00+00:00,0.0,0.0,0.0,-0.3,5.93
1990-03-25 05:00:00+00:00,0.0,0.0,0.0,-0.46,5.72
1990-03-25 06:00:00+00:00,0.0,0.0,0.0,-0.45,5.66
1990-03-25 07:00:00+00:00,61.0,39.53,55.0,-0.17,6.41
1990-03-25 08:00:00+00:00,77.0,0.0,77.0,0.26,7.59
1990-03-25 09:00:00+00:00,69.0,0.0,69.0,0.66,8.07
1990-03-25 10:00:00+00:00,94.0,0.0,94.0,0.82,8.21
1990-03-25 11:00:00+00:00,111.0,0.0,111.0,0.89,8.07
1990-03-25 12:00:00+00:00,117.0,0.0,117.0,1.12,7.93
1990-03-25 13:00:00+00:00,124.0,0.0,124.0,1.09,7.66
1990-03-25 14:00:00+00:00,165.0,0.0,165.0,1.18,7.38
1990-03-25 15:00:00+00:00,106.0,0.0,106.0,0.93,7.03
1990-03-25 16:00:00+00:00,118.0,9.28,115.0,0.87,6.83
1990-03-25 17:00:00+00:00,57.0,5.25,56.0,0.55,6.28
1990-03-25 18:00:00+00:00,4.0,0.0,4.0,0.1,5.59
1990-03-25 19:00:00+00:00,0.0,0.0,0.0,-0.31,5.38
1990-03-25 20:00:00+00:00,0.0,0.0,0.0,-0.45,5.38
1990-03-25 21:00:00+00:00,0.0,0.0,0.0,-0.58,5.31
1990-03-25 22:00:00+00:00,0.0,0.0,0.0,-0.68,5.17
1990-03-25 23:00:00+00:00,0.0,0.0,0.0,-0.66,4.9
1990-03-26 00:00:00+00:00,0.0,0.0,0.0,-0.6,4.76
1990-03-26 01:00:00+00:00,0.0,0.0,0.0,-0.76,4.62
1990-03-26 02:00:00+00:00,0.0,0.0,0.0,-0.9,4.62
1990-03-26 03:00:00+00:00,0.0,0.0,0.0,-0.99,4.34
1990-03-26 04:00:00+00:00,0.0,0.0,0.0,-1.11,4.14
1990-03-26 05:00:00+00:00,0.0,0.0,0.0,-1.09,4.07
1990-03-26 06:00:00+00:00,0.0,0.0,0.0,-1.17,3.86
1990-03-26 07:00:00+00:00,70.0,63.22,60.0,-0.47,4.41
1990-03-26 08:00:00+00:00,162.0,105.1,131.0,-0.14,5.86
1990-03-26 09:00:00+00:00,303.0,280.33,187.0,0.38,6.48
1990-03-26 10:00:00+00:00,254.0,47.37,230.0,0.89,6.69
1990-03-26 11:00:00+00:00,276.0,37.03,255.0,1.22,6.76
1990-03-26 12:00:00+00:00,234.0,8.46,229.0,1.37,6.83
1990-03-26 13:00:00+00:00,154.0,0.0,154.0,1.51,6.83
1990-03-26 14:00:00+00:00,448.0,450.73,211.0,1.61,6.9
1990-03-26 15:00:00+00:00,318.0,258.54,204.0,1.56,6.62
1990-03-26 16:00:00+00:00,154.0,45.71,139.0,1.54,6.48
1990-03-26 17:00:00+00:00,125.0,240.71,78.0,1.16,5.72
1990-03-26 18:00:00+00:00,10.0,0.0,10.0,0.64,4.83
1990-03-26 19:00:00+00:00,0.0,0.0,0.0,-0.01,4.48
1990-03-26 20:00:00+00:00,0.0,0.0,0.0,-0.32,4.21
1990-03-26 21:00:00+00:00,0.0,0.0,0.0,-0.61,3.79
1990-03-26 22:00:00+00:00,0.0,0.0,0.0,-0.86,3.38
1990-03-26 23:00:00+00:00,0.0,0.0,0.0,-1.02,3.38
1990-03-27 00:00:00+00:00,0.0,0.0,0.0,-1.2,3.59
1990-03-27 01:00:00+00:00,0.0,0.0,0.0,-1.18,3.79
1990-03-27 02:00:00+00:00,0.0,0.0,0.0,-1.25,3.79
1990-03-27 03:00:00+00:00,0.0,0.0,0.0,-1.25,3.72
1990-03-27 04:00:00+00:00,0.0,0.0,0.0,-1.14,3.72
1990-03-27 05:00:00+00:00,0.0,0.0,0.0,-1.02,3.93
1990-03-27 06:00:00+00:00,0.0,0.0,0.0,-0.75,4.14
1990-03-27 07:00:00+00:00,72.0,60.76,62.0,-0.66,4.41
1990-03-27 08:00:00+00:00,203.0,239.02,131.0,-0.21,5.24
1990-03-27 09:00:00+00:00,200.0,40.48,183.0,0.42,5.66
1990-03-27 10:00:00+00:00,249.0,39.02,229.0,0.76,5.93
1990-03-27 11:00:00+00:00,338.0,99.5,281.0,1.47,6.34
1990-03-27 12:00:00+00:00,373.0,127.37,297.0,1.58,6.28
1990-03-27 13:00:00+00:00,308.0,56.66,275.0,1.85,6.28
1990-03-27 14:00:00+00:00,396.0,276.85,249.0,1.89,6.0
1990-03-27 15:00:00+00:00,150.0,2.24,149.0,1.88,5.66
1990-03-27 16:00:00+00:00,163.0,57.04,144.0,1.79,5.66
1990-03-27 17:00:00+00:00,58.0,5.0,57.0,1.53,5.17
1990-03-27 18:00:00+00:00,4.0,0.0,4.0,1.04,4.41
1990-03-27 19:00:00+00:00,0.0,0.0,0.0,0.34,3.72
1990-03-27 20:00:00+00:00,0.0,0.0,0.0,-0.02,3.66
1990-03-27 21:00:00+00:00,0.0,0.0,0.0,0.06,3.86
1990-03-27 22:00:00+00:00,0.0,0.0,0.0,-0.32,3.79
1990-03-27 23:00:00+00:00,0.0,0.0,0.0,-0.54,4.0
1990-03-28 00:00:00+00:00,0.0,0.0,0.0,-0.66,3.93
1990-03-28 01:00:00+00:00,0.0,0.0,0.0,-0.81,3.66
1990-03-28 02:00:00+00:00,0.0,0.0,0.0,-0.64,3.45
1990-03-28 03:00:00+00:00,0.0,0.0,0.0,-0.81,3.17
1990-03-28 04:00:00+00:00,0.0,0.0,0.0,-0.88,3.03
1990-03-28 05:00:00+00:00,0.0,0.0,0.0,-0.95,2.83
1990-03-28 06:00:00+00:00,0.0,0.0,0.0,-1.08,2.9
1990-03-28 07:00:00+00:00,94.0,146.25,69.0,-0.56,3.17
1990-03-28 08:00:00+00:00,91.0,0.0,91.0,0.32,4.9
1990-03-28 09:00:00+00:00,138.0,2.35,137.0,0.97,5.52
1990-03-28 10:00:00+00:00,166.0,1.93,165.0,1.55,5.59
1990-03-28 11:00:00+00:00,212.0,5.19,209.0,1.95,5.38
1990-03-28 12:00:00+00:00,195.0,1.66,194.0,2.32,5.1
1990-03-28 13:00:00+00:00,302.0,49.35,273.0,2.65,4.83
1990-03-28 14:00:00+00:00,182.0,1.87,181.0,2.67,4.62
1990-03-28 15:00:00+00:00,242.0,73.18,209.0,2.46,4.41
1990-03-28 16:00:00+00:00,210.0,162.72,155.0,2.2,4.21
1990-03-28 17:00:00+00:00,170.0,570.75,53.0,1.98,4.07
1990-03-28 18:00:00+00:00,19.0,32.81,17.0,1.45,3.52
1990-03-28 19:00:00+00:00,0.0,0.0,0.0,0.56,3.1
1990-03-28 20:00:00+00:00,0.0,0.0,0.0,-0.19,2.76
1990-03-28 21:00:00+00:00,0.0,0.0,0.0,-0.78,2.48
1990-03-28 22:00:00+00:00,0.0,0.0,0.0,-1.59,2.41
1990-03-28 23:00:00+00:00,0.0,0.0,0.0,-2.73,2.34
1990-03-29 00:00:00+00:00,0.0,0.0,0.0,-3.71,2.28
1990-03-29 01:00:00+00:00,0.0,0.0,0.0,-4.03,2.14
1990-03-29 02:00:00+00:00,0.0,0.0,0.0,-3.79,2.0
1990-03-29 03:00:00+00:00,0.0,0.0,0.0,-3.74,2.0
1990-03-29 04:00:00+00:00,0.0,0.0,0.0,-3.85,2.0
1990-03-29 05:00:00+00:00,0.0,0.0,0.0,-3.84,2.07
1990-03-29 06:00:00+00:00,2.0,0.0,2.0,-3.74,2.0
1990-03-29 07:00:00+00:00,70.0,33.85,64.0,-3.15,1.93
1990-03-29 08:00:00+00:00,98.0,3.19,97.0,-0.88,3.03
1990-03-29 09:00:00+00:00,243.0,92.58,203.0,0.96,3.79
1990-03-29 10:00:00+00:00,416.0,347.11,234.0,1.63,3.93
1990-03-29 11:00:00+00:00,352.0,107.84,289.0,1.96,3.93
1990-03-29 12:00:00+00:00,204.0,1.65,203.0,2.25,4.07
1990-03-29 13:00:00+00:00,318.0,60.72,282.0,2.41,4.21
1990-03-29 14:00:00+00:00,480.0,515.54,201.0,2.43,4.28
1990-03-29 15:00:00+00:00,393.0,495.73,167.0,2.25,4.28
1990-03-29 16:00:00+00:00,221.0,186.66,157.0,2.06,4.28
1990-03-29 17:00:00+00:00,141.0,276.42,83.0,1.72,4.0
1990-03-29 18:00:00+00:00,24.0,75.97,19.0,1.2,3.38
1990-03-29 19:00:00+00:00,0.0,0.0,0.0,0.16,3.03
1990-03-29 20:00:00+00:00,0.0,0.0,0.0,-0.53,2.55
1990-03-29 21:00:00+00:00,0.0,0.0,0.0,-1.43,2.28
1990-03-29 22:00:00+00:00,0.0,0.0,0.0,-2.8,2.0
1990-03-29 23:00:00+00:00,0.0,0.0,0.0,-2.87,1.72
1990-03-30 00:00:00+00:00,0.0,0.0,0.0,-1.46,1.45
1990-03-30 01:00:00+00:00,0.0,0.0,0.0,-0.9,1.38
1990-03-30 02:00:00+00:00,0.0,0.0,0.0,-1.13,1.45
1990-03-30 03:00:00+00:00,0.0,0.0,0.0,-1.9,1.59
1990-03-30 04:00:00+00:00,0.0,0.0,0.0,-3.07,1.72
1990-03-30 05:00:00+00:00,0.0,0.0,0.0,-3.94,1.93
1990-03-30 06:00:00+00:00,3.0,0.0,3.0,-4.02,1.93
1990-03-30 07:00:00+00:00,82.0,59.91,71.0,-3.35,1.72
1990-03-30 08:00:00+00:00,97.0,3.13,96.0,-2.77,2.34
1990-03-30 09:00:00+00:00,149.0,4.57,147.0,0.36,2.55
1990-03-30 10:00:00+00:00,98.0,0.0,98.0,1.16,2.76
1990-03-30 11:00:00+00:00,132.0,0.0,132.0,1.82,2.97
1990-03-30 12:00:00+00:00,411.0,169.66,307.0,2.18,3.03
1990-03-30 13:00:00+00:00,131.0,0.0,131.0,2.33,2.9
1990-03-30 14:00:00+00:00,291.0,62.25,257.0,2.49,2.69
1990-03-30 15:00:00+00:00,181.0,10.85,176.0,2.28,2.55
1990-03-30 16:00:00+00:00,164.0,46.01,148.0,2.32,2.41
1990-03-30 17:00:00+00:00,149.0,312.15,82.0,2.15,2.28
1990-03-30 18:00:00+00:00,21.0,28.31,19.0,1.5,1.86
1990-03-30 19:00:00+00:00,0.0,0.0,0.0,0.28,2.14
1990-03-30 20:00:00+00:00,0.0,0.0,0.0,-0.79,2.07
1990-03-30 21:00:00+00:00,0.0,0.0,0.0,-1.95,2.0
1990-03-30 22:00:00+00:00,0.0,0.0,0.0,-2.38,1.86
1990-03-30 23:00:00+00:00,0.0,0.0,0.0,-2.13,1.66
1990-03-31 00:00:00+00:00,0.0,0.0,0.0,-1.43,1.38
1990-03-31 01:00:00+00:00,0.0,0.0,0.0,-0.26,1.24
1990-03-31 02:00:00+00:00,0.0,0.0,0.0,-0.2,1.1
1990-03-31 03:00:00+00:00,0.0,0.0,0.0,-0.28,0.97
1990-03-31 04:00:00+00:00,0.0,0.0,0.0,-0.25,0.97
1990-03-31 05:00:00+00:00,0.0,0.0,0.0,-0.44,1.1
1990-03-31 06:00:00+00:00,3.0,0.0,3.0,-0.62,1.24
1990-03-31 07:00:00+00:00,101.0,115.86,79.0,-2.23,1.59
1990-03-31 08:00:00+00:00,228.0,260.71,143.0,-1.83,2.14
1990-03-31 09:00:00+00:00,381.0,490.92,163.0,1.18,2.55
1990-03-31 10:00:00+00:00,545.0,820.99,105.0,1.85,2.55
1990-03-31 11:00:00+00:00,585.0,718.86,157.0,2.33,2.62
1990-03-31 12:00:00+00:00,321.0,50.13,290.0,2.73,2.83
1990-03-31 13:00:00+00:00,305.0,44.75,278.0,2.86,3.03
1990-03-31 14:00:00+00:00,224.0,12.7,217.0,3.06,3.24
1990-03-31 15:00:00+00:00,224.0,40.8,205.0,3.4,3.31
1990-03-31 16:00:00+00:00,118.0,5.67,116.0,0.97,2.91
1990-03-31 17:00:00+00:00,75.0,9.11,73.0,1.12,3.03
1990-03-31 18:00:00+00:00,13.0,0.0,13.0,1.27,3.16
1990-03-31 19:00:00+00:00,0.0,0.0,0.0,1.41,3.29
1990-03-31 20:00:00+00:00,0.0,0.0,0.0,1.56,3.42
1990-03-31 21:00:00+00:00,0.0,0.0,0.0,1.71,3.54
1990-03-31 22:00:00+00:00,0.0,0.0,0.0,1.86,3.67
1990-03-31 23:00:00+00:00,0.0,0.0,0.0,2.01,3.8
1990-04-01 00:00:00+00:00,0.0,0.0,0.0,2.16,3.93
1990-04-01 01:00:00+00:00,0.0,0.0,0.0,2.31,4.05
1990-04-01 02:00:00+00:00,0.0,0.0,0.0,2.46,4.18
1990-04-01 03:00:00+00:00,0.0,0.0,0.0,2.61,4.31
1990-04-01 04:00:00+00:00,0.0,0.0,0.0,2.76,4.44
1990-04-01 05:00:00+00:00,0.0,0.0,0.0,2.91,4.56
1990-04-01 06:00:00+00:00,7.0,0.0,7.0,3.06,4.69
1990-04-01 07:00:00+00:00,44.0,0.0,44.0,3.21,4.82
1990-04-01 08:00:00+00:00,55.0,0.0,55.0,4.54,5.72
1990-04-01 09:00:00+00:00,75.0,0.0,75.0,4.94,6.14
1990-04-01 10:00:00+00:00,133.0,0.0,133.0,5.83,7.52
1990-04-01 11:00:00+00:00,144.0,0.0,144.0,6.59,7.45
1990-04-01 12:00:00+00:00,215.0,3.18,213.0,7.17,8.21
1990-04-01 13:00:00+00:00,212.0,3.26,210.0,7.07,7.86
1990-04-01 14:00:00+00:00,131.0,0.0,131.0,6.93,7.79
1990-04-01 15:00:00+00:00,115.0,0.0,115.0,6.7,8.62
1990-04-01 16:00:00+00:00,104.0,0.0,104.0,6.33,8.14
1990-04-01 17:00:00+00:00,34.0,0.0,34.0,6.36,8.0
1990-04-01 18:00:00+00:00,9.0,0.0,9.0,6.39,7.86
1990-04-01 19:00:00+00:00,0.0,0.0,0.0,6.83,7.79
1990-04-01 20:00:00+00:00,0.0,0.0,0.0,7.06,7.45
1990-04-01 21:00:00+00:00,0.0,0.0,0.0,7.28,6.83
1990-04-01 22:00:00+00:00,0.0,0.0,0.0,7.41,5.86
1990-04-01 23:00:00+00:00,0.0,0.0,0.0,7.42,4.69
1990-04-02 00:00:00+00:00,0.0,0.0,0.0,7.26,3.66
1990-04-02 01:00:00+00:00,0.0,0.0,0.0,6.96,3.1
1990-04-02 02:00:00+00:00,0.0,0.0,0.0,6.57,2.55
1990-04-02 03:00:00+00:00,0.0,0.0,0.0,6.2,2.0
1990-04-02 04:00:00+00:00,0.0,0.0,0.0,5.71,1.66
1990-04-02 05:00:00+00:00,0.0,0.0,0.0,5.1,1.52
1990-04-02 06:00:00+00:00,13.0,0.0,13.0,4.67,1.31
1990-04-02 07:00:00+00:00,76.0,19.18,72.0,5.67,1.1
1990-04-02 08:00:00+00:00,185.0,95.86,152.0,6.73,1.31
1990-04-02 09:00:00+00:00,294.0,168.92,216.0,7.37,0.97
1990-04-02 10:00:00+00:00,286.0,59.67,253.0,8.27,0.69
1990-04-02 11:00:00+00:00,335.0,75.19,289.0,8.91,0.69
1990-04-02 12:00:00+00:00,305.0,37.85,281.0,9.51,0.97
1990-04-02 13:00:00+00:00,234.0,6.47,230.0,10.16,1.66
1990-04-02 14:00:00+00:00,260.0,31.8,242.0,9.79,2.34
1990-04-02 15:00:00+00:00,145.0,0.0,145.0,8.93,2.9
1990-04-02 16:00:00+00:00,99.0,0.0,99.0,8.43,2.97
1990-04-02 17:00:00+00:00,55.0,0.0,55.0,7.89,2.76
1990-04-02 18:00:00+00:00,13.0,0.0,13.0,7.49,0.0
1990-04-02 19:00:00+00:00,0.0,0.0,0.0,7.44,0.0
1990-04-02 20:00:00+00:00,0.0,0.0,0.0,7.29,1.79
1990-04-02 21:00:00+00:00,0.0,0.0,0.0,7.26,1.79
1990-04-02 22:00:00+00:00,0.0,0.0,0.0,7.23,1.79
1990-04-02 23:00:00+00:00,0.0,0.0,0.0,7.04,1.45
1990-04-03 00:00:00+00:00,0.0,0.0,0.0,6.5,1.03
1990-04-03 01:00:00+00:00,0.0,0.0,0.0,5.73,1.1
1990-04-03 02:00:00+00:00,0.0,0.0,0.0,4.87,1.45
1990-04-03 03:00:00+00:00,0.0,0.0,0.0,4.5,1.52
1990-04-03 04:00:00+00:00,0.0,0.0,0.0,4.23,1.72
1990-04-03 05:00:00+00:00,0.0,0.0,0.0,4.54,2.0
1990-04-03 06:00:00+00:00,4.0,0.0,4.0,4.92,2.34
1990-04-03 07:00:00+00:00,64.0,4.66,63.0,5.56,2.07
1990-04-03 08:00:00+00:00,94.0,0.0,94.0,6.36,2.07
1990-04-03 09:00:00+00:00,72.0,0.0,72.0,6.75,2.0
1990-04-03 10:00:00+00:00,93.0,0.0,93.0,7.4,2.0
1990-04-03 11:00:00+00:00,82.0,0.0,82.0,8.55,1.66
1990-04-03 12:00:00+00:00,111.0,0.0,111.0,9.44,1.24
1990-04-03 13:00:00+00:00,390.0,137.93,304.0,10.05,1.24
1990-04-03 14:00:00+00:00,411.0,254.03,266.0,10.39,1.38
1990-04-03 15:00:00+00:00,174.0,6.19,171.0,10.64,1.79
1990-04-03 16:00:00+00:00,166.0,37.69,152.0,10.48,2.34
1990-04-03 17:00:00+00:00,59.0,0.0,59.0,10.06,2.28
1990-04-03 18:00:00+00:00,28.0,21.15,26.0,9.66,2.14
1990-04-03 19:00:00+00:00,0.0,0.0,0.0,8.51,2.0
1990-04-03 20:00:00+00:00,0.0,0.0,0.0,8.27,1.93
1990-04-03 21:00:00+00:00,0.0,0.0,0.0,7.55,2.0
1990-04-03 22:00:00+00:00,0.0,0.0,0.0,7.09,1.93
1990-04-03 23:00:00+00:00,0.0,0.0,0.0,6.52,1.79
1990-04-04 00:00:00+00:00,0.0,0.0,0.0,6.02,1.86
1990-04-04 01:00:00+00:00,0.0,0.0,0.0,5.43,1.59
1990-04-04 02:00:00+00:00,0.0,0.0,0.0,5.52,1.31
1990-04-04 03:00:00+00:00,0.0,0.0,0.0,5.61,1.52
1990-04-04 04:00:00+00:00,0.0,0.0,0.0,6.06,1.86
1990-04-04 05:00:00+00:00,0.0,0.0,0.0,6.24,2.07
1990-04-04 06:00:00+00:00,21.0,13.09,20.0,6.36,2.41
1990-04-04 07:00:00+00:00,20.0,0.0,20.0,6.48,3.17
1990-04-04 08:00:00+00:00,28.0,0.0,28.0,6.62,3.52
1990-04-04 09:00:00+00:00,67.0,0.0,67.0,6.71,3.93
1990-04-04 10:00:00+00:00,83.0,0.0,83.0,6.65,4.0
1990-04-04 11:00:00+00:00,93.0,0.0,93.0,6.59,4.21
1990-04-04 12:00:00+00:00,130.0,0.0,130.0,6.75,3.86
1990-04-04 13:00:00+00:00,207.0,1.59,206.0,7.04,3.1
1990-04-04 14:00:00+00:00,92.0,0.0,92.0,7.19,2.76
1990-04-04 15:00:00+00:00,90.0,0.0,90.0,7.51,3.03
1990-04-04 16:00:00+00:00,80.0,0.0,80.0,7.4,2.76
1990-04-04 17:00:00+00:00,29.0,0.0,29.0,7.14,2.21
1990-04-04 18:00:00+00:00,30.0,20.14,28.0,6.83,2.0
1990-04-04 19:00:00+00:00,0.0,0.0,0.0,6.59,1.79
1990-04-04 20:00:00+00:00,0.0,0.0,0.0,6.34,1.93
1990-04-04 21:00:00+00:00,0.0,0.0,0.0,6.1,2.0
1990-04-04 22:00:00+00:00,0.0,0.0,0.0,5.9,1.59
1990-04-04 23:00:00+00:00,0.0,0.0,0.0,5.77,1.59
1990-04-05 00:00:00+00:00,0.0,0.0,0.0,5.59,1.93
1990-04-05 01:00:00+00:00,0.0,0.0,0.0,5.43,2.34
1990-04-05 02:00:00+00:00,0.0,0.0,0.0,5.24,2.55
1990-04-05 03:00:00+00:00,0.0,0.0,0.0,5.04,2.62
1990-04-05 04:00:00+00:00,0.0,0.0,0.0,4.91,2.55
1990-04-05 05:00:00+00:00,0.0,0.0,0.0,4.83,2.76
1990-04-05 06:00:00+00:00,29.0,48.45,25.0,4.83,2.69
1990-04-05 07:00:00+00:00,111.0,83.74,92.0,5.04,2.83
1990-04-05 08:00:00+00:00,166.0,44.19,150.0,5.3,2.9
1990-04-05 09:00:00+00:00,121.0,0.0,121.0,5.67,3.17
1990-04-05 10:00:00+00:00,111.0,0.0,111.0,6.43,3.52
1990-04-05 11:00:00+00:00,167.0,0.0,167.0,7.11,3.66
1990-04-05 12:00:00+00:00,314.0,38.49,289.0,7.88,3.79
1990-04-05 13:00:00+00:00,172.0,0.0,172.0,8.42,3.72
1990-04-05 14:00:00+00:00,119.0,0.0,119.0,8.83,4.0
1990-04-05 15:00:00+00:00,183.0,8.09,179.0,8.94,4.14
1990-04-05 16:00:00+00:00,324.0,546.42,116.0,8.88,4.41
1990-04-05 17:00:00+00:00,196.0,496.8,73.0,8.83,4.41
1990-04-05 18:00:00+00:00,64.0,317.33,31.0,8.36,4.55
1990-04-05 19:00:00+00:00,0.0,0.0,0.0,7.46,4.62
1990-04-05 20:00:00+00:00,0.0,0.0,0.0,6.58,4.34
1990-04-05 21:00:00+00:00,0.0,0.0,0.0,5.71,4.07
1990-04-05 22:00:00+00:00,0.0,0.0,0.0,5.09,3.93
1990-04-05 23:00:00+00:00,0.0,0.0,0.0,4.7,3.52
1990-04-06 00:00:00+00:00,0.0,0.0,0.0,4.41,3.03
1990-04-06 01:00:00+00:00,0.0,0.0,0.0,4.18,2.69
1990-04-06 02:00:00+00:00,0.0,0.0,0.0,4.59,3.1
1990-04-06 03:00:00+00:00,0.0,0.0,0.0,4.37,3.72
1990-04-06 04:00:00+00:00,0.0,0.0,0.0,4.63,4.0
1990-04-06 05:00:00+00:00,0.0,0.0,0.0,4.91,4.34
1990-04-06 06:00:00+00:00,24.0,11.27,23.0,5.14,4.76
1990-04-06 07:00:00+00:00,93.0,30.06,86.0,5.35,5.52
1990-04-06 08:00:00+00:00,240.0,203.83,165.0,5.67,5.59
1990-04-06 09:00:00+00:00,344.0,249.67,223.0,5.83,5.79
1990-04-06 10:00:00+00:00,390.0,194.77,278.0,6.42,5.86
1990-04-06 11:00:00+00:00,263.0,14.22,254.0,6.99,6.07
1990-04-06 12:00:00+00:00,259.0,9.17,253.0,6.89,6.14
1990-04-06 13:00:00+00:00,392.0,122.23,314.0,6.8,6.28
1990-04-06 14:00:00+00:00,183.0,0.0,183.0,7.11,6.62
1990-04-06 15:00:00+00:00,442.0,561.4,162.0,7.23,6.69
1990-04-06 16:00:00+00:00,261.0,231.03,172.0,6.75,6.69
1990-04-06 17:00:00+00:00,181.0,344.99,94.0,6.52,6.9
1990-04-06 18:00:00+00:00,66.0,303.66,33.0,6.03,5.93
1990-04-06 19:00:00+00:00,0.0,0.0,0.0,5.37,5.86
1990-04-06 20:00:00+00:00,0.0,0.0,0.0,4.78,5.79
1990-04-06 21:00:00+00:00,0.0,0.0,0.0,4.35,5.86
1990-04-06 22:00:00+00:00,0.0,0.0,0.0,4.07,5.93
1990-04-06 23:00:00+00:00,0.0,0.0,0.0,3.95,5.93
1990-04-07 00:00:00+00:00,0.0,0.0,0.0,3.82,5.86
1990-04-07 01:00:00+00:00,0.0,0.0,0.0,3.88,5.52
1990-04-07 02:00:00+00:00,0.0,0.0,0.0,3.95,4.83
1990-04-07 03:00:00+00:00,0.0,0.0,0.0,4.22,4.14
1990-04-07 04:00:00+00:00,0.0,0.0,0.0,4.34,3.59
1990-04-07 05:00:00+00:00,0.0,0.0,0.0,4.32,3.31
1990-04-07 06:00:00+00:00,50.0,200.36,31.0,4.14,3.31
1990-04-07 07:00:00+00:00,134.0,142.33,100.0,4.75,3.72
1990-04-07 08:00:00+00:00,140.0,13.38,135.0,5.94,4.41
1990-04-07 09:00:00+00:00,390.0,387.57,200.0,6.92,4.97
1990-04-07 10:00:00+00:00,440.0,304.96,263.0,8.02,4.83
1990-04-07 11:00:00+00:00,539.0,440.36,258.0,9.08,4.62
1990-04-07 12:00:00+00:00,189.0,0.0,189.0,10.06,4.69
1990-04-07 13:00:00+00:00,145.0,0.0,145.0,10.67,4.62
1990-04-07 14:00:00+00:00,100.0,0.0,100.0,10.76,4.34
1990-04-07 15:00:00+00:00,408.0,409.29,202.0,10.81,3.86
1990-04-07 16:00:00+00:00,123.0,2.57,122.0,9.78,3.72
1990-04-07 17:00:00+00:00,51.0,0.0,51.0,8.39,3.66
1990-04-07 18:00:00+00:00,18.0,0.0,18.0,7.72,2.69
1990-04-07 19:00:00+00:00,0.0,0.0,0.0,7.19,2.14
1990-04-07 20:00:00+00:00,0.0,0.0,0.0,6.39,1.86
1990-04-07 21:00:00+00:00,0.0,0.0,0.0,5.59,1.93
1990-04-07 22:00:00+00:00,0.0,0.0,0.0,4.73,1.79
1990-04-07 23:00:00+00:00,0.0,0.0,0.0,3.8,1.45
1990-04-08 00:00:00+00:00,0.0,0.0,0.0,3.26,1.38
1990-04-08 01:00:00+00:00,0.0,0.0,0.0,2.79,1.38
1990-04-08 02:00:00+00:00,0.0,0.0,0.0,2.43,1.38
1990-04-08 03:00:00+00:00,0.0,0.0,0.0,1.83,1.52
1990-04-08 04:00:00+00:00,0.0,0.0,0.0,1.42,1.52
1990-04-08 05:00:00+00:00,0.0,0.0,0.0,0.57,1.66
1990-04-08 06:00:00+00:00,11.0,0.0,11.0,0.95,1.45
1990-04-08 07:00:00+00:00,112.0,57.19,98.0,3.08,1.72
1990-04-08 08:00:00+00:00,302.0,421.62,142.0,5.22,2.14
1990-04-08 09:00:00+00:00,316.0,161.37,236.0,6.55,2.55
1990-04-08 10:00:00+00:00,368.0,141.71,285.0,7.41,2.69
1990-04-08 11:00:00+00:00,201.0,0.0,201.0,7.97,2.76
1990-04-08 12:00:00+00:00,513.0,311.59,306.0,8.34,2.21
1990-04-08 13:00:00+00:00,471.0,250.14,309.0,8.82,2.34
1990-04-08 14:00:00+00:00,347.0,100.97,287.0,9.28,2.55
1990-04-08 15:00:00+00:00,199.0,11.81,193.0,9.26,2.55
1990-04-08 16:00:00+00:00,227.0,119.21,180.0,8.86,2.62
1990-04-08 17:00:00+00:00,124.0,65.06,107.0,8.27,2.69
1990-04-08 18:00:00+00:00,7.0,0.0,7.0,7.47,3.24
1990-04-08 19:00:00+00:00,0.0,0.0,0.0,6.68,3.72
1990-04-08 20:00:00+00:00,0.0,0.0,0.0,5.97,3.45
1990-04-08 21:00:00+00:00,0.0,0.0,0.0,5.51,3.17
1990-04-08 22:00:00+00:00,0.0,0.0,0.0,5.34,3.1
1990-04-08 23:00:00+00:00,0.0,0.0,0.0,5.22,3.38
1990-04-09 00:00:00+00:00,0.0,0.0,0.0,5.17,3.66
1990-04-09 01:00:00+00:00,0.0,0.0,0.0,5.07,3.79
1990-04-09 02:00:00+00:00,0.0,0.0,0.0,5.11,3.66
1990-04-09 03:00:00+00:00,0.0,0.0,0.0,5.17,3.24
1990-04-09 04:00:00+00:00,0.0,0.0,0.0,5.12,2.62
1990-04-09 05:00:00+00:00,0.0,0.0,0.0,4.93,2.07
1990-04-09 06:00:00+00:00,53.0,149.65,37.0,4.39,1.79
1990-04-09 07:00:00+00:00,120.0,67.82,103.0,3.74,2.76
1990-04-09 08:00:00+00:00,241.0,168.76,176.0,3.58,3.17
1990-04-09 09:00:00+00:00,436.0,528.69,171.0,4.45,3.52
1990-04-09 10:00:00+00:00,324.0,76.15,279.0,5.32,3.03
1990-04-09 11:00:00+00:00,482.0,271.5,306.0,6.2,2.48
1990-04-09 12:00:00+00:00,588.0,500.63,253.0,6.97,2.0
1990-04-09 13:00:00+00:00,482.0,263.68,310.0,7.86,1.79
1990-04-09 14:00:00+00:00,341.0,90.18,287.0,8.43,1.31
1990-04-09 15:00:00+00:00,169.0,1.95,168.0,8.25,1.1
1990-04-09 16:00:00+00:00,260.0,198.13,181.0,8.13,1.66
1990-04-09 17:00:00+00:00,81.0,3.76,80.0,7.75,2.07
1990-04-09 18:00:00+00:00,17.0,0.0,17.0,7.12,2.07
1990-04-09 19:00:00+00:00,0.0,0.0,0.0,6.57,1.72
1990-04-09 20:00:00+00:00,0.0,0.0,0.0,5.4,1.52
1990-04-09 21:00:00+00:00,0.0,0.0,0.0,4.15,1.45
1990-04-09 22:00:00+00:00,0.0,0.0,0.0,3.35,1.31
1990-04-09 23:00:00+00:00,0.0,0.0,0.0,3.37,1.03
1990-04-10 00:00:00+00:00,0.0,0.0,0.0,3.78,0.83
1990-04-10 01:00:00+00:00,0.0,0.0,0.0,3.05,0.97
1990-04-10 02:00:00+00:00,0.0,0.0,0.0,2.04,1.24
1990-04-10 03:00:00+00:00,0.0,0.0,0.0,2.09,1.1
1990-04-10 04:00:00+00:00,0.0,0.0,0.0,2.04,1.1
1990-04-10 05:00:00+00:00,0.0,0.0,0.0,2.3,1.1
1990-04-10 06:00:00+00:00,13.0,0.0,13.0,2.8,1.38
1990-04-10 07:00:00+00:00,105.0,31.19,97.0,3.35,0.69
1990-04-10 08:00:00+00:00,168.0,28.15,157.0,4.41,0.83
1990-04-10 09:00:00+00:00,122.0,0.0,122.0,5.69,0.76
1990-04-10 10:00:00+00:00,340.0,90.58,286.0,6.64,1.31
1990-04-10 11:00:00+00:00,423.0,153.09,323.0,7.31,1.79
1990-04-10 12:00:00+00:00,334.0,41.55,306.0,8.17,1.86
1990-04-10 13:00:00+00:00,94.0,0.0,94.0,8.58,2.34
1990-04-10 14:00:00+00:00,114.0,0.0,114.0,8.91,2.69
1990-04-10 15:00:00+00:00,363.0,236.09,241.0,9.04,3.1
1990-04-10 16:00:00+00:00,320.0,409.27,155.0,9.09,3.52
1990-04-10 17:00:00+00:00,220.0,517.98,80.0,8.6,4.0
1990-04-10 18:00:00+00:00,83.0,346.03,39.0,7.57,4.0
1990-04-10 19:00:00+00:00,0.0,0.0,0.0,6.12,3.79
1990-04-10 20:00:00+00:00,0.0,0.0,0.0,5.32,3.59
1990-04-10 21:00:00+00:00,0.0,0.0,0.0,4.81,3.24
1990-04-10 22:00:00+00:00,0.0,0.0,0.0,4.31,3.03
1990-04-10 23:00:00+00:00,0.0,0.0,0.0,3.88,3.1
1990-04-11 00:00:00+00:00,0.0,0.0,0.0,3.53,3.17
1990-04-11 01:00:00+00:00,0.0,0.0,0.0,3.15,3.24
1990-04-11 02:00:00+00:00,0.0,0.0,0.0,2.85,3.45
1990-04-11 03:00:00+00:00,0.0,0.0,0.0,2.8,4.0
1990-04-11 04:00:00+00:00,0.0,0.0,0.0,3.22,4.55
1990-04-11 05:00:00+00:00,0.0,0.0,0.0,3.68,4.9
1990-04-11 06:00:00+00:00,59.0,134.68,43.0,4.0,4.97
1990-04-11 07:00:00+00:00,146.0,129.65,112.0,4.64,6.0
1990-04-11 08:00:00+00:00,112.0,0.0,112.0,5.58,6.34
1990-04-11 09:00:00+00:00,145.0,0.0,145.0,6.1,7.03
1990-04-11 10:00:00+00:00,107.0,0.0,107.0,6.5,7.17
1990-04-11 11:00:00+00:00,96.0,0.0,96.0,6.59,7.31
1990-04-11 12:00:00+00:00,158.0,0.0,158.0,6.88,7.38
1990-04-11 13:00:00+00:00,208.0,0.0,208.0,7.13,7.38
1990-04-11 14:00:00+00:00,253.0,14.81,244.0,7.42,7.03
1990-04-11 15:00:00+00:00,245.0,36.46,226.0,7.65,6.62
1990-04-11 16:00:00+00:00,182.0,34.35,168.0,7.69,6.21
1990-04-11 17:00:00+00:00,55.0,0.0,55.0,7.52,6.14
1990-04-11 18:00:00+00:00,18.0,0.0,18.0,6.94,5.24
1990-04-11 19:00:00+00:00,0.0,0.0,0.0,6.37,5.31
1990-04-11 20:00:00+00:00,0.0,0.0,0.0,5.87,4.83
1990-04-11 21:00:00+00:00,0.0,0.0,0.0,5.52,4.9
1990-04-11 22:00:00+00:00,0.0,0.0,0.0,5.1,4.97
1990-04-11 23:00:00+00:00,0.0,0.0,0.0,4.94,5.1
1990-04-12 00:00:00+00:00,0.0,0.0,0.0,4.83,5.24
1990-04-12 01:00:00+00:00,0.0,0.0,0.0,4.83,5.38
1990-04-12 02:00:00+00:00,0.0,0.0,0.0,5.11,5.52
1990-04-12 03:00:00+00:00,0.0,0.0,0.0,5.29,5.52
1990-04-12 04:00:00+00:00,0.0,0.0,0.0,5.31,5.52
1990-04-12 05:00:00+00:00,0.0,0.0,0.0,5.28,5.31
1990-04-12 06:00:00+00:00,11.0,0.0,11.0,5.33,5.38
1990-04-12 07:00:00+00:00,73.0,0.0,73.0,5.83,5.59
1990-04-12 08:00:00+00:00,108.0,0.0,108.0,5.87,5.79
1990-04-12 09:00:00+00:00,96.0,0.0,96.0,5.99,5.86
1990-04-12 10:00:00+00:00,76.0,0.0,76.0,6.16,5.72
1990-04-12 11:00:00+00:00,59.0,0.0,59.0,6.76,5.38
1990-04-12 12:00:00+00:00,61.0,0.0,61.0,6.99,5.03
1990-04-12 13:00:00+00:00,85.0,0.0,85.0,7.41,5.03
1990-04-12 14:00:00+00:00,65.0,0.0,65.0,7.47,5.03
1990-04-12 15:00:00+00:00,86.0,0.0,86.0,6.98,4.76
1990-04-12 16:00:00+00:00,44.0,0.0,44.0,6.62,4.41
1990-04-12 17:00:00+00:00,40.0,0.0,40.0,6.2,4.14
1990-04-12 18:00:00+00:00,8.0,0.0,8.0,5.82,4.28
1990-04-12 19:00:00+00:00,0.0,0.0,0.0,5.52,4.21
1990-04-12 20:00:00+00:00,0.0,0.0,0.0,5.36,3.93
1990-04-12 21:00:00+00:00,0.0,0.0,0.0,5.31,3.93
1990-04-12 22:00:00+00:00,0.0,0.0,0.0,5.26,3.86
1990-04-12 23:00:00+00:00,0.0,0.0,0.0,5.2,3.79
1990-04-13 00:00:00+00:00,0.0,0.0,0.0,5.14,3.79
1990-04-13 01:00:00+00:00,0.0,0.0,0.0,5.15,3.72
1990-04-13 02:00:00+00:00,0.0,0.0,0.0,5.1,3.59
1990-04-13 03:00:00+00:00,0.0,0.0,0.0,5.04,3.66
1990-04-13 04:00:00+00:00,0.0,0.0,0.0,4.99,3.59
1990-04-13 05:00:00+00:00,0.0,0.0,0.0,4.97,3.52
1990-04-13 06:00:00+00:00,48.0,38.32,43.0,5.07,3.59
1990-04-13 07:00:00+00:00,84.0,3.66,83.0,5.22,4.34
1990-04-13 08:00:00+00:00,110.0,0.0,110.0,5.37,4.14
1990-04-13 09:00:00+00:00,107.0,0.0,107.0,5.67,4.41
1990-04-13 10:00:00+00:00,72.0,0.0,72.0,6.03,5.17
1990-04-13 11:00:00+00:00,84.0,0.0,84.0,6.29,5.17
1990-04-13 12:00:00+00:00,145.0,0.0,145.0,6.54,5.31
1990-04-13 13:00:00+00:00,83.0,0.0,83.0,6.87,5.86
1990-04-13 14:00:00+00:00,99.0,0.0,99.0,7.08,5.66
1990-04-13 15:00:00+00:00,94.0,0.0,94.0,7.03,4.9
1990-04-13 16:00:00+00:00,57.0,0.0,57.0,7.03,4.62
1990-04-13 17:00:00+00:00,49.0,0.0,49.0,6.72,3.72
1990-04-13 18:00:00+00:00,54.0,42.63,48.0,6.48,3.24
1990-04-13 19:00:00+00:00,0.0,0.0,0.0,6.13,3.31
1990-04-13 20:00:00+00:00,0.0,0.0,0.0,5.81,3.52
1990-04-13 21:00:00+00:00,0.0,0.0,0.0,5.55,3.38
1990-04-13 22:00:00+00:00,0.0,0.0,0.0,5.26,3.24
1990-04-13 23:00:00+00:00,0.0,0.0,0.0,5.02,3.24
1990-04-14 00:00:00+00:00,0.0,0.0,0.0,4.75,3.24
1990-04-14 01:00:00+00:00,0.0,0.0,0.0,4.64,3.24
1990-04-14 02:00:00+00:00,0.0,0.0,0.0,4.43,3.17
1990-04-14 03:00:00+00:00,0.0,0.0,0.0,4.29,3.1
1990-04-14 04:00:00+00:00,0.0,0.0,0.0,4.11,3.1
1990-04-14 05:00:00+00:00,0.0,0.0,0.0,3.98,3.24
1990-04-14 06:00:00+00:00,47.0,22.02,44.0,3.81,3.17
1990-04-14 07:00:00+00:00,126.0,50.15,112.0,4.13,3.72
1990-04-14 08:00:00+00:00,293.0,271.39,181.0,4.37,4.28
1990-04-14 09:00:00+00:00,386.0,278.59,239.0,4.8,4.34
1990-04-14 10:00:00+00:00,512.0,423.51,251.0,5.38,4.0
1990-04-14 11:00:00+00:00,449.0,175.47,331.0,5.82,3.45
1990-04-14 12:00:00+00:00,566.0,385.59,299.0,6.34,2.76
1990-04-14 13:00:00+00:00,542.0,363.06,297.0,6.32,1.93
1990-04-14 14:00:00+00:00,323.0,57.99,287.0,6.73,1.31
1990-04-14 15:00:00+00:00,211.0,11.24,205.0,7.25,1.24
1990-04-14 16:00:00+00:00,192.0,38.05,176.0,7.27,1.17
1990-04-14 17:00:00+00:00,144.0,79.89,121.0,7.0,1.31
1990-04-14 18:00:00+00:00,41.0,6.89,40.0,6.56,1.52
1990-04-14 19:00:00+00:00,0.0,0.0,0.0,6.07,1.66
1990-04-14 20:00:00+00:00,0.0,0.0,0.0,5.57,2.0
1990-04-14 21:00:00+00:00,0.0,0.0,0.0,4.95,2.07
1990-04-14 22:00:00+00:00,0.0,0.0,0.0,4.57,1.93
1990-04-14 23:00:00+00:00,0.0,0.0,0.0,4.24,1.79
1990-04-15 00:00:00+00:00,0.0,0.0,0.0,3.75,1.72
1990-04-15 01:00:00+00:00,0.0,0.0,0.0,3.54,1.52
1990-04-15 02:00:00+00:00,0.0,0.0,0.0,3.24,1.52
1990-04-15 03:00:00+00:00,0.0,0.0,0.0,3.43,1.66
1990-04-15 04:00:00+00:00,0.0,0.0,0.0,3.64,1.66
1990-04-15 05:00:00+00:00,0.0,0.0,0.0,3.79,1.59
1990-04-15 06:00:00+00:00,48.0,21.14,45.0,3.88,1.45
1990-04-15 07:00:00+00:00,51.0,0.0,51.0,4.5,1.52
1990-04-15 08:00:00+00:00,206.0,55.02,183.0,5.04,2.28
1990-04-15 09:00:00+00:00,108.0,0.0,108.0,5.34,2.62
1990-04-15 10:00:00+00:00,124.0,0.0,124.0,5.61,2.97
1990-04-15 11:00:00+00:00,108.0,0.0,108.0,5.45,3.72
1990-04-15 12:00:00+00:00,160.0,0.0,160.0,4.9,4.83
1990-04-15 13:00:00+00:00,192.0,0.0,192.0,3.87,4.9
1990-04-15 14:00:00+00:00,208.0,1.6,207.0,3.18,4.62
1990-04-15 15:00:00+00:00,274.0,55.74,244.0,3.66,4.55
1990-04-15 16:00:00+00:00,209.0,54.15,186.0,3.82,4.34
1990-04-15 17:00:00+00:00,46.0,0.0,46.0,3.84,4.0
1990-04-15 18:00:00+00:00,57.0,40.08,51.0,3.8,3.38
1990-04-15 19:00:00+00:00,0.0,0.0,0.0,3.2,2.28
1990-04-15 20:00:00+00:00,0.0,0.0,0.0,2.6,1.66
1990-04-15 21:00:00+00:00,0.0,0.0,0.0,1.5,1.79
1990-04-15 22:00:00+00:00,0.0,0.0,0.0,0.97,2.41
1990-04-15 23:00:00+00:00,0.0,0.0,0.0,0.78,3.1
1990-04-16 00:00:00+00:00,0.0,0.0,0.0,0.58,3.38
1990-04-16 01:00:00+00:00,0.0,0.0,0.0,0.46,3.45
1990-04-16 02:00:00+00:00,0.0,0.0,0.0,0.24,3.45
1990-04-16 03:00:00+00:00,0.0,0.0,0.0,0.1,3.45
1990-04-16 04:00:00+00:00,0.0,0.0,0.0,-0.06,3.45
1990-04-16 05:00:00+00:00,0.0,0.0,0.0,-0.23,3.45
1990-04-16 06:00:00+00:00,108.0,440.56,43.0,0.01,3.52
1990-04-16 07:00:00+00:00,223.0,399.82,107.0,1.08,3.66
1990-04-16 08:00:00+00:00,295.0,241.0,193.0,2.31,4.34
1990-04-16 09:00:00+00:00,301.0,85.54,255.0,3.56,4.41
1990-04-16 10:00:00+00:00,162.0,0.0,162.0,4.54,4.34
1990-04-16 11:00:00+00:00,138.0,0.0,138.0,5.37,4.07
1990-04-16 12:00:00+00:00,386.0,68.44,338.0,6.09,3.52
1990-04-16 13:00:00+00:00,403.0,96.57,337.0,6.77,3.03
1990-04-16 14:00:00+00:00,330.0,57.21,294.0,7.15,2.76
1990-04-16 15:00:00+00:00,455.0,442.46,215.0,7.29,2.83
1990-04-16 16:00:00+00:00,258.0,132.89,201.0,7.19,2.97
1990-04-16 17:00:00+00:00,167.0,124.79,130.0,6.78,3.03
1990-04-16 18:00:00+00:00,15.0,0.0,15.0,5.73,3.03
1990-04-16 19:00:00+00:00,0.0,0.0,0.0,4.35,2.55
1990-04-16 20:00:00+00:00,0.0,0.0,0.0,3.6,2.07
1990-04-16 21:00:00+00:00,0.0,0.0,0.0,2.91,2.07
1990-04-16 22:00:00+00:00,0.0,0.0,0.0,2.19,2.34
1990-04-16 23:00:00+00:00,0.0,0.0,0.0,1.54,2.34
1990-04-17 00:00:00+00:00,0.0,0.0,0.0,0.69,2.14
1990-04-17 01:00:00+00:00,0.0,0.0,0.0,-0.3,2.14
1990-04-17 02:00:00+00:00,0.0,0.0,0.0,-1.01,2.28
1990-04-17 03:00:00+00:00,0.0,0.0,0.0,-1.44,2.34
1990-04-17 04:00:00+00:00,0.0,0.0,0.0,-1.52,2.48
1990-04-17 05:00:00+00:00,0.0,0.0,0.0,-1.28,2.69
1990-04-17 06:00:00+00:00,57.0,32.66,52.0,-0.4,2.83
1990-04-17 07:00:00+00:00,138.0,54.14,122.0,1.79,3.31
1990-04-17 08:00:00+00:00,206.0,46.69,186.0,3.79,3.93
1990-04-17 09:00:00+00:00,390.0,254.28,252.0,5.41,4.48
1990-04-17 10:00:00+00:00,551.0,501.06,235.0,6.92,5.17
1990-04-17 11:00:00+00:00,383.0,77.23,330.0,7.71,5.72
1990-04-17 12:00:00+00:00,521.0,257.91,339.0,7.77,6.41
1990-04-17 13:00:00+00:00,621.0,549.7,243.0,8.19,6.9
1990-04-17 14:00:00+00:00,351.0,77.36,302.0,8.03,6.97
1990-04-17 15:00:00+00:00,344.0,148.2,263.0,8.02,7.79
1990-04-17 16:00:00+00:00,321.0,314.02,185.0,7.74,7.03
1990-04-17 17:00:00+00:00,238.0,455.54,101.0,7.53,7.17
1990-04-17 18:00:00+00:00,96.0,239.72,58.0,7.27,6.97
1990-04-17 19:00:00+00:00,0.0,0.0,0.0,7.01,6.9
1990-04-17 20:00:00+00:00,0.0,0.0,0.0,6.85,6.83
1990-04-17 21:00:00+00:00,0.0,0.0,0.0,6.81,6.83
1990-04-17 22:00:00+00:00,0.0,0.0,0.0,6.71,6.97
1990-04-17 23:00:00+00:00,0.0,0.0,0.0,6.62,7.03
1990-04-18 00:00:00+00:00,0.0,0.0,0.0,6.55,7.17
1990-04-18 01:00:00+00:00,0.0,0.0,0.0,6.56,7.31
1990-04-18 02:00:00+00:00,0.0,0.0,0.0,6.57,7.52
1990-04-18 03:00:00+00:00,0.0,0.0,0.0,6.48,7.45
1990-04-18 04:00:00+00:00,0.0,0.0,0.0,6.39,7.31
1990-04-18 05:00:00+00:00,0.0,0.0,0.0,6.34,7.1
1990-04-18 06:00:00+00:00,85.0,151.33,61.0,6.39,7.03
1990-04-18 07:00:00+00:00,190.0,196.13,131.0,6.7,7.1
1990-04-18 08:00:00+00:00,268.0,154.56,201.0,7.01,7.52
1990-04-18 09:00:00+00:00,312.0,94.96,260.0,7.4,7.66
1990-04-18 10:00:00+00:00,431.0,190.46,310.0,8.12,8.21
1990-04-18 11:00:00+00:00,541.0,325.76,316.0,8.59,7.72
1990-04-18 12:00:00+00:00,589.0,400.02,305.0,8.85,7.79
1990-04-18 13:00:00+00:00,567.0,387.39,299.0,8.98,7.59
1990-04-18 14:00:00+00:00,541.0,451.8,253.0,9.18,7.24
1990-04-18 15:00:00+00:00,521.0,686.5,143.0,9.26,7.03
1990-04-18 16:00:00+00:00,304.0,244.73,197.0,9.24,6.76
1990-04-18 17:00:00+00:00,215.0,301.68,123.0,9.09,6.48
1990-04-18 18:00:00+00:00,116.0,411.34,49.0,8.61,5.59
1990-04-18 19:00:00+00:00,0.0,0.0,0.0,7.69,5.17
1990-04-18 20:00:00+00:00,0.0,0.0,0.0,6.71,4.9
1990-04-18 21:00:00+00:00,0.0,0.0,0.0,5.98,4.76
1990-04-18 22:00:00+00:00,0.0,0.0,0.0,5.37,4.55
1990-04-18 23:00:00+00:00,0.0,0.0,0.0,4.85,4.21
1990-04-19 00:00:00+00:00,0.0,0.0,0.0,4.46,4.07
1990-04-19 01:00:00+00:00,0.0,0.0,0.0,4.21,3.79
1990-04-19 02:00:00+00:00,0.0,0.0,0.0,4.01,3.52
1990-04-19 03:00:00+00:00,0.0,0.0,0.0,3.88,3.24
1990-04-19 04:00:00+00:00,0.0,0.0,0.0,3.59,2.9
1990-04-19 05:00:00+00:00,0.0,0.0,0.0,3.03,2.62
1990-04-19 06:00:00+00:00,116.0,390.19,52.0,2.98,2.28
1990-04-19 07:00:00+00:00,259.0,558.72,88.0,4.37,2.21
1990-04-19 08:00:00+00:00,412.0,704.64,103.0,5.89,2.55
1990-04-19 09:00:00+00:00,538.0,751.28,123.0,6.91,2.0
1990-04-19 10:00:00+00:00,645.0,806.38,129.0,7.98,1.59
1990-04-19 11:00:00+00:00,707.0,815.73,140.0,8.94,1.17
1990-04-19 12:00:00+00:00,721.0,792.51,155.0,9.84,1.24
1990-04-19 13:00:00+00:00,695.0,770.22,159.0,10.68,1.59
1990-04-19 14:00:00+00:00,579.0,551.84,225.0,11.31,1.86
1990-04-19 15:00:00+00:00,528.0,695.94,142.0,11.56,2.14
1990-04-19 16:00:00+00:00,419.0,725.15,99.0,11.46,2.21
1990-04-19 17:00:00+00:00,265.0,582.26,85.0,11.04,2.21
1990-04-19 18:00:00+00:00,120.0,418.62,50.0,10.36,2.0
1990-04-19 19:00:00+00:00,0.0,0.0,0.0,9.35,1.45
1990-04-19 20:00:00+00:00,0.0,0.0,0.0,7.52,1.79
1990-04-19 21:00:00+00:00,0.0,0.0,0.0,6.07,2.34
1990-04-19 22:00:00+00:00,0.0,0.0,0.0,5.15,2.55
1990-04-19 23:00:00+00:00,0.0,0.0,0.0,4.53,2.62
1990-04-20 00:00:00+00:00,0.0,0.0,0.0,4.07,2.62
1990-04-20 01:00:00+00:00,0.0,0.0,0.0,3.51,2.69
1990-04-20 02:00:00+00:00,0.0,0.0,0.0,3.19,2.76
1990-04-20 03:00:00+00:00,0.0,0.0,0.0,2.92,2.76
1990-04-20 04:00:00+00:00,0.0,0.0,0.0,2.77,2.76
1990-04-20 05:00:00+00:00,0.0,0.0,0.0,2.49,2.62
1990-04-20 06:00:00+00:00,123.0,413.27,53.0,2.69,2.34
1990-04-20 07:00:00+00:00,268.0,588.0,85.0,4.5,2.0
1990-04-20 08:00:00+00:00,416.0,699.03,106.0,6.46,2.07
1990-04-20 09:00:00+00:00,537.0,725.17,133.0,7.84,1.93
1990-04-20 10:00:00+00:00,646.0,794.53,134.0,9.0,1.79
1990-04-20 11:00:00+00:00,719.0,842.15,130.0,9.97,1.52
1990-04-20 12:00:00+00:00,750.0,874.23,122.0,10.87,1.24
1990-04-20 13:00:00+00:00,724.0,854.35,126.0,11.65,1.17
1990-04-20 14:00:00+00:00,671.0,875.33,106.0,12.27,1.31
1990-04-20 15:00:00+00:00,573.0,859.25,93.0,12.63,1.24
1990-04-20 16:00:00+00:00,421.0,718.58,101.0,12.73,0.83
1990-04-20 17:00:00+00:00,270.0,596.9,83.0,12.5,0.07
1990-04-20 18:00:00+00:00,88.0,122.44,67.0,11.85,0.83
1990-04-20 19:00:00+00:00,4.0,0.0,4.0,11.0,1.31
1990-04-20 20:00:00+00:00,0.0,0.0,0.0,8.77,1.79
1990-04-20 21:00:00+00:00,0.0,0.0,0.0,7.03,1.93
1990-04-20 22:00:00+00:00,0.0,0.0,0.0,5.67,2.0
1990-04-20 23:00:00+00:00,0.0,0.0,0.0,4.55,2.07
1990-04-21 00:00:00+00:00,0.0,0.0,0.0,3.61,2.0
1990-04-21 01:00:00+00:00,0.0,0.0,0.0,2.84,1.93
1990-04-21 02:00:00+00:00,0.0,0.0,0.0,2.48,1.79
1990-04-21 03:00:00+00:00,0.0,0.0,0.0,2.21,1.72
1990-04-21 04:00:00+00:00,0.0,0.0,0.0,1.82,1.72
1990-04-21 05:00:00+00:00,5.0,0.0,5.0,1.38,1.86
1990-04-21 06:00:00+00:00,128.0,429.39,53.0,2.24,1.66
1990-04-21 07:00:00+00:00,275.0,610.16,82.0,5.99,0.9
1990-04-21 08:00:00+00:00,427.0,733.81,98.0,8.95,0.83
1990-04-21 09:00:00+00:00,557.0,792.15,112.0,10.19,1.59
1990-04-21 10:00:00+00:00,654.0,813.76,126.0,10.89,2.41
1990-04-21 11:00:00+00:00,727.0,859.81,122.0,11.34,2.9
1990-04-21 12:00:00+00:00,758.0,891.43,114.0,11.42,3.1
1990-04-21 13:00:00+00:00,727.0,859.46,122.0,11.43,3.31
1990-04-21 14:00:00+00:00,651.0,802.28,130.0,10.98,3.72
1990-04-21 15:00:00+00:00,536.0,705.71,139.0,10.37,4.21
1990-04-21 16:00:00+00:00,361.0,418.41,173.0,9.49,4.55
1990-04-21 17:00:00+00:00,250.0,437.94,111.0,8.72,4.62
1990-04-21 18:00:00+00:00,128.0,426.65,53.0,7.99,4.48
1990-04-21 19:00:00+00:00,2.0,0.0,2.0,7.66,3.59
1990-04-21 20:00:00+00:00,0.0,0.0,0.0,6.92,3.59
1990-04-21 21:00:00+00:00,0.0,0.0,0.0,6.51,3.31
1990-04-21 22:00:00+00:00,0.0,0.0,0.0,6.22,3.1
1990-04-21 23:00:00+00:00,0.0,0.0,0.0,5.68,2.9
1990-04-22 00:00:00+00:00,0.0,0.0,0.0,5.07,2.76
1990-04-22 01:00:00+00:00,0.0,0.0,0.0,4.62,2.55
1990-04-22 02:00:00+00:00,0.0,0.0,0.0,4.13,2.34
1990-04-22 03:00:00+00:00,0.0,0.0,0.0,3.66,2.28
1990-04-22 04:00:00+00:00,0.0,0.0,0.0,3.26,2.28
1990-04-22 05:00:00+00:00,3.0,0.0,3.0,2.97,2.28
1990-04-22 06:00:00+00:00,87.0,88.95,71.0,3.41,2.21
1990-04-22 07:00:00+00:00,177.0,108.92,142.0,4.84,2.07
1990-04-22 08:00:00+00:00,371.0,441.37,171.0,5.61,2.48
1990-04-22 09:00:00+00:00,265.0,33.55,246.0,6.31,2.48
1990-04-22 10:00:00+00:00,392.0,110.23,320.0,6.74,2.34
1990-04-22 11:00:00+00:00,379.0,60.75,336.0,7.03,2.14
1990-04-22 12:00:00+00:00,478.0,158.3,363.0,7.65,2.14
1990-04-22 13:00:00+00:00,535.0,281.13,336.0,8.05,1.93
1990-04-22 14:00:00+00:00,493.0,287.78,305.0,8.14,1.93
1990-04-22 15:00:00+00:00,468.0,423.7,228.0,7.94,2.28
1990-04-22 16:00:00+00:00,182.0,15.44,175.0,7.68,2.69
1990-04-22 17:00:00+00:00,247.0,401.28,118.0,6.83,3.31
1990-04-22 18:00:00+00:00,64.0,22.22,60.0,5.84,3.45
1990-04-22 19:00:00+00:00,4.0,0.0,4.0,5.13,3.31
1990-04-22 20:00:00+00:00,0.0,0.0,0.0,4.2,3.1
1990-04-22 21:00:00+00:00,0.0,0.0,0.0,3.62,2.69
1990-04-22 22:00:00+00:00,0.0,0.0,0.0,3.08,2.28
1990-04-22 23:00:00+00:00,0.0,0.0,0.0,2.65,2.07
1990-04-23 00:00:00+00:00,0.0,0.0,0.0,2.2,2.0
1990-04-23 01:00:00+00:00,0.0,0.0,0.0,1.64,1.93
1990-04-23 02:00:00+00:00,0.0,0.0,0.0,1.14,1.79
1990-04-23 03:00:00+00:00,0.0,0.0,0.0,0.3,1.72
1990-04-23 04:00:00+00:00,0.0,0.0,0.0,-0.38,2.0
1990-04-23 05:00:00+00:00,8.0,0.0,8.0,-0.73,2.28
1990-04-23 06:00:00+00:00,133.0,394.57,60.0,0.49,2.48
1990-04-23 07:00:00+00:00,284.0,600.75,88.0,2.83,3.17
1990-04-23 08:00:00+00:00,420.0,644.31,125.0,4.38,4.07
1990-04-23 09:00:00+00:00,315.0,78.83,270.0,5.47,4.62
1990-04-23 10:00:00+00:00,465.0,219.02,321.0,6.44,4.62
1990-04-23 11:00:00+00:00,364.0,47.76,330.0,6.98,4.34
1990-04-23 12:00:00+00:00,106.0,0.0,106.0,7.45,4.34
1990-04-23 13:00:00+00:00,423.0,101.16,351.0,7.86,3.79
1990-04-23 14:00:00+00:00,192.0,0.0,192.0,7.8,3.66
1990-04-23 15:00:00+00:00,223.0,10.52,217.0,7.37,3.38
1990-04-23 16:00:00+00:00,183.0,15.31,176.0,6.67,3.03
1990-04-23 17:00:00+00:00,140.0,33.79,129.0,5.98,2.55
1990-04-23 18:00:00+00:00,54.0,5.43,53.0,5.47,2.0
1990-04-23 19:00:00+00:00,4.0,0.0,4.0,5.15,1.66
1990-04-23 20:00:00+00:00,0.0,0.0,0.0,4.56,1.38
1990-04-23 21:00:00+00:00,0.0,0.0,0.0,3.57,1.52
1990-04-23 22:00:00+00:00,0.0,0.0,0.0,3.09,2.34
1990-04-23 23:00:00+00:00,0.0,0.0,0.0,2.52,2.69
1990-04-24 00:00:00+00:00,0.0,0.0,0.0,2.16,2.83
1990-04-24 01:00:00+00:00,0.0,0.0,0.0,1.96,2.97
1990-04-24 02:00:00+00:00,0.0,0.0,0.0,2.02,3.03
1990-04-24 03:00:00+00:00,0.0,0.0,0.0,2.0,2.97
1990-04-24 04:00:00+00:00,0.0,0.0,0.0,1.8,2.28
1990-04-24 05:00:00+00:00,5.0,0.0,5.0,1.58,1.79
1990-04-24 06:00:00+00:00,72.0,26.31,67.0,1.67,1.31
1990-04-24 07:00:00+00:00,177.0,93.62,146.0,2.78,2.21
1990-04-24 08:00:00+00:00,329.0,259.46,209.0,3.81,2.07
1990-04-24 09:00:00+00:00,428.0,283.36,265.0,5.08,2.9
1990-04-24 10:00:00+00:00,602.0,568.24,226.0,6.05,3.1
1990-04-24 11:00:00+00:00,721.0,790.56,155.0,6.91,2.83
1990-04-24 12:00:00+00:00,730.0,751.73,178.0,7.74,2.28
1990-04-24 13:00:00+00:00,614.0,451.42,291.0,8.59,1.93
1990-04-24 14:00:00+00:00,469.0,225.46,320.0,9.2,1.38
1990-04-24 15:00:00+00:00,368.0,156.78,278.0,9.95,1.45
1990-04-24 16:00:00+00:00,350.0,331.85,197.0,10.29,1.66
1990-04-24 17:00:00+00:00,163.0,66.77,141.0,10.25,1.31
1990-04-24 18:00:00+00:00,75.0,37.16,68.0,9.32,0.48
1990-04-24 19:00:00+00:00,8.0,0.0,8.0,8.5,1.24
1990-04-24 20:00:00+00:00,0.0,0.0,0.0,6.91,2.14
1990-04-24 21:00:00+00:00,0.0,0.0,0.0,6.08,2.97
1990-04-24 22:00:00+00:00,0.0,0.0,0.0,5.3,3.38
1990-04-24 23:00:00+00:00,0.0,0.0,0.0,4.76,3.38
1990-04-25 00:00:00+00:00,0.0,0.0,0.0,4.21,3.17
1990-04-25 01:00:00+00:00,0.0,0.0,0.0,3.61,3.1
1990-04-25 02:00:00+00:00,0.0,0.0,0.0,3.19,3.1
1990-04-25 03:00:00+00:00,0.0,0.0,0.0,3.02,3.24
1990-04-25 04:00:00+00:00,0.0,0.0,0.0,2.84,3.45
1990-04-25 05:00:00+00:00,15.0,18.48,14.0,2.7,3.72
1990-04-25 06:00:00+00:00,151.0,481.94,57.0,3.14,3.93
1990-04-25 07:00:00+00:00,163.0,59.54,143.0,4.72,4.28
1990-04-25 08:00:00+00:00,301.0,171.29,221.0,5.31,5.31
1990-04-25 09:00:00+00:00,375.0,158.73,283.0,5.38,5.79
1990-04-25 10:00:00+00:00,273.0,12.02,265.0,5.04,6.0
1990-04-25 11:00:00+00:00,315.0,18.06,302.0,5.3,6.62
1990-04-25 12:00:00+00:00,373.0,43.35,341.0,5.68,6.83
1990-04-25 13:00:00+00:00,737.0,828.64,141.0,5.83,6.69
1990-04-25 14:00:00+00:00,653.0,732.8,166.0,6.2,6.76
1990-04-25 15:00:00+00:00,559.0,723.43,141.0,6.32,6.9
1990-04-25 16:00:00+00:00,457.0,787.32,91.0,6.26,7.45
1990-04-25 17:00:00+00:00,272.0,479.82,112.0,5.82,6.83
1990-04-25 18:00:00+00:00,150.0,498.62,54.0,5.42,6.48
1990-04-25 19:00:00+00:00,11.0,0.0,11.0,4.31,6.69
1990-04-25 20:00:00+00:00,0.0,0.0,0.0,3.68,6.07
1990-04-25 21:00:00+00:00,0.0,0.0,0.0,3.26,5.66
1990-04-25 22:00:00+00:00,0.0,0.0,0.0,2.73,5.17
1990-04-25 23:00:00+00:00,0.0,0.0,0.0,2.35,4.76
1990-04-26 00:00:00+00:00,0.0,0.0,0.0,2.14,4.55
1990-04-26 01:00:00+00:00,0.0,0.0,0.0,2.04,4.55
1990-04-26 02:00:00+00:00,0.0,0.0,0.0,1.77,4.55
1990-04-26 03:00:00+00:00,0.0,0.0,0.0,1.76,4.62
1990-04-26 04:00:00+00:00,0.0,0.0,0.0,1.81,4.62
1990-04-26 05:00:00+00:00,16.0,16.89,15.0,1.72,4.62
1990-04-26 06:00:00+00:00,146.0,395.11,67.0,2.07,4.34
1990-04-26 07:00:00+00:00,286.0,522.63,108.0,2.33,4.83
1990-04-26 08:00:00+00:00,309.0,182.39,223.0,3.56,5.45
1990-04-26 09:00:00+00:00,145.0,0.0,145.0,4.58,6.07
1990-04-26 10:00:00+00:00,112.0,0.0,112.0,5.37,6.48
1990-04-26 11:00:00+00:00,132.0,0.0,132.0,6.14,6.48
1990-04-26 12:00:00+00:00,94.0,0.0,94.0,6.35,6.21
1990-04-26 13:00:00+00:00,139.0,0.0,139.0,6.4,6.07
1990-04-26 14:00:00+00:00,474.0,221.48,326.0,5.81,5.52
1990-04-26 15:00:00+00:00,117.0,0.0,117.0,5.05,4.76
1990-04-26 16:00:00+00:00,82.0,0.0,82.0,4.63,4.83
1990-04-26 17:00:00+00:00,252.0,352.72,133.0,3.78,4.28
1990-04-26 18:00:00+00:00,144.0,411.94,63.0,3.77,3.79
1990-04-26 19:00:00+00:00,13.0,0.0,13.0,3.72,4.41
1990-04-26 20:00:00+00:00,0.0,0.0,0.0,3.12,4.21
1990-04-26 21:00:00+00:00,0.0,0.0,0.0,2.58,4.07
1990-04-26 22:00:00+00:00,0.0,0.0,0.0,2.42,3.79
1990-04-26 23:00:00+00:00,0.0,0.0,0.0,2.03,3.66
1990-04-27 00:00:00+00:00,0.0,0.0,0.0,1.72,3.52
1990-04-27 01:00:00+00:00,0.0,0.0,0.0,1.19,3.17
1990-04-27 02:00:00+00:00,0.0,0.0,0.0,0.8,3.1
1990-04-27 03:00:00+00:00,0.0,0.0,0.0,0.42,3.17
1990-04-27 04:00:00+00:00,0.0,0.0,0.0,-0.03,3.17
1990-04-27 05:00:00+00:00,23.0,62.31,19.0,-0.45,3.17
1990-04-27 06:00:00+00:00,152.0,405.35,69.0,-0.05,3.17
1990-04-27 07:00:00+00:00,229.0,217.27,154.0,0.87,3.1
1990-04-27 08:00:00+00:00,368.0,344.6,204.0,2.0,3.24
1990-04-27 09:00:00+00:00,480.0,391.15,250.0,3.11,3.1
1990-04-27 10:00:00+00:00,425.0,132.07,336.0,4.14,3.24
1990-04-27 11:00:00+00:00,500.0,185.54,365.0,5.03,2.9
1990-04-27 12:00:00+00:00,655.0,476.14,300.0,5.84,2.55
1990-04-27 13:00:00+00:00,651.0,514.76,277.0,6.3,2.34
1990-04-27 14:00:00+00:00,412.0,117.59,333.0,6.59,2.48
1990-04-27 15:00:00+00:00,599.0,844.25,105.0,6.75,2.76
1990-04-27 16:00:00+00:00,437.0,649.89,130.0,6.53,2.97
1990-04-27 17:00:00+00:00,101.0,0.0,101.0,5.06,2.34
1990-04-27 18:00:00+00:00,132.0,274.06,77.0,4.3,2.69
1990-04-27 19:00:00+00:00,3.0,0.0,3.0,3.53,2.62
1990-04-27 20:00:00+00:00,0.0,0.0,0.0,2.64,2.14
1990-04-27 21:00:00+00:00,0.0,0.0,0.0,1.98,2.14
1990-04-27 22:00:00+00:00,0.0,0.0,0.0,1.49,2.28
1990-04-27 23:00:00+00:00,0.0,0.0,0.0,1.06,2.41
1990-04-28 00:00:00+00:00,0.0,0.0,0.0,0.67,2.48
1990-04-28 01:00:00+00:00,0.0,0.0,0.0,0.4,2.41
1990-04-28 02:00:00+00:00,0.0,0.0,0.0,0.09,2.28
1990-04-28 03:00:00+00:00,0.0,0.0,0.0,-0.38,2.21
1990-04-28 04:00:00+00:00,0.0,0.0,0.0,-0.77,2.14
1990-04-28 05:00:00+00:00,28.0,101.29,21.0,-1.17,2.21
1990-04-28 06:00:00+00:00,170.0,539.4,57.0,-0.46,1.72
1990-04-28 07:00:00+00:00,316.0,657.68,86.0,1.66,1.79
1990-04-28 08:00:00+00:00,282.0,114.53,227.0,3.03,2.07
1990-04-28 09:00:00+00:00,253.0,18.58,242.0,3.99,3.03
1990-04-28 10:00:00+00:00,203.0,0.0,203.0,4.7,4.0
1990-04-28 11:00:00+00:00,218.0,0.0,218.0,4.67,4.07
1990-04-28 12:00:00+00:00,130.0,0.0,130.0,4.75,4.9
1990-04-28 13:00:00+00:00,131.0,0.0,131.0,4.4,4.9
1990-04-28 14:00:00+00:00,405.0,108.09,332.0,3.44,4.28
1990-04-28 15:00:00+00:00,296.0,49.26,267.0,3.01,4.48
1990-04-28 16:00:00+00:00,145.0,0.0,145.0,3.13,3.93
1990-04-28 17:00:00+00:00,76.0,0.0,76.0,2.87,3.72
1990-04-28 18:00:00+00:00,81.0,34.19,74.0,2.6,3.31
1990-04-28 19:00:00+00:00,19.0,0.0,19.0,1.92,2.07
1990-04-28 20:00:00+00:00,0.0,0.0,0.0,1.53,1.24
1990-04-28 21:00:00+00:00,0.0,0.0,0.0,1.46,1.1
1990-04-28 22:00:00+00:00,0.0,0.0,0.0,1.38,1.59
1990-04-28 23:00:00+00:00,0.0,0.0,0.0,1.23,1.93
1990-04-29 00:00:00+00:00,0.0,0.0,0.0,1.09,2.21
1990-04-29 01:00:00+00:00,0.0,0.0,0.0,1.03,2.83
1990-04-29 02:00:00+00:00,0.0,0.0,0.0,0.98,3.52
1990-04-29 03:00:00+00:00,0.0,0.0,0.0,0.98,4.07
1990-04-29 04:00:00+00:00,0.0,0.0,0.0,0.99,4.62
1990-04-29 05:00:00+00:00,11.0,0.0,11.0,1.16,5.17
1990-04-29 06:00:00+00:00,21.0,0.0,21.0,1.11,5.52
1990-04-29 07:00:00+00:00,47.0,0.0,47.0,1.67,6.0
1990-04-29 08:00:00+00:00,105.0,0.0,105.0,1.9,6.41
1990-04-29 09:00:00+00:00,86.0,0.0,86.0,2.82,6.34
1990-04-29 10:00:00+00:00,88.0,0.0,88.0,3.53,6.34
1990-04-29 11:00:00+00:00,112.0,0.0,112.0,4.47,6.21
1990-04-29 12:00:00+00:00,147.0,0.0,147.0,4.81,5.52
1990-04-29 13:00:00+00:00,157.0,0.0,157.0,5.65,5.38
1990-04-29 14:00:00+00:00,150.0,0.0,150.0,6.43,5.38
1990-04-29 15:00:00+00:00,84.0,0.0,84.0,6.88,5.52
1990-04-29 16:00:00+00:00,195.0,16.68,187.0,6.77,5.38
1990-04-29 17:00:00+00:00,208.0,149.04,156.0,6.53,5.17
1990-04-29 18:00:00+00:00,158.0,460.01,62.0,5.94,4.07
1990-04-29 19:00:00+00:00,6.0,0.0,6.0,5.32,3.52
1990-04-29 20:00:00+00:00,0.0,0.0,0.0,4.39,3.24
1990-04-29 21:00:00+00:00,0.0,0.0,0.0,3.55,3.17
1990-04-29 22:00:00+00:00,0.0,0.0,0.0,3.02,3.1
1990-04-29 23:00:00+00:00,0.0,0.0,0.0,2.49,3.03
1990-04-30 00:00:00+00:00,0.0,0.0,0.0,1.95,2.83
1990-04-30 01:00:00+00:00,0.0,0.0,0.0,1.41,2.76
1990-04-30 02:00:00+00:00,0.0,0.0,0.0,0.95,2.83
1990-04-30 03:00:00+00:00,0.0,0.0,0.0,0.58,2.83
1990-04-30 04:00:00+00:00,0.0,0.0,0.0,0.3,2.83
1990-04-30 05:00:00+00:00,27.0,38.12,24.0,0.14,2.83
1990-04-30 06:00:00+00:00,173.0,502.96,63.0,1.05,2.69
1990-04-30 07:00:00+00:00,323.0,649.92,90.0,3.23,2.97
1990-04-30 08:00:00+00:00,467.0,728.64,111.0,4.75,3.38
1990-04-30 09:00:00+00:00,497.0,416.63,247.0,5.9,3.31
1990-04-30 10:00:00+00:00,495.0,236.38,333.0,6.78,3.24
1990-04-30 11:00:00+00:00,216.0,0.0,216.0,6.97,3.17
1990-04-30 12:00:00+00:00,543.0,223.48,374.0,8.23,3.24
1990-04-30 13:00:00+00:00,464.0,130.25,368.0,8.8,3.66
1990-04-30 14:00:00+00:00,564.0,397.19,293.0,9.17,4.07
1990-04-30 15:00:00+00:00,597.0,807.38,116.0,9.25,4.34
1990-04-30 16:00:00+00:00,264.0,84.83,223.0,7.09,3.58
1990-04-30 17:00:00+00:00,320.0,666.4,85.0,7.06,3.57
1990-04-30 18:00:00+00:00,132.0,221.04,85.0,7.02,3.56
1990-04-30 19:00:00+00:00,25.0,54.92,21.0,6.99,3.55
1990-04-30 20:00:00+00:00,0.0,0.0,0.0,6.96,3.54
1990-04-30 21:00:00+00:00,0.0,0.0,0.0,6.93,3.53
1990-04-30 22:00:00+00:00,0.0,0.0,0.0,6.9,3.52
1990-04-30 23:00:00+00:00,0.0,0.0,0.0,6.86,3.51
1990-05-01 00:00:00+00:00,0.0,0.0,0.0,6.83,3.5
1990-05-01 01:00:00+00:00,0.0,0.0,0.0,6.8,3.49
1990-05-01 02:00:00+00:00,0.0,0.0,0.0,6.77,3.48
1990-05-01 03:00:00+00:00,0.0,0.0,0.0,6.73,3.47
1990-05-01 04:00:00+00:00,0.0,0.0,0.0,6.7,3.46
1990-05-01 05:00:00+00:00,37.0,152.49,25.0,6.67,3.45
1990-05-01 06:00:00+00:00,155.0,361.22,76.0,6.64,3.44
1990-05-01 07:00:00+00:00,277.0,404.45,132.0,6.61,3.43
1990-05-01 08:00:00+00:00,235.0,47.08,212.0,10.21,5.59
1990-05-01 09:00:00+00:00,138.0,0.0,138.0,11.29,6.28
1990-05-01 10:00:00+00:00,116.0,0.0,116.0,11.89,6.34
1990-05-01 11:00:00+00:00,302.0,12.19,293.0,11.09,6.55
1990-05-01 12:00:00+00:00,169.0,0.0,169.0,10.09,6.97
1990-05-01 13:00:00+00:00,176.0,0.0,176.0,9.57,6.76
1990-05-01 14:00:00+00:00,249.0,4.4,246.0,9.34,6.76
1990-05-01 15:00:00+00:00,548.0,636.17,169.0,9.31,5.59
1990-05-01 16:00:00+00:00,442.0,664.16,121.0,10.32,5.17
1990-05-01 17:00:00+00:00,127.0,11.34,123.0,11.05,4.69
1990-05-01 18:00:00+00:00,54.0,0.0,54.0,11.03,5.1
1990-05-01 19:00:00+00:00,9.0,0.0,9.0,10.24,4.55
1990-05-01 20:00:00+00:00,0.0,0.0,0.0,9.22,4.21
1990-05-01 21:00:00+00:00,0.0,0.0,0.0,8.46,4.14
1990-05-01 22:00:00+00:00,0.0,0.0,0.0,7.93,4.21
1990-05-01 23:00:00+00:00,0.0,0.0,0.0,7.48,4.34
1990-05-02 00:00:00+00:00,0.0,0.0,0.0,7.18,4.41
1990-05-02 01:00:00+00:00,0.0,0.0,0.0,7.05,4.34
1990-05-02 02:00:00+00:00,0.0,0.0,0.0,6.67,4.14
1990-05-02 03:00:00+00:00,0.0,0.0,0.0,6.26,3.79
1990-05-02 04:00:00+00:00,0.0,0.0,0.0,5.92,3.59
1990-05-02 05:00:00+00:00,38.0,119.97,28.0,5.74,3.45
1990-05-02 06:00:00+00:00,162.0,380.86,77.0,6.24,3.45
1990-05-02 07:00:00+00:00,318.0,603.68,99.0,7.55,4.55
1990-05-02 08:00:00+00:00,381.0,351.18,208.0,8.55,5.45
1990-05-02 09:00:00+00:00,381.0,144.06,294.0,9.2,5.38
1990-05-02 10:00:00+00:00,578.0,425.26,285.0,10.13,5.66
1990-05-02 11:00:00+00:00,560.0,277.59,354.0,10.58,5.66
1990-05-02 12:00:00+00:00,563.0,258.02,367.0,11.01,5.66
1990-05-02 13:00:00+00:00,593.0,351.16,333.0,11.35,5.52
1990-05-02 14:00:00+00:00,632.0,597.96,222.0,11.79,5.1
1990-05-02 15:00:00+00:00,568.0,684.25,158.0,11.95,4.9
1990-05-02 16:00:00+00:00,391.0,408.73,192.0,11.72,4.55
1990-05-02 17:00:00+00:00,312.0,608.94,95.0,11.41,4.34
1990-05-02 18:00:00+00:00,32.0,0.0,32.0,10.79,3.59
1990-05-02 19:00:00+00:00,9.0,0.0,9.0,10.09,2.97
1990-05-02 20:00:00+00:00,0.0,0.0,0.0,9.05,2.62
1990-05-02 21:00:00+00:00,0.0,0.0,0.0,8.16,3.03
1990-05-02 22:00:00+00:00,0.0,0.0,0.0,7.19,3.45
1990-05-02 23:00:00+00:00,0.0,0.0,0.0,6.78,3.59
1990-05-03 00:00:00+00:00,0.0,0.0,0.0,6.62,3.66
1990-05-03 01:00:00+00:00,0.0,0.0,0.0,6.61,3.52
1990-05-03 02:00:00+00:00,0.0,0.0,0.0,6.52,3.79
1990-05-03 03:00:00+00:00,0.0,0.0,0.0,6.0,4.34
1990-05-03 04:00:00+00:00,0.0,0.0,0.0,5.55,4.69
1990-05-03 05:00:00+00:00,53.0,318.41,25.0,5.03,4.9
1990-05-03 06:00:00+00:00,179.0,487.77,68.0,5.07,5.1
1990-05-03 07:00:00+00:00,329.0,648.59,91.0,5.42,5.72
1990-05-03 08:00:00+00:00,454.0,636.34,138.0,6.35,5.86
1990-05-03 09:00:00+00:00,564.0,631.94,180.0,7.36,5.86
1990-05-03 10:00:00+00:00,610.0,508.25,258.0,8.25,6.0
1990-05-03 11:00:00+00:00,515.0,194.49,370.0,9.14,6.21
1990-05-03 12:00:00+00:00,643.0,419.4,323.0,9.7,6.28
1990-05-03 13:00:00+00:00,635.0,446.42,303.0,9.84,6.21
1990-05-03 14:00:00+00:00,681.0,761.99,156.0,10.08,6.48
1990-05-03 15:00:00+00:00,566.0,665.47,165.0,10.05,6.48
1990-05-03 16:00:00+00:00,315.0,173.34,230.0,9.73,6.28
1990-05-03 17:00:00+00:00,315.0,611.07,95.0,9.25,5.86
1990-05-03 18:00:00+00:00,159.0,381.14,75.0,8.82,5.38
1990-05-03 19:00:00+00:00,40.0,185.17,25.0,7.91,5.03
1990-05-03 20:00:00+00:00,0.0,0.0,0.0,7.26,4.34
1990-05-03 21:00:00+00:00,0.0,0.0,0.0,6.54,4.14
1990-05-03 22:00:00+00:00,0.0,0.0,0.0,6.0,4.28
1990-05-03 23:00:00+00:00,0.0,0.0,0.0,5.68,4.48
1990-05-04 00:00:00+00:00,0.0,0.0,0.0,5.59,4.48
1990-05-04 01:00:00+00:00,0.0,0.0,0.0,5.69,4.76
1990-05-04 02:00:00+00:00,0.0,0.0,0.0,6.04,5.17
1990-05-04 03:00:00+00:00,0.0,0.0,0.0,6.46,5.45
1990-05-04 04:00:00+00:00,0.0,0.0,0.0,6.65,5.66
1990-05-04 05:00:00+00:00,6.0,0.0,6.0,6.64,5.79
1990-05-04 06:00:00+00:00,34.0,0.0,34.0,6.73,6.0
1990-05-04 07:00:00+00:00,64.0,0.0,64.0,6.63,6.21
1990-05-04 08:00:00+00:00,97.0,0.0,97.0,7.07,6.48
1990-05-04 09:00:00+00:00,118.0,0.0,118.0,7.41,6.48
1990-05-04 10:00:00+00:00,204.0,0.0,204.0,7.74,7.66
1990-05-04 11:00:00+00:00,243.0,1.34,242.0,8.14,7.45
1990-05-04 12:00:00+00:00,195.0,0.0,195.0,8.75,6.97
1990-05-04 13:00:00+00:00,214.0,0.0,214.0,9.02,6.62
1990-05-04 14:00:00+00:00,106.0,0.0,106.0,9.58,6.69
1990-05-04 15:00:00+00:00,132.0,0.0,132.0,9.71,7.45
1990-05-04 16:00:00+00:00,174.0,6.07,171.0,9.94,7.24
1990-05-04 17:00:00+00:00,115.0,2.75,114.0,9.8,6.97
1990-05-04 18:00:00+00:00,107.0,80.28,89.0,9.69,7.31
1990-05-04 19:00:00+00:00,4.0,0.0,4.0,9.27,6.48
1990-05-04 20:00:00+00:00,0.0,0.0,0.0,8.87,6.21
1990-05-04 21:00:00+00:00,0.0,0.0,0.0,8.39,6.07
1990-05-04 22:00:00+00:00,0.0,0.0,0.0,8.11,5.93
1990-05-04 23:00:00+00:00,0.0,0.0,0.0,7.84,5.86
1990-05-05 00:00:00+00:00,0.0,0.0,0.0,7.69,5.86
1990-05-05 01:00:00+00:00,0.0,0.0,0.0,7.53,5.93
1990-05-05 02:00:00+00:00,0.0,0.0,0.0,7.43,5.79
1990-05-05 03:00:00+00:00,0.0,0.0,0.0,7.21,5.38
1990-05-05 04:00:00+00:00,0.0,0.0,0.0,7.1,5.24
1990-05-05 05:00:00+00:00,10.0,0.0,10.0,7.13,4.83
1990-05-05 06:00:00+00:00,62.0,0.0,62.0,7.41,4.62
1990-05-05 07:00:00+00:00,83.0,0.0,83.0,8.15,4.97
1990-05-05 08:00:00+00:00,203.0,15.87,195.0,8.96,6.21
1990-05-05 09:00:00+00:00,319.0,61.8,281.0,9.5,5.86
1990-05-05 10:00:00+00:00,277.0,10.01,270.0,9.77,5.72
1990-05-05 11:00:00+00:00,224.0,0.0,224.0,9.92,5.1
1990-05-05 12:00:00+00:00,209.0,0.0,209.0,10.36,5.66
1990-05-05 13:00:00+00:00,373.0,43.99,340.0,10.38,5.93
1990-05-05 14:00:00+00:00,234.0,1.44,233.0,10.2,6.83
1990-05-05 15:00:00+00:00,120.0,0.0,120.0,10.34,7.1
1990-05-05 16:00:00+00:00,77.0,0.0,77.0,10.21,8.69
1990-05-05 17:00:00+00:00,66.0,0.0,66.0,9.97,8.28
1990-05-05 18:00:00+00:00,66.0,4.39,65.0,9.92,8.07
1990-05-05 19:00:00+00:00,23.0,11.23,22.0,9.79,8.41
1990-05-05 20:00:00+00:00,0.0,0.0,0.0,9.5,7.59
1990-05-05 21:00:00+00:00,0.0,0.0,0.0,8.99,6.62
1990-05-05 22:00:00+00:00,0.0,0.0,0.0,8.35,6.0
1990-05-05 23:00:00+00:00,0.0,0.0,0.0,7.8,5.72
1990-05-06 00:00:00+00:00,0.0,0.0,0.0,7.17,5.38
1990-05-06 01:00:00+00:00,0.0,0.0,0.0,6.42,4.9
1990-05-06 02:00:00+00:00,0.0,0.0,0.0,6.09,4.83
1990-05-06 03:00:00+00:00,0.0,0.0,0.0,5.84,4.48
1990-05-06 04:00:00+00:00,0.0,0.0,0.0,5.79,4.28
1990-05-06 05:00:00+00:00,57.0,237.31,33.0,5.78,3.93
1990-05-06 06:00:00+00:00,180.0,428.84,77.0,6.21,3.72
1990-05-06 07:00:00+00:00,323.0,567.38,108.0,6.85,4.76
1990-05-06 08:00:00+00:00,449.0,590.61,149.0,7.68,4.76
1990-05-06 09:00:00+00:00,291.0,37.19,268.0,8.37,5.17
1990-05-06 10:00:00+00:00,283.0,11.38,275.0,9.07,5.31
1990-05-06 11:00:00+00:00,450.0,108.55,368.0,10.18,5.59
1990-05-06 12:00:00+00:00,403.0,55.65,360.0,10.86,5.93
1990-05-06 13:00:00+00:00,270.0,3.98,267.0,11.34,6.55
1990-05-06 14:00:00+00:00,175.0,0.0,175.0,11.37,8.0
1990-05-06 15:00:00+00:00,185.0,0.0,185.0,11.26,8.41
1990-05-06 16:00:00+00:00,61.0,0.0,61.0,11.86,6.41
1990-05-06 17:00:00+00:00,41.0,0.0,41.0,11.88,7.52
1990-05-06 18:00:00+00:00,23.0,0.0,23.0,11.23,7.24
1990-05-06 19:00:00+00:00,38.0,86.07,30.0,10.84,7.31
1990-05-06 20:00:00+00:00,0.0,0.0,0.0,10.51,7.17
1990-05-06 21:00:00+00:00,0.0,0.0,0.0,10.03,7.1
1990-05-06 22:00:00+00:00,0.0,0.0,0.0,9.37,6.41
1990-05-06 23:00:00+00:00,0.0,0.0,0.0,8.61,6.41
1990-05-07 00:00:00+00:00,0.0,0.0,0.0,7.79,6.97
1990-05-07 01:00:00+00:00,0.0,0.0,0.0,6.97,6.76
1990-05-07 02:00:00+00:00,0.0,0.0,0.0,6.29,6.62
1990-05-07 03:00:00+00:00,0.0,0.0,0.0,5.74,7.31
1990-05-07 04:00:00+00:00,0.0,0.0,0.0,5.15,7.45
1990-05-07 05:00:00+00:00,42.0,66.44,35.0,5.05,7.59
1990-05-07 06:00:00+00:00,182.0,401.31,84.0,5.52,8.28
1990-05-07 07:00:00+00:00,298.0,399.74,145.0,6.26,8.41
1990-05-07 08:00:00+00:00,476.0,678.32,129.0,7.21,8.76
1990-05-07 09:00:00+00:00,589.0,681.84,165.0,8.2,9.17
1990-05-07 10:00:00+00:00,669.0,661.38,202.0,9.24,9.45
1990-05-07 11:00:00+00:00,712.0,626.18,237.0,9.99,10.07
1990-05-07 12:00:00+00:00,764.0,736.12,193.0,10.96,10.0
1990-05-07 13:00:00+00:00,386.0,47.6,350.0,11.21,9.38
1990-05-07 14:00:00+00:00,415.0,104.03,342.0,11.44,8.83
1990-05-07 15:00:00+00:00,343.0,82.84,292.0,11.49,9.1
1990-05-07 16:00:00+00:00,371.0,295.68,222.0,11.1,8.62
1990-05-07 17:00:00+00:00,138.0,10.69,134.0,10.62,8.62
1990-05-07 18:00:00+00:00,195.0,569.27,61.0,9.82,7.86
1990-05-07 19:00:00+00:00,56.0,278.81,29.0,8.91,8.41
1990-05-07 20:00:00+00:00,0.0,0.0,0.0,8.18,9.17
1990-05-07 21:00:00+00:00,0.0,0.0,0.0,7.79,9.17
1990-05-07 22:00:00+00:00,0.0,0.0,0.0,7.77,9.03
1990-05-07 23:00:00+00:00,0.0,0.0,0.0,7.49,8.21
1990-05-08 00:00:00+00:00,0.0,0.0,0.0,7.06,7.45
1990-05-08 01:00:00+00:00,0.0,0.0,0.0,6.3,7.1
1990-05-08 02:00:00+00:00,0.0,0.0,0.0,5.7,7.72
1990-05-08 03:00:00+00:00,0.0,0.0,0.0,5.36,7.72
1990-05-08 04:00:00+00:00,0.0,0.0,0.0,5.21,7.24
1990-05-08 05:00:00+00:00,6.0,0.0,6.0,5.6,7.52
1990-05-08 06:00:00+00:00,145.0,165.24,104.0,5.92,7.93
1990-05-08 07:00:00+00:00,99.0,0.0,99.0,6.01,7.93
1990-05-08 08:00:00+00:00,459.0,578.56,161.0,6.61,8.34
1990-05-08 09:00:00+00:00,334.0,67.18,292.0,7.09,7.72
1990-05-08 10:00:00+00:00,734.0,872.72,115.0,7.9,7.66
1990-05-08 11:00:00+00:00,764.0,785.16,166.0,8.78,7.93
1990-05-08 12:00:00+00:00,421.0,62.93,372.0,9.55,8.07
1990-05-08 13:00:00+00:00,765.0,799.45,158.0,9.95,8.0
1990-05-08 14:00:00+00:00,646.0,587.47,232.0,10.22,7.79
1990-05-08 15:00:00+00:00,484.0,344.25,271.0,10.53,7.52
1990-05-08 16:00:00+00:00,197.0,11.83,191.0,9.6,7.93
1990-05-08 17:00:00+00:00,321.0,548.09,114.0,9.28,7.52
1990-05-08 18:00:00+00:00,193.0,535.51,65.0,8.95,6.9
1990-05-08 19:00:00+00:00,51.0,168.85,34.0,8.39,6.41
1990-05-08 20:00:00+00:00,0.0,0.0,0.0,7.54,6.14
1990-05-08 21:00:00+00:00,0.0,0.0,0.0,6.83,6.0
1990-05-08 22:00:00+00:00,0.0,0.0,0.0,6.44,5.52
1990-05-08 23:00:00+00:00,0.0,0.0,0.0,6.18,5.52
1990-05-09 00:00:00+00:00,0.0,0.0,0.0,5.84,5.66
1990-05-09 01:00:00+00:00,0.0,0.0,0.0,5.62,5.86
1990-05-09 02:00:00+00:00,0.0,0.0,0.0,5.51,5.72
1990-05-09 03:00:00+00:00,0.0,0.0,0.0,5.43,5.52
1990-05-09 04:00:00+00:00,0.0,0.0,0.0,5.34,5.31
1990-05-09 05:00:00+00:00,68.0,281.92,36.0,5.36,5.03
1990-05-09 06:00:00+00:00,159.0,218.29,104.0,6.07,4.41
1990-05-09 07:00:00+00:00,223.0,120.48,176.0,7.13,5.66
1990-05-09 08:00:00+00:00,424.0,433.94,199.0,8.25,6.14
1990-05-09 09:00:00+00:00,437.0,218.01,300.0,9.09,6.21
1990-05-09 10:00:00+00:00,455.0,145.99,351.0,9.51,6.28
1990-05-09 11:00:00+00:00,261.0,1.31,260.0,8.25,6.0
1990-05-09 12:00:00+00:00,380.0,35.82,352.0,7.37,5.1
1990-05-09 13:00:00+00:00,96.0,0.0,96.0,6.92,4.0
1990-05-09 14:00:00+00:00,161.0,0.0,161.0,5.97,3.93
1990-05-09 15:00:00+00:00,371.0,115.79,299.0,5.7,4.76
1990-05-09 16:00:00+00:00,448.0,560.34,162.0,7.29,5.38
1990-05-09 17:00:00+00:00,300.0,422.5,139.0,8.28,6.34
1990-05-09 18:00:00+00:00,62.0,0.0,62.0,7.93,6.48
1990-05-09 19:00:00+00:00,49.0,124.43,36.0,7.3,5.86
1990-05-09 20:00:00+00:00,0.0,0.0,0.0,6.77,4.9
1990-05-09 21:00:00+00:00,0.0,0.0,0.0,6.24,4.69
1990-05-09 22:00:00+00:00,0.0,0.0,0.0,5.81,4.48
1990-05-09 23:00:00+00:00,0.0,0.0,0.0,5.44,4.07
1990-05-10 00:00:00+00:00,0.0,0.0,0.0,5.01,3.72
1990-05-10 01:00:00+00:00,0.0,0.0,0.0,4.66,3.45
1990-05-10 02:00:00+00:00,0.0,0.0,0.0,4.38,3.31
1990-05-10 03:00:00+00:00,0.0,0.0,0.0,4.13,3.1
1990-05-10 04:00:00+00:00,0.0,0.0,0.0,3.89,2.97
1990-05-10 05:00:00+00:00,53.0,93.66,42.0,3.9,2.83
1990-05-10 06:00:00+00:00,205.0,508.41,75.0,5.0,2.48
1990-05-10 07:00:00+00:00,356.0,660.51,96.0,6.97,3.03
1990-05-10 08:00:00+00:00,339.0,176.3,247.0,8.28,3.38
1990-05-10 09:00:00+00:00,435.0,207.42,304.0,9.05,3.1
1990-05-10 10:00:00+00:00,403.0,81.08,345.0,9.95,2.83
1990-05-10 11:00:00+00:00,293.0,6.51,288.0,10.64,2.34
1990-05-10 12:00:00+00:00,699.0,516.26,294.0,11.06,1.72
1990-05-10 13:00:00+00:00,334.0,18.3,320.0,11.45,1.24
1990-05-10 14:00:00+00:00,526.0,264.56,338.0,11.64,1.24
1990-05-10 15:00:00+00:00,594.0,691.39,162.0,11.49,1.59
1990-05-10 16:00:00+00:00,377.0,290.13,228.0,11.03,2.21
1990-05-10 17:00:00+00:00,294.0,374.61,150.0,10.53,3.1
1990-05-10 18:00:00+00:00,171.0,316.88,93.0,9.51,3.66
1990-05-10 19:00:00+00:00,52.0,129.37,38.0,8.75,3.24
1990-05-10 20:00:00+00:00,0.0,0.0,0.0,7.91,2.83
1990-05-10 21:00:00+00:00,0.0,0.0,0.0,7.11,2.55
1990-05-10 22:00:00+00:00,0.0,0.0,0.0,6.46,2.14
1990-05-10 23:00:00+00:00,0.0,0.0,0.0,5.64,1.86
1990-05-11 00:00:00+00:00,0.0,0.0,0.0,4.42,1.72
1990-05-11 01:00:00+00:00,0.0,0.0,0.0,3.21,1.66
1990-05-11 02:00:00+00:00,0.0,0.0,0.0,2.67,1.59
1990-05-11 03:00:00+00:00,0.0,0.0,0.0,2.3,1.59
1990-05-11 04:00:00+00:00,0.0,0.0,0.0,2.07,1.52
1990-05-11 05:00:00+00:00,79.0,354.55,36.0,2.11,1.52
1990-05-11 06:00:00+00:00,215.0,559.11,70.0,3.77,1.31
1990-05-11 07:00:00+00:00,374.0,727.83,85.0,6.52,1.86
1990-05-11 08:00:00+00:00,515.0,784.64,103.0,7.47,2.07
1990-05-11 09:00:00+00:00,642.0,830.37,115.0,8.5,2.41
1990-05-11 10:00:00+00:00,726.0,818.58,138.0,9.48,2.76
1990-05-11 11:00:00+00:00,775.0,790.52,166.0,10.29,3.03
1990-05-11 12:00:00+00:00,635.0,356.93,354.0,10.88,3.31
1990-05-11 13:00:00+00:00,686.0,524.83,283.0,11.18,3.59
1990-05-11 14:00:00+00:00,696.0,726.03,178.0,11.19,3.86
1990-05-11 15:00:00+00:00,632.0,825.11,114.0,10.98,3.93
1990-05-11 16:00:00+00:00,499.0,756.76,108.0,10.65,3.93
1990-05-11 17:00:00+00:00,352.0,670.63,92.0,10.16,3.72
1990-05-11 18:00:00+00:00,204.0,544.8,68.0,9.49,3.52
1990-05-11 19:00:00+00:00,65.0,250.21,37.0,8.59,3.1
1990-05-11 20:00:00+00:00,0.0,0.0,0.0,7.38,2.97
1990-05-11 21:00:00+00:00,0.0,0.0,0.0,6.3,2.69
1990-05-11 22:00:00+00:00,0.0,0.0,0.0,5.47,2.41
1990-05-11 23:00:00+00:00,0.0,0.0,0.0,4.75,2.21
1990-05-12 00:00:00+00:00,0.0,0.0,0.0,4.1,2.14
1990-05-12 01:00:00+00:00,0.0,0.0,0.0,3.51,2.14
1990-05-12 02:00:00+00:00,0.0,0.0,0.0,3.18,2.28
1990-05-12 03:00:00+00:00,0.0,0.0,0.0,3.09,2.41
1990-05-12 04:00:00+00:00,0.0,0.0,0.0,3.12,2.55
1990-05-12 05:00:00+00:00,81.0,335.94,39.0,3.56,2.69
1990-05-12 06:00:00+00:00,215.0,528.74,76.0,4.86,2.97
1990-05-12 07:00:00+00:00,370.0,694.28,92.0,6.07,4.69
1990-05-12 08:00:00+00:00,509.0,745.88,115.0,6.83,4.9
1990-05-12 09:00:00+00:00,596.0,642.99,186.0,7.46,5.1
1990-05-12 10:00:00+00:00,567.0,331.4,328.0,7.75,5.24
1990-05-12 11:00:00+00:00,714.0,584.63,262.0,8.46,5.52
1990-05-12 12:00:00+00:00,647.0,375.95,350.0,8.86,5.66
1990-05-12 13:00:00+00:00,735.0,659.23,227.0,9.19,5.72
1990-05-12 14:00:00+00:00,728.0,832.09,132.0,9.46,5.72
1990-05-12 15:00:00+00:00,623.0,781.67,130.0,9.39,5.52
1990-05-12 16:00:00+00:00,484.0,673.42,134.0,9.15,5.31
1990-05-12 17:00:00+00:00,352.0,657.4,95.0,8.87,5.03
1990-05-12 18:00:00+00:00,205.0,533.45,70.0,8.49,4.97
1990-05-12 19:00:00+00:00,66.0,233.68,39.0,7.67,4.48
1990-05-12 20:00:00+00:00,0.0,0.0,0.0,6.93,4.14
1990-05-12 21:00:00+00:00,0.0,0.0,0.0,6.28,3.86
1990-05-12 22:00:00+00:00,0.0,0.0,0.0,5.85,3.59
1990-05-12 23:00:00+00:00,0.0,0.0,0.0,5.62,3.45
1990-05-13 00:00:00+00:00,0.0,0.0,0.0,5.61,3.45
1990-05-13 01:00:00+00:00,0.0,0.0,0.0,5.64,3.45
1990-05-13 02:00:00+00:00,0.0,0.0,0.0,5.53,3.52
1990-05-13 03:00:00+00:00,0.0,0.0,0.0,5.43,3.66
1990-05-13 04:00:00+00:00,0.0,0.0,0.0,5.25,3.59
1990-05-13 05:00:00+00:00,83.0,318.65,42.0,5.43,3.72
1990-05-13 06:00:00+00:00,206.0,435.54,90.0,6.12,4.21
1990-05-13 07:00:00+00:00,358.0,609.42,112.0,6.91,4.69
1990-05-13 08:00:00+00:00,515.0,758.52,112.0,7.75,4.97
1990-05-13 09:00:00+00:00,643.0,811.81,123.0,8.78,5.38
1990-05-13 10:00:00+00:00,734.0,821.89,139.0,9.64,5.79
1990-05-13 11:00:00+00:00,809.0,877.77,128.0,10.35,6.21
1990-05-13 12:00:00+00:00,829.0,884.38,128.0,10.85,6.55
1990-05-13 13:00:00+00:00,830.0,949.22,96.0,11.02,6.69
1990-05-13 14:00:00+00:00,765.0,934.62,93.0,11.01,6.62
1990-05-13 15:00:00+00:00,657.0,887.06,95.0,10.88,6.62
1990-05-13 16:00:00+00:00,514.0,793.89,99.0,10.6,6.55
1990-05-13 17:00:00+00:00,362.0,687.6,91.0,10.07,6.34
1990-05-13 18:00:00+00:00,180.0,323.64,97.0,9.42,5.86
1990-05-13 19:00:00+00:00,39.0,25.18,36.0,8.25,5.38
1990-05-13 20:00:00+00:00,0.0,0.0,0.0,7.49,5.17
1990-05-13 21:00:00+00:00,0.0,0.0,0.0,6.98,4.76
1990-05-13 22:00:00+00:00,0.0,0.0,0.0,6.62,4.41
1990-05-13 23:00:00+00:00,0.0,0.0,0.0,6.38,4.21
1990-05-14 00:00:00+00:00,0.0,0.0,0.0,6.2,4.14
1990-05-14 01:00:00+00:00,0.0,0.0,0.0,6.39,4.14
1990-05-14 02:00:00+00:00,0.0,0.0,0.0,6.23,4.0
1990-05-14 03:00:00+00:00,0.0,0.0,0.0,6.26,3.93
1990-05-14 04:00:00+00:00,0.0,0.0,0.0,6.45,4.0
1990-05-14 05:00:00+00:00,61.0,98.33,48.0,6.76,3.93
1990-05-14 06:00:00+00:00,172.0,222.48,112.0,7.74,3.66
1990-05-14 07:00:00+00:00,362.0,626.82,107.0,9.21,4.48
1990-05-14 08:00:00+00:00,508.0,728.1,119.0,10.5,5.59
1990-05-14 09:00:00+00:00,626.0,750.75,143.0,11.29,5.93
1990-05-14 10:00:00+00:00,710.0,739.02,173.0,11.93,6.55
1990-05-14 11:00:00+00:00,779.0,786.19,167.0,12.23,6.62
1990-05-14 12:00:00+00:00,798.0,790.96,169.0,12.53,6.62
1990-05-14 13:00:00+00:00,771.0,769.45,174.0,12.68,6.41
1990-05-14 14:00:00+00:00,728.0,824.46,133.0,12.49,6.21
1990-05-14 15:00:00+00:00,631.0,798.3,123.0,12.3,6.28
1990-05-14 16:00:00+00:00,500.0,732.36,115.0,11.78,6.14
1990-05-14 17:00:00+00:00,334.0,523.59,126.0,11.05,5.93
1990-05-14 18:00:00+00:00,204.0,481.17,79.0,10.31,5.52
1990-05-14 19:00:00+00:00,67.0,195.68,43.0,9.35,5.17
1990-05-14 20:00:00+00:00,0.0,0.0,0.0,8.47,5.03
1990-05-14 21:00:00+00:00,0.0,0.0,0.0,7.84,4.9
1990-05-14 22:00:00+00:00,0.0,0.0,0.0,7.49,4.62
1990-05-14 23:00:00+00:00,0.0,0.0,0.0,7.28,4.41
1990-05-15 00:00:00+00:00,0.0,0.0,0.0,7.12,4.48
1990-05-15 01:00:00+00:00,0.0,0.0,0.0,7.03,4.69
1990-05-15 02:00:00+00:00,0.0,0.0,0.0,6.91,4.83
1990-05-15 03:00:00+00:00,0.0,0.0,0.0,6.83,4.83
1990-05-15 04:00:00+00:00,0.0,0.0,0.0,6.99,4.9
1990-05-15 05:00:00+00:00,13.0,0.0,13.0,7.39,5.38
1990-05-15 06:00:00+00:00,45.0,0.0,45.0,8.2,5.59
1990-05-15 07:00:00+00:00,82.0,0.0,82.0,8.64,7.1
1990-05-15 08:00:00+00:00,100.0,0.0,100.0,8.88,7.24
1990-05-15 09:00:00+00:00,94.0,0.0,94.0,8.88,7.52
1990-05-15 10:00:00+00:00,100.0,0.0,100.0,9.0,7.86
1990-05-15 11:00:00+00:00,122.0,0.0,122.0,8.98,7.86
1990-05-15 12:00:00+00:00,149.0,0.0,149.0,8.79,7.1
1990-05-15 13:00:00+00:00,147.0,0.0,147.0,8.8,7.66
1990-05-15 14:00:00+00:00,101.0,0.0,101.0,8.71,7.59
1990-05-15 15:00:00+00:00,101.0,0.0,101.0,8.29,7.31
1990-05-15 16:00:00+00:00,60.0,0.0,60.0,8.26,7.17
1990-05-15 17:00:00+00:00,33.0,0.0,33.0,7.9,6.07
1990-05-15 18:00:00+00:00,21.0,0.0,21.0,8.07,4.62
1990-05-15 19:00:00+00:00,7.0,0.0,7.0,8.14,4.28
1990-05-15 20:00:00+00:00,0.0,0.0,0.0,8.36,4.76
1990-05-15 21:00:00+00:00,0.0,0.0,0.0,8.6,5.03
1990-05-15 22:00:00+00:00,0.0,0.0,0.0,8.62,4.41
1990-05-15 23:00:00+00:00,0.0,0.0,0.0,8.67,3.79
1990-05-16 00:00:00+00:00,0.0,0.0,0.0,8.35,3.1
1990-05-16 01:00:00+00:00,0.0,0.0,0.0,8.18,2.76
1990-05-16 02:00:00+00:00,0.0,0.0,0.0,8.22,2.41
1990-05-16 03:00:00+00:00,0.0,0.0,0.0,8.34,2.28
1990-05-16 04:00:00+00:00,0.0,0.0,0.0,8.35,2.41
1990-05-16 05:00:00+00:00,45.0,14.39,43.0,8.4,2.83
1990-05-16 06:00:00+00:00,83.0,3.62,82.0,8.63,3.31
1990-05-16 07:00:00+00:00,190.0,43.6,172.0,9.28,3.31
1990-05-16 08:00:00+00:00,301.0,94.46,250.0,9.6,4.21
1990-05-16 09:00:00+00:00,388.0,118.7,311.0,10.89,4.28
1990-05-16 10:00:00+00:00,425.0,98.39,353.0,12.04,4.48
1990-05-16 11:00:00+00:00,295.0,6.38,290.0,12.69,4.76
1990-05-16 12:00:00+00:00,209.0,0.0,209.0,13.42,5.24
1990-05-16 13:00:00+00:00,386.0,42.26,353.0,13.31,5.45
1990-05-16 14:00:00+00:00,547.0,295.79,332.0,13.47,4.97
1990-05-16 15:00:00+00:00,360.0,90.37,302.0,13.68,4.97
1990-05-16 16:00:00+00:00,145.0,0.0,145.0,12.58,4.83
1990-05-16 17:00:00+00:00,75.0,0.0,75.0,10.92,4.34
1990-05-16 18:00:00+00:00,109.0,33.8,100.0,10.69,3.59
1990-05-16 19:00:00+00:00,40.0,15.44,38.0,10.23,3.59
1990-05-16 20:00:00+00:00,0.0,0.0,0.0,9.51,3.38
1990-05-16 21:00:00+00:00,0.0,0.0,0.0,8.82,3.1
1990-05-16 22:00:00+00:00,0.0,0.0,0.0,8.39,2.9
1990-05-16 23:00:00+00:00,0.0,0.0,0.0,8.06,2.97
1990-05-17 00:00:00+00:00,0.0,0.0,0.0,7.61,2.97
1990-05-17 01:00:00+00:00,0.0,0.0,0.0,7.0,3.1
1990-05-17 02:00:00+00:00,0.0,0.0,0.0,6.41,2.97
1990-05-17 03:00:00+00:00,0.0,0.0,0.0,5.86,2.55
1990-05-17 04:00:00+00:00,0.0,0.0,0.0,5.57,2.41
1990-05-17 05:00:00+00:00,10.0,0.0,10.0,5.78,2.41
1990-05-17 06:00:00+00:00,94.0,7.16,92.0,6.62,2.14
1990-05-17 07:00:00+00:00,371.0,637.48,106.0,7.66,2.55
1990-05-17 08:00:00+00:00,497.0,645.01,147.0,8.89,3.1
1990-05-17 09:00:00+00:00,592.0,598.83,202.0,9.99,4.14
1990-05-17 10:00:00+00:00,552.0,286.02,342.0,10.78,5.17
1990-05-17 11:00:00+00:00,651.0,405.94,332.0,11.09,5.17
1990-05-17 12:00:00+00:00,680.0,438.59,328.0,11.48,4.97
1990-05-17 13:00:00+00:00,652.0,414.9,327.0,11.53,4.76
1990-05-17 14:00:00+00:00,694.0,684.15,195.0,11.56,5.17
1990-05-17 15:00:00+00:00,449.0,225.01,304.0,11.64,5.72
1990-05-17 16:00:00+00:00,109.0,0.0,109.0,11.28,6.41
1990-05-17 17:00:00+00:00,117.0,0.0,117.0,10.31,5.93
1990-05-17 18:00:00+00:00,122.0,55.67,107.0,10.01,5.59
1990-05-17 19:00:00+00:00,17.0,0.0,17.0,9.69,4.83
1990-05-17 20:00:00+00:00,0.0,0.0,0.0,8.92,4.83
1990-05-17 21:00:00+00:00,0.0,0.0,0.0,8.3,4.55
1990-05-17 22:00:00+00:00,0.0,0.0,0.0,8.08,4.34
1990-05-17 23:00:00+00:00,0.0,0.0,0.0,7.97,3.79
1990-05-18 00:00:00+00:00,0.0,0.0,0.0,8.11,2.9
1990-05-18 01:00:00+00:00,0.0,0.0,0.0,8.07,2.28
1990-05-18 02:00:00+00:00,0.0,0.0,0.0,7.7,2.28
1990-05-18 03:00:00+00:00,0.0,0.0,0.0,7.46,2.55
1990-05-18 04:00:00+00:00,0.0,0.0,0.0,7.37,2.97
1990-05-18 05:00:00+00:00,11.0,0.0,11.0,7.43,3.31
1990-05-18 06:00:00+00:00,92.0,7.09,90.0,7.97,3.38
1990-05-18 07:00:00+00:00,95.0,0.0,95.0,9.37,4.21
1990-05-18 08:00:00+00:00,153.0,0.0,153.0,9.78,4.07
1990-05-18 09:00:00+00:00,242.0,6.12,238.0,10.09,4.62
1990-05-18 10:00:00+00:00,147.0,0.0,147.0,10.55,4.48
1990-05-18 11:00:00+00:00,509.0,152.26,389.0,10.88,4.41
1990-05-18 12:00:00+00:00,107.0,0.0,107.0,11.66,4.62
1990-05-18 13:00:00+00:00,209.0,0.0,209.0,12.03,4.97
1990-05-18 14:00:00+00:00,153.0,0.0,153.0,12.34,5.17
1990-05-18 15:00:00+00:00,225.0,3.09,223.0,12.39,5.17
1990-05-18 16:00:00+00:00,332.0,150.85,251.0,12.21,5.03
1990-05-18 17:00:00+00:00,181.0,36.65,166.0,11.9,5.03
1990-05-18 18:00:00+00:00,183.0,282.51,106.0,11.33,4.62
1990-05-18 19:00:00+00:00,12.0,0.0,12.0,10.74,4.55
1990-05-18 20:00:00+00:00,0.0,0.0,0.0,10.19,4.48
1990-05-18 21:00:00+00:00,0.0,0.0,0.0,9.5,4.62
1990-05-18 22:00:00+00:00,0.0,0.0,0.0,9.04,4.62
1990-05-18 23:00:00+00:00,0.0,0.0,0.0,8.8,4.55
1990-05-19 00:00:00+00:00,0.0,0.0,0.0,8.94,4.62
1990-05-19 01:00:00+00:00,0.0,0.0,0.0,8.8,4.28
1990-05-19 02:00:00+00:00,0.0,0.0,0.0,8.76,4.14
1990-05-19 03:00:00+00:00,0.0,0.0,0.0,8.6,3.79
1990-05-19 04:00:00+00:00,0.0,0.0,0.0,8.55,3.86
1990-05-19 05:00:00+00:00,81.0,175.18,55.0,8.67,4.14
1990-05-19 06:00:00+00:00,240.0,586.09,73.0,8.91,4.34
1990-05-19 07:00:00+00:00,315.0,346.68,169.0,9.58,4.14
1990-05-19 08:00:00+00:00,373.0,220.91,252.0,10.0,4.76
1990-05-19 09:00:00+00:00,348.0,67.06,304.0,10.29,4.97
1990-05-19 10:00:00+00:00,355.0,36.54,328.0,11.08,5.1
1990-05-19 11:00:00+00:00,392.0,41.75,359.0,11.8,5.17
1990-05-19 12:00:00+00:00,460.0,85.49,391.0,12.15,5.17
1990-05-19 13:00:00+00:00,635.0,373.12,341.0,12.46,5.31
1990-05-19 14:00:00+00:00,644.0,523.02,260.0,12.78,5.1
1990-05-19 15:00:00+00:00,528.0,411.08,261.0,12.96,4.83
1990-05-19 16:00:00+00:00,413.0,348.37,225.0,13.09,4.48
1990-05-19 17:00:00+00:00,185.0,38.82,169.0,12.95,4.14
1990-05-19 18:00:00+00:00,95.0,10.89,92.0,12.4,3.66
1990-05-19 19:00:00+00:00,38.0,7.17,37.0,11.57,3.45
1990-05-19 20:00:00+00:00,0.0,0.0,0.0,10.79,3.24
1990-05-19 21:00:00+00:00,0.0,0.0,0.0,9.86,3.1
1990-05-19 22:00:00+00:00,0.0,0.0,0.0,9.11,3.1
1990-05-19 23:00:00+00:00,0.0,0.0,0.0,8.43,3.24
1990-05-20 00:00:00+00:00,0.0,0.0,0.0,8.19,3.24
1990-05-20 01:00:00+00:00,0.0,0.0,0.0,8.12,3.24
1990-05-20 02:00:00+00:00,0.0,0.0,0.0,8.21,3.31
1990-05-20 03:00:00+00:00,0.0,0.0,0.0,8.28,3.17
1990-05-20 04:00:00+00:00,0.0,0.0,0.0,8.47,3.1
1990-05-20 05:00:00+00:00,31.0,0.0,31.0,8.81,3.03
1990-05-20 06:00:00+00:00,94.0,6.95,92.0,9.36,3.03
1990-05-20 07:00:00+00:00,146.0,7.08,143.0,9.94,3.31
1990-05-20 08:00:00+00:00,183.0,3.64,181.0,10.67,3.52
1990-05-20 09:00:00+00:00,579.0,539.19,224.0,11.6,3.72
1990-05-20 10:00:00+00:00,482.0,160.58,363.0,12.17,3.93
1990-05-20 11:00:00+00:00,472.0,105.99,388.0,12.77,4.41
1990-05-20 12:00:00+00:00,412.0,48.19,373.0,13.23,4.48
1990-05-20 13:00:00+00:00,333.0,15.19,321.0,13.55,4.76
1990-05-20 14:00:00+00:00,512.0,213.16,355.0,13.62,4.76
1990-05-20 15:00:00+00:00,588.0,592.05,202.0,13.56,4.69
1990-05-20 16:00:00+00:00,293.0,81.14,249.0,12.67,4.48
1990-05-20 17:00:00+00:00,314.0,368.74,161.0,12.54,4.28
1990-05-20 18:00:00+00:00,195.0,323.05,105.0,12.11,3.52
1990-05-20 19:00:00+00:00,93.0,336.67,45.0,10.91,3.38
1990-05-20 20:00:00+00:00,0.0,0.0,0.0,10.35,3.03
1990-05-20 21:00:00+00:00,0.0,0.0,0.0,9.48,2.83
1990-05-20 22:00:00+00:00,0.0,0.0,0.0,9.04,2.55
1990-05-20 23:00:00+00:00,0.0,0.0,0.0,8.59,2.48
1990-05-21 00:00:00+00:00,0.0,0.0,0.0,8.4,2.34
1990-05-21 01:00:00+00:00,0.0,0.0,0.0,8.06,2.21
1990-05-21 02:00:00+00:00,0.0,0.0,0.0,8.1,2.28
1990-05-21 03:00:00+00:00,0.0,0.0,0.0,7.87,2.07
1990-05-21 04:00:00+00:00,1.0,0.0,1.0,7.76,1.86
1990-05-21 05:00:00+00:00,43.0,6.49,42.0,7.71,1.52
1990-05-21 06:00:00+00:00,146.0,82.66,122.0,8.32,1.52
1990-05-21 07:00:00+00:00,250.0,131.4,194.0,8.97,3.17
1990-05-21 08:00:00+00:00,418.0,323.99,239.0,9.81,3.45
1990-05-21 09:00:00+00:00,479.0,260.37,307.0,10.66,3.79
1990-05-21 10:00:00+00:00,173.0,0.0,173.0,11.25,4.07
1990-05-21 11:00:00+00:00,384.0,35.24,356.0,11.8,4.55
1990-05-21 12:00:00+00:00,810.0,787.54,171.0,12.5,4.62
1990-05-21 13:00:00+00:00,186.0,0.0,186.0,13.01,4.62
1990-05-21 14:00:00+00:00,148.0,0.0,148.0,12.91,5.1
1990-05-21 15:00:00+00:00,208.0,1.53,207.0,12.15,5.31
1990-05-21 16:00:00+00:00,311.0,104.62,254.0,11.89,5.03
1990-05-21 17:00:00+00:00,334.0,440.54,150.0,11.59,4.97
1990-05-21 18:00:00+00:00,191.0,280.62,112.0,11.05,4.76
1990-05-21 19:00:00+00:00,52.0,27.46,48.0,10.57,4.07
1990-05-21 20:00:00+00:00,0.0,0.0,0.0,9.9,4.0
1990-05-21 21:00:00+00:00,0.0,0.0,0.0,9.04,3.93
1990-05-21 22:00:00+00:00,0.0,0.0,0.0,8.47,3.93
1990-05-21 23:00:00+00:00,0.0,0.0,0.0,7.77,3.79
1990-05-22 00:00:00+00:00,0.0,0.0,0.0,7.3,3.86
1990-05-22 01:00:00+00:00,0.0,0.0,0.0,6.94,3.79
1990-05-22 02:00:00+00:00,0.0,0.0,0.0,6.89,3.79
1990-05-22 03:00:00+00:00,0.0,0.0,0.0,7.08,4.0
1990-05-22 04:00:00+00:00,2.0,0.0,2.0,7.02,3.79
1990-05-22 05:00:00+00:00,100.0,280.4,56.0,7.22,3.93
1990-05-22 06:00:00+00:00,165.0,129.74,127.0,7.84,4.97
1990-05-22 07:00:00+00:00,259.0,147.0,196.0,8.38,4.9
1990-05-22 08:00:00+00:00,496.0,589.5,169.0,9.36,4.83
1990-05-22 09:00:00+00:00,565.0,472.3,252.0,10.37,4.34
1990-05-22 10:00:00+00:00,404.0,67.09,354.0,11.1,4.34
1990-05-22 11:00:00+00:00,595.0,272.39,378.0,12.08,4.28
1990-05-22 12:00:00+00:00,567.0,204.08,401.0,12.95,4.28
1990-05-22 13:00:00+00:00,627.0,336.09,360.0,13.47,4.28
1990-05-22 14:00:00+00:00,678.0,591.1,240.0,13.98,4.28
1990-05-22 15:00:00+00:00,527.0,382.21,276.0,14.0,4.07
1990-05-22 16:00:00+00:00,495.0,619.35,156.0,14.1,3.66
1990-05-22 17:00:00+00:00,358.0,544.77,129.0,14.01,3.38
1990-05-22 18:00:00+00:00,236.0,562.61,76.0,13.77,2.9
1990-05-22 19:00:00+00:00,99.0,349.67,47.0,13.18,2.07
1990-05-22 20:00:00+00:00,0.0,0.0,0.0,11.94,1.66
1990-05-22 21:00:00+00:00,0.0,0.0,0.0,9.78,1.66
1990-05-22 22:00:00+00:00,0.0,0.0,0.0,7.86,1.66
1990-05-22 23:00:00+00:00,0.0,0.0,0.0,6.52,2.0
1990-05-23 00:00:00+00:00,0.0,0.0,0.0,6.29,2.28
1990-05-23 01:00:00+00:00,0.0,0.0,0.0,6.61,2.34
1990-05-23 02:00:00+00:00,0.0,0.0,0.0,7.26,2.41
1990-05-23 03:00:00+00:00,0.0,0.0,0.0,7.66,2.41
1990-05-23 04:00:00+00:00,4.0,0.0,4.0,8.0,2.34
1990-05-23 05:00:00+00:00,64.0,50.14,56.0,8.96,2.28
1990-05-23 06:00:00+00:00,170.0,148.98,126.0,10.06,2.21
1990-05-23 07:00:00+00:00,128.0,2.32,127.0,11.54,3.79
1990-05-23 08:00:00+00:00,251.0,32.32,233.0,12.78,4.21
1990-05-23 09:00:00+00:00,265.0,12.03,257.0,13.31,4.55
1990-05-23 10:00:00+00:00,208.0,0.0,208.0,13.3,4.55
1990-05-23 11:00:00+00:00,129.0,0.0,129.0,13.06,4.41
1990-05-23 12:00:00+00:00,204.0,0.0,204.0,13.01,4.83
1990-05-23 13:00:00+00:00,136.0,0.0,136.0,12.58,4.83
1990-05-23 14:00:00+00:00,103.0,0.0,103.0,12.5,4.97
1990-05-23 15:00:00+00:00,83.0,0.0,83.0,13.0,5.17
1990-05-23 16:00:00+00:00,501.0,665.7,135.0,13.46,5.31
1990-05-23 17:00:00+00:00,333.0,430.27,151.0,13.36,5.52
1990-05-23 18:00:00+00:00,176.0,198.47,119.0,12.64,5.31
1990-05-23 19:00:00+00:00,103.0,382.38,45.0,11.57,4.76
1990-05-23 20:00:00+00:00,0.0,0.0,0.0,10.47,5.31
1990-05-23 21:00:00+00:00,0.0,0.0,0.0,9.62,5.38
1990-05-23 22:00:00+00:00,0.0,0.0,0.0,8.8,5.45
1990-05-23 23:00:00+00:00,0.0,0.0,0.0,7.97,4.83
1990-05-24 00:00:00+00:00,0.0,0.0,0.0,7.41,4.34
1990-05-24 01:00:00+00:00,0.0,0.0,0.0,6.93,3.86
1990-05-24 02:00:00+00:00,0.0,0.0,0.0,6.59,3.24
1990-05-24 03:00:00+00:00,0.0,0.0,0.0,6.2,2.69
1990-05-24 04:00:00+00:00,2.0,0.0,2.0,5.83,2.62
1990-05-24 05:00:00+00:00,108.0,339.38,53.0,6.19,2.69
1990-05-24 06:00:00+00:00,237.0,493.82,90.0,7.59,2.76
1990-05-24 07:00:00+00:00,383.0,623.51,113.0,9.23,3.52
1990-05-24 08:00:00+00:00,509.0,642.34,150.0,10.65,4.34
1990-05-24 09:00:00+00:00,581.0,526.48,230.0,11.81,4.9
1990-05-24 10:00:00+00:00,624.0,432.53,300.0,12.82,5.24
1990-05-24 11:00:00+00:00,762.0,683.37,215.0,13.54,5.52
1990-05-24 12:00:00+00:00,695.0,455.17,323.0,14.32,5.79
1990-05-24 13:00:00+00:00,474.0,105.2,390.0,15.08,5.66
1990-05-24 14:00:00+00:00,704.0,679.0,198.0,15.56,5.45
1990-05-24 15:00:00+00:00,571.0,512.69,232.0,15.7,5.17
1990-05-24 16:00:00+00:00,394.0,266.21,247.0,15.54,5.03
1990-05-24 17:00:00+00:00,217.0,72.85,186.0,14.95,4.69
1990-05-24 18:00:00+00:00,118.0,31.04,109.0,14.29,4.0
1990-05-24 19:00:00+00:00,43.0,6.47,42.0,13.32,3.52
1990-05-24 20:00:00+00:00,1.0,0.0,1.0,12.64,3.24
1990-05-24 21:00:00+00:00,0.0,0.0,0.0,11.43,3.17
1990-05-24 22:00:00+00:00,0.0,0.0,0.0,10.47,3.24
1990-05-24 23:00:00+00:00,0.0,0.0,0.0,9.8,3.31
1990-05-25 00:00:00+00:00,0.0,0.0,0.0,9.37,3.38
1990-05-25 01:00:00+00:00,0.0,0.0,0.0,9.22,3.31
1990-05-25 02:00:00+00:00,0.0,0.0,0.0,9.15,3.24
1990-05-25 03:00:00+00:00,0.0,0.0,0.0,8.88,3.1
1990-05-25 04:00:00+00:00,2.0,0.0,2.0,8.69,2.97
1990-05-25 05:00:00+00:00,81.0,115.52,62.0,9.09,2.83
1990-05-25 06:00:00+00:00,76.0,0.0,76.0,10.23,2.62
1990-05-25 07:00:00+00:00,221.0,71.24,190.0,11.83,3.24
1990-05-25 08:00:00+00:00,136.0,0.0,136.0,12.82,3.17
1990-05-25 09:00:00+00:00,347.0,62.82,305.0,13.83,3.03
1990-05-25 10:00:00+00:00,432.0,97.22,359.0,15.5,3.03
1990-05-25 11:00:00+00:00,557.0,214.4,385.0,16.63,3.31
1990-05-25 12:00:00+00:00,731.0,555.48,276.0,17.58,3.66
1990-05-25 13:00:00+00:00,531.0,177.42,389.0,18.16,3.59
1990-05-25 14:00:00+00:00,388.0,58.88,344.0,18.45,3.31
1990-05-25 15:00:00+00:00,360.0,78.39,308.0,18.52,3.1
1990-05-25 16:00:00+00:00,293.0,75.74,251.0,18.32,2.9
1990-05-25 17:00:00+00:00,114.0,0.0,114.0,17.73,2.48
1990-05-25 18:00:00+00:00,67.0,0.0,67.0,17.06,2.21
1990-05-25 19:00:00+00:00,52.0,19.06,49.0,14.26,1.93
1990-05-25 20:00:00+00:00,1.0,0.0,1.0,13.23,2.14
1990-05-25 21:00:00+00:00,0.0,0.0,0.0,12.4,2.0
1990-05-25 22:00:00+00:00,0.0,0.0,0.0,11.85,2.07
1990-05-25 23:00:00+00:00,0.0,0.0,0.0,11.33,2.69
1990-05-26 00:00:00+00:00,0.0,0.0,0.0,10.94,3.59
1990-05-26 01:00:00+00:00,0.0,0.0,0.0,10.35,4.41
1990-05-26 02:00:00+00:00,0.0,0.0,0.0,9.69,4.76
1990-05-26 03:00:00+00:00,0.0,0.0,0.0,9.14,4.55
1990-05-26 04:00:00+00:00,3.0,0.0,3.0,8.44,4.14
1990-05-26 05:00:00+00:00,40.0,0.0,40.0,8.0,4.28
1990-05-26 06:00:00+00:00,262.0,622.38,74.0,7.97,4.41
1990-05-26 07:00:00+00:00,381.0,583.38,126.0,8.63,5.45
1990-05-26 08:00:00+00:00,549.0,785.47,107.0,9.39,5.59
1990-05-26 09:00:00+00:00,658.0,780.21,135.0,10.07,5.59
1990-05-26 10:00:00+00:00,714.0,676.31,205.0,10.98,6.07
1990-05-26 11:00:00+00:00,657.0,388.08,345.0,11.35,6.48
1990-05-26 12:00:00+00:00,561.0,190.04,405.0,11.81,6.9
1990-05-26 13:00:00+00:00,659.0,397.66,340.0,11.97,7.24
1990-05-26 14:00:00+00:00,301.0,10.68,293.0,12.02,7.38
1990-05-26 15:00:00+00:00,644.0,748.32,146.0,11.8,7.59
1990-05-26 16:00:00+00:00,494.0,581.91,170.0,11.23,7.79
1990-05-26 17:00:00+00:00,340.0,418.12,160.0,10.8,7.17
1990-05-26 18:00:00+00:00,139.0,60.97,121.0,10.1,6.76
1990-05-26 19:00:00+00:00,79.0,112.38,61.0,9.54,5.93
1990-05-26 20:00:00+00:00,3.0,0.0,3.0,8.84,5.66
1990-05-26 21:00:00+00:00,0.0,0.0,0.0,8.44,5.45
1990-05-26 22:00:00+00:00,0.0,0.0,0.0,7.88,5.86
1990-05-26 23:00:00+00:00,0.0,0.0,0.0,7.55,5.72
1990-05-27 00:00:00+00:00,0.0,0.0,0.0,7.32,5.59
1990-05-27 01:00:00+00:00,0.0,0.0,0.0,7.08,5.45
1990-05-27 02:00:00+00:00,0.0,0.0,0.0,7.15,5.38
1990-05-27 03:00:00+00:00,0.0,0.0,0.0,7.21,5.17
1990-05-27 04:00:00+00:00,9.0,0.0,9.0,7.43,4.9
1990-05-27 05:00:00+00:00,48.0,5.92,47.0,7.93,4.9
1990-05-27 06:00:00+00:00,134.0,42.75,121.0,8.44,4.14
1990-05-27 07:00:00+00:00,371.0,535.3,136.0,8.72,4.14
1990-05-27 08:00:00+00:00,373.0,193.09,264.0,9.16,4.14
1990-05-27 09:00:00+00:00,618.0,632.42,193.0,10.32,5.31
1990-05-27 10:00:00+00:00,451.0,111.37,367.0,11.16,6.55
1990-05-27 11:00:00+00:00,412.0,49.65,372.0,11.73,6.28
1990-05-27 12:00:00+00:00,279.0,2.43,277.0,12.32,5.86
1990-05-27 13:00:00+00:00,276.0,2.49,274.0,13.44,5.79
1990-05-27 14:00:00+00:00,255.0,2.66,253.0,14.17,6.21
1990-05-27 15:00:00+00:00,487.0,272.64,305.0,14.4,6.0
1990-05-27 16:00:00+00:00,267.0,42.93,243.0,14.0,6.41
1990-05-27 17:00:00+00:00,196.0,39.27,179.0,13.83,6.14
1990-05-27 18:00:00+00:00,97.0,6.72,95.0,13.5,5.66
1990-05-27 19:00:00+00:00,67.0,55.26,58.0,12.71,4.48
1990-05-27 20:00:00+00:00,1.0,0.0,1.0,11.94,4.41
1990-05-27 21:00:00+00:00,0.0,0.0,0.0,11.23,4.28
1990-05-27 22:00:00+00:00,0.0,0.0,0.0,10.46,4.07
1990-05-27 23:00:00+00:00,0.0,0.0,0.0,10.12,4.0
1990-05-28 00:00:00+00:00,0.0,0.0,0.0,10.19,3.86
1990-05-28 01:00:00+00:00,0.0,0.0,0.0,10.19,3.66
1990-05-28 02:00:00+00:00,0.0,0.0,0.0,10.28,3.52
1990-05-28 03:00:00+00:00,0.0,0.0,0.0,10.33,3.38
1990-05-28 04:00:00+00:00,4.0,0.0,4.0,10.46,3.24
1990-05-28 05:00:00+00:00,72.0,52.6,63.0,10.7,3.24
1990-05-28 06:00:00+00:00,129.0,35.94,118.0,11.15,3.66
1990-05-28 07:00:00+00:00,187.0,27.22,175.0,11.65,4.14
1990-05-28 08:00:00+00:00,215.0,10.6,209.0,12.21,4.55
1990-05-28 09:00:00+00:00,204.0,0.0,204.0,12.82,5.03
1990-05-28 10:00:00+00:00,250.0,1.32,249.0,13.45,5.03
1990-05-28 11:00:00+00:00,292.0,4.96,288.0,13.91,5.17
1990-05-28 12:00:00+00:00,349.0,15.77,336.0,14.41,5.38
1990-05-28 13:00:00+00:00,494.0,125.36,393.0,14.94,5.45
1990-05-28 14:00:00+00:00,265.0,3.98,262.0,15.65,5.38
1990-05-28 15:00:00+00:00,317.0,38.83,291.0,16.01,5.24
1990-05-28 16:00:00+00:00,262.0,40.99,239.0,15.96,4.83
1990-05-28 17:00:00+00:00,295.0,248.17,187.0,15.72,4.48
1990-05-28 18:00:00+00:00,232.0,462.97,93.0,15.47,3.79
1990-05-28 19:00:00+00:00,117.0,416.98,48.0,15.06,3.38
1990-05-28 20:00:00+00:00,3.0,0.0,3.0,14.35,2.97
1990-05-28 21:00:00+00:00,0.0,0.0,0.0,13.03,2.55
1990-05-28 22:00:00+00:00,0.0,0.0,0.0,12.17,2.34
1990-05-28 23:00:00+00:00,0.0,0.0,0.0,11.45,2.28
1990-05-29 00:00:00+00:00,0.0,0.0,0.0,10.88,2.28
1990-05-29 01:00:00+00:00,0.0,0.0,0.0,10.23,2.21
1990-05-29 02:00:00+00:00,0.0,0.0,0.0,9.8,2.14
1990-05-29 03:00:00+00:00,0.0,0.0,0.0,9.31,2.21
1990-05-29 04:00:00+00:00,6.0,0.0,6.0,9.07,2.21
1990-05-29 05:00:00+00:00,118.0,352.44,57.0,9.56,2.07
1990-05-29 06:00:00+00:00,248.0,509.94,91.0,10.62,2.14
1990-05-29 07:00:00+00:00,331.0,343.5,179.0,12.0,1.93
1990-05-29 08:00:00+00:00,535.0,723.88,124.0,13.46,1.59
1990-05-29 09:00:00+00:00,633.0,679.85,174.0,15.06,1.45
1990-05-29 10:00:00+00:00,735.0,743.41,172.0,16.52,1.72
1990-05-29 11:00:00+00:00,816.0,835.93,140.0,17.75,2.28
1990-05-29 12:00:00+00:00,849.0,875.58,126.0,18.61,2.55
1990-05-29 13:00:00+00:00,814.0,834.85,140.0,19.34,2.69
1990-05-29 14:00:00+00:00,764.0,849.35,123.0,19.88,2.69
1990-05-29 15:00:00+00:00,669.0,825.09,115.0,20.37,2.83
1990-05-29 16:00:00+00:00,537.0,751.03,114.0,20.53,2.9
1990-05-29 17:00:00+00:00,391.0,658.38,103.0,20.38,2.83
1990-05-29 18:00:00+00:00,244.0,522.08,86.0,19.95,2.48
1990-05-29 19:00:00+00:00,113.0,357.11,53.0,19.05,2.55
1990-05-29 20:00:00+00:00,3.0,0.0,3.0,17.84,2.69
1990-05-29 21:00:00+00:00,0.0,0.0,0.0,16.45,3.24
1990-05-29 22:00:00+00:00,0.0,0.0,0.0,15.34,3.66
1990-05-29 23:00:00+00:00,0.0,0.0,0.0,14.8,3.93
1990-05-30 00:00:00+00:00,0.0,0.0,0.0,14.21,4.0
1990-05-30 01:00:00+00:00,0.0,0.0,0.0,13.82,3.86
1990-05-30 02:00:00+00:00,0.0,0.0,0.0,13.2,3.59
1990-05-30 03:00:00+00:00,0.0,0.0,0.0,12.4,3.38
1990-05-30 04:00:00+00:00,11.0,0.0,11.0,11.72,3.03
1990-05-30 05:00:00+00:00,132.0,468.66,50.0,11.46,2.69
1990-05-30 06:00:00+00:00,266.0,610.44,77.0,12.11,2.55
1990-05-30 07:00:00+00:00,419.0,740.81,90.0,13.27,3.1
1990-05-30 08:00:00+00:00,555.0,785.21,108.0,14.5,3.31
1990-05-30 09:00:00+00:00,670.0,804.04,126.0,15.7,3.52
1990-05-30 10:00:00+00:00,758.0,810.56,143.0,16.83,3.86
1990-05-30 11:00:00+00:00,827.0,854.2,135.0,17.68,4.28
1990-05-30 12:00:00+00:00,856.0,883.67,125.0,18.36,4.48
1990-05-30 13:00:00+00:00,829.0,865.36,129.0,18.86,4.55
1990-05-30 14:00:00+00:00,775.0,868.58,118.0,19.18,4.34
1990-05-30 15:00:00+00:00,672.0,822.81,118.0,19.29,4.14
1990-05-30 16:00:00+00:00,525.0,686.42,137.0,19.15,3.86
1990-05-30 17:00:00+00:00,388.0,618.72,116.0,18.74,3.86
1990-05-30 18:00:00+00:00,257.0,586.94,78.0,18.04,3.86
1990-05-30 19:00:00+00:00,121.0,410.6,51.0,16.92,3.79
1990-05-30 20:00:00+00:00,7.0,0.0,7.0,15.54,3.72
1990-05-30 21:00:00+00:00,0.0,0.0,0.0,14.18,3.59
1990-05-30 22:00:00+00:00,0.0,0.0,0.0,13.14,3.31
1990-05-30 23:00:00+00:00,0.0,0.0,0.0,12.27,2.76
1990-05-31 00:00:00+00:00,0.0,0.0,0.0,11.44,2.07
1990-05-31 01:00:00+00:00,0.0,0.0,0.0,10.09,1.45
1990-05-31 02:00:00+00:00,0.0,0.0,0.0,9.21,1.17
1990-05-31 03:00:00+00:00,0.0,0.0,0.0,8.73,1.1
1990-05-31 04:00:00+00:00,11.0,0.0,11.0,8.76,1.03
1990-05-31 05:00:00+00:00,134.0,475.26,50.0,9.22,0.83
1990-05-31 06:00:00+00:00,267.0,604.02,79.0,10.55,0.62
1990-05-31 07:00:00+00:00,420.0,740.55,90.0,13.11,1.17
1990-05-31 08:00:00+00:00,570.0,835.84,93.0,14.75,1.24
1990-05-31 09:00:00+00:00,699.0,890.93,95.0,16.18,1.31
1990-05-31 10:00:00+00:00,799.0,927.55,94.0,17.38,1.93
1990-05-31 11:00:00+00:00,855.0,926.71,103.0,18.23,2.55
1990-05-31 12:00:00+00:00,881.0,944.91,98.0,18.78,2.97
1990-05-31 13:00:00+00:00,813.0,813.14,154.0,19.38,3.24
1990-05-31 14:00:00+00:00,731.0,720.26,185.0,19.48,3.45
1990-05-31 15:00:00+00:00,594.0,542.14,228.0,18.91,3.86
1990-05-31 16:00:00+00:00,548.0,772.2,110.0,17.17,3.51
1990-05-31 17:00:00+00:00,403.0,688.2,99.0,16.76,3.26
1990-05-31 18:00:00+00:00,248.0,514.27,90.0,16.36,3.01
1990-05-31 19:00:00+00:00,100.0,196.68,66.0,15.95,2.75
1990-05-31 20:00:00+00:00,10.0,0.0,10.0,15.54,2.5
1990-05-31 21:00:00+00:00,0.0,0.0,0.0,15.13,2.25
1990-05-31 22:00:00+00:00,0.0,0.0,0.0,14.72,2.0
1990-05-31 23:00:00+00:00,0.0,0.0,0.0,14.31,1.75
1990-06-01 00:00:00+00:00,0.0,0.0,0.0,13.9,1.49
1990-06-01 01:00:00+00:00,0.0,0.0,0.0,13.5,1.24
1990-06-01 02:00:00+00:00,0.0,0.0,0.0,13.09,0.99
1990-06-01 03:00:00+00:00,0.0,0.0,0.0,12.68,0.74
1990-06-01 04:00:00+00:00,15.0,0.0,15.0,12.27,0.49
1990-06-01 05:00:00+00:00,127.0,403.54,55.0,11.86,0.24
1990-06-01 06:00:00+00:00,262.0,575.48,82.0,11.45,-0.02
1990-06-01 07:00:00+00:00,401.0,659.92,106.0,11.04,-0.27
1990-06-01 08:00:00+00:00,545.0,749.99,116.0,16.92,0.21
1990-06-01 09:00:00+00:00,664.0,789.15,128.0,18.35,0.21
1990-06-01 10:00:00+00:00,764.0,831.44,131.0,19.55,0.55
1990-06-01 11:00:00+00:00,820.0,837.89,139.0,20.52,0.69
1990-06-01 12:00:00+00:00,858.0,890.35,119.0,21.21,0.62
1990-06-01 13:00:00+00:00,823.0,848.64,134.0,21.73,0.69
1990-06-01 14:00:00+00:00,777.0,875.41,112.0,21.96,1.03
1990-06-01 15:00:00+00:00,691.0,883.52,93.0,22.0,1.31
1990-06-01 16:00:00+00:00,540.0,746.79,115.0,21.72,1.66
1990-06-01 17:00:00+00:00,396.0,653.47,106.0,21.17,2.0
1990-06-01 18:00:00+00:00,260.0,584.96,79.0,20.2,2.28
1990-06-01 19:00:00+00:00,116.0,325.38,59.0,19.52,2.0
1990-06-01 20:00:00+00:00,12.0,0.0,12.0,17.84,2.28
1990-06-01 21:00:00+00:00,0.0,0.0,0.0,16.06,2.28
1990-06-01 22:00:00+00:00,0.0,0.0,0.0,14.62,2.0
1990-06-01 23:00:00+00:00,0.0,0.0,0.0,13.41,1.66
1990-06-02 00:00:00+00:00,0.0,0.0,0.0,12.24,1.31
1990-06-02 01:00:00+00:00,0.0,0.0,0.0,11.72,1.1
1990-06-02 02:00:00+00:00,0.0,0.0,0.0,11.26,1.1
1990-06-02 03:00:00+00:00,0.0,0.0,0.0,10.84,1.03
1990-06-02 04:00:00+00:00,16.0,0.0,16.0,10.63,1.03
1990-06-02 05:00:00+00:00,106.0,216.68,67.0,10.75,0.83
1990-06-02 06:00:00+00:00,200.0,219.6,131.0,12.39,0.76
1990-06-02 07:00:00+00:00,281.0,178.43,201.0,13.41,0.69
1990-06-02 08:00:00+00:00,358.0,158.75,267.0,14.43,1.17
1990-06-02 09:00:00+00:00,490.0,263.08,311.0,15.42,1.52
1990-06-02 10:00:00+00:00,688.0,590.16,238.0,16.11,1.72
1990-06-02 11:00:00+00:00,782.0,724.84,192.0,16.75,2.0
1990-06-02 12:00:00+00:00,806.0,744.62,187.0,17.04,2.48
1990-06-02 13:00:00+00:00,795.0,768.49,170.0,16.88,2.97
1990-06-02 14:00:00+00:00,605.0,371.8,322.0,16.42,3.45
1990-06-02 15:00:00+00:00,440.0,173.91,322.0,15.58,3.59
1990-06-02 16:00:00+00:00,320.0,99.84,263.0,14.66,3.72
1990-06-02 17:00:00+00:00,241.0,96.46,198.0,13.88,3.86
1990-06-02 18:00:00+00:00,137.0,44.94,123.0,12.77,3.79
1990-06-02 19:00:00+00:00,39.0,0.0,39.0,11.8,3.59
1990-06-02 20:00:00+00:00,2.0,0.0,2.0,11.01,3.45
1990-06-02 21:00:00+00:00,0.0,0.0,0.0,10.56,3.38
1990-06-02 22:00:00+00:00,0.0,0.0,0.0,10.19,3.38
1990-06-02 23:00:00+00:00,0.0,0.0,0.0,9.99,3.38
1990-06-03 00:00:00+00:00,0.0,0.0,0.0,9.83,3.45
1990-06-03 01:00:00+00:00,0.0,0.0,0.0,9.54,3.45
1990-06-03 02:00:00+00:00,0.0,0.0,0.0,9.25,3.59
1990-06-03 03:00:00+00:00,0.0,0.0,0.0,8.91,3.59
1990-06-03 04:00:00+00:00,5.0,0.0,5.0,8.55,3.52
1990-06-03 05:00:00+00:00,25.0,0.0,25.0,8.38,3.38
1990-06-03 06:00:00+00:00,148.0,57.04,130.0,8.43,3.24
1990-06-03 07:00:00+00:00,304.0,231.33,200.0,8.86,2.62
1990-06-03 08:00:00+00:00,473.0,443.95,218.0,9.46,2.62
1990-06-03 09:00:00+00:00,582.0,482.76,253.0,10.0,2.62
1990-06-03 10:00:00+00:00,645.0,449.18,302.0,10.64,2.48
1990-06-03 11:00:00+00:00,691.0,449.01,325.0,11.42,2.21
1990-06-03 12:00:00+00:00,704.0,440.83,337.0,12.18,2.14
1990-06-03 13:00:00+00:00,592.0,249.2,389.0,12.52,2.21
1990-06-03 14:00:00+00:00,600.0,344.86,337.0,12.63,2.48
1990-06-03 15:00:00+00:00,642.0,689.59,173.0,12.3,2.97
1990-06-03 16:00:00+00:00,416.0,281.13,255.0,11.65,3.79
1990-06-03 17:00:00+00:00,366.0,473.56,154.0,10.64,4.28
1990-06-03 18:00:00+00:00,252.0,500.67,95.0,9.84,4.07
1990-06-03 19:00:00+00:00,52.0,5.57,51.0,9.27,3.79
1990-06-03 20:00:00+00:00,2.0,0.0,2.0,8.85,3.66
1990-06-03 21:00:00+00:00,0.0,0.0,0.0,8.36,3.52
1990-06-03 22:00:00+00:00,0.0,0.0,0.0,8.05,3.38
1990-06-03 23:00:00+00:00,0.0,0.0,0.0,7.91,3.31
1990-06-04 00:00:00+00:00,0.0,0.0,0.0,7.77,3.03
1990-06-04 01:00:00+00:00,0.0,0.0,0.0,7.71,2.62
1990-06-04 02:00:00+00:00,0.0,0.0,0.0,7.64,2.28
1990-06-04 03:00:00+00:00,0.0,0.0,0.0,7.48,2.21
1990-06-04 04:00:00+00:00,9.0,0.0,9.0,7.39,2.14
1990-06-04 05:00:00+00:00,38.0,0.0,38.0,7.33,2.14
1990-06-04 06:00:00+00:00,87.0,0.0,87.0,7.31,2.0
1990-06-04 07:00:00+00:00,163.0,8.88,159.0,7.51,1.03
1990-06-04 08:00:00+00:00,131.0,0.0,131.0,7.83,0.97
1990-06-04 09:00:00+00:00,200.0,0.0,200.0,8.14,0.97
1990-06-04 10:00:00+00:00,322.0,14.39,311.0,8.36,1.03
1990-06-04 11:00:00+00:00,274.0,1.23,273.0,8.65,1.1
1990-06-04 12:00:00+00:00,304.0,3.6,301.0,8.89,1.79
1990-06-04 13:00:00+00:00,549.0,178.95,403.0,8.83,2.48
1990-06-04 14:00:00+00:00,750.0,760.44,169.0,8.84,2.69
1990-06-04 15:00:00+00:00,660.0,745.24,152.0,8.71,2.48
1990-06-04 16:00:00+00:00,545.0,727.74,127.0,8.6,2.07
1990-06-04 17:00:00+00:00,309.0,244.71,199.0,8.98,1.59
1990-06-04 18:00:00+00:00,143.0,47.54,128.0,9.35,1.31
1990-06-04 19:00:00+00:00,33.0,0.0,33.0,9.74,1.66
1990-06-04 20:00:00+00:00,2.0,0.0,2.0,9.26,1.66
1990-06-04 21:00:00+00:00,0.0,0.0,0.0,8.57,1.79
1990-06-04 22:00:00+00:00,0.0,0.0,0.0,7.66,1.66
1990-06-04 23:00:00+00:00,0.0,0.0,0.0,6.64,1.38
1990-06-05 00:00:00+00:00,0.0,0.0,0.0,6.66,1.1
1990-06-05 01:00:00+00:00,0.0,0.0,0.0,7.14,0.9
1990-06-05 02:00:00+00:00,0.0,0.0,0.0,7.84,0.07
1990-06-05 03:00:00+00:00,0.0,0.0,0.0,6.46,1.24
1990-06-05 04:00:00+00:00,8.0,0.0,8.0,6.27,2.83
1990-06-05 05:00:00+00:00,28.0,0.0,28.0,6.3,3.72
1990-06-05 06:00:00+00:00,65.0,0.0,65.0,6.07,3.59
1990-06-05 07:00:00+00:00,148.0,2.21,147.0,5.79,3.03
1990-06-05 08:00:00+00:00,301.0,64.19,264.0,5.84,2.9
1990-06-05 09:00:00+00:00,483.0,231.17,325.0,6.02,2.97
1990-06-05 10:00:00+00:00,528.0,201.15,374.0,6.52,2.9
1990-06-05 11:00:00+00:00,729.0,529.86,296.0,7.33,2.9
1990-06-05 12:00:00+00:00,835.0,785.86,179.0,8.28,3.1
1990-06-05 13:00:00+00:00,819.0,795.52,169.0,9.41,3.38
1990-06-05 14:00:00+00:00,797.0,897.61,110.0,9.94,3.31
1990-06-05 15:00:00+00:00,671.0,778.76,139.0,10.09,3.1
1990-06-05 16:00:00+00:00,500.0,531.24,194.0,10.1,2.9
1990-06-05 17:00:00+00:00,369.0,463.13,160.0,9.85,2.83
1990-06-05 18:00:00+00:00,271.0,598.54,81.0,9.27,2.76
1990-06-05 19:00:00+00:00,130.0,392.13,58.0,8.68,2.69
1990-06-05 20:00:00+00:00,16.0,0.0,16.0,7.94,2.34
1990-06-05 21:00:00+00:00,0.0,0.0,0.0,7.09,2.21
1990-06-05 22:00:00+00:00,0.0,0.0,0.0,6.62,2.28
1990-06-05 23:00:00+00:00,0.0,0.0,0.0,6.45,2.41
1990-06-06 00:00:00+00:00,0.0,0.0,0.0,6.07,2.69
1990-06-06 01:00:00+00:00,0.0,0.0,0.0,5.62,2.9
1990-06-06 02:00:00+00:00,0.0,0.0,0.0,5.55,3.1
1990-06-06 03:00:00+00:00,0.0,0.0,0.0,5.69,3.45
1990-06-06 04:00:00+00:00,6.0,0.0,6.0,5.65,3.59
1990-06-06 05:00:00+00:00,140.0,464.34,54.0,6.16,4.14
1990-06-06 06:00:00+00:00,218.0,269.65,132.0,6.78,4.41
1990-06-06 07:00:00+00:00,280.0,156.85,209.0,7.76,5.31
1990-06-06 08:00:00+00:00,475.0,433.05,225.0,8.66,5.66
1990-06-06 09:00:00+00:00,570.0,429.62,276.0,9.31,5.66
1990-06-06 10:00:00+00:00,394.0,50.88,355.0,9.76,5.72
1990-06-06 11:00:00+00:00,710.0,476.7,320.0,9.95,5.38
1990-06-06 12:00:00+00:00,603.0,233.32,408.0,10.68,5.45
1990-06-06 13:00:00+00:00,662.0,367.87,361.0,10.82,5.52
1990-06-06 14:00:00+00:00,302.0,9.13,295.0,10.84,5.72
1990-06-06 15:00:00+00:00,488.0,238.11,325.0,10.7,5.72
1990-06-06 16:00:00+00:00,302.0,65.79,264.0,10.54,5.59
1990-06-06 17:00:00+00:00,240.0,81.68,203.0,10.02,5.72
1990-06-06 18:00:00+00:00,76.0,0.0,76.0,9.48,5.59
1990-06-06 19:00:00+00:00,80.0,53.9,70.0,8.44,5.24
1990-06-06 20:00:00+00:00,15.0,0.0,15.0,7.92,4.69
1990-06-06 21:00:00+00:00,0.0,0.0,0.0,7.43,4.07
1990-06-06 22:00:00+00:00,0.0,0.0,0.0,7.16,3.86
1990-06-06 23:00:00+00:00,0.0,0.0,0.0,7.0,3.79
1990-06-07 00:00:00+00:00,0.0,0.0,0.0,6.94,3.86
1990-06-07 01:00:00+00:00,0.0,0.0,0.0,6.65,3.66
1990-06-07 02:00:00+00:00,0.0,0.0,0.0,6.4,3.52
1990-06-07 03:00:00+00:00,0.0,0.0,0.0,6.31,3.59
1990-06-07 04:00:00+00:00,3.0,0.0,3.0,6.2,3.79
1990-06-07 05:00:00+00:00,19.0,0.0,19.0,6.41,3.93
1990-06-07 06:00:00+00:00,109.0,9.38,106.0,6.84,4.48
1990-06-07 07:00:00+00:00,110.0,0.0,110.0,7.12,4.41
1990-06-07 08:00:00+00:00,232.0,13.84,224.0,7.43,4.41
1990-06-07 09:00:00+00:00,209.0,0.0,209.0,8.01,4.34
1990-06-07 10:00:00+00:00,298.0,7.82,292.0,8.68,4.48
1990-06-07 11:00:00+00:00,424.0,51.28,382.0,9.62,4.76
1990-06-07 12:00:00+00:00,535.0,142.22,416.0,9.99,4.83
1990-06-07 13:00:00+00:00,436.0,59.81,387.0,10.51,4.9
1990-06-07 14:00:00+00:00,540.0,218.8,372.0,10.7,4.83
1990-06-07 15:00:00+00:00,469.0,204.11,329.0,10.69,4.76
1990-06-07 16:00:00+00:00,335.0,107.07,273.0,10.61,4.62
1990-06-07 17:00:00+00:00,234.0,70.39,202.0,10.45,4.41
1990-06-07 18:00:00+00:00,209.0,227.43,136.0,10.13,4.28
1990-06-07 19:00:00+00:00,83.0,64.06,71.0,9.25,3.93
1990-06-07 20:00:00+00:00,11.0,0.0,11.0,8.73,3.24
1990-06-07 21:00:00+00:00,0.0,0.0,0.0,8.09,2.9
1990-06-07 22:00:00+00:00,0.0,0.0,0.0,7.46,2.62
1990-06-07 23:00:00+00:00,0.0,0.0,0.0,7.04,2.41
1990-06-08 00:00:00+00:00,0.0,0.0,0.0,6.51,2.28
1990-06-08 01:00:00+00:00,0.0,0.0,0.0,6.02,2.21
1990-06-08 02:00:00+00:00,0.0,0.0,0.0,5.66,2.28
1990-06-08 03:00:00+00:00,0.0,0.0,0.0,5.55,2.41
1990-06-08 04:00:00+00:00,4.0,0.0,4.0,5.58,2.41
1990-06-08 05:00:00+00:00,121.0,272.45,70.0,6.13,2.34
1990-06-08 06:00:00+00:00,233.0,333.65,126.0,7.14,3.52
1990-06-08 07:00:00+00:00,320.0,264.16,200.0,7.65,3.52
1990-06-08 08:00:00+00:00,471.0,414.65,231.0,8.47,3.52
1990-06-08 09:00:00+00:00,514.0,290.17,315.0,9.03,3.45
1990-06-08 10:00:00+00:00,627.0,388.01,329.0,9.66,3.38
1990-06-08 11:00:00+00:00,746.0,566.0,282.0,10.12,3.38
1990-06-08 12:00:00+00:00,716.0,447.7,341.0,10.46,3.31
1990-06-08 13:00:00+00:00,685.0,415.71,344.0,10.67,2.97
1990-06-08 14:00:00+00:00,660.0,466.85,301.0,11.16,2.62
1990-06-08 15:00:00+00:00,662.0,724.69,164.0,11.52,2.62
1990-06-08 16:00:00+00:00,543.0,682.19,147.0,11.46,2.83
1990-06-08 17:00:00+00:00,426.0,716.88,99.0,11.13,2.83
1990-06-08 18:00:00+00:00,276.0,601.3,82.0,10.81,2.83
1990-06-08 19:00:00+00:00,141.0,454.87,55.0,9.99,3.24
1990-06-08 20:00:00+00:00,19.0,0.0,19.0,9.29,2.83
1990-06-08 21:00:00+00:00,0.0,0.0,0.0,8.44,2.62
1990-06-08 22:00:00+00:00,0.0,0.0,0.0,7.84,2.28
1990-06-08 23:00:00+00:00,0.0,0.0,0.0,7.26,2.07
1990-06-09 00:00:00+00:00,0.0,0.0,0.0,6.66,1.93
1990-06-09 01:00:00+00:00,0.0,0.0,0.0,5.76,1.86
1990-06-09 02:00:00+00:00,0.0,0.0,0.0,4.99,2.0
1990-06-09 03:00:00+00:00,0.0,0.0,0.0,4.49,2.28
1990-06-09 04:00:00+00:00,4.0,0.0,4.0,4.59,2.48
1990-06-09 05:00:00+00:00,112.0,202.11,74.0,5.74,2.41
1990-06-09 06:00:00+00:00,206.0,208.45,139.0,7.3,2.83
1990-06-09 07:00:00+00:00,346.0,351.7,186.0,8.2,3.86
1990-06-09 08:00:00+00:00,323.0,88.02,272.0,9.0,3.93
1990-06-09 09:00:00+00:00,391.0,90.32,329.0,9.61,3.79
1990-06-09 10:00:00+00:00,414.0,65.05,364.0,10.12,3.72
1990-06-09 11:00:00+00:00,645.0,331.5,373.0,10.51,3.66
1990-06-09 12:00:00+00:00,742.0,510.47,314.0,10.68,3.59
1990-06-09 13:00:00+00:00,637.0,315.38,378.0,10.79,3.24
1990-06-09 14:00:00+00:00,659.0,464.9,301.0,11.01,2.69
1990-06-09 15:00:00+00:00,658.0,708.88,170.0,11.12,2.28
1990-06-09 16:00:00+00:00,491.0,481.23,211.0,11.21,2.07
1990-06-09 17:00:00+00:00,269.0,126.74,211.0,11.2,2.0
1990-06-09 18:00:00+00:00,189.0,148.05,141.0,11.06,2.07
1990-06-09 19:00:00+00:00,13.0,0.0,13.0,10.25,2.48
1990-06-09 20:00:00+00:00,10.0,0.0,10.0,9.67,2.14
1990-06-09 21:00:00+00:00,0.0,0.0,0.0,9.01,1.72
1990-06-09 22:00:00+00:00,0.0,0.0,0.0,8.35,1.38
1990-06-09 23:00:00+00:00,0.0,0.0,0.0,7.35,1.1
1990-06-10 00:00:00+00:00,0.0,0.0,0.0,7.31,0.9
1990-06-10 01:00:00+00:00,0.0,0.0,0.0,7.28,0.9
1990-06-10 02:00:00+00:00,0.0,0.0,0.0,7.16,0.9
1990-06-10 03:00:00+00:00,0.0,0.0,0.0,6.91,0.97
1990-06-10 04:00:00+00:00,3.0,0.0,3.0,6.74,1.03
1990-06-10 05:00:00+00:00,43.0,0.0,43.0,7.26,1.03
1990-06-10 06:00:00+00:00,102.0,3.11,101.0,8.67,1.38
1990-06-10 07:00:00+00:00,123.0,0.0,123.0,9.52,1.79
1990-06-10 08:00:00+00:00,264.0,31.04,246.0,10.26,1.93
1990-06-10 09:00:00+00:00,476.0,216.89,327.0,11.07,1.79
1990-06-10 10:00:00+00:00,424.0,74.1,367.0,11.98,1.79
1990-06-10 11:00:00+00:00,603.0,256.95,392.0,12.81,2.0
1990-06-10 12:00:00+00:00,720.0,463.53,331.0,13.16,2.28
1990-06-10 13:00:00+00:00,436.0,59.6,387.0,13.03,2.55
1990-06-10 14:00:00+00:00,222.0,0.0,222.0,12.39,2.97
1990-06-10 15:00:00+00:00,512.0,285.69,315.0,12.24,2.9
1990-06-10 16:00:00+00:00,174.0,0.0,174.0,11.3,2.34
1990-06-10 17:00:00+00:00,138.0,2.18,137.0,11.39,1.59
1990-06-10 18:00:00+00:00,210.0,221.06,138.0,11.18,0.9
1990-06-10 19:00:00+00:00,77.0,36.41,70.0,10.5,2.07
1990-06-10 20:00:00+00:00,3.0,0.0,3.0,10.02,2.07
1990-06-10 21:00:00+00:00,0.0,0.0,0.0,9.47,1.93
1990-06-10 22:00:00+00:00,0.0,0.0,0.0,9.0,1.72
1990-06-10 23:00:00+00:00,0.0,0.0,0.0,8.34,1.38
1990-06-11 00:00:00+00:00,0.0,0.0,0.0,7.67,1.17
1990-06-11 01:00:00+00:00,0.0,0.0,0.0,6.65,1.24
1990-06-11 02:00:00+00:00,0.0,0.0,0.0,5.78,1.38
1990-06-11 03:00:00+00:00,0.0,0.0,0.0,5.36,1.72
1990-06-11 04:00:00+00:00,6.0,0.0,6.0,4.96,1.79
1990-06-11 05:00:00+00:00,12.0,0.0,12.0,5.8,2.0
1990-06-11 06:00:00+00:00,77.0,0.0,77.0,7.3,2.62
1990-06-11 07:00:00+00:00,103.0,0.0,103.0,8.48,2.83
1990-06-11 08:00:00+00:00,187.0,1.72,186.0,8.97,2.62
1990-06-11 09:00:00+00:00,261.0,7.27,256.0,9.68,2.48
1990-06-11 10:00:00+00:00,413.0,64.96,363.0,10.32,2.34
1990-06-11 11:00:00+00:00,476.0,91.27,401.0,11.05,2.14
1990-06-11 12:00:00+00:00,563.0,175.02,416.0,11.63,2.0
1990-06-11 13:00:00+00:00,276.0,1.22,275.0,12.28,2.0
1990-06-11 14:00:00+00:00,780.0,836.76,134.0,12.95,2.14
1990-06-11 15:00:00+00:00,603.0,518.36,245.0,13.57,2.62
1990-06-11 16:00:00+00:00,445.0,332.0,251.0,13.85,3.45
1990-06-11 17:00:00+00:00,350.0,358.43,185.0,13.74,4.28
1990-06-11 18:00:00+00:00,155.0,58.08,136.0,13.28,4.62
1990-06-11 19:00:00+00:00,31.0,0.0,31.0,12.52,3.72
1990-06-11 20:00:00+00:00,3.0,0.0,3.0,11.63,2.97
1990-06-11 21:00:00+00:00,0.0,0.0,0.0,10.69,2.41
1990-06-11 22:00:00+00:00,0.0,0.0,0.0,9.57,2.48
1990-06-11 23:00:00+00:00,0.0,0.0,0.0,8.66,2.55
1990-06-12 00:00:00+00:00,0.0,0.0,0.0,7.86,2.48
1990-06-12 01:00:00+00:00,0.0,0.0,0.0,6.88,2.07
1990-06-12 02:00:00+00:00,0.0,0.0,0.0,5.59,1.79
1990-06-12 03:00:00+00:00,0.0,0.0,0.0,4.83,1.66
1990-06-12 04:00:00+00:00,20.0,0.0,20.0,4.41,1.66
1990-06-12 05:00:00+00:00,150.0,521.35,51.0,5.1,1.38
1990-06-12 06:00:00+00:00,280.0,612.93,82.0,7.81,1.03
1990-06-12 07:00:00+00:00,426.0,712.15,101.0,9.21,0.9
1990-06-12 08:00:00+00:00,567.0,778.25,115.0,10.14,0.83
1990-06-12 09:00:00+00:00,688.0,814.15,128.0,11.09,0.83
1990-06-12 10:00:00+00:00,784.0,845.23,133.0,12.03,0.97
1990-06-12 11:00:00+00:00,851.0,874.4,132.0,13.02,0.97
1990-06-12 12:00:00+00:00,863.0,854.23,145.0,14.16,0.83
1990-06-12 13:00:00+00:00,672.0,377.57,361.0,15.04,0.97
1990-06-12 14:00:00+00:00,774.0,799.58,156.0,15.6,1.66
1990-06-12 15:00:00+00:00,526.0,306.51,314.0,15.96,2.28
1990-06-12 16:00:00+00:00,409.0,232.29,273.0,15.4,3.45
1990-06-12 17:00:00+00:00,387.0,500.45,156.0,14.75,4.0
1990-06-12 18:00:00+00:00,264.0,478.02,107.0,14.11,4.0
1990-06-12 19:00:00+00:00,147.0,466.4,56.0,13.42,3.66
1990-06-12 20:00:00+00:00,3.0,0.0,3.0,12.52,3.24
1990-06-12 21:00:00+00:00,0.0,0.0,0.0,11.76,2.76
1990-06-12 22:00:00+00:00,0.0,0.0,0.0,11.16,2.69
1990-06-12 23:00:00+00:00,0.0,0.0,0.0,10.49,2.62
1990-06-13 00:00:00+00:00,0.0,0.0,0.0,10.17,2.34
1990-06-13 01:00:00+00:00,0.0,0.0,0.0,9.67,2.14
1990-06-13 02:00:00+00:00,0.0,0.0,0.0,9.64,1.79
1990-06-13 03:00:00+00:00,0.0,0.0,0.0,9.21,1.66
1990-06-13 04:00:00+00:00,5.0,0.0,5.0,9.44,1.45
1990-06-13 05:00:00+00:00,126.0,304.77,68.0,9.78,1.31
1990-06-13 06:00:00+00:00,171.0,98.96,139.0,10.61,1.24
1990-06-13 07:00:00+00:00,331.0,304.38,192.0,11.75,1.52
1990-06-13 08:00:00+00:00,224.0,10.33,218.0,13.07,1.93
1990-06-13 09:00:00+00:00,338.0,45.05,307.0,13.95,1.52
1990-06-13 10:00:00+00:00,484.0,141.45,375.0,14.45,1.24
1990-06-13 11:00:00+00:00,510.0,128.84,404.0,14.29,1.38
1990-06-13 12:00:00+00:00,230.0,0.0,230.0,15.37,1.31
1990-06-13 13:00:00+00:00,157.0,0.0,157.0,15.9,1.17
1990-06-13 14:00:00+00:00,297.0,7.75,291.0,16.55,0.76
1990-06-13 15:00:00+00:00,154.0,0.0,154.0,16.48,0.28
1990-06-13 16:00:00+00:00,117.0,0.0,117.0,15.09,0.21
1990-06-13 17:00:00+00:00,37.0,0.0,37.0,14.47,1.45
1990-06-13 18:00:00+00:00,48.0,0.0,48.0,14.27,1.66
1990-06-13 19:00:00+00:00,113.0,183.3,77.0,14.24,1.72
1990-06-13 20:00:00+00:00,7.0,0.0,7.0,13.61,1.66
1990-06-13 21:00:00+00:00,0.0,0.0,0.0,12.57,2.07
1990-06-13 22:00:00+00:00,0.0,0.0,0.0,11.63,2.21
1990-06-13 23:00:00+00:00,0.0,0.0,0.0,11.11,2.14
1990-06-14 00:00:00+00:00,0.0,0.0,0.0,10.3,2.0
1990-06-14 01:00:00+00:00,0.0,0.0,0.0,9.67,2.07
1990-06-14 02:00:00+00:00,0.0,0.0,0.0,9.2,2.07
1990-06-14 03:00:00+00:00,0.0,0.0,0.0,8.87,2.07
1990-06-14 04:00:00+00:00,20.0,0.0,20.0,9.0,2.07
1990-06-14 05:00:00+00:00,129.0,335.74,65.0,9.66,1.93
1990-06-14 06:00:00+00:00,247.0,420.24,111.0,10.9,2.69
1990-06-14 07:00:00+00:00,432.0,755.14,87.0,12.08,2.69
1990-06-14 08:00:00+00:00,374.0,177.2,271.0,13.19,2.41
1990-06-14 09:00:00+00:00,399.0,103.14,328.0,14.19,2.0
1990-06-14 10:00:00+00:00,447.0,98.59,371.0,14.99,1.66
1990-06-14 11:00:00+00:00,725.0,527.26,291.0,15.75,1.38
1990-06-14 12:00:00+00:00,604.0,241.21,401.0,16.16,1.31
1990-06-14 13:00:00+00:00,296.0,3.64,293.0,15.34,0.55
1990-06-14 14:00:00+00:00,89.0,0.0,89.0,15.65,0.76
1990-06-14 15:00:00+00:00,86.0,0.0,86.0,16.05,1.24
1990-06-14 16:00:00+00:00,117.0,0.0,117.0,15.32,1.79
1990-06-14 17:00:00+00:00,37.0,0.0,37.0,13.71,2.14
1990-06-14 18:00:00+00:00,75.0,0.0,75.0,13.43,1.31
1990-06-14 19:00:00+00:00,48.0,0.0,48.0,13.13,1.1
1990-06-14 20:00:00+00:00,22.0,0.0,22.0,12.67,1.45
1990-06-14 21:00:00+00:00,0.0,0.0,0.0,11.85,1.59
1990-06-14 22:00:00+00:00,0.0,0.0,0.0,11.07,1.86
1990-06-14 23:00:00+00:00,0.0,0.0,0.0,10.44,2.0
1990-06-15 00:00:00+00:00,0.0,0.0,0.0,10.11,2.21
1990-06-15 01:00:00+00:00,0.0,0.0,0.0,10.15,1.93
1990-06-15 02:00:00+00:00,0.0,0.0,0.0,10.29,1.66
1990-06-15 03:00:00+00:00,0.0,0.0,0.0,10.38,1.66
1990-06-15 04:00:00+00:00,6.0,0.0,6.0,10.28,1.66
1990-06-15 05:00:00+00:00,46.0,0.0,46.0,10.41,2.0
1990-06-15 06:00:00+00:00,79.0,0.0,79.0,10.67,1.93
1990-06-15 07:00:00+00:00,118.0,0.0,118.0,11.37,1.66
1990-06-15 08:00:00+00:00,205.0,5.16,202.0,12.01,1.59
1990-06-15 09:00:00+00:00,287.0,17.43,275.0,12.6,2.07
1990-06-15 10:00:00+00:00,442.0,94.67,369.0,13.1,2.41
1990-06-15 11:00:00+00:00,591.0,245.31,389.0,13.35,3.03
1990-06-15 12:00:00+00:00,183.0,0.0,183.0,14.03,3.1
1990-06-15 13:00:00+00:00,188.0,0.0,188.0,13.67,3.24
1990-06-15 14:00:00+00:00,199.0,0.0,199.0,13.54,3.31
1990-06-15 15:00:00+00:00,223.0,1.44,222.0,13.52,3.52
1990-06-15 16:00:00+00:00,177.0,0.0,177.0,13.45,3.38
1990-06-15 17:00:00+00:00,201.0,30.12,187.0,13.11,3.17
1990-06-15 18:00:00+00:00,168.0,84.36,140.0,12.48,3.31
1990-06-15 19:00:00+00:00,24.0,0.0,24.0,11.52,3.45
1990-06-15 20:00:00+00:00,4.0,0.0,4.0,11.25,3.24
1990-06-15 21:00:00+00:00,0.0,0.0,0.0,10.5,3.03
1990-06-15 22:00:00+00:00,0.0,0.0,0.0,10.38,2.9
1990-06-15 23:00:00+00:00,0.0,0.0,0.0,10.39,2.55
1990-06-16 00:00:00+00:00,0.0,0.0,0.0,10.39,2.34
1990-06-16 01:00:00+00:00,0.0,0.0,0.0,10.25,2.28
1990-06-16 02:00:00+00:00,0.0,0.0,0.0,10.2,2.21
1990-06-16 03:00:00+00:00,0.0,0.0,0.0,10.12,2.21
1990-06-16 04:00:00+00:00,6.0,0.0,6.0,10.04,2.28
1990-06-16 05:00:00+00:00,35.0,0.0,35.0,10.33,2.41
1990-06-16 06:00:00+00:00,70.0,0.0,70.0,10.78,2.76
1990-06-16 07:00:00+00:00,129.0,0.0,129.0,10.72,2.14
1990-06-16 08:00:00+00:00,0.0,0.0,0.0,11.54,2.14
1990-06-16 09:00:00+00:00,451.0,177.17,329.0,12.71,2.28
1990-06-16 10:00:00+00:00,0.0,0.0,0.0,13.86,2.48
1990-06-16 11:00:00+00:00,599.0,253.74,390.0,14.85,2.62
1990-06-16 12:00:00+00:00,295.0,2.37,293.0,15.79,2.76
1990-06-16 13:00:00+00:00,211.0,0.0,211.0,16.34,2.62
1990-06-16 14:00:00+00:00,554.0,242.34,366.0,16.36,2.14
1990-06-16 15:00:00+00:00,280.0,12.95,271.0,16.03,1.86
1990-06-16 16:00:00+00:00,275.0,37.33,253.0,16.12,1.93
1990-06-16 17:00:00+00:00,405.0,592.55,129.0,16.22,2.0
1990-06-16 18:00:00+00:00,146.0,42.05,132.0,16.37,2.21
1990-06-16 19:00:00+00:00,55.0,5.01,54.0,15.93,2.55
1990-06-16 20:00:00+00:00,23.0,26.56,21.0,15.02,2.9
1990-06-16 21:00:00+00:00,0.0,0.0,0.0,14.08,3.17
1990-06-16 22:00:00+00:00,0.0,0.0,0.0,13.37,3.38
1990-06-16 23:00:00+00:00,0.0,0.0,0.0,12.97,3.72
1990-06-17 00:00:00+00:00,0.0,0.0,0.0,12.84,4.0
1990-06-17 01:00:00+00:00,0.0,0.0,0.0,12.83,4.34
1990-06-17 02:00:00+00:00,0.0,0.0,0.0,12.62,4.62
1990-06-17 03:00:00+00:00,0.0,0.0,0.0,12.32,4.97
1990-06-17 04:00:00+00:00,3.0,0.0,3.0,12.22,5.24
1990-06-17 05:00:00+00:00,15.0,0.0,15.0,12.29,5.38
1990-06-17 06:00:00+00:00,24.0,0.0,24.0,12.34,5.79
1990-06-17 07:00:00+00:00,63.0,0.0,63.0,11.86,5.79
1990-06-17 08:00:00+00:00,79.0,0.0,79.0,11.83,6.34
1990-06-17 09:00:00+00:00,99.0,0.0,99.0,11.94,6.76
1990-06-17 10:00:00+00:00,134.0,0.0,134.0,12.11,6.97
1990-06-17 11:00:00+00:00,148.0,0.0,148.0,12.31,7.03
1990-06-17 12:00:00+00:00,139.0,0.0,139.0,12.4,6.97
1990-06-17 13:00:00+00:00,331.0,10.89,322.0,12.5,6.9
1990-06-17 14:00:00+00:00,381.0,43.8,347.0,12.51,5.72
1990-06-17 15:00:00+00:00,577.0,451.34,263.0,12.2,4.97
1990-06-17 16:00:00+00:00,503.0,523.67,194.0,12.26,4.97
1990-06-17 17:00:00+00:00,411.0,630.05,117.0,12.69,5.72
1990-06-17 18:00:00+00:00,242.0,353.51,124.0,12.63,6.28
1990-06-17 19:00:00+00:00,133.0,314.02,70.0,11.72,6.62
1990-06-17 20:00:00+00:00,40.0,223.13,23.0,10.92,6.55
1990-06-17 21:00:00+00:00,0.0,0.0,0.0,10.12,5.79
1990-06-17 22:00:00+00:00,0.0,0.0,0.0,9.5,5.72
1990-06-17 23:00:00+00:00,0.0,0.0,0.0,9.22,5.66
1990-06-18 00:00:00+00:00,0.0,0.0,0.0,9.02,5.59
1990-06-18 01:00:00+00:00,0.0,0.0,0.0,9.02,5.59
1990-06-18 02:00:00+00:00,0.0,0.0,0.0,8.88,5.45
1990-06-18 03:00:00+00:00,0.0,0.0,0.0,8.84,5.38
1990-06-18 04:00:00+00:00,21.0,0.0,21.0,8.79,5.45
1990-06-18 05:00:00+00:00,133.0,361.5,64.0,9.18,5.59
1990-06-18 06:00:00+00:00,193.0,160.66,141.0,9.75,5.03
1990-06-18 07:00:00+00:00,308.0,225.47,205.0,10.88,7.93
1990-06-18 08:00:00+00:00,364.0,153.11,275.0,11.28,8.07
1990-06-18 09:00:00+00:00,448.0,168.47,332.0,12.3,7.52
1990-06-18 10:00:00+00:00,500.0,158.17,378.0,13.15,7.45
1990-06-18 11:00:00+00:00,626.0,294.91,383.0,13.78,7.31
1990-06-18 12:00:00+00:00,836.0,779.44,179.0,13.81,7.72
1990-06-18 13:00:00+00:00,606.0,257.61,393.0,14.06,7.66
1990-06-18 14:00:00+00:00,376.0,37.33,347.0,13.45,7.79
1990-06-18 15:00:00+00:00,684.0,789.89,134.0,13.15,7.72
1990-06-18 16:00:00+00:00,508.0,517.97,202.0,12.99,7.66
1990-06-18 17:00:00+00:00,366.0,400.09,179.0,12.58,7.59
1990-06-18 18:00:00+00:00,253.0,391.5,122.0,12.06,7.24
1990-06-18 19:00:00+00:00,134.0,302.81,73.0,11.18,6.69
1990-06-18 20:00:00+00:00,13.0,0.0,13.0,10.57,7.31
1990-06-18 21:00:00+00:00,0.0,0.0,0.0,9.9,6.69
1990-06-18 22:00:00+00:00,0.0,0.0,0.0,9.59,6.97
1990-06-18 23:00:00+00:00,0.0,0.0,0.0,9.3,7.1
1990-06-19 00:00:00+00:00,0.0,0.0,0.0,9.1,7.31
1990-06-19 01:00:00+00:00,0.0,0.0,0.0,9.04,7.38
1990-06-19 02:00:00+00:00,0.0,0.0,0.0,8.87,7.24
1990-06-19 03:00:00+00:00,0.0,0.0,0.0,8.76,6.83
1990-06-19 04:00:00+00:00,20.0,0.0,20.0,8.74,6.48
1990-06-19 05:00:00+00:00,136.0,388.08,62.0,9.02,6.14
1990-06-19 06:00:00+00:00,245.0,395.75,117.0,9.59,6.69
1990-06-19 07:00:00+00:00,413.0,661.42,111.0,10.54,7.17
1990-06-19 08:00:00+00:00,387.0,197.91,272.0,11.59,6.69
1990-06-19 09:00:00+00:00,472.0,209.18,328.0,12.62,7.17
1990-06-19 10:00:00+00:00,611.0,355.25,337.0,13.12,7.03
1990-06-19 11:00:00+00:00,445.0,65.53,391.0,13.63,6.69
1990-06-19 12:00:00+00:00,325.0,7.12,319.0,14.11,6.83
1990-06-19 13:00:00+00:00,602.0,250.27,395.0,14.66,6.83
1990-06-19 14:00:00+00:00,447.0,92.64,375.0,14.46,7.31
1990-06-19 15:00:00+00:00,334.0,38.75,307.0,13.78,7.24
1990-06-19 16:00:00+00:00,406.0,223.21,274.0,13.47,7.1
1990-06-19 17:00:00+00:00,422.0,653.73,116.0,12.93,7.1
1990-06-19 18:00:00+00:00,188.0,125.25,146.0,12.44,6.97
1990-06-19 19:00:00+00:00,121.0,207.74,79.0,11.96,6.34
1990-06-19 20:00:00+00:00,28.0,51.49,24.0,11.41,6.07
1990-06-19 21:00:00+00:00,0.0,0.0,0.0,10.7,5.45
1990-06-19 22:00:00+00:00,0.0,0.0,0.0,10.11,5.17
1990-06-19 23:00:00+00:00,0.0,0.0,0.0,9.53,4.48
1990-06-20 00:00:00+00:00,0.0,0.0,0.0,9.1,4.28
1990-06-20 01:00:00+00:00,0.0,0.0,0.0,9.02,4.0
1990-06-20 02:00:00+00:00,0.0,0.0,0.0,9.07,3.72
1990-06-20 03:00:00+00:00,0.0,0.0,0.0,9.05,3.52
1990-06-20 04:00:00+00:00,3.0,0.0,3.0,8.82,3.45
1990-06-20 05:00:00+00:00,112.0,194.33,75.0,9.16,3.45
1990-06-20 06:00:00+00:00,60.0,0.0,60.0,9.91,4.07
1990-06-20 07:00:00+00:00,141.0,2.19,140.0,10.66,3.38
1990-06-20 08:00:00+00:00,321.0,89.53,269.0,11.77,3.93
1990-06-20 09:00:00+00:00,338.0,45.04,307.0,12.75,4.0
1990-06-20 10:00:00+00:00,220.0,0.0,220.0,13.63,3.79
1990-06-20 11:00:00+00:00,531.0,154.12,404.0,14.16,3.59
1990-06-20 12:00:00+00:00,410.0,37.95,378.0,14.69,3.86
1990-06-20 13:00:00+00:00,111.0,0.0,111.0,15.21,4.14
1990-06-20 14:00:00+00:00,476.0,126.03,378.0,15.64,4.14
1990-06-20 15:00:00+00:00,563.0,400.12,284.0,15.87,4.21
1990-06-20 16:00:00+00:00,443.0,319.3,254.0,15.88,4.0
1990-06-20 17:00:00+00:00,239.0,70.41,206.0,15.61,3.72
1990-06-20 18:00:00+00:00,159.0,59.53,139.0,15.26,3.38
1990-06-20 19:00:00+00:00,34.0,0.0,34.0,14.2,2.97
1990-06-20 20:00:00+00:00,4.0,0.0,4.0,13.54,2.9
1990-06-20 21:00:00+00:00,0.0,0.0,0.0,12.9,2.97
1990-06-20 22:00:00+00:00,0.0,0.0,0.0,12.25,3.03
1990-06-20 23:00:00+00:00,0.0,0.0,0.0,11.68,3.03
1990-06-21 00:00:00+00:00,0.0,0.0,0.0,10.99,2.97
1990-06-21 01:00:00+00:00,0.0,0.0,0.0,10.5,2.9
1990-06-21 02:00:00+00:00,0.0,0.0,0.0,10.25,2.97
1990-06-21 03:00:00+00:00,0.0,0.0,0.0,10.09,2.97
1990-06-21 04:00:00+00:00,19.0,0.0,19.0,9.87,2.83
1990-06-21 05:00:00+00:00,118.0,247.35,71.0,9.99,2.55
1990-06-21 06:00:00+00:00,264.0,536.08,91.0,10.45,2.55
1990-06-21 07:00:00+00:00,393.0,581.29,128.0,11.0,1.93
1990-06-21 08:00:00+00:00,531.0,668.45,143.0,11.92,1.38
1990-06-21 09:00:00+00:00,595.0,524.78,234.0,12.58,0.83
1990-06-21 10:00:00+00:00,695.0,591.47,239.0,12.99,0.62
1990-06-21 11:00:00+00:00,663.0,382.31,348.0,13.96,0.9
1990-06-21 12:00:00+00:00,650.0,323.76,377.0,14.33,1.03
1990-06-21 13:00:00+00:00,504.0,122.05,403.0,15.02,1.38
1990-06-21 14:00:00+00:00,457.0,106.7,374.0,15.42,1.66
1990-06-21 15:00:00+00:00,364.0,63.07,320.0,15.51,1.93
1990-06-21 16:00:00+00:00,314.0,75.96,269.0,15.48,2.07
1990-06-21 17:00:00+00:00,242.0,74.59,207.0,15.35,2.28
1990-06-21 18:00:00+00:00,150.0,44.58,135.0,14.99,2.41
1990-06-21 19:00:00+00:00,103.0,113.11,80.0,14.06,2.62
1990-06-21 20:00:00+00:00,6.0,0.0,6.0,13.71,2.62
1990-06-21 21:00:00+00:00,0.0,0.0,0.0,13.19,2.55
1990-06-21 22:00:00+00:00,0.0,0.0,0.0,12.78,2.62
1990-06-21 23:00:00+00:00,0.0,0.0,0.0,12.57,2.41
1990-06-22 00:00:00+00:00,0.0,0.0,0.0,12.35,2.83
1990-06-22 01:00:00+00:00,0.0,0.0,0.0,12.04,3.31
1990-06-22 02:00:00+00:00,0.0,0.0,0.0,12.0,3.52
1990-06-22 03:00:00+00:00,0.0,0.0,0.0,12.0,3.52
1990-06-22 04:00:00+00:00,5.0,0.0,5.0,12.05,3.72
1990-06-22 05:00:00+00:00,54.0,5.28,53.0,12.28,3.72
1990-06-22 06:00:00+00:00,149.0,58.97,130.0,12.72,4.34
1990-06-22 07:00:00+00:00,256.0,118.58,202.0,13.65,4.48
1990-06-22 08:00:00+00:00,299.0,68.96,259.0,14.52,4.62
1990-06-22 09:00:00+00:00,235.0,2.91,233.0,15.3,4.34
1990-06-22 10:00:00+00:00,240.0,1.3,239.0,16.06,3.86
1990-06-22 11:00:00+00:00,290.0,3.64,287.0,16.21,3.93
1990-06-22 12:00:00+00:00,436.0,56.93,388.0,16.84,3.86
1990-06-22 13:00:00+00:00,609.0,282.74,375.0,17.12,4.0
1990-06-22 14:00:00+00:00,609.0,365.0,325.0,17.6,4.28
1990-06-22 15:00:00+00:00,661.0,750.74,137.0,17.98,4.34
1990-06-22 16:00:00+00:00,362.0,150.14,273.0,17.89,4.41
1990-06-22 17:00:00+00:00,231.0,63.88,201.0,17.74,4.21
1990-06-22 18:00:00+00:00,100.0,2.97,99.0,17.54,3.86
1990-06-22 19:00:00+00:00,54.0,4.91,53.0,17.28,3.72
1990-06-22 20:00:00+00:00,20.0,12.63,19.0,16.35,3.66
1990-06-22 21:00:00+00:00,0.0,0.0,0.0,15.32,3.31
1990-06-22 22:00:00+00:00,0.0,0.0,0.0,14.46,3.24
1990-06-22 23:00:00+00:00,0.0,0.0,0.0,13.74,3.1
1990-06-23 00:00:00+00:00,0.0,0.0,0.0,13.3,2.97
1990-06-23 01:00:00+00:00,0.0,0.0,0.0,12.97,2.76
1990-06-23 02:00:00+00:00,0.0,0.0,0.0,12.49,2.55
1990-06-23 03:00:00+00:00,0.0,0.0,0.0,12.24,2.34
1990-06-23 04:00:00+00:00,21.0,0.0,21.0,11.9,2.28
1990-06-23 05:00:00+00:00,107.0,174.65,74.0,12.11,2.21
1990-06-23 06:00:00+00:00,245.0,432.18,106.0,12.82,2.34
1990-06-23 07:00:00+00:00,344.0,371.57,175.0,14.37,2.07
1990-06-23 08:00:00+00:00,546.0,745.48,114.0,15.8,1.79
1990-06-23 09:00:00+00:00,661.0,772.79,130.0,17.25,1.45
1990-06-23 10:00:00+00:00,752.0,791.82,142.0,18.51,1.17
1990-06-23 11:00:00+00:00,836.0,869.37,120.0,19.55,0.83
1990-06-23 12:00:00+00:00,877.0,922.77,99.0,20.37,0.69
1990-06-23 13:00:00+00:00,844.0,882.02,114.0,20.99,1.31
1990-06-23 14:00:00+00:00,798.0,898.2,99.0,21.09,2.0
1990-06-23 15:00:00+00:00,705.0,872.22,96.0,20.68,2.69
1990-06-23 16:00:00+00:00,560.0,750.32,115.0,20.35,3.17
1990-06-23 17:00:00+00:00,431.0,708.53,98.0,19.61,3.31
1990-06-23 18:00:00+00:00,256.0,420.97,114.0,18.96,3.17
1990-06-23 19:00:00+00:00,148.0,426.25,61.0,17.8,2.97
1990-06-23 20:00:00+00:00,35.0,113.29,26.0,16.98,2.34
1990-06-23 21:00:00+00:00,0.0,0.0,0.0,15.92,2.21
1990-06-23 22:00:00+00:00,0.0,0.0,0.0,14.91,2.07
1990-06-23 23:00:00+00:00,0.0,0.0,0.0,14.0,2.0
1990-06-24 00:00:00+00:00,0.0,0.0,0.0,13.38,2.0
1990-06-24 01:00:00+00:00,0.0,0.0,0.0,12.94,2.07
1990-06-24 02:00:00+00:00,0.0,0.0,0.0,12.56,2.07
1990-06-24 03:00:00+00:00,0.0,0.0,0.0,12.26,2.07
1990-06-24 04:00:00+00:00,5.0,0.0,5.0,12.12,1.93
1990-06-24 05:00:00+00:00,35.0,0.0,35.0,12.34,1.86
1990-06-24 06:00:00+00:00,92.0,3.12,91.0,13.28,1.93
1990-06-24 07:00:00+00:00,142.0,2.2,141.0,12.94,2.48
1990-06-24 08:00:00+00:00,205.0,5.18,202.0,14.06,2.48
1990-06-24 09:00:00+00:00,387.0,93.21,323.0,15.71,2.69
1990-06-24 10:00:00+00:00,715.0,661.06,206.0,16.95,2.97
1990-06-24 11:00:00+00:00,833.0,859.95,125.0,17.87,3.38
1990-06-24 12:00:00+00:00,856.0,866.0,126.0,18.09,3.86
1990-06-24 13:00:00+00:00,625.0,303.28,374.0,17.98,4.28
1990-06-24 14:00:00+00:00,534.0,212.0,369.0,17.99,4.41
1990-06-24 15:00:00+00:00,515.0,293.54,310.0,17.94,4.48
1990-06-24 16:00:00+00:00,562.0,753.4,115.0,17.61,4.62
1990-06-24 17:00:00+00:00,435.0,723.02,95.0,17.21,4.69
1990-06-24 18:00:00+00:00,285.0,595.42,84.0,16.45,4.55
1990-06-24 19:00:00+00:00,155.0,479.59,57.0,15.23,4.21
1990-06-24 20:00:00+00:00,44.0,238.65,25.0,14.16,3.93
1990-06-24 21:00:00+00:00,0.0,0.0,0.0,13.17,3.72
1990-06-24 22:00:00+00:00,0.0,0.0,0.0,12.62,3.38
1990-06-24 23:00:00+00:00,0.0,0.0,0.0,12.33,3.1
1990-06-25 00:00:00+00:00,0.0,0.0,0.0,12.17,3.03
1990-06-25 01:00:00+00:00,0.0,0.0,0.0,11.97,3.1
1990-06-25 02:00:00+00:00,0.0,0.0,0.0,11.95,3.1
1990-06-25 03:00:00+00:00,0.0,0.0,0.0,11.99,3.17
1990-06-25 04:00:00+00:00,3.0,0.0,3.0,12.1,3.38
1990-06-25 05:00:00+00:00,25.0,0.0,25.0,12.2,3.45
1990-06-25 06:00:00+00:00,159.0,74.96,135.0,12.45,3.45
1990-06-25 07:00:00+00:00,304.0,224.94,202.0,12.77,4.0
1990-06-25 08:00:00+00:00,452.0,370.09,238.0,13.09,4.41
1990-06-25 09:00:00+00:00,442.0,161.8,331.0,13.52,4.76
1990-06-25 10:00:00+00:00,636.0,418.45,314.0,14.02,4.97
1990-06-25 11:00:00+00:00,658.0,362.11,360.0,14.85,5.1
1990-06-25 12:00:00+00:00,765.0,573.13,282.0,15.7,5.31
1990-06-25 13:00:00+00:00,779.0,654.98,237.0,16.42,5.59
1990-06-25 14:00:00+00:00,760.0,756.78,171.0,16.59,5.59
1990-06-25 15:00:00+00:00,546.0,350.77,301.0,16.72,5.31
1990-06-25 16:00:00+00:00,492.0,456.64,221.0,16.4,4.83
1990-06-25 17:00:00+00:00,299.0,180.69,214.0,16.16,4.69
1990-06-25 18:00:00+00:00,267.0,461.88,111.0,15.69,4.41
1990-06-25 19:00:00+00:00,137.0,313.0,73.0,14.41,4.55
1990-06-25 20:00:00+00:00,21.0,12.55,20.0,13.57,3.72
1990-06-25 21:00:00+00:00,0.0,0.0,0.0,12.67,3.31
1990-06-25 22:00:00+00:00,0.0,0.0,0.0,12.06,2.83
1990-06-25 23:00:00+00:00,0.0,0.0,0.0,11.59,2.62
1990-06-26 00:00:00+00:00,0.0,0.0,0.0,11.35,2.69
1990-06-26 01:00:00+00:00,0.0,0.0,0.0,11.33,2.69
1990-06-26 02:00:00+00:00,0.0,0.0,0.0,11.21,2.55
1990-06-26 03:00:00+00:00,0.0,0.0,0.0,11.05,2.41
1990-06-26 04:00:00+00:00,3.0,0.0,3.0,11.01,2.41
1990-06-26 05:00:00+00:00,12.0,0.0,12.0,11.62,2.34
1990-06-26 06:00:00+00:00,134.0,34.45,123.0,12.89,2.69
1990-06-26 07:00:00+00:00,254.0,112.67,203.0,14.11,3.93
1990-06-26 08:00:00+00:00,310.0,81.38,263.0,15.55,3.86
1990-06-26 09:00:00+00:00,467.0,215.93,319.0,16.51,4.14
1990-06-26 10:00:00+00:00,450.0,105.33,369.0,17.63,4.83
1990-06-26 11:00:00+00:00,445.0,70.51,387.0,17.96,5.45
1990-06-26 12:00:00+00:00,574.0,198.23,407.0,17.8,5.45
1990-06-26 13:00:00+00:00,205.0,0.0,205.0,17.53,5.72
1990-06-26 14:00:00+00:00,199.0,0.0,199.0,16.8,5.38
1990-06-26 15:00:00+00:00,216.0,1.43,215.0,15.92,4.9
1990-06-26 16:00:00+00:00,109.0,0.0,109.0,15.42,4.69
1990-06-26 17:00:00+00:00,84.0,0.0,84.0,15.03,4.55
1990-06-26 18:00:00+00:00,45.0,0.0,45.0,14.71,4.48
1990-06-26 19:00:00+00:00,37.0,0.0,37.0,14.32,4.14
1990-06-26 20:00:00+00:00,21.0,12.56,20.0,14.04,3.86
1990-06-26 21:00:00+00:00,0.0,0.0,0.0,13.88,3.66
1990-06-26 22:00:00+00:00,0.0,0.0,0.0,13.86,3.66
1990-06-26 23:00:00+00:00,0.0,0.0,0.0,13.94,3.59
1990-06-27 00:00:00+00:00,0.0,0.0,0.0,13.91,3.59
1990-06-27 01:00:00+00:00,0.0,0.0,0.0,13.94,3.38
1990-06-27 02:00:00+00:00,0.0,0.0,0.0,13.95,2.97
1990-06-27 03:00:00+00:00,0.0,0.0,0.0,13.94,2.21
1990-06-27 04:00:00+00:00,15.0,0.0,15.0,13.95,2.34
1990-06-27 05:00:00+00:00,98.0,140.03,72.0,14.14,2.83
1990-06-27 06:00:00+00:00,86.0,0.0,86.0,14.47,3.1
1990-06-27 07:00:00+00:00,118.0,0.0,118.0,15.03,3.72
1990-06-27 08:00:00+00:00,200.0,5.2,197.0,15.28,3.86
1990-06-27 09:00:00+00:00,142.0,0.0,142.0,15.53,4.0
1990-06-27 10:00:00+00:00,122.0,0.0,122.0,15.69,4.21
1990-06-27 11:00:00+00:00,119.0,0.0,119.0,15.79,4.41
1990-06-27 12:00:00+00:00,118.0,0.0,118.0,15.97,4.62
1990-06-27 13:00:00+00:00,140.0,0.0,140.0,16.13,4.55
1990-06-27 14:00:00+00:00,146.0,0.0,146.0,16.12,4.62
1990-06-27 15:00:00+00:00,188.0,0.0,188.0,16.17,4.55
1990-06-27 16:00:00+00:00,158.0,0.0,158.0,16.18,4.48
1990-06-27 17:00:00+00:00,101.0,0.0,101.0,16.07,4.34
1990-06-27 18:00:00+00:00,67.0,0.0,67.0,15.59,4.21
1990-06-27 19:00:00+00:00,20.0,0.0,20.0,14.42,3.38
1990-06-27 20:00:00+00:00,4.0,0.0,4.0,14.09,3.24
1990-06-27 21:00:00+00:00,0.0,0.0,0.0,13.78,2.9
1990-06-27 22:00:00+00:00,0.0,0.0,0.0,13.59,2.69
1990-06-27 23:00:00+00:00,0.0,0.0,0.0,13.48,2.41
1990-06-28 00:00:00+00:00,0.0,0.0,0.0,13.41,2.34
1990-06-28 01:00:00+00:00,0.0,0.0,0.0,13.37,2.34
1990-06-28 02:00:00+00:00,0.0,0.0,0.0,13.29,2.34
1990-06-28 03:00:00+00:00,0.0,0.0,0.0,13.21,2.41
1990-06-28 04:00:00+00:00,6.0,0.0,6.0,13.21,2.62
1990-06-28 05:00:00+00:00,14.0,0.0,14.0,13.27,2.69
1990-06-28 06:00:00+00:00,54.0,0.0,54.0,13.5,2.97
1990-06-28 07:00:00+00:00,76.0,0.0,76.0,13.83,3.1
1990-06-28 08:00:00+00:00,72.0,0.0,72.0,14.34,3.24
1990-06-28 09:00:00+00:00,125.0,0.0,125.0,14.58,3.24
1990-06-28 10:00:00+00:00,137.0,0.0,137.0,14.72,3.17
1990-06-28 11:00:00+00:00,138.0,0.0,138.0,15.29,3.38
1990-06-28 12:00:00+00:00,212.0,0.0,212.0,15.59,3.38
1990-06-28 13:00:00+00:00,207.0,0.0,207.0,15.63,3.45
1990-06-28 14:00:00+00:00,146.0,0.0,146.0,15.86,3.52
1990-06-28 15:00:00+00:00,159.0,0.0,159.0,15.96,3.72
1990-06-28 16:00:00+00:00,128.0,0.0,128.0,15.84,3.66
1990-06-28 17:00:00+00:00,83.0,0.0,83.0,15.53,3.38
1990-06-28 18:00:00+00:00,119.0,11.84,115.0,15.21,3.03
1990-06-28 19:00:00+00:00,89.0,58.74,77.0,14.95,2.76
1990-06-28 20:00:00+00:00,9.0,0.0,9.0,14.69,2.41
1990-06-28 21:00:00+00:00,0.0,0.0,0.0,14.41,2.21
1990-06-28 22:00:00+00:00,0.0,0.0,0.0,14.19,2.14
1990-06-28 23:00:00+00:00,0.0,0.0,0.0,14.04,2.0
1990-06-29 00:00:00+00:00,0.0,0.0,0.0,13.95,1.72
1990-06-29 01:00:00+00:00,0.0,0.0,0.0,13.89,1.45
1990-06-29 02:00:00+00:00,0.0,0.0,0.0,13.82,1.38
1990-06-29 03:00:00+00:00,0.0,0.0,0.0,13.75,1.52
1990-06-29 04:00:00+00:00,3.0,0.0,3.0,13.67,1.52
1990-06-29 05:00:00+00:00,12.0,0.0,12.0,13.8,1.86
1990-06-29 06:00:00+00:00,83.0,0.0,83.0,14.33,2.0
1990-06-29 07:00:00+00:00,146.0,4.45,144.0,15.01,1.59
1990-06-29 08:00:00+00:00,184.0,1.74,183.0,15.93,1.86
1990-06-29 09:00:00+00:00,240.0,4.39,237.0,16.48,1.93
1990-06-29 10:00:00+00:00,387.0,52.15,347.0,17.35,1.93
1990-06-29 11:00:00+00:00,435.0,65.78,381.0,18.46,1.86
1990-06-29 12:00:00+00:00,639.0,316.21,373.0,19.22,2.0
1990-06-29 13:00:00+00:00,684.0,440.44,320.0,19.69,2.41
1990-06-29 14:00:00+00:00,732.0,711.14,179.0,19.76,2.83
1990-06-29 15:00:00+00:00,605.0,547.21,223.0,20.09,3.1
1990-06-29 16:00:00+00:00,490.0,483.78,203.0,19.51,3.45
1990-06-29 17:00:00+00:00,358.0,384.89,177.0,19.42,3.52
1990-06-29 18:00:00+00:00,180.0,109.63,143.0,19.06,3.45
1990-06-29 19:00:00+00:00,71.0,19.61,67.0,17.75,3.52
1990-06-29 20:00:00+00:00,4.0,0.0,4.0,16.75,3.03
1990-06-29 21:00:00+00:00,0.0,0.0,0.0,15.86,2.69
1990-06-29 22:00:00+00:00,0.0,0.0,0.0,15.39,2.34
1990-06-29 23:00:00+00:00,0.0,0.0,0.0,14.94,2.14
1990-06-30 00:00:00+00:00,0.0,0.0,0.0,14.5,1.93
1990-06-30 01:00:00+00:00,0.0,0.0,0.0,14.04,1.72
1990-06-30 02:00:00+00:00,0.0,0.0,0.0,13.66,1.79
1990-06-30 03:00:00+00:00,0.0,0.0,0.0,13.43,1.86
1990-06-30 04:00:00+00:00,2.0,0.0,2.0,13.42,1.72
1990-06-30 05:00:00+00:00,50.0,5.49,49.0,13.82,1.66
1990-06-30 06:00:00+00:00,139.0,47.61,124.0,14.93,1.38
1990-06-30 07:00:00+00:00,140.0,2.23,139.0,15.33,1.38
1990-06-30 08:00:00+00:00,214.0,10.46,208.0,16.47,1.24
1990-06-30 09:00:00+00:00,331.0,46.91,299.0,17.66,1.24
1990-06-30 10:00:00+00:00,261.0,2.61,259.0,18.8,1.24
1990-06-30 11:00:00+00:00,444.0,75.58,382.0,19.96,0.97
1990-06-30 12:00:00+00:00,323.0,8.33,316.0,20.44,1.24
1990-06-30 13:00:00+00:00,596.0,265.13,377.0,21.02,1.72
1990-06-30 14:00:00+00:00,398.0,57.89,353.0,21.04,1.93
1990-06-30 15:00:00+00:00,471.0,216.39,320.0,21.08,1.86
1990-06-30 16:00:00+00:00,261.0,30.35,243.0,21.17,0.99
1990-06-30 17:00:00+00:00,105.0,0.0,105.0,20.38,1.11
1990-06-30 18:00:00+00:00,226.0,275.81,133.0,19.6,1.23
1990-06-30 19:00:00+00:00,81.0,39.29,73.0,18.82,1.35
1990-06-30 20:00:00+00:00,37.0,153.0,25.0,18.04,1.47
1990-06-30 21:00:00+00:00,0.0,0.0,0.0,17.26,1.58
1990-06-30 22:00:00+00:00,0.0,0.0,0.0,16.47,1.7
1990-06-30 23:00:00+00:00,0.0,0.0,0.0,15.69,1.82
1990-07-01 00:00:00+00:00,0.0,0.0,0.0,14.91,1.94
1990-07-01 01:00:00+00:00,0.0,0.0,0.0,14.13,2.06
1990-07-01 02:00:00+00:00,0.0,0.0,0.0,13.35,2.17
1990-07-01 03:00:00+00:00,0.0,0.0,0.0,12.57,2.29
1990-07-01 04:00:00+00:00,2.0,0.0,2.0,11.78,2.41
1990-07-01 05:00:00+00:00,12.0,0.0,12.0,11.0,2.53
1990-07-01 06:00:00+00:00,108.0,9.56,105.0,10.22,2.65
1990-07-01 07:00:00+00:00,216.0,55.88,191.0,9.44,2.77
1990-07-01 08:00:00+00:00,473.0,467.95,205.0,13.28,2.69
1990-07-01 09:00:00+00:00,214.0,1.47,213.0,13.65,2.55
1990-07-01 10:00:00+00:00,441.0,97.99,366.0,14.86,2.48
1990-07-01 11:00:00+00:00,574.0,223.29,391.0,15.53,2.55
1990-07-01 12:00:00+00:00,422.0,47.61,382.0,15.93,2.69
1990-07-01 13:00:00+00:00,414.0,47.24,375.0,16.48,2.69
1990-07-01 14:00:00+00:00,245.0,1.29,244.0,17.15,2.76
1990-07-01 15:00:00+00:00,333.0,40.15,305.0,17.2,2.9
1990-07-01 16:00:00+00:00,317.0,79.31,270.0,16.22,2.62
1990-07-01 17:00:00+00:00,311.0,219.32,208.0,15.04,3.17
1990-07-01 18:00:00+00:00,158.0,59.38,138.0,14.37,3.1
1990-07-01 19:00:00+00:00,35.0,0.0,35.0,14.52,2.97
1990-07-01 20:00:00+00:00,4.0,0.0,4.0,13.77,3.17
1990-07-01 21:00:00+00:00,0.0,0.0,0.0,12.94,2.9
1990-07-01 22:00:00+00:00,0.0,0.0,0.0,12.11,2.62
1990-07-01 23:00:00+00:00,0.0,0.0,0.0,11.81,2.07
1990-07-02 00:00:00+00:00,0.0,0.0,0.0,11.28,1.93
1990-07-02 01:00:00+00:00,0.0,0.0,0.0,11.24,2.07
1990-07-02 02:00:00+00:00,0.0,0.0,0.0,11.2,1.79
1990-07-02 03:00:00+00:00,0.0,0.0,0.0,11.14,1.45
1990-07-02 04:00:00+00:00,4.0,0.0,4.0,11.46,1.45
1990-07-02 05:00:00+00:00,69.0,33.42,63.0,11.78,1.72
1990-07-02 06:00:00+00:00,133.0,38.41,121.0,12.22,2.28
1990-07-02 07:00:00+00:00,214.0,53.8,190.0,12.33,3.45
1990-07-02 08:00:00+00:00,337.0,124.23,266.0,12.85,3.79
1990-07-02 09:00:00+00:00,471.0,227.9,316.0,13.75,4.07
1990-07-02 10:00:00+00:00,167.0,0.0,167.0,14.97,4.48
1990-07-02 11:00:00+00:00,239.0,0.0,239.0,14.77,4.9
1990-07-02 12:00:00+00:00,444.0,61.95,392.0,14.97,5.1
1990-07-02 13:00:00+00:00,637.0,328.51,366.0,15.19,5.38
1990-07-02 14:00:00+00:00,653.0,458.54,297.0,15.73,5.52
1990-07-02 15:00:00+00:00,422.0,129.13,332.0,16.11,5.38
1990-07-02 16:00:00+00:00,437.0,307.32,255.0,15.27,5.79
1990-07-02 17:00:00+00:00,296.0,181.16,211.0,14.44,5.38
1990-07-02 18:00:00+00:00,207.0,190.31,143.0,13.7,4.76
1990-07-02 19:00:00+00:00,135.0,310.98,72.0,14.11,4.34
1990-07-02 20:00:00+00:00,29.0,51.83,25.0,13.55,4.48
1990-07-02 21:00:00+00:00,0.0,0.0,0.0,12.99,4.41
1990-07-02 22:00:00+00:00,0.0,0.0,0.0,12.37,4.21
1990-07-02 23:00:00+00:00,0.0,0.0,0.0,11.8,3.93
1990-07-03 00:00:00+00:00,0.0,0.0,0.0,11.42,3.52
1990-07-03 01:00:00+00:00,0.0,0.0,0.0,11.24,3.38
1990-07-03 02:00:00+00:00,0.0,0.0,0.0,11.01,3.31
1990-07-03 03:00:00+00:00,0.0,0.0,0.0,11.09,3.24
1990-07-03 04:00:00+00:00,2.0,0.0,2.0,10.96,3.1
1990-07-03 05:00:00+00:00,41.0,0.0,41.0,11.11,3.1
1990-07-03 06:00:00+00:00,96.0,3.22,95.0,12.01,4.21
1990-07-03 07:00:00+00:00,223.0,67.45,193.0,12.47,3.79
1990-07-03 08:00:00+00:00,317.0,94.69,263.0,13.28,4.21
1990-07-03 09:00:00+00:00,217.0,1.47,216.0,14.19,4.48
1990-07-03 10:00:00+00:00,413.0,72.04,358.0,14.74,4.55
1990-07-03 11:00:00+00:00,288.0,3.67,285.0,15.16,4.83
1990-07-03 12:00:00+00:00,346.0,13.12,335.0,15.32,5.03
1990-07-03 13:00:00+00:00,150.0,0.0,150.0,15.53,5.31
1990-07-03 14:00:00+00:00,174.0,0.0,174.0,15.47,5.59
1990-07-03 15:00:00+00:00,260.0,7.18,255.0,15.07,6.0
1990-07-03 16:00:00+00:00,354.0,130.13,277.0,15.0,6.0
1990-07-03 17:00:00+00:00,121.0,0.0,121.0,14.91,6.21
1990-07-03 18:00:00+00:00,59.0,0.0,59.0,14.26,5.86
1990-07-03 19:00:00+00:00,21.0,0.0,21.0,13.2,5.66
1990-07-03 20:00:00+00:00,4.0,0.0,4.0,12.66,5.38
1990-07-03 21:00:00+00:00,0.0,0.0,0.0,12.14,5.45
1990-07-03 22:00:00+00:00,0.0,0.0,0.0,11.75,5.45
1990-07-03 23:00:00+00:00,0.0,0.0,0.0,11.48,5.59
1990-07-04 00:00:00+00:00,0.0,0.0,0.0,11.12,5.66
1990-07-04 01:00:00+00:00,0.0,0.0,0.0,10.89,5.72
1990-07-04 02:00:00+00:00,0.0,0.0,0.0,10.77,5.86
1990-07-04 03:00:00+00:00,0.0,0.0,0.0,10.73,5.79
1990-07-04 04:00:00+00:00,3.0,0.0,3.0,10.48,5.52
1990-07-04 05:00:00+00:00,29.0,0.0,29.0,10.33,5.66
1990-07-04 06:00:00+00:00,75.0,0.0,75.0,10.6,5.66
1990-07-04 07:00:00+00:00,249.0,110.52,200.0,11.44,7.52
1990-07-04 08:00:00+00:00,402.0,256.6,256.0,12.07,7.38
1990-07-04 09:00:00+00:00,436.0,165.24,324.0,12.94,8.07
1990-07-04 10:00:00+00:00,771.0,851.26,122.0,13.79,8.28
1990-07-04 11:00:00+00:00,724.0,538.56,284.0,14.35,7.72
1990-07-04 12:00:00+00:00,689.0,405.79,349.0,14.78,8.14
1990-07-04 13:00:00+00:00,509.0,128.7,403.0,15.22,8.28
1990-07-04 14:00:00+00:00,721.0,646.3,220.0,15.18,7.79
1990-07-04 15:00:00+00:00,618.0,564.75,225.0,14.78,7.45
1990-07-04 16:00:00+00:00,457.0,358.64,245.0,14.78,7.59
1990-07-04 17:00:00+00:00,168.0,8.55,164.0,14.63,7.45
1990-07-04 18:00:00+00:00,115.0,8.95,112.0,13.87,6.41
1990-07-04 19:00:00+00:00,76.0,24.86,71.0,12.96,5.86
1990-07-04 20:00:00+00:00,19.0,13.25,18.0,12.44,5.31
1990-07-04 21:00:00+00:00,0.0,0.0,0.0,11.92,5.17
1990-07-04 22:00:00+00:00,0.0,0.0,0.0,11.28,4.76
1990-07-04 23:00:00+00:00,0.0,0.0,0.0,10.82,4.48
1990-07-05 00:00:00+00:00,0.0,0.0,0.0,10.53,4.21
1990-07-05 01:00:00+00:00,0.0,0.0,0.0,10.24,4.07
1990-07-05 02:00:00+00:00,0.0,0.0,0.0,10.03,4.0
1990-07-05 03:00:00+00:00,0.0,0.0,0.0,9.95,4.07
1990-07-05 04:00:00+00:00,2.0,0.0,2.0,9.86,4.0
1990-07-05 05:00:00+00:00,45.0,0.0,45.0,10.11,3.93
1990-07-05 06:00:00+00:00,139.0,48.72,124.0,10.81,4.69
1990-07-05 07:00:00+00:00,269.0,153.9,201.0,11.6,4.55
1990-07-05 08:00:00+00:00,194.0,3.52,192.0,12.43,4.62
1990-07-05 09:00:00+00:00,368.0,76.86,316.0,13.18,4.48
1990-07-05 10:00:00+00:00,474.0,135.3,371.0,13.78,4.14
1990-07-05 11:00:00+00:00,438.0,64.95,385.0,14.24,3.93
1990-07-05 12:00:00+00:00,511.0,119.47,411.0,14.66,3.86
1990-07-05 13:00:00+00:00,569.0,206.6,399.0,15.1,3.86
1990-07-05 14:00:00+00:00,578.0,286.65,356.0,15.39,4.0
1990-07-05 15:00:00+00:00,566.0,409.95,281.0,16.02,4.0
1990-07-05 16:00:00+00:00,484.0,442.04,223.0,16.35,4.21
1990-07-05 17:00:00+00:00,379.0,457.94,165.0,16.41,4.41
1990-07-05 18:00:00+00:00,255.0,412.9,117.0,15.88,4.28
1990-07-05 19:00:00+00:00,54.0,0.0,54.0,15.1,4.14
1990-07-05 20:00:00+00:00,4.0,0.0,4.0,14.3,4.62
1990-07-05 21:00:00+00:00,0.0,0.0,0.0,13.59,4.55
1990-07-05 22:00:00+00:00,0.0,0.0,0.0,13.02,4.28
1990-07-05 23:00:00+00:00,0.0,0.0,0.0,12.86,4.62
1990-07-06 00:00:00+00:00,0.0,0.0,0.0,12.89,4.9
1990-07-06 01:00:00+00:00,0.0,0.0,0.0,12.75,5.38
1990-07-06 02:00:00+00:00,0.0,0.0,0.0,12.69,5.52
1990-07-06 03:00:00+00:00,0.0,0.0,0.0,12.62,5.45
1990-07-06 04:00:00+00:00,11.0,0.0,11.0,12.64,5.66
1990-07-06 05:00:00+00:00,11.0,0.0,11.0,12.8,5.93
1990-07-06 06:00:00+00:00,37.0,0.0,37.0,13.22,7.31
1990-07-06 07:00:00+00:00,60.0,0.0,60.0,13.96,7.86
1990-07-06 08:00:00+00:00,92.0,0.0,92.0,13.85,6.97
1990-07-06 09:00:00+00:00,153.0,0.0,153.0,14.14,7.59
1990-07-06 10:00:00+00:00,135.0,0.0,135.0,14.79,8.48
1990-07-06 11:00:00+00:00,187.0,0.0,187.0,14.82,8.07
1990-07-06 12:00:00+00:00,179.0,0.0,179.0,15.16,8.0
1990-07-06 13:00:00+00:00,163.0,0.0,163.0,15.4,8.34
1990-07-06 14:00:00+00:00,237.0,0.0,237.0,15.54,8.69
1990-07-06 15:00:00+00:00,384.0,87.84,323.0,15.8,9.03
1990-07-06 16:00:00+00:00,400.0,228.94,265.0,15.47,8.41
1990-07-06 17:00:00+00:00,274.0,139.33,209.0,15.6,8.0
1990-07-06 18:00:00+00:00,83.0,0.0,83.0,15.01,6.97
1990-07-06 19:00:00+00:00,116.0,195.75,77.0,14.11,5.86
1990-07-06 20:00:00+00:00,23.0,27.27,21.0,13.64,5.1
1990-07-06 21:00:00+00:00,0.0,0.0,0.0,13.19,5.03
1990-07-06 22:00:00+00:00,0.0,0.0,0.0,12.9,4.69
1990-07-06 23:00:00+00:00,0.0,0.0,0.0,12.7,4.48
1990-07-07 00:00:00+00:00,0.0,0.0,0.0,12.53,4.21
1990-07-07 01:00:00+00:00,0.0,0.0,0.0,12.23,3.86
1990-07-07 02:00:00+00:00,0.0,0.0,0.0,12.1,3.45
1990-07-07 03:00:00+00:00,0.0,0.0,0.0,11.94,3.03
1990-07-07 04:00:00+00:00,3.0,0.0,3.0,11.76,2.83
1990-07-07 05:00:00+00:00,104.0,239.52,63.0,11.67,2.62
1990-07-07 06:00:00+00:00,254.0,574.84,79.0,12.39,2.97
1990-07-07 07:00:00+00:00,407.0,727.25,88.0,13.65,3.24
1990-07-07 08:00:00+00:00,551.0,809.35,94.0,14.5,3.31
1990-07-07 09:00:00+00:00,673.0,845.85,103.0,15.35,3.31
1990-07-07 10:00:00+00:00,781.0,901.33,97.0,16.78,3.52
1990-07-07 11:00:00+00:00,809.0,822.0,140.0,17.89,3.72
1990-07-07 12:00:00+00:00,838.0,840.63,136.0,19.19,4.28
1990-07-07 13:00:00+00:00,813.0,811.12,147.0,20.03,4.69
1990-07-07 14:00:00+00:00,757.0,794.48,143.0,20.41,5.24
1990-07-07 15:00:00+00:00,689.0,831.87,112.0,20.0,5.66
1990-07-07 16:00:00+00:00,573.0,803.3,100.0,19.12,5.66
1990-07-07 17:00:00+00:00,415.0,652.93,111.0,18.53,5.72
1990-07-07 18:00:00+00:00,266.0,496.48,101.0,17.69,5.45
1990-07-07 19:00:00+00:00,137.0,363.39,65.0,17.05,4.83
1990-07-07 20:00:00+00:00,3.0,0.0,3.0,16.01,4.62
1990-07-07 21:00:00+00:00,0.0,0.0,0.0,15.02,4.69
1990-07-07 22:00:00+00:00,0.0,0.0,0.0,14.3,4.62
1990-07-07 23:00:00+00:00,0.0,0.0,0.0,13.76,4.55
1990-07-08 00:00:00+00:00,0.0,0.0,0.0,13.41,4.48
1990-07-08 01:00:00+00:00,0.0,0.0,0.0,13.3,4.48
1990-07-08 02:00:00+00:00,0.0,0.0,0.0,13.13,4.55
1990-07-08 03:00:00+00:00,0.0,0.0,0.0,13.06,4.69
1990-07-08 04:00:00+00:00,2.0,0.0,2.0,13.05,4.69
1990-07-08 05:00:00+00:00,38.0,0.0,38.0,13.17,4.83
1990-07-08 06:00:00+00:00,85.0,3.3,84.0,13.58,5.45
1990-07-08 07:00:00+00:00,237.0,98.42,194.0,14.22,5.66
1990-07-08 08:00:00+00:00,284.0,60.38,250.0,15.08,6.28
1990-07-08 09:00:00+00:00,450.0,200.76,315.0,15.74,6.69
1990-07-08 10:00:00+00:00,438.0,101.64,361.0,16.3,6.83
1990-07-08 11:00:00+00:00,695.0,484.81,301.0,16.55,6.9
1990-07-08 12:00:00+00:00,797.0,717.01,199.0,16.07,6.21
1990-07-08 13:00:00+00:00,639.0,342.64,358.0,15.76,6.28
1990-07-08 14:00:00+00:00,518.0,191.73,370.0,16.41,6.83
1990-07-08 15:00:00+00:00,456.0,184.78,328.0,16.6,6.83
1990-07-08 16:00:00+00:00,361.0,147.99,274.0,16.52,6.69
1990-07-08 17:00:00+00:00,232.0,64.57,202.0,16.25,6.76
1990-07-08 18:00:00+00:00,101.0,3.02,100.0,16.03,6.28
1990-07-08 19:00:00+00:00,22.0,0.0,22.0,15.55,5.31
1990-07-08 20:00:00+00:00,3.0,0.0,3.0,14.83,5.17
1990-07-08 21:00:00+00:00,0.0,0.0,0.0,14.14,5.24
1990-07-08 22:00:00+00:00,0.0,0.0,0.0,13.42,4.9
1990-07-08 23:00:00+00:00,0.0,0.0,0.0,12.77,4.69
1990-07-09 00:00:00+00:00,0.0,0.0,0.0,12.21,4.28
1990-07-09 01:00:00+00:00,0.0,0.0,0.0,11.64,3.93
1990-07-09 02:00:00+00:00,0.0,0.0,0.0,11.24,3.52
1990-07-09 03:00:00+00:00,0.0,0.0,0.0,10.91,3.31
1990-07-09 04:00:00+00:00,13.0,0.0,13.0,10.54,3.03
1990-07-09 05:00:00+00:00,29.0,0.0,29.0,10.61,2.97
1990-07-09 06:00:00+00:00,132.0,46.56,118.0,11.08,3.59
1990-07-09 07:00:00+00:00,366.0,556.14,124.0,12.08,3.59
1990-07-09 08:00:00+00:00,512.0,683.98,128.0,13.07,3.72
1990-07-09 09:00:00+00:00,614.0,658.78,172.0,14.2,3.72
1990-07-09 10:00:00+00:00,713.0,707.46,178.0,15.53,3.66
1990-07-09 11:00:00+00:00,792.0,783.77,156.0,16.76,3.59
1990-07-09 12:00:00+00:00,681.0,414.22,336.0,17.83,3.86
1990-07-09 13:00:00+00:00,705.0,503.01,293.0,18.6,4.21
1990-07-09 14:00:00+00:00,729.0,712.15,180.0,18.88,4.34
1990-07-09 15:00:00+00:00,674.0,799.47,121.0,19.09,4.55
1990-07-09 16:00:00+00:00,546.0,720.79,123.0,19.0,4.62
1990-07-09 17:00:00+00:00,422.0,699.02,98.0,18.56,4.62
1990-07-09 18:00:00+00:00,280.0,602.91,81.0,17.88,4.55
1990-07-09 19:00:00+00:00,144.0,439.63,58.0,17.51,4.14
1990-07-09 20:00:00+00:00,22.0,0.0,22.0,16.3,4.41
1990-07-09 21:00:00+00:00,0.0,0.0,0.0,15.0,4.28
1990-07-09 22:00:00+00:00,0.0,0.0,0.0,14.06,4.28
1990-07-09 23:00:00+00:00,0.0,0.0,0.0,13.5,3.93
1990-07-10 00:00:00+00:00,0.0,0.0,0.0,13.2,3.66
1990-07-10 01:00:00+00:00,0.0,0.0,0.0,13.15,3.66
1990-07-10 02:00:00+00:00,0.0,0.0,0.0,13.18,3.72
1990-07-10 03:00:00+00:00,0.0,0.0,0.0,12.98,3.66
1990-07-10 04:00:00+00:00,11.0,0.0,11.0,12.73,3.52
1990-07-10 05:00:00+00:00,93.0,175.57,64.0,12.79,3.38
1990-07-10 06:00:00+00:00,251.0,582.48,77.0,13.09,3.52
1990-07-10 07:00:00+00:00,399.0,710.84,91.0,14.67,3.93
1990-07-10 08:00:00+00:00,550.0,816.49,93.0,16.09,3.86
1990-07-10 09:00:00+00:00,659.0,809.71,117.0,17.55,3.79
1990-07-10 10:00:00+00:00,759.0,843.93,122.0,18.98,3.59
1990-07-10 11:00:00+00:00,820.0,852.91,129.0,20.21,3.38
1990-07-10 12:00:00+00:00,841.0,848.85,135.0,21.32,3.17
1990-07-10 13:00:00+00:00,820.0,832.57,139.0,22.2,3.1
1990-07-10 14:00:00+00:00,777.0,849.54,123.0,22.72,3.24
1990-07-10 15:00:00+00:00,691.0,839.82,111.0,22.86,3.45
1990-07-10 16:00:00+00:00,563.0,769.96,112.0,22.62,3.72
1990-07-10 17:00:00+00:00,429.0,720.28,96.0,21.99,3.72
1990-07-10 18:00:00+00:00,288.0,641.78,77.0,21.14,3.52
1990-07-10 19:00:00+00:00,146.0,458.28,57.0,20.46,3.17
1990-07-10 20:00:00+00:00,21.0,0.0,21.0,18.99,3.1
1990-07-10 21:00:00+00:00,0.0,0.0,0.0,17.38,2.9
1990-07-10 22:00:00+00:00,0.0,0.0,0.0,16.12,2.76
1990-07-10 23:00:00+00:00,0.0,0.0,0.0,15.22,2.76
1990-07-11 00:00:00+00:00,0.0,0.0,0.0,14.61,2.9
1990-07-11 01:00:00+00:00,0.0,0.0,0.0,14.13,2.83
1990-07-11 02:00:00+00:00,0.0,0.0,0.0,13.77,2.69
1990-07-11 03:00:00+00:00,0.0,0.0,0.0,13.51,2.48
1990-07-11 04:00:00+00:00,1.0,0.0,1.0,13.34,2.34
1990-07-11 05:00:00+00:00,48.0,6.13,47.0,13.82,2.0
1990-07-11 06:00:00+00:00,174.0,165.17,125.0,15.15,1.72
1990-07-11 07:00:00+00:00,364.0,558.68,123.0,16.65,1.93
1990-07-11 08:00:00+00:00,482.0,560.99,169.0,18.03,2.14
1990-07-11 09:00:00+00:00,544.0,431.3,256.0,19.45,2.28
1990-07-11 10:00:00+00:00,672.0,580.1,235.0,20.5,2.34
1990-07-11 11:00:00+00:00,706.0,525.46,281.0,21.56,2.76
1990-07-11 12:00:00+00:00,584.0,228.79,394.0,22.31,3.24
1990-07-11 13:00:00+00:00,577.0,233.85,386.0,22.82,3.79
1990-07-11 14:00:00+00:00,398.0,58.54,353.0,22.93,4.48
1990-07-11 15:00:00+00:00,259.0,8.7,253.0,22.96,5.1
1990-07-11 16:00:00+00:00,195.0,3.42,193.0,22.68,5.24
1990-07-11 17:00:00+00:00,149.0,4.34,147.0,22.16,5.17
1990-07-11 18:00:00+00:00,37.0,0.0,37.0,21.3,4.69
1990-07-11 19:00:00+00:00,25.0,0.0,25.0,20.29,4.62
1990-07-11 20:00:00+00:00,3.0,0.0,3.0,19.66,4.41
1990-07-11 21:00:00+00:00,0.0,0.0,0.0,19.13,4.62
1990-07-11 22:00:00+00:00,0.0,0.0,0.0,18.7,4.97
1990-07-11 23:00:00+00:00,0.0,0.0,0.0,18.31,4.69
1990-07-12 00:00:00+00:00,0.0,0.0,0.0,17.92,4.21
1990-07-12 01:00:00+00:00,0.0,0.0,0.0,17.55,3.72
1990-07-12 02:00:00+00:00,0.0,0.0,0.0,17.24,3.79
1990-07-12 03:00:00+00:00,0.0,0.0,0.0,17.32,4.55
1990-07-12 04:00:00+00:00,1.0,0.0,1.0,17.49,5.03
1990-07-12 05:00:00+00:00,44.0,6.22,43.0,17.61,5.38
1990-07-12 06:00:00+00:00,183.0,207.1,122.0,17.61,5.52
1990-07-12 07:00:00+00:00,333.0,416.87,154.0,17.92,4.83
1990-07-12 08:00:00+00:00,336.0,143.86,256.0,17.84,5.03
1990-07-12 09:00:00+00:00,446.0,204.18,310.0,18.13,5.93
1990-07-12 10:00:00+00:00,372.0,47.89,336.0,18.72,7.45
1990-07-12 11:00:00+00:00,400.0,45.83,363.0,18.99,6.9
1990-07-12 12:00:00+00:00,294.0,3.62,291.0,18.79,6.14
1990-07-12 13:00:00+00:00,214.0,0.0,214.0,18.68,5.52
1990-07-12 14:00:00+00:00,373.0,43.0,340.0,19.02,5.45
1990-07-12 15:00:00+00:00,140.0,0.0,140.0,18.19,4.62
1990-07-12 16:00:00+00:00,350.0,137.16,270.0,17.85,4.48
1990-07-12 17:00:00+00:00,371.0,474.26,153.0,17.82,4.62
1990-07-12 18:00:00+00:00,261.0,512.43,94.0,17.3,4.83
1990-07-12 19:00:00+00:00,121.0,266.93,70.0,17.06,4.97
1990-07-12 20:00:00+00:00,11.0,0.0,11.0,15.65,4.9
1990-07-12 21:00:00+00:00,0.0,0.0,0.0,14.28,4.9
1990-07-12 22:00:00+00:00,0.0,0.0,0.0,13.27,5.1
1990-07-12 23:00:00+00:00,0.0,0.0,0.0,12.45,4.83
1990-07-13 00:00:00+00:00,0.0,0.0,0.0,11.9,4.76
1990-07-13 01:00:00+00:00,0.0,0.0,0.0,11.63,4.62
1990-07-13 02:00:00+00:00,0.0,0.0,0.0,11.3,4.55
1990-07-13 03:00:00+00:00,0.0,0.0,0.0,11.08,4.55
1990-07-13 04:00:00+00:00,4.0,0.0,4.0,10.95,4.48
1990-07-13 05:00:00+00:00,73.0,75.73,61.0,10.94,4.14
1990-07-13 06:00:00+00:00,230.0,465.18,94.0,11.42,5.03
1990-07-13 07:00:00+00:00,387.0,673.94,99.0,12.56,5.66
1990-07-13 08:00:00+00:00,341.0,144.35,261.0,13.56,5.66
1990-07-13 09:00:00+00:00,415.0,144.51,319.0,14.58,5.72
1990-07-13 10:00:00+00:00,502.0,183.96,364.0,15.24,5.86
1990-07-13 11:00:00+00:00,701.0,496.33,301.0,15.19,5.66
1990-07-13 12:00:00+00:00,662.0,362.43,362.0,15.48,6.34
1990-07-13 13:00:00+00:00,472.0,93.35,396.0,15.86,6.55
1990-07-13 14:00:00+00:00,495.0,156.63,375.0,16.18,6.41
1990-07-13 15:00:00+00:00,186.0,0.0,186.0,16.28,6.0
1990-07-13 16:00:00+00:00,464.0,396.99,233.0,16.18,5.79
1990-07-13 17:00:00+00:00,165.0,8.73,161.0,16.35,6.21
1990-07-13 18:00:00+00:00,242.0,379.27,119.0,15.84,5.79
1990-07-13 19:00:00+00:00,141.0,443.68,57.0,14.72,4.55
1990-07-13 20:00:00+00:00,3.0,0.0,3.0,14.07,3.86
1990-07-13 21:00:00+00:00,0.0,0.0,0.0,13.21,3.79
1990-07-13 22:00:00+00:00,0.0,0.0,0.0,12.57,3.79
1990-07-13 23:00:00+00:00,0.0,0.0,0.0,12.06,3.72
1990-07-14 00:00:00+00:00,0.0,0.0,0.0,11.35,3.72
1990-07-14 01:00:00+00:00,0.0,0.0,0.0,10.88,3.59
1990-07-14 02:00:00+00:00,0.0,0.0,0.0,10.45,3.45
1990-07-14 03:00:00+00:00,0.0,0.0,0.0,10.08,3.24
1990-07-14 04:00:00+00:00,1.0,0.0,1.0,9.86,3.1
1990-07-14 05:00:00+00:00,31.0,0.0,31.0,10.04,2.9
1990-07-14 06:00:00+00:00,101.0,10.34,98.0,10.78,3.66
1990-07-14 07:00:00+00:00,203.0,51.74,181.0,12.26,3.72
1990-07-14 08:00:00+00:00,477.0,546.86,175.0,13.3,3.93
1990-07-14 09:00:00+00:00,433.0,179.62,314.0,14.26,3.93
1990-07-14 10:00:00+00:00,485.0,164.33,362.0,14.95,4.07
1990-07-14 11:00:00+00:00,544.0,191.45,390.0,15.78,4.41
1990-07-14 12:00:00+00:00,265.0,1.21,264.0,16.29,4.62
1990-07-14 13:00:00+00:00,400.0,41.83,366.0,16.75,4.76
1990-07-14 14:00:00+00:00,217.0,0.0,217.0,16.97,4.97
1990-07-14 15:00:00+00:00,461.0,198.39,325.0,17.13,5.1
1990-07-14 16:00:00+00:00,404.0,242.93,263.0,16.7,5.31
1990-07-14 17:00:00+00:00,263.0,122.64,207.0,16.41,5.24
1990-07-14 18:00:00+00:00,84.0,0.0,84.0,15.96,4.9
1990-07-14 19:00:00+00:00,91.0,90.67,74.0,15.31,4.48
1990-07-14 20:00:00+00:00,15.0,0.0,15.0,14.55,4.14
1990-07-14 21:00:00+00:00,0.0,0.0,0.0,13.8,3.93
1990-07-14 22:00:00+00:00,0.0,0.0,0.0,13.06,3.79
1990-07-14 23:00:00+00:00,0.0,0.0,0.0,12.52,3.59
1990-07-15 00:00:00+00:00,0.0,0.0,0.0,12.1,3.52
1990-07-15 01:00:00+00:00,0.0,0.0,0.0,12.09,3.72
1990-07-15 02:00:00+00:00,0.0,0.0,0.0,12.34,4.0
1990-07-15 03:00:00+00:00,0.0,0.0,0.0,12.55,3.93
1990-07-15 04:00:00+00:00,1.0,0.0,1.0,12.65,3.93
1990-07-15 05:00:00+00:00,15.0,0.0,15.0,12.73,3.93
1990-07-15 06:00:00+00:00,52.0,0.0,52.0,12.85,3.79
1990-07-15 07:00:00+00:00,57.0,0.0,57.0,13.02,3.31
1990-07-15 08:00:00+00:00,143.0,0.0,143.0,13.21,3.31
1990-07-15 09:00:00+00:00,133.0,0.0,133.0,13.47,3.66
1990-07-15 10:00:00+00:00,229.0,0.0,229.0,14.17,3.45
1990-07-15 11:00:00+00:00,305.0,7.47,299.0,14.54,3.59
1990-07-15 12:00:00+00:00,544.0,177.02,398.0,16.1,3.93
1990-07-15 13:00:00+00:00,665.0,421.53,323.0,17.35,4.21
1990-07-15 14:00:00+00:00,566.0,292.15,343.0,18.01,4.21
1990-07-15 15:00:00+00:00,588.0,524.84,229.0,18.06,4.07
1990-07-15 16:00:00+00:00,455.0,397.34,225.0,18.37,4.0
1990-07-15 17:00:00+00:00,392.0,591.25,123.0,18.16,3.79
1990-07-15 18:00:00+00:00,213.0,258.71,130.0,17.56,3.45
1990-07-15 19:00:00+00:00,111.0,220.97,70.0,17.11,2.21
1990-07-15 20:00:00+00:00,9.0,0.0,9.0,15.95,1.66
1990-07-15 21:00:00+00:00,0.0,0.0,0.0,14.64,1.66
1990-07-15 22:00:00+00:00,0.0,0.0,0.0,13.46,1.79
1990-07-15 23:00:00+00:00,0.0,0.0,0.0,12.61,1.79
1990-07-16 00:00:00+00:00,0.0,0.0,0.0,12.02,1.79
1990-07-16 01:00:00+00:00,0.0,0.0,0.0,11.14,1.79
1990-07-16 02:00:00+00:00,0.0,0.0,0.0,10.36,1.86
1990-07-16 03:00:00+00:00,0.0,0.0,0.0,9.93,2.0
1990-07-16 04:00:00+00:00,1.0,0.0,1.0,9.69,2.14
1990-07-16 05:00:00+00:00,70.0,86.04,57.0,9.86,1.93
1990-07-16 06:00:00+00:00,218.0,448.54,90.0,10.91,1.93
1990-07-16 07:00:00+00:00,358.0,582.22,113.0,12.26,2.55
1990-07-16 08:00:00+00:00,292.0,82.1,247.0,13.46,2.83
1990-07-16 09:00:00+00:00,373.0,98.68,308.0,14.6,2.76
1990-07-16 10:00:00+00:00,446.0,120.81,356.0,16.12,2.83
1990-07-16 11:00:00+00:00,619.0,338.29,348.0,17.25,3.03
1990-07-16 12:00:00+00:00,784.0,716.72,194.0,18.43,3.66
1990-07-16 13:00:00+00:00,778.0,740.94,178.0,19.24,4.0
1990-07-16 14:00:00+00:00,698.0,640.61,210.0,19.74,3.86
1990-07-16 15:00:00+00:00,600.0,568.54,212.0,20.22,4.0
1990-07-16 16:00:00+00:00,272.0,43.31,247.0,20.49,4.76
1990-07-16 17:00:00+00:00,65.0,0.0,65.0,19.75,4.9
1990-07-16 18:00:00+00:00,35.0,0.0,35.0,18.33,4.34
1990-07-16 19:00:00+00:00,18.0,0.0,18.0,17.63,2.97
1990-07-16 20:00:00+00:00,2.0,0.0,2.0,16.79,2.41
1990-07-16 21:00:00+00:00,0.0,0.0,0.0,16.09,2.48
1990-07-16 22:00:00+00:00,0.0,0.0,0.0,15.79,2.62
1990-07-16 23:00:00+00:00,0.0,0.0,0.0,15.57,2.41
1990-07-17 00:00:00+00:00,0.0,0.0,0.0,15.04,2.07
1990-07-17 01:00:00+00:00,0.0,0.0,0.0,14.79,2.34
1990-07-17 02:00:00+00:00,0.0,0.0,0.0,14.73,2.55
1990-07-17 03:00:00+00:00,0.0,0.0,0.0,14.87,2.62
1990-07-17 04:00:00+00:00,1.0,0.0,1.0,14.84,2.76
1990-07-17 05:00:00+00:00,9.0,0.0,9.0,14.78,2.76
1990-07-17 06:00:00+00:00,32.0,0.0,32.0,15.01,2.9
1990-07-17 07:00:00+00:00,84.0,0.0,84.0,16.08,2.9
1990-07-17 08:00:00+00:00,205.0,10.99,199.0,16.91,2.69
1990-07-17 09:00:00+00:00,185.0,0.0,185.0,17.86,3.24
1990-07-17 10:00:00+00:00,160.0,0.0,160.0,18.69,3.86
1990-07-17 11:00:00+00:00,314.0,10.01,306.0,20.44,4.21
1990-07-17 12:00:00+00:00,542.0,181.37,393.0,21.99,4.0
1990-07-17 13:00:00+00:00,419.0,59.39,371.0,23.06,4.07
1990-07-17 14:00:00+00:00,499.0,181.54,361.0,23.89,4.28
1990-07-17 15:00:00+00:00,425.0,152.76,321.0,24.1,4.28
1990-07-17 16:00:00+00:00,190.0,3.48,188.0,23.93,4.34
1990-07-17 17:00:00+00:00,231.0,77.54,196.0,23.28,3.79
1990-07-17 18:00:00+00:00,126.0,28.4,117.0,22.54,3.03
1990-07-17 19:00:00+00:00,51.0,5.51,50.0,21.82,3.03
1990-07-17 20:00:00+00:00,2.0,0.0,2.0,20.43,2.62
1990-07-17 21:00:00+00:00,0.0,0.0,0.0,19.24,2.55
1990-07-17 22:00:00+00:00,0.0,0.0,0.0,18.34,2.62
1990-07-17 23:00:00+00:00,0.0,0.0,0.0,17.61,2.48
1990-07-18 00:00:00+00:00,0.0,0.0,0.0,17.05,2.41
1990-07-18 01:00:00+00:00,0.0,0.0,0.0,16.68,2.28
1990-07-18 02:00:00+00:00,0.0,0.0,0.0,16.51,2.28
1990-07-18 03:00:00+00:00,0.0,0.0,0.0,16.13,2.28
1990-07-18 04:00:00+00:00,0.0,0.0,0.0,15.65,2.21
1990-07-18 05:00:00+00:00,69.0,102.87,54.0,15.75,2.14
1990-07-18 06:00:00+00:00,170.0,196.16,115.0,17.01,1.93
1990-07-18 07:00:00+00:00,280.0,252.32,175.0,18.73,2.21
1990-07-18 08:00:00+00:00,483.0,632.58,139.0,20.3,2.48
1990-07-18 09:00:00+00:00,606.0,694.98,151.0,21.99,2.76
1990-07-18 10:00:00+00:00,709.0,755.47,149.0,23.52,3.38
1990-07-18 11:00:00+00:00,773.0,776.1,154.0,24.86,3.59
1990-07-18 12:00:00+00:00,799.0,783.09,157.0,26.03,3.72
1990-07-18 13:00:00+00:00,779.0,763.8,163.0,26.84,3.86
1990-07-18 14:00:00+00:00,729.0,762.05,151.0,27.38,3.86
1990-07-18 15:00:00+00:00,643.0,746.62,136.0,27.61,3.79
1990-07-18 16:00:00+00:00,518.0,660.7,139.0,27.43,4.0
1990-07-18 17:00:00+00:00,374.0,534.04,134.0,26.9,3.93
1990-07-18 18:00:00+00:00,183.0,158.81,133.0,26.07,3.31
1990-07-18 19:00:00+00:00,92.0,128.43,69.0,25.06,2.83
1990-07-18 20:00:00+00:00,2.0,0.0,2.0,23.39,2.41
1990-07-18 21:00:00+00:00,0.0,0.0,0.0,21.99,2.62
1990-07-18 22:00:00+00:00,0.0,0.0,0.0,21.04,2.41
1990-07-18 23:00:00+00:00,0.0,0.0,0.0,19.93,2.07
1990-07-19 00:00:00+00:00,0.0,0.0,0.0,18.56,1.93
1990-07-19 01:00:00+00:00,0.0,0.0,0.0,17.32,1.93
1990-07-19 02:00:00+00:00,0.0,0.0,0.0,16.49,1.93
1990-07-19 03:00:00+00:00,0.0,0.0,0.0,15.96,1.72
1990-07-19 04:00:00+00:00,0.0,0.0,0.0,15.13,2.07
1990-07-19 05:00:00+00:00,33.0,0.0,33.0,16.07,1.93
1990-07-19 06:00:00+00:00,124.0,54.0,109.0,17.74,1.38
1990-07-19 07:00:00+00:00,62.0,0.0,62.0,20.46,1.38
1990-07-19 08:00:00+00:00,123.0,0.0,123.0,23.39,1.45
1990-07-19 09:00:00+00:00,501.0,358.57,267.0,25.57,1.59
1990-07-19 10:00:00+00:00,248.0,2.71,246.0,27.28,2.14
1990-07-19 11:00:00+00:00,617.0,349.37,339.0,28.05,2.34
1990-07-19 12:00:00+00:00,568.0,223.7,385.0,28.47,1.38
1990-07-19 13:00:00+00:00,541.0,197.58,382.0,29.3,1.31
1990-07-19 14:00:00+00:00,578.0,335.66,324.0,29.45,0.9
1990-07-19 15:00:00+00:00,481.0,261.36,304.0,29.17,0.76
1990-07-19 16:00:00+00:00,148.0,0.0,148.0,28.52,1.17
1990-07-19 17:00:00+00:00,79.0,0.0,79.0,27.6,1.66
1990-07-19 18:00:00+00:00,45.0,0.0,45.0,26.51,2.62
1990-07-19 19:00:00+00:00,50.0,5.66,49.0,25.02,1.31
1990-07-19 20:00:00+00:00,2.0,0.0,2.0,24.02,1.1
1990-07-19 21:00:00+00:00,0.0,0.0,0.0,22.73,1.38
1990-07-19 22:00:00+00:00,0.0,0.0,0.0,21.61,2.41
1990-07-19 23:00:00+00:00,0.0,0.0,0.0,20.24,2.76
1990-07-20 00:00:00+00:00,0.0,0.0,0.0,19.08,1.31
1990-07-20 01:00:00+00:00,0.0,0.0,0.0,17.85,0.41
1990-07-20 02:00:00+00:00,0.0,0.0,0.0,16.9,0.34
1990-07-20 03:00:00+00:00,0.0,0.0,0.0,16.1,0.55
1990-07-20 04:00:00+00:00,0.0,0.0,0.0,15.52,1.1
1990-07-20 05:00:00+00:00,53.0,35.65,48.0,15.46,1.86
1990-07-20 06:00:00+00:00,217.0,505.19,78.0,15.76,2.48
1990-07-20 07:00:00+00:00,296.0,325.86,162.0,16.29,0.62
1990-07-20 08:00:00+00:00,288.0,83.45,243.0,16.63,0.28
1990-07-20 09:00:00+00:00,432.0,201.4,301.0,16.83,0.34
1990-07-20 10:00:00+00:00,541.0,286.19,330.0,16.97,0.48
1990-07-20 11:00:00+00:00,507.0,157.47,382.0,17.3,0.69
1990-07-20 12:00:00+00:00,704.0,510.9,287.0,17.95,1.24
1990-07-20 13:00:00+00:00,469.0,105.86,384.0,18.53,2.07
1990-07-20 14:00:00+00:00,403.0,70.21,350.0,19.04,2.76
1990-07-20 15:00:00+00:00,485.0,270.98,302.0,19.53,2.97
1990-07-20 16:00:00+00:00,511.0,645.94,143.0,19.8,3.03
1990-07-20 17:00:00+00:00,386.0,615.43,112.0,19.82,3.03
1990-07-20 18:00:00+00:00,240.0,464.01,96.0,19.47,2.76
1990-07-20 19:00:00+00:00,113.0,304.16,60.0,19.23,0.48
1990-07-20 20:00:00+00:00,10.0,0.0,10.0,17.97,0.62
1990-07-20 21:00:00+00:00,0.0,0.0,0.0,16.47,1.38
1990-07-20 22:00:00+00:00,0.0,0.0,0.0,15.26,1.93
1990-07-20 23:00:00+00:00,0.0,0.0,0.0,14.22,2.21
1990-07-21 00:00:00+00:00,0.0,0.0,0.0,13.58,2.48
1990-07-21 01:00:00+00:00,0.0,0.0,0.0,12.99,2.62
1990-07-21 02:00:00+00:00,0.0,0.0,0.0,12.58,2.69
1990-07-21 03:00:00+00:00,0.0,0.0,0.0,12.28,2.55
1990-07-21 04:00:00+00:00,0.0,0.0,0.0,12.03,2.14
1990-07-21 05:00:00+00:00,8.0,0.0,8.0,11.98,1.79
1990-07-21 06:00:00+00:00,84.0,3.67,83.0,12.82,1.52
1990-07-21 07:00:00+00:00,182.0,36.7,167.0,13.67,1.03
1990-07-21 08:00:00+00:00,288.0,81.96,244.0,14.24,0.83
1990-07-21 09:00:00+00:00,309.0,40.11,283.0,14.67,0.9
1990-07-21 10:00:00+00:00,418.0,92.49,350.0,15.04,1.17
1990-07-21 11:00:00+00:00,524.0,178.07,383.0,15.31,1.72
1990-07-21 12:00:00+00:00,500.0,126.49,397.0,15.25,2.28
1990-07-21 13:00:00+00:00,338.0,16.23,325.0,15.23,2.48
1990-07-21 14:00:00+00:00,464.0,132.81,364.0,15.67,2.76
1990-07-21 15:00:00+00:00,310.0,32.67,288.0,15.67,2.83
1990-07-21 16:00:00+00:00,281.0,52.85,251.0,15.81,2.9
1990-07-21 17:00:00+00:00,217.0,58.69,191.0,15.61,2.83
1990-07-21 18:00:00+00:00,57.0,0.0,57.0,15.42,2.69
1990-07-21 19:00:00+00:00,29.0,0.0,29.0,14.86,3.03
1990-07-21 20:00:00+00:00,5.0,0.0,5.0,14.6,2.41
1990-07-21 21:00:00+00:00,0.0,0.0,0.0,14.22,2.07
1990-07-21 22:00:00+00:00,0.0,0.0,0.0,13.95,2.41
1990-07-21 23:00:00+00:00,0.0,0.0,0.0,13.68,2.28
1990-07-22 00:00:00+00:00,0.0,0.0,0.0,13.47,2.34
1990-07-22 01:00:00+00:00,0.0,0.0,0.0,13.17,2.55
1990-07-22 02:00:00+00:00,0.0,0.0,0.0,12.95,2.83
1990-07-22 03:00:00+00:00,0.0,0.0,0.0,12.76,2.76
1990-07-22 04:00:00+00:00,0.0,0.0,0.0,12.64,2.83
1990-07-22 05:00:00+00:00,15.0,0.0,15.0,12.52,2.9
1990-07-22 06:00:00+00:00,120.0,51.92,106.0,12.46,3.03
1990-07-22 07:00:00+00:00,116.0,0.0,116.0,12.56,3.31
1990-07-22 08:00:00+00:00,143.0,0.0,143.0,12.57,3.52
1990-07-22 09:00:00+00:00,101.0,0.0,101.0,12.65,3.38
1990-07-22 10:00:00+00:00,137.0,0.0,137.0,12.89,3.03
1990-07-22 11:00:00+00:00,278.0,3.8,275.0,13.26,3.24
1990-07-22 12:00:00+00:00,239.0,0.0,239.0,13.38,3.45
1990-07-22 13:00:00+00:00,308.0,8.76,301.0,13.89,3.31
1990-07-22 14:00:00+00:00,210.0,0.0,210.0,14.22,3.24
1990-07-22 15:00:00+00:00,170.0,0.0,170.0,14.37,3.17
1990-07-22 16:00:00+00:00,386.0,235.22,253.0,14.41,3.03
1990-07-22 17:00:00+00:00,137.0,2.27,136.0,14.29,3.1
1990-07-22 18:00:00+00:00,44.0,0.0,44.0,14.27,3.03
1990-07-22 19:00:00+00:00,20.0,0.0,20.0,14.8,2.34
1990-07-22 20:00:00+00:00,1.0,0.0,1.0,14.33,2.41
1990-07-22 21:00:00+00:00,0.0,0.0,0.0,13.96,2.69
1990-07-22 22:00:00+00:00,0.0,0.0,0.0,13.71,2.55
1990-07-22 23:00:00+00:00,0.0,0.0,0.0,13.51,2.28
1990-07-23 00:00:00+00:00,0.0,0.0,0.0,13.54,2.07
1990-07-23 01:00:00+00:00,0.0,0.0,0.0,13.27,1.79
1990-07-23 02:00:00+00:00,0.0,0.0,0.0,12.88,1.66
1990-07-23 03:00:00+00:00,0.0,0.0,0.0,12.71,1.52
1990-07-23 04:00:00+00:00,0.0,0.0,0.0,12.89,1.31
1990-07-23 05:00:00+00:00,7.0,0.0,7.0,12.64,1.24
1990-07-23 06:00:00+00:00,70.0,0.0,70.0,13.23,1.1
1990-07-23 07:00:00+00:00,118.0,2.48,117.0,14.92,2.55
1990-07-23 08:00:00+00:00,270.0,67.67,234.0,16.07,2.76
1990-07-23 09:00:00+00:00,423.0,194.21,298.0,16.74,2.62
1990-07-23 10:00:00+00:00,295.0,13.68,285.0,17.82,3.03
1990-07-23 11:00:00+00:00,259.0,1.27,258.0,18.13,3.03
1990-07-23 12:00:00+00:00,268.0,1.23,267.0,18.0,3.24
1990-07-23 13:00:00+00:00,237.0,0.0,237.0,18.29,4.28
1990-07-23 14:00:00+00:00,296.0,12.02,287.0,18.05,4.76
1990-07-23 15:00:00+00:00,269.0,14.95,259.0,17.58,3.93
1990-07-23 16:00:00+00:00,197.0,5.33,194.0,17.19,3.66
1990-07-23 17:00:00+00:00,196.0,38.79,179.0,17.25,4.0
1990-07-23 18:00:00+00:00,39.0,0.0,39.0,17.26,4.34
1990-07-23 19:00:00+00:00,16.0,0.0,16.0,17.1,4.62
1990-07-23 20:00:00+00:00,1.0,0.0,1.0,17.03,4.34
1990-07-23 21:00:00+00:00,0.0,0.0,0.0,16.72,4.34
1990-07-23 22:00:00+00:00,0.0,0.0,0.0,16.68,4.9
1990-07-23 23:00:00+00:00,0.0,0.0,0.0,16.8,5.52
1990-07-24 00:00:00+00:00,0.0,0.0,0.0,16.82,5.93
1990-07-24 01:00:00+00:00,0.0,0.0,0.0,16.82,6.28
1990-07-24 02:00:00+00:00,0.0,0.0,0.0,16.84,6.41
1990-07-24 03:00:00+00:00,0.0,0.0,0.0,16.79,6.21
1990-07-24 04:00:00+00:00,0.0,0.0,0.0,16.25,5.86
1990-07-24 05:00:00+00:00,16.0,0.0,16.0,15.82,5.72
1990-07-24 06:00:00+00:00,87.0,11.37,84.0,15.75,5.38
1990-07-24 07:00:00+00:00,205.0,82.35,172.0,16.55,5.31
1990-07-24 08:00:00+00:00,317.0,143.55,241.0,16.77,5.24
1990-07-24 09:00:00+00:00,435.0,223.0,292.0,17.78,5.52
1990-07-24 10:00:00+00:00,186.0,0.0,186.0,18.4,5.45
1990-07-24 11:00:00+00:00,199.0,0.0,199.0,19.21,5.31
1990-07-24 12:00:00+00:00,301.0,6.19,296.0,19.83,5.38
1990-07-24 13:00:00+00:00,466.0,109.45,379.0,20.25,5.38
1990-07-24 14:00:00+00:00,407.0,80.35,347.0,19.41,6.0
1990-07-24 15:00:00+00:00,473.0,260.93,299.0,19.88,5.93
1990-07-24 16:00:00+00:00,134.0,0.0,134.0,19.72,5.66
1990-07-24 17:00:00+00:00,282.0,211.16,190.0,18.64,4.83
1990-07-24 18:00:00+00:00,77.0,0.0,77.0,17.6,4.97
1990-07-24 19:00:00+00:00,46.0,6.12,45.0,17.25,5.45
1990-07-24 20:00:00+00:00,3.0,0.0,3.0,16.61,5.17
1990-07-24 21:00:00+00:00,0.0,0.0,0.0,16.13,5.1
1990-07-24 22:00:00+00:00,0.0,0.0,0.0,15.79,4.83
1990-07-24 23:00:00+00:00,0.0,0.0,0.0,15.62,4.55
1990-07-25 00:00:00+00:00,0.0,0.0,0.0,15.51,4.14
1990-07-25 01:00:00+00:00,0.0,0.0,0.0,15.07,3.79
1990-07-25 02:00:00+00:00,0.0,0.0,0.0,14.9,3.45
1990-07-25 03:00:00+00:00,0.0,0.0,0.0,14.79,3.38
1990-07-25 04:00:00+00:00,0.0,0.0,0.0,14.73,3.59
1990-07-25 05:00:00+00:00,64.0,143.71,46.0,14.62,3.66
1990-07-25 06:00:00+00:00,136.0,107.29,108.0,14.54,3.31
1990-07-25 07:00:00+00:00,80.0,0.0,80.0,14.9,4.69
1990-07-25 08:00:00+00:00,128.0,0.0,128.0,15.51,4.55
1990-07-25 09:00:00+00:00,115.0,0.0,115.0,16.23,4.34
1990-07-25 10:00:00+00:00,172.0,0.0,172.0,17.06,4.07
1990-07-25 11:00:00+00:00,0.0,0.0,0.0,17.39,4.28
1990-07-25 12:00:00+00:00,160.0,0.0,160.0,15.86,5.31
1990-07-25 13:00:00+00:00,267.0,2.52,265.0,15.35,5.45
1990-07-25 14:00:00+00:00,162.0,0.0,162.0,14.81,3.24
1990-07-25 15:00:00+00:00,238.0,6.02,234.0,15.3,2.83
1990-07-25 16:00:00+00:00,165.0,0.0,165.0,15.85,2.69
1990-07-25 17:00:00+00:00,157.0,9.24,153.0,16.09,2.28
1990-07-25 18:00:00+00:00,55.0,0.0,55.0,16.0,1.93
1990-07-25 19:00:00+00:00,17.0,0.0,17.0,14.88,2.07
1990-07-25 20:00:00+00:00,1.0,0.0,1.0,14.3,2.07
1990-07-25 21:00:00+00:00,0.0,0.0,0.0,13.71,1.86
1990-07-25 22:00:00+00:00,0.0,0.0,0.0,13.25,1.31
1990-07-25 23:00:00+00:00,0.0,0.0,0.0,12.76,1.03
1990-07-26 00:00:00+00:00,0.0,0.0,0.0,12.45,1.31
1990-07-26 01:00:00+00:00,0.0,0.0,0.0,12.32,1.72
1990-07-26 02:00:00+00:00,0.0,0.0,0.0,12.13,1.93
1990-07-26 03:00:00+00:00,0.0,0.0,0.0,11.92,2.07
1990-07-26 04:00:00+00:00,0.0,0.0,0.0,11.63,2.34
1990-07-26 05:00:00+00:00,34.0,8.19,33.0,11.38,2.48
1990-07-26 06:00:00+00:00,156.0,189.93,107.0,11.36,2.76
1990-07-26 07:00:00+00:00,334.0,551.7,116.0,11.97,2.69
1990-07-26 08:00:00+00:00,416.0,404.43,204.0,12.98,2.62
1990-07-26 09:00:00+00:00,568.0,583.02,197.0,13.96,2.62
1990-07-26 10:00:00+00:00,568.0,352.23,313.0,14.7,2.41
1990-07-26 11:00:00+00:00,569.0,257.35,368.0,15.1,2.34
1990-07-26 12:00:00+00:00,489.0,118.2,394.0,15.56,2.34
1990-07-26 13:00:00+00:00,406.0,51.87,365.0,15.9,2.55
1990-07-26 14:00:00+00:00,271.0,5.39,267.0,16.17,2.76
1990-07-26 15:00:00+00:00,314.0,37.76,289.0,16.23,2.97
1990-07-26 16:00:00+00:00,144.0,0.0,144.0,16.27,3.17
1990-07-26 17:00:00+00:00,163.0,13.94,157.0,16.05,3.24
1990-07-26 18:00:00+00:00,95.0,6.79,93.0,15.7,3.03
1990-07-26 19:00:00+00:00,32.0,0.0,32.0,15.42,3.03
1990-07-26 20:00:00+00:00,1.0,0.0,1.0,14.74,2.9
1990-07-26 21:00:00+00:00,0.0,0.0,0.0,13.93,2.83
1990-07-26 22:00:00+00:00,0.0,0.0,0.0,13.01,2.9
1990-07-26 23:00:00+00:00,0.0,0.0,0.0,12.25,2.9
1990-07-27 00:00:00+00:00,0.0,0.0,0.0,11.51,2.55
1990-07-27 01:00:00+00:00,0.0,0.0,0.0,10.78,2.21
1990-07-27 02:00:00+00:00,0.0,0.0,0.0,10.07,2.0
1990-07-27 03:00:00+00:00,0.0,0.0,0.0,9.43,2.0
1990-07-27 04:00:00+00:00,0.0,0.0,0.0,8.65,2.0
1990-07-27 05:00:00+00:00,67.0,201.98,43.0,8.26,1.86
1990-07-27 06:00:00+00:00,183.0,360.89,91.0,9.83,1.59
1990-07-27 07:00:00+00:00,324.0,507.3,125.0,11.67,1.17
1990-07-27 08:00:00+00:00,473.0,650.05,134.0,13.06,0.83
1990-07-27 09:00:00+00:00,574.0,616.91,183.0,14.27,0.41
1990-07-27 10:00:00+00:00,584.0,396.38,298.0,15.32,0.28
1990-07-27 11:00:00+00:00,587.0,295.36,357.0,15.97,0.28
1990-07-27 12:00:00+00:00,644.0,374.33,344.0,16.45,0.41
1990-07-27 13:00:00+00:00,677.0,479.61,299.0,17.13,0.83
1990-07-27 14:00:00+00:00,613.0,429.86,295.0,17.51,1.1
1990-07-27 15:00:00+00:00,460.0,228.93,309.0,17.16,1.86
1990-07-27 16:00:00+00:00,417.0,327.25,236.0,16.66,2.69
1990-07-27 17:00:00+00:00,220.0,72.51,189.0,16.16,3.1
1990-07-27 18:00:00+00:00,80.0,0.0,80.0,15.55,3.1
1990-07-27 19:00:00+00:00,52.0,19.47,49.0,15.09,2.83
1990-07-27 20:00:00+00:00,1.0,0.0,1.0,14.48,2.55
1990-07-27 21:00:00+00:00,0.0,0.0,0.0,13.74,2.55
1990-07-27 22:00:00+00:00,0.0,0.0,0.0,13.29,2.48
1990-07-27 23:00:00+00:00,0.0,0.0,0.0,13.0,2.21
1990-07-28 00:00:00+00:00,0.0,0.0,0.0,12.67,1.93
1990-07-28 01:00:00+00:00,0.0,0.0,0.0,12.35,1.72
1990-07-28 02:00:00+00:00,0.0,0.0,0.0,11.72,1.59
1990-07-28 03:00:00+00:00,0.0,0.0,0.0,10.95,1.38
1990-07-28 04:00:00+00:00,0.0,0.0,0.0,10.41,1.31
1990-07-28 05:00:00+00:00,37.0,17.31,35.0,10.36,1.38
1990-07-28 06:00:00+00:00,94.0,23.83,88.0,12.0,1.59
1990-07-28 07:00:00+00:00,146.0,15.41,140.0,13.34,2.14
1990-07-28 08:00:00+00:00,188.0,7.71,184.0,14.26,2.07
1990-07-28 09:00:00+00:00,208.0,3.17,206.0,15.47,2.07
1990-07-28 10:00:00+00:00,119.0,0.0,119.0,16.28,2.14
1990-07-28 11:00:00+00:00,174.0,0.0,174.0,16.68,2.21
1990-07-28 12:00:00+00:00,253.0,1.25,252.0,16.63,2.21
1990-07-28 13:00:00+00:00,128.0,0.0,128.0,16.49,2.34
1990-07-28 14:00:00+00:00,266.0,5.43,262.0,17.21,2.34
1990-07-28 15:00:00+00:00,368.0,92.84,307.0,17.64,2.48
1990-07-28 16:00:00+00:00,177.0,1.82,176.0,17.23,2.83
1990-07-28 17:00:00+00:00,109.0,0.0,109.0,15.87,2.62
1990-07-28 18:00:00+00:00,56.0,0.0,56.0,15.55,2.07
1990-07-28 19:00:00+00:00,10.0,0.0,10.0,15.35,1.86
1990-07-28 20:00:00+00:00,0.0,0.0,0.0,14.54,1.52
1990-07-28 21:00:00+00:00,0.0,0.0,0.0,14.07,1.17
1990-07-28 22:00:00+00:00,0.0,0.0,0.0,13.75,1.17
1990-07-28 23:00:00+00:00,0.0,0.0,0.0,13.52,1.24
1990-07-29 00:00:00+00:00,0.0,0.0,0.0,13.39,1.45
1990-07-29 01:00:00+00:00,0.0,0.0,0.0,13.35,1.45
1990-07-29 02:00:00+00:00,0.0,0.0,0.0,13.36,1.66
1990-07-29 03:00:00+00:00,0.0,0.0,0.0,13.29,1.72
1990-07-29 04:00:00+00:00,0.0,0.0,0.0,13.32,1.79
1990-07-29 05:00:00+00:00,19.0,0.0,19.0,13.25,1.72
1990-07-29 06:00:00+00:00,104.0,40.22,94.0,13.44,1.59
1990-07-29 07:00:00+00:00,305.0,452.93,130.0,14.28,0.97
1990-07-29 08:00:00+00:00,475.0,701.61,113.0,15.35,1.52
1990-07-29 09:00:00+00:00,574.0,655.47,162.0,16.63,2.14
1990-07-29 10:00:00+00:00,468.0,175.85,342.0,17.73,2.62
1990-07-29 11:00:00+00:00,657.0,478.14,287.0,18.73,2.9
1990-07-29 12:00:00+00:00,725.0,606.33,242.0,19.23,3.17
1990-07-29 13:00:00+00:00,623.0,372.8,331.0,19.38,3.31
1990-07-29 14:00:00+00:00,372.0,53.08,333.0,19.36,3.24
1990-07-29 15:00:00+00:00,546.0,470.7,238.0,19.36,3.31
1990-07-29 16:00:00+00:00,398.0,295.88,236.0,19.5,3.45
1990-07-29 17:00:00+00:00,306.0,322.59,170.0,19.26,3.17
1990-07-29 18:00:00+00:00,174.0,192.91,119.0,19.14,3.24
1990-07-29 19:00:00+00:00,31.0,0.0,31.0,18.6,2.97
1990-07-29 20:00:00+00:00,0.0,0.0,0.0,17.75,3.03
1990-07-29 21:00:00+00:00,0.0,0.0,0.0,16.92,3.38
1990-07-29 22:00:00+00:00,0.0,0.0,0.0,16.23,3.52
1990-07-29 23:00:00+00:00,0.0,0.0,0.0,15.63,3.45
1990-07-30 00:00:00+00:00,0.0,0.0,0.0,15.14,3.72
1990-07-30 01:00:00+00:00,0.0,0.0,0.0,14.84,4.07
1990-07-30 02:00:00+00:00,0.0,0.0,0.0,14.81,4.28
1990-07-30 03:00:00+00:00,0.0,0.0,0.0,14.8,4.55
1990-07-30 04:00:00+00:00,0.0,0.0,0.0,14.84,4.76
1990-07-30 05:00:00+00:00,16.0,0.0,16.0,14.95,4.55
1990-07-30 06:00:00+00:00,147.0,195.57,99.0,15.24,4.21
1990-07-30 07:00:00+00:00,92.0,0.0,92.0,15.81,4.76
1990-07-30 08:00:00+00:00,265.0,72.11,228.0,16.22,4.9
1990-07-30 09:00:00+00:00,315.0,57.52,279.0,16.65,5.38
1990-07-30 10:00:00+00:00,453.0,158.28,340.0,17.07,5.52
1990-07-30 11:00:00+00:00,628.0,413.58,309.0,17.53,5.31
1990-07-30 12:00:00+00:00,738.0,662.39,212.0,18.03,5.17
1990-07-30 13:00:00+00:00,503.0,162.67,376.0,18.33,5.1
1990-07-30 14:00:00+00:00,511.0,230.84,342.0,19.14,5.38
1990-07-30 15:00:00+00:00,518.0,399.03,258.0,19.28,5.03
1990-07-30 16:00:00+00:00,375.0,244.21,242.0,19.36,4.97
1990-07-30 17:00:00+00:00,198.0,52.57,176.0,19.05,4.62
1990-07-30 18:00:00+00:00,95.0,10.65,92.0,18.25,4.34
1990-07-30 19:00:00+00:00,13.0,0.0,13.0,17.73,3.24
1990-07-30 20:00:00+00:00,0.0,0.0,0.0,16.65,2.97
1990-07-30 21:00:00+00:00,0.0,0.0,0.0,15.61,2.76
1990-07-30 22:00:00+00:00,0.0,0.0,0.0,14.78,2.55
1990-07-30 23:00:00+00:00,0.0,0.0,0.0,13.94,2.48
1990-07-31 00:00:00+00:00,0.0,0.0,0.0,13.06,2.34
1990-07-31 01:00:00+00:00,0.0,0.0,0.0,12.42,2.07
1990-07-31 02:00:00+00:00,0.0,0.0,0.0,12.12,1.86
1990-07-31 03:00:00+00:00,0.0,0.0,0.0,11.73,1.52
1990-07-31 04:00:00+00:00,0.0,0.0,0.0,11.16,1.17
1990-07-31 05:00:00+00:00,12.0,0.0,12.0,11.39,0.97
1990-07-31 06:00:00+00:00,66.0,0.0,66.0,12.44,1.24
1990-07-31 07:00:00+00:00,84.0,0.0,84.0,13.22,3.45
1990-07-31 08:00:00+00:00,117.0,0.0,117.0,13.4,3.66
1990-07-31 09:00:00+00:00,165.0,0.0,165.0,13.8,3.59
1990-07-31 10:00:00+00:00,109.0,0.0,109.0,13.79,3.38
1990-07-31 11:00:00+00:00,144.0,0.0,144.0,13.78,3.31
1990-07-31 12:00:00+00:00,210.0,0.0,210.0,13.58,3.17
1990-07-31 13:00:00+00:00,193.0,0.0,193.0,13.81,3.17
1990-07-31 14:00:00+00:00,285.0,9.6,278.0,14.13,2.9
1990-07-31 15:00:00+00:00,528.0,417.74,257.0,14.17,2.9
1990-07-31 16:00:00+00:00,445.0,456.06,198.0,14.49,1.91
1990-07-31 17:00:00+00:00,339.0,481.6,139.0,14.28,2.07
1990-07-31 18:00:00+00:00,179.0,229.88,115.0,14.07,2.23
1990-07-31 19:00:00+00:00,88.0,270.84,50.0,13.85,2.4
1990-07-31 20:00:00+00:00,0.0,0.0,0.0,13.64,2.56
1990-07-31 21:00:00+00:00,0.0,0.0,0.0,13.43,2.72
1990-07-31 22:00:00+00:00,0.0,0.0,0.0,13.21,2.88
1990-07-31 23:00:00+00:00,0.0,0.0,0.0,13.0,3.05
1990-08-01 00:00:00+00:00,0.0,0.0,0.0,12.78,3.21
1990-08-01 01:00:00+00:00,0.0,0.0,0.0,12.57,3.37
1990-08-01 02:00:00+00:00,0.0,0.0,0.0,12.36,3.54
1990-08-01 03:00:00+00:00,0.0,0.0,0.0,12.14,3.7
1990-08-01 04:00:00+00:00,0.0,0.0,0.0,11.93,3.86
1990-08-01 05:00:00+00:00,46.0,98.24,36.0,11.72,4.03
1990-08-01 06:00:00+00:00,163.0,318.17,87.0,11.5,4.19
1990-08-01 07:00:00+00:00,231.0,174.99,165.0,11.29,4.35
1990-08-01 08:00:00+00:00,331.0,197.13,231.0,13.67,4.41
1990-08-01 09:00:00+00:00,405.0,185.39,290.0,14.57,3.93
1990-08-01 10:00:00+00:00,502.0,245.56,328.0,15.02,3.24
1990-08-01 11:00:00+00:00,427.0,82.24,364.0,15.69,2.97
1990-08-01 12:00:00+00:00,590.0,291.56,360.0,16.45,2.83
1990-08-01 13:00:00+00:00,275.0,3.87,272.0,17.25,2.9
1990-08-01 14:00:00+00:00,64.0,0.0,64.0,17.68,3.17
1990-08-01 15:00:00+00:00,106.0,0.0,106.0,17.83,3.17
1990-08-01 16:00:00+00:00,302.0,100.28,248.0,17.96,2.83
1990-08-01 17:00:00+00:00,219.0,89.81,182.0,17.48,1.93
1990-08-01 18:00:00+00:00,79.0,3.64,78.0,16.02,1.66
1990-08-01 19:00:00+00:00,12.0,0.0,12.0,14.22,1.86
1990-08-01 20:00:00+00:00,0.0,0.0,0.0,13.56,1.72
1990-08-01 21:00:00+00:00,0.0,0.0,0.0,12.99,1.66
1990-08-01 22:00:00+00:00,0.0,0.0,0.0,12.69,1.93
1990-08-01 23:00:00+00:00,0.0,0.0,0.0,12.46,1.86
1990-08-02 00:00:00+00:00,0.0,0.0,0.0,12.24,1.93
1990-08-02 01:00:00+00:00,0.0,0.0,0.0,11.73,1.45
1990-08-02 02:00:00+00:00,0.0,0.0,0.0,11.12,1.1
1990-08-02 03:00:00+00:00,0.0,0.0,0.0,10.78,0.97
1990-08-02 04:00:00+00:00,0.0,0.0,0.0,11.29,0.76
1990-08-02 05:00:00+00:00,19.0,0.0,19.0,11.25,0.76
1990-08-02 06:00:00+00:00,74.0,8.49,72.0,11.35,0.69
1990-08-02 07:00:00+00:00,170.0,45.45,153.0,12.19,1.24
1990-08-02 08:00:00+00:00,256.0,65.44,223.0,12.76,1.1
1990-08-02 09:00:00+00:00,280.0,32.39,260.0,13.46,0.62
1990-08-02 10:00:00+00:00,231.0,1.42,230.0,14.16,0.48
1990-08-02 11:00:00+00:00,315.0,14.41,304.0,14.74,0.55
1990-08-02 12:00:00+00:00,517.0,171.72,382.0,15.35,0.41
1990-08-02 13:00:00+00:00,312.0,11.65,303.0,15.32,0.69
1990-08-02 14:00:00+00:00,389.0,70.47,338.0,15.92,0.62
1990-08-02 15:00:00+00:00,357.0,88.68,300.0,15.92,0.83
1990-08-02 16:00:00+00:00,205.0,11.21,199.0,15.86,0.97
1990-08-02 17:00:00+00:00,74.0,0.0,74.0,15.75,1.31
1990-08-02 18:00:00+00:00,43.0,0.0,43.0,15.55,1.59
1990-08-02 19:00:00+00:00,45.0,22.59,42.0,14.9,1.31
1990-08-02 20:00:00+00:00,0.0,0.0,0.0,14.17,1.59
1990-08-02 21:00:00+00:00,0.0,0.0,0.0,13.17,2.28
1990-08-02 22:00:00+00:00,0.0,0.0,0.0,12.3,2.9
1990-08-02 23:00:00+00:00,0.0,0.0,0.0,11.48,2.97
1990-08-03 00:00:00+00:00,0.0,0.0,0.0,11.03,2.97
1990-08-03 01:00:00+00:00,0.0,0.0,0.0,10.85,2.97
1990-08-03 02:00:00+00:00,0.0,0.0,0.0,10.91,2.9
1990-08-03 03:00:00+00:00,0.0,0.0,0.0,11.13,2.9
1990-08-03 04:00:00+00:00,0.0,0.0,0.0,11.5,2.83
1990-08-03 05:00:00+00:00,21.0,0.0,21.0,11.82,2.97
1990-08-03 06:00:00+00:00,100.0,47.39,89.0,12.37,3.31
1990-08-03 07:00:00+00:00,191.0,80.91,161.0,13.04,3.31
1990-08-03 08:00:00+00:00,387.0,371.08,201.0,13.71,4.48
1990-08-03 09:00:00+00:00,233.0,9.76,227.0,14.24,4.69
1990-08-03 10:00:00+00:00,464.0,179.23,338.0,15.3,4.9
1990-08-03 11:00:00+00:00,493.0,160.4,371.0,16.37,5.03
1990-08-03 12:00:00+00:00,430.0,74.04,372.0,16.93,5.52
1990-08-03 13:00:00+00:00,544.0,228.63,368.0,16.92,5.93
1990-08-03 14:00:00+00:00,372.0,56.88,331.0,16.09,6.0
1990-08-03 15:00:00+00:00,301.0,37.52,277.0,15.31,5.66
1990-08-03 16:00:00+00:00,110.0,0.0,110.0,14.99,5.66
1990-08-03 17:00:00+00:00,150.0,12.34,145.0,14.43,5.31
1990-08-03 18:00:00+00:00,88.0,7.47,86.0,13.97,4.62
1990-08-03 19:00:00+00:00,55.0,69.8,46.0,13.64,4.28
1990-08-03 20:00:00+00:00,0.0,0.0,0.0,13.03,4.21
1990-08-03 21:00:00+00:00,0.0,0.0,0.0,12.35,4.07
1990-08-03 22:00:00+00:00,0.0,0.0,0.0,11.93,3.72
1990-08-03 23:00:00+00:00,0.0,0.0,0.0,11.66,3.45
1990-08-04 00:00:00+00:00,0.0,0.0,0.0,11.44,3.38
1990-08-04 01:00:00+00:00,0.0,0.0,0.0,11.38,3.24
1990-08-04 02:00:00+00:00,0.0,0.0,0.0,11.38,3.17
1990-08-04 03:00:00+00:00,0.0,0.0,0.0,11.39,2.9
1990-08-04 04:00:00+00:00,0.0,0.0,0.0,11.26,2.83
1990-08-04 05:00:00+00:00,5.0,0.0,5.0,11.29,3.03
1990-08-04 06:00:00+00:00,35.0,0.0,35.0,11.5,3.38
1990-08-04 07:00:00+00:00,88.0,0.0,88.0,12.02,3.86
1990-08-04 08:00:00+00:00,112.0,0.0,112.0,12.64,3.86
1990-08-04 09:00:00+00:00,184.0,0.0,184.0,13.36,3.59
1990-08-04 10:00:00+00:00,342.0,42.85,312.0,14.12,3.45
1990-08-04 11:00:00+00:00,441.0,98.97,366.0,14.87,3.31
1990-08-04 12:00:00+00:00,392.0,47.4,355.0,15.7,3.38
1990-08-04 13:00:00+00:00,526.0,202.12,371.0,16.13,3.45
1990-08-04 14:00:00+00:00,633.0,540.58,245.0,16.23,3.72
1990-08-04 15:00:00+00:00,553.0,529.47,216.0,16.37,4.0
1990-08-04 16:00:00+00:00,370.0,249.7,238.0,16.37,4.28
1990-08-04 17:00:00+00:00,210.0,82.19,177.0,15.94,4.69
1990-08-04 18:00:00+00:00,187.0,333.52,99.0,15.38,4.55
1990-08-04 19:00:00+00:00,35.0,8.0,34.0,14.64,4.62
1990-08-04 20:00:00+00:00,0.0,0.0,0.0,13.8,4.48
1990-08-04 21:00:00+00:00,0.0,0.0,0.0,13.02,4.55
1990-08-04 22:00:00+00:00,0.0,0.0,0.0,12.21,4.55
1990-08-04 23:00:00+00:00,0.0,0.0,0.0,11.6,4.28
1990-08-05 00:00:00+00:00,0.0,0.0,0.0,11.37,4.21
1990-08-05 01:00:00+00:00,0.0,0.0,0.0,11.04,3.93
1990-08-05 02:00:00+00:00,0.0,0.0,0.0,10.79,3.66
1990-08-05 03:00:00+00:00,0.0,0.0,0.0,10.4,3.45
1990-08-05 04:00:00+00:00,0.0,0.0,0.0,10.07,3.45
1990-08-05 05:00:00+00:00,45.0,171.9,30.0,9.83,3.45
1990-08-05 06:00:00+00:00,138.0,208.75,91.0,10.57,4.28
1990-08-05 07:00:00+00:00,119.0,5.49,117.0,11.41,4.21
1990-08-05 08:00:00+00:00,264.0,80.81,224.0,12.28,4.21
1990-08-05 09:00:00+00:00,454.0,307.27,267.0,13.44,3.93
1990-08-05 10:00:00+00:00,516.0,283.98,318.0,14.47,3.79
1990-08-05 11:00:00+00:00,297.0,9.27,290.0,15.19,3.59
1990-08-05 12:00:00+00:00,244.0,0.0,244.0,15.65,3.45
1990-08-05 13:00:00+00:00,95.0,0.0,95.0,16.18,3.52
1990-08-05 14:00:00+00:00,347.0,40.58,318.0,16.42,3.72
1990-08-05 15:00:00+00:00,292.0,33.16,271.0,16.53,3.86
1990-08-05 16:00:00+00:00,266.0,60.93,234.0,16.56,4.07
1990-08-05 17:00:00+00:00,202.0,70.38,174.0,16.26,4.21
1990-08-05 18:00:00+00:00,204.0,476.98,80.0,15.73,4.0
1990-08-05 19:00:00+00:00,69.0,206.8,44.0,14.83,4.28
1990-08-05 20:00:00+00:00,0.0,0.0,0.0,13.86,4.0
1990-08-05 21:00:00+00:00,0.0,0.0,0.0,13.2,3.59
1990-08-05 22:00:00+00:00,0.0,0.0,0.0,12.25,3.17
1990-08-05 23:00:00+00:00,0.0,0.0,0.0,11.59,3.03
1990-08-06 00:00:00+00:00,0.0,0.0,0.0,11.14,3.1
1990-08-06 01:00:00+00:00,0.0,0.0,0.0,10.75,2.9
1990-08-06 02:00:00+00:00,0.0,0.0,0.0,10.56,2.69
1990-08-06 03:00:00+00:00,0.0,0.0,0.0,10.51,2.28
1990-08-06 04:00:00+00:00,0.0,0.0,0.0,10.52,1.93
1990-08-06 05:00:00+00:00,7.0,0.0,7.0,10.51,1.72
1990-08-06 06:00:00+00:00,91.0,40.61,82.0,11.19,1.93
1990-08-06 07:00:00+00:00,57.0,0.0,57.0,12.57,2.97
1990-08-06 08:00:00+00:00,116.0,0.0,116.0,13.62,4.41
1990-08-06 09:00:00+00:00,240.0,13.21,232.0,13.97,4.21
1990-08-06 10:00:00+00:00,335.0,41.77,306.0,14.53,4.0
1990-08-06 11:00:00+00:00,516.0,210.13,358.0,14.81,4.41
1990-08-06 12:00:00+00:00,432.0,82.62,368.0,14.93,4.28
1990-08-06 13:00:00+00:00,420.0,78.86,360.0,15.28,4.83
1990-08-06 14:00:00+00:00,509.0,253.01,329.0,15.4,4.34
1990-08-06 15:00:00+00:00,258.0,15.88,248.0,15.68,3.93
1990-08-06 16:00:00+00:00,86.0,0.0,86.0,15.85,3.17
1990-08-06 17:00:00+00:00,55.0,0.0,55.0,15.7,3.45
1990-08-06 18:00:00+00:00,48.0,0.0,48.0,15.19,3.31
1990-08-06 19:00:00+00:00,31.0,8.57,30.0,15.19,2.69
1990-08-06 20:00:00+00:00,0.0,0.0,0.0,14.71,2.28
1990-08-06 21:00:00+00:00,0.0,0.0,0.0,14.33,2.0
1990-08-06 22:00:00+00:00,0.0,0.0,0.0,13.95,2.0
1990-08-06 23:00:00+00:00,0.0,0.0,0.0,13.63,1.86
1990-08-07 00:00:00+00:00,0.0,0.0,0.0,13.31,1.86
1990-08-07 01:00:00+00:00,0.0,0.0,0.0,13.32,2.0
1990-08-07 02:00:00+00:00,0.0,0.0,0.0,13.22,1.93
1990-08-07 03:00:00+00:00,0.0,0.0,0.0,13.1,1.72
1990-08-07 04:00:00+00:00,0.0,0.0,0.0,12.8,1.72
1990-08-07 05:00:00+00:00,30.0,50.18,26.0,12.66,1.72
1990-08-07 06:00:00+00:00,61.0,4.59,60.0,13.06,2.07
1990-08-07 07:00:00+00:00,285.0,481.13,113.0,13.56,2.0
1990-08-07 08:00:00+00:00,261.0,85.96,219.0,14.57,2.41
1990-08-07 09:00:00+00:00,179.0,0.0,179.0,15.4,2.48
1990-08-07 10:00:00+00:00,88.0,0.0,88.0,16.24,2.28
1990-08-07 11:00:00+00:00,303.0,13.35,293.0,17.01,2.21
1990-08-07 12:00:00+00:00,277.0,3.89,274.0,17.25,1.79
1990-08-07 13:00:00+00:00,194.0,0.0,194.0,17.65,1.31
1990-08-07 14:00:00+00:00,243.0,2.82,241.0,18.29,0.69
1990-08-07 15:00:00+00:00,525.0,483.71,222.0,18.57,0.55
1990-08-07 16:00:00+00:00,407.0,403.5,198.0,18.46,0.76
1990-08-07 17:00:00+00:00,324.0,533.01,116.0,18.03,0.62
1990-08-07 18:00:00+00:00,190.0,432.66,81.0,17.82,0.83
1990-08-07 19:00:00+00:00,45.0,53.35,39.0,15.99,1.86
1990-08-07 20:00:00+00:00,0.0,0.0,0.0,15.25,2.21
1990-08-07 21:00:00+00:00,0.0,0.0,0.0,14.58,2.34
1990-08-07 22:00:00+00:00,0.0,0.0,0.0,14.04,2.21
1990-08-07 23:00:00+00:00,0.0,0.0,0.0,13.49,2.14
1990-08-08 00:00:00+00:00,0.0,0.0,0.0,13.11,2.14
1990-08-08 01:00:00+00:00,0.0,0.0,0.0,12.92,2.14
1990-08-08 02:00:00+00:00,0.0,0.0,0.0,12.83,2.14
1990-08-08 03:00:00+00:00,0.0,0.0,0.0,12.78,2.07
1990-08-08 04:00:00+00:00,0.0,0.0,0.0,12.78,2.07
1990-08-08 05:00:00+00:00,22.0,13.18,21.0,12.84,2.07
1990-08-08 06:00:00+00:00,126.0,181.9,87.0,13.03,2.21
1990-08-08 07:00:00+00:00,278.0,440.6,122.0,13.61,2.62
1990-08-08 08:00:00+00:00,368.0,352.33,197.0,14.04,2.34
1990-08-08 09:00:00+00:00,400.0,196.9,282.0,15.26,2.21
1990-08-08 10:00:00+00:00,443.0,161.3,332.0,16.11,1.45
1990-08-08 11:00:00+00:00,475.0,150.16,363.0,16.95,1.1
1990-08-08 12:00:00+00:00,567.0,271.96,358.0,17.64,0.76
1990-08-08 13:00:00+00:00,563.0,284.96,348.0,17.89,0.48
1990-08-08 14:00:00+00:00,342.0,41.14,313.0,17.81,0.28
1990-08-08 15:00:00+00:00,435.0,232.79,290.0,17.83,0.14
1990-08-08 16:00:00+00:00,347.0,215.86,236.0,17.66,0.14
1990-08-08 17:00:00+00:00,181.0,49.19,162.0,17.32,0.28
1990-08-08 18:00:00+00:00,173.0,322.88,93.0,16.88,0.21
1990-08-08 19:00:00+00:00,10.0,0.0,10.0,16.21,0.48
1990-08-08 20:00:00+00:00,0.0,0.0,0.0,15.09,1.17
1990-08-08 21:00:00+00:00,0.0,0.0,0.0,13.8,1.72
1990-08-08 22:00:00+00:00,0.0,0.0,0.0,13.0,2.0
1990-08-08 23:00:00+00:00,0.0,0.0,0.0,12.35,2.34
1990-08-09 00:00:00+00:00,0.0,0.0,0.0,12.3,2.62
1990-08-09 01:00:00+00:00,0.0,0.0,0.0,12.17,2.9
1990-08-09 02:00:00+00:00,0.0,0.0,0.0,12.17,3.03
1990-08-09 03:00:00+00:00,0.0,0.0,0.0,11.9,3.03
1990-08-09 04:00:00+00:00,0.0,0.0,0.0,11.87,2.97
1990-08-09 05:00:00+00:00,3.0,0.0,3.0,11.89,2.76
1990-08-09 06:00:00+00:00,66.0,9.49,64.0,12.13,2.76
1990-08-09 07:00:00+00:00,43.0,0.0,43.0,12.48,3.31
1990-08-09 08:00:00+00:00,92.0,0.0,92.0,12.96,3.59
1990-08-09 09:00:00+00:00,211.0,5.03,208.0,14.4,4.69
1990-08-09 10:00:00+00:00,375.0,80.29,320.0,15.35,4.9
1990-08-09 11:00:00+00:00,202.0,0.0,202.0,15.69,4.62
1990-08-09 12:00:00+00:00,563.0,274.4,353.0,16.91,4.34
1990-08-09 13:00:00+00:00,430.0,93.18,360.0,17.25,3.86
1990-08-09 14:00:00+00:00,141.0,0.0,141.0,17.1,4.21
1990-08-09 15:00:00+00:00,212.0,3.23,210.0,16.54,3.86
1990-08-09 16:00:00+00:00,171.0,3.92,169.0,16.04,4.0
1990-08-09 17:00:00+00:00,174.0,44.47,157.0,15.44,4.07
1990-08-09 18:00:00+00:00,159.0,258.7,96.0,14.63,3.79
1990-08-09 19:00:00+00:00,64.0,279.72,35.0,14.64,3.38
1990-08-09 20:00:00+00:00,0.0,0.0,0.0,13.6,3.24
1990-08-09 21:00:00+00:00,0.0,0.0,0.0,12.82,3.03
1990-08-09 22:00:00+00:00,0.0,0.0,0.0,12.25,2.97
1990-08-09 23:00:00+00:00,0.0,0.0,0.0,11.76,2.62
1990-08-10 00:00:00+00:00,0.0,0.0,0.0,11.18,2.34
1990-08-10 01:00:00+00:00,0.0,0.0,0.0,10.85,2.14
1990-08-10 02:00:00+00:00,0.0,0.0,0.0,10.48,2.07
1990-08-10 03:00:00+00:00,0.0,0.0,0.0,10.22,1.93
1990-08-10 04:00:00+00:00,0.0,0.0,0.0,9.9,1.93
1990-08-10 05:00:00+00:00,13.0,0.0,13.0,9.93,1.86
1990-08-10 06:00:00+00:00,115.0,149.73,84.0,10.56,1.59
1990-08-10 07:00:00+00:00,129.0,14.41,124.0,11.57,2.41
1990-08-10 08:00:00+00:00,211.0,31.34,196.0,12.61,3.03
1990-08-10 09:00:00+00:00,220.0,8.43,215.0,13.12,2.83
1990-08-10 10:00:00+00:00,318.0,33.73,295.0,13.45,2.48
1990-08-10 11:00:00+00:00,500.0,193.36,357.0,14.21,2.07
1990-08-10 12:00:00+00:00,463.0,120.73,371.0,14.61,1.24
1990-08-10 13:00:00+00:00,311.0,14.71,300.0,14.32,0.69
1990-08-10 14:00:00+00:00,145.0,0.0,145.0,14.54,0.83
1990-08-10 15:00:00+00:00,580.0,706.66,145.0,14.83,1.17
1990-08-10 16:00:00+00:00,405.0,418.56,193.0,15.0,2.0
1990-08-10 17:00:00+00:00,318.0,542.15,113.0,14.73,2.76
1990-08-10 18:00:00+00:00,161.0,288.48,92.0,14.03,3.38
1990-08-10 19:00:00+00:00,23.0,0.0,23.0,12.57,2.69
1990-08-10 20:00:00+00:00,0.0,0.0,0.0,12.1,3.03
1990-08-10 21:00:00+00:00,0.0,0.0,0.0,11.5,3.38
1990-08-10 22:00:00+00:00,0.0,0.0,0.0,10.96,3.59
1990-08-10 23:00:00+00:00,0.0,0.0,0.0,10.63,3.66
1990-08-11 00:00:00+00:00,0.0,0.0,0.0,10.25,3.66
1990-08-11 01:00:00+00:00,0.0,0.0,0.0,10.01,3.66
1990-08-11 02:00:00+00:00,0.0,0.0,0.0,9.68,3.72
1990-08-11 03:00:00+00:00,0.0,0.0,0.0,9.61,3.72
1990-08-11 04:00:00+00:00,0.0,0.0,0.0,9.45,3.52
1990-08-11 05:00:00+00:00,10.0,0.0,10.0,9.38,3.38
1990-08-11 06:00:00+00:00,147.0,398.44,66.0,10.0,3.31
1990-08-11 07:00:00+00:00,306.0,666.63,77.0,11.33,4.48
1990-08-11 08:00:00+00:00,450.0,751.16,93.0,12.03,4.41
1990-08-11 09:00:00+00:00,448.0,334.16,251.0,13.22,5.03
1990-08-11 10:00:00+00:00,212.0,1.47,211.0,14.32,5.45
1990-08-11 11:00:00+00:00,140.0,0.0,140.0,14.99,5.17
1990-08-11 12:00:00+00:00,565.0,284.68,349.0,14.82,5.03
1990-08-11 13:00:00+00:00,244.0,1.34,243.0,14.55,5.17
1990-08-11 14:00:00+00:00,360.0,59.05,319.0,13.72,5.38
1990-08-11 15:00:00+00:00,245.0,13.08,237.0,13.96,5.24
1990-08-11 16:00:00+00:00,250.0,57.71,221.0,14.73,4.97
1990-08-11 17:00:00+00:00,244.0,216.63,163.0,14.87,4.48
1990-08-11 18:00:00+00:00,179.0,447.28,74.0,14.81,4.62
1990-08-11 19:00:00+00:00,18.0,0.0,18.0,13.83,4.07
1990-08-11 20:00:00+00:00,0.0,0.0,0.0,13.04,3.45
1990-08-11 21:00:00+00:00,0.0,0.0,0.0,12.65,2.97
1990-08-11 22:00:00+00:00,0.0,0.0,0.0,12.28,2.69
1990-08-11 23:00:00+00:00,0.0,0.0,0.0,11.63,2.41
1990-08-12 00:00:00+00:00,0.0,0.0,0.0,11.14,2.21
1990-08-12 01:00:00+00:00,0.0,0.0,0.0,10.8,2.14
1990-08-12 02:00:00+00:00,0.0,0.0,0.0,10.93,2.0
1990-08-12 03:00:00+00:00,0.0,0.0,0.0,10.72,2.07
1990-08-12 04:00:00+00:00,0.0,0.0,0.0,10.7,2.14
1990-08-12 05:00:00+00:00,20.0,33.25,18.0,10.85,2.28
1990-08-12 06:00:00+00:00,52.0,0.0,52.0,11.29,2.48
1990-08-12 07:00:00+00:00,245.0,326.54,134.0,12.08,2.69
1990-08-12 08:00:00+00:00,274.0,120.81,217.0,12.72,3.17
1990-08-12 09:00:00+00:00,466.0,394.06,235.0,13.61,3.45
1990-08-12 10:00:00+00:00,283.0,16.29,272.0,14.42,3.31
1990-08-12 11:00:00+00:00,675.0,624.85,217.0,15.37,3.38
1990-08-12 12:00:00+00:00,498.0,172.1,368.0,16.05,3.24
1990-08-12 13:00:00+00:00,121.0,0.0,121.0,16.06,3.52
1990-08-12 14:00:00+00:00,86.0,0.0,86.0,15.36,3.59
1990-08-12 15:00:00+00:00,70.0,0.0,70.0,14.81,3.59
1990-08-12 16:00:00+00:00,277.0,96.3,229.0,15.31,3.38
1990-08-12 17:00:00+00:00,49.0,0.0,49.0,14.4,4.07
1990-08-12 18:00:00+00:00,91.0,30.4,84.0,14.17,3.72
1990-08-12 19:00:00+00:00,31.0,33.4,28.0,14.14,3.38
1990-08-12 20:00:00+00:00,0.0,0.0,0.0,13.36,3.31
1990-08-12 21:00:00+00:00,0.0,0.0,0.0,12.83,3.45
1990-08-12 22:00:00+00:00,0.0,0.0,0.0,12.35,3.52
1990-08-12 23:00:00+00:00,0.0,0.0,0.0,12.09,3.59
1990-08-13 00:00:00+00:00,0.0,0.0,0.0,11.99,3.45
1990-08-13 01:00:00+00:00,0.0,0.0,0.0,11.75,3.59
1990-08-13 02:00:00+00:00,0.0,0.0,0.0,11.7,3.66
1990-08-13 03:00:00+00:00,0.0,0.0,0.0,11.4,3.72
1990-08-13 04:00:00+00:00,0.0,0.0,0.0,11.27,3.79
1990-08-13 05:00:00+00:00,4.0,0.0,4.0,11.34,3.79
1990-08-13 06:00:00+00:00,25.0,0.0,25.0,11.62,3.79
1990-08-13 07:00:00+00:00,140.0,29.74,130.0,12.29,4.21
1990-08-13 08:00:00+00:00,279.0,136.65,215.0,13.13,5.03
1990-08-13 09:00:00+00:00,283.0,46.33,256.0,14.11,5.38
1990-08-13 10:00:00+00:00,559.0,450.94,256.0,14.76,5.17
1990-08-13 11:00:00+00:00,542.0,286.45,333.0,15.24,5.24
1990-08-13 12:00:00+00:00,643.0,480.1,282.0,15.74,4.76
1990-08-13 13:00:00+00:00,460.0,138.33,358.0,16.01,3.86
1990-08-13 14:00:00+00:00,111.0,0.0,111.0,16.54,4.0
1990-08-13 15:00:00+00:00,162.0,0.0,162.0,16.24,3.24
1990-08-13 16:00:00+00:00,153.0,2.02,152.0,16.2,2.76
1990-08-13 17:00:00+00:00,87.0,0.0,87.0,16.12,2.48
1990-08-13 18:00:00+00:00,27.0,0.0,27.0,15.46,2.41
1990-08-13 19:00:00+00:00,4.0,0.0,4.0,14.22,3.31
1990-08-13 20:00:00+00:00,0.0,0.0,0.0,13.26,3.38
1990-08-13 21:00:00+00:00,0.0,0.0,0.0,12.64,2.9
1990-08-13 22:00:00+00:00,0.0,0.0,0.0,12.33,2.28
1990-08-13 23:00:00+00:00,0.0,0.0,0.0,12.12,2.07
1990-08-14 00:00:00+00:00,0.0,0.0,0.0,11.92,2.07
1990-08-14 01:00:00+00:00,0.0,0.0,0.0,11.63,2.0
1990-08-14 02:00:00+00:00,0.0,0.0,0.0,11.16,1.93
1990-08-14 03:00:00+00:00,0.0,0.0,0.0,11.17,1.93
1990-08-14 04:00:00+00:00,0.0,0.0,0.0,11.08,2.0
1990-08-14 05:00:00+00:00,9.0,0.0,9.0,11.2,2.21
1990-08-14 06:00:00+00:00,49.0,0.0,49.0,11.28,2.55
1990-08-14 07:00:00+00:00,111.0,6.01,109.0,11.89,3.03
1990-08-14 08:00:00+00:00,182.0,15.06,175.0,12.1,2.9
1990-08-14 09:00:00+00:00,216.0,8.63,211.0,12.69,3.03
1990-08-14 10:00:00+00:00,209.0,1.5,208.0,13.54,3.31
1990-08-14 11:00:00+00:00,286.0,9.64,279.0,14.36,3.38
1990-08-14 12:00:00+00:00,503.0,184.39,365.0,14.29,3.03
1990-08-14 13:00:00+00:00,730.0,804.13,140.0,14.61,2.9
1990-08-14 14:00:00+00:00,574.0,452.36,265.0,14.99,2.9
1990-08-14 15:00:00+00:00,380.0,155.01,287.0,14.93,3.1
1990-08-14 16:00:00+00:00,285.0,116.32,228.0,14.76,2.76
1990-08-14 17:00:00+00:00,210.0,135.83,161.0,14.6,2.62
1990-08-14 18:00:00+00:00,86.0,27.16,80.0,14.27,2.62
1990-08-14 19:00:00+00:00,31.0,62.37,26.0,13.65,2.21
1990-08-14 20:00:00+00:00,0.0,0.0,0.0,12.96,1.45
1990-08-14 21:00:00+00:00,0.0,0.0,0.0,12.18,0.9
1990-08-14 22:00:00+00:00,0.0,0.0,0.0,11.69,0.76
1990-08-14 23:00:00+00:00,0.0,0.0,0.0,11.74,0.69
1990-08-15 00:00:00+00:00,0.0,0.0,0.0,11.48,0.76
1990-08-15 01:00:00+00:00,0.0,0.0,0.0,11.17,0.83
1990-08-15 02:00:00+00:00,0.0,0.0,0.0,10.91,0.62
1990-08-15 03:00:00+00:00,0.0,0.0,0.0,10.55,0.14
1990-08-15 04:00:00+00:00,0.0,0.0,0.0,10.16,0.21
1990-08-15 05:00:00+00:00,10.0,0.0,10.0,10.0,0.55
1990-08-15 06:00:00+00:00,70.0,26.6,65.0,9.47,0.69
1990-08-15 07:00:00+00:00,144.0,36.48,132.0,10.66,0.28
1990-08-15 08:00:00+00:00,223.0,49.87,200.0,11.29,0.34
1990-08-15 09:00:00+00:00,408.0,248.31,265.0,12.18,0.48
1990-08-15 10:00:00+00:00,581.0,521.75,234.0,13.52,0.55
1990-08-15 11:00:00+00:00,731.0,839.91,124.0,14.98,0.69
1990-08-15 12:00:00+00:00,766.0,872.66,116.0,16.02,1.03
1990-08-15 13:00:00+00:00,767.0,921.91,94.0,16.92,1.24
1990-08-15 14:00:00+00:00,705.0,901.09,93.0,17.39,1.17
1990-08-15 15:00:00+00:00,603.0,852.57,95.0,17.6,0.97
1990-08-15 16:00:00+00:00,475.0,798.89,87.0,17.59,0.83
1990-08-15 17:00:00+00:00,318.0,648.56,87.0,17.31,0.9
1990-08-15 18:00:00+00:00,173.0,518.11,61.0,16.79,1.24
1990-08-15 19:00:00+00:00,34.0,106.37,26.0,15.72,2.0
1990-08-15 20:00:00+00:00,0.0,0.0,0.0,14.53,2.0
1990-08-15 21:00:00+00:00,0.0,0.0,0.0,13.83,1.52
1990-08-15 22:00:00+00:00,0.0,0.0,0.0,12.81,1.52
1990-08-15 23:00:00+00:00,0.0,0.0,0.0,11.8,1.59
1990-08-16 00:00:00+00:00,0.0,0.0,0.0,11.26,1.52
1990-08-16 01:00:00+00:00,0.0,0.0,0.0,10.89,1.24
1990-08-16 02:00:00+00:00,0.0,0.0,0.0,10.35,1.1
1990-08-16 03:00:00+00:00,0.0,0.0,0.0,10.12,0.97
1990-08-16 04:00:00+00:00,0.0,0.0,0.0,10.84,0.62
1990-08-16 05:00:00+00:00,3.0,0.0,3.0,10.7,0.48
1990-08-16 06:00:00+00:00,57.0,10.87,55.0,10.72,0.28
1990-08-16 07:00:00+00:00,192.0,153.76,142.0,11.02,0.76
1990-08-16 08:00:00+00:00,256.0,104.89,208.0,11.78,0.9
1990-08-16 09:00:00+00:00,290.0,57.66,257.0,12.79,0.83
1990-08-16 10:00:00+00:00,217.0,1.51,216.0,13.55,0.69
1990-08-16 11:00:00+00:00,243.0,2.78,241.0,14.86,0.83
1990-08-16 12:00:00+00:00,320.0,18.89,306.0,15.28,1.24
1990-08-16 13:00:00+00:00,250.0,2.75,248.0,15.82,1.72
1990-08-16 14:00:00+00:00,197.0,0.0,197.0,16.22,1.79
1990-08-16 15:00:00+00:00,212.0,5.07,209.0,16.27,1.52
1990-08-16 16:00:00+00:00,298.0,155.84,223.0,16.29,1.59
1990-08-16 17:00:00+00:00,231.0,221.89,153.0,16.06,1.66
1990-08-16 18:00:00+00:00,98.0,66.25,84.0,15.62,1.17
1990-08-16 19:00:00+00:00,7.0,0.0,7.0,15.09,0.21
1990-08-16 20:00:00+00:00,0.0,0.0,0.0,14.54,0.48
1990-08-16 21:00:00+00:00,0.0,0.0,0.0,13.87,0.83
1990-08-16 22:00:00+00:00,0.0,0.0,0.0,13.61,1.03
1990-08-16 23:00:00+00:00,0.0,0.0,0.0,13.4,1.24
1990-08-17 00:00:00+00:00,0.0,0.0,0.0,13.25,1.24
1990-08-17 01:00:00+00:00,0.0,0.0,0.0,13.2,1.24
1990-08-17 02:00:00+00:00,0.0,0.0,0.0,13.17,1.31
1990-08-17 03:00:00+00:00,0.0,0.0,0.0,13.17,1.45
1990-08-17 04:00:00+00:00,0.0,0.0,0.0,13.16,1.52
1990-08-17 05:00:00+00:00,10.0,0.0,10.0,13.11,1.59
1990-08-17 06:00:00+00:00,97.0,149.93,70.0,13.14,1.86
1990-08-17 07:00:00+00:00,183.0,140.01,138.0,13.42,2.76
1990-08-17 08:00:00+00:00,230.0,70.49,198.0,14.07,2.97
1990-08-17 09:00:00+00:00,408.0,277.78,250.0,15.27,3.52
1990-08-17 10:00:00+00:00,521.0,384.49,268.0,15.66,3.59
1990-08-17 11:00:00+00:00,507.0,244.57,332.0,16.2,3.86
1990-08-17 12:00:00+00:00,596.0,401.35,300.0,16.84,4.0
1990-08-17 13:00:00+00:00,678.0,690.79,179.0,17.23,4.0
1990-08-17 14:00:00+00:00,600.0,594.5,201.0,17.49,4.48
1990-08-17 15:00:00+00:00,562.0,761.0,115.0,17.19,4.76
1990-08-17 16:00:00+00:00,424.0,635.55,121.0,16.74,4.55
1990-08-17 17:00:00+00:00,194.0,121.11,152.0,16.19,4.48
1990-08-17 18:00:00+00:00,86.0,43.61,77.0,15.52,4.55
1990-08-17 19:00:00+00:00,17.0,0.0,17.0,15.06,3.52
1990-08-17 20:00:00+00:00,0.0,0.0,0.0,14.43,3.59
1990-08-17 21:00:00+00:00,0.0,0.0,0.0,13.86,3.66
1990-08-17 22:00:00+00:00,0.0,0.0,0.0,13.25,3.93
1990-08-17 23:00:00+00:00,0.0,0.0,0.0,12.65,3.93
1990-08-18 00:00:00+00:00,0.0,0.0,0.0,12.16,3.86
1990-08-18 01:00:00+00:00,0.0,0.0,0.0,11.63,3.79
1990-08-18 02:00:00+00:00,0.0,0.0,0.0,11.27,3.72
1990-08-18 03:00:00+00:00,0.0,0.0,0.0,10.8,3.59
1990-08-18 04:00:00+00:00,0.0,0.0,0.0,10.52,3.59
1990-08-18 05:00:00+00:00,9.0,0.0,9.0,10.18,3.52
1990-08-18 06:00:00+00:00,107.0,221.47,68.0,10.2,3.52
1990-08-18 07:00:00+00:00,181.0,132.25,139.0,10.89,3.52
1990-08-18 08:00:00+00:00,239.0,82.17,202.0,12.04,3.79
1990-08-18 09:00:00+00:00,380.0,205.25,264.0,13.27,3.93
1990-08-18 10:00:00+00:00,96.0,0.0,96.0,14.1,3.79
1990-08-18 11:00:00+00:00,347.0,40.74,318.0,14.7,3.86
1990-08-18 12:00:00+00:00,198.0,0.0,198.0,15.11,3.93
1990-08-18 13:00:00+00:00,413.0,94.65,345.0,15.31,3.86
1990-08-18 14:00:00+00:00,315.0,35.98,291.0,14.97,4.07
1990-08-18 15:00:00+00:00,221.0,8.58,216.0,15.19,4.14
1990-08-18 16:00:00+00:00,239.0,61.42,210.0,15.11,4.21
1990-08-18 17:00:00+00:00,212.0,178.37,151.0,14.94,4.0
1990-08-18 18:00:00+00:00,145.0,377.43,69.0,14.62,3.45
1990-08-18 19:00:00+00:00,20.0,0.0,20.0,14.24,2.69
1990-08-18 20:00:00+00:00,0.0,0.0,0.0,13.41,2.62
1990-08-18 21:00:00+00:00,0.0,0.0,0.0,12.46,2.62
1990-08-18 22:00:00+00:00,0.0,0.0,0.0,11.7,2.28
1990-08-18 23:00:00+00:00,0.0,0.0,0.0,11.12,2.34
1990-08-19 00:00:00+00:00,0.0,0.0,0.0,10.67,2.41
1990-08-19 01:00:00+00:00,0.0,0.0,0.0,10.58,2.34
1990-08-19 02:00:00+00:00,0.0,0.0,0.0,10.46,2.21
1990-08-19 03:00:00+00:00,0.0,0.0,0.0,10.47,2.21
1990-08-19 04:00:00+00:00,0.0,0.0,0.0,10.3,2.28
1990-08-19 05:00:00+00:00,8.0,0.0,8.0,10.32,2.28
1990-08-19 06:00:00+00:00,127.0,441.66,51.0,10.75,2.48
1990-08-19 07:00:00+00:00,261.0,551.42,88.0,11.47,2.9
1990-08-19 08:00:00+00:00,392.0,600.14,124.0,12.86,4.55
1990-08-19 09:00:00+00:00,489.0,548.52,181.0,14.01,4.62
1990-08-19 10:00:00+00:00,251.0,9.22,245.0,14.92,4.41
1990-08-19 11:00:00+00:00,600.0,464.57,271.0,15.87,4.34
1990-08-19 12:00:00+00:00,454.0,134.27,356.0,16.4,4.21
1990-08-19 13:00:00+00:00,428.0,114.78,346.0,16.95,4.14
1990-08-19 14:00:00+00:00,250.0,7.54,245.0,17.08,4.14
1990-08-19 15:00:00+00:00,474.0,433.8,223.0,16.91,3.86
1990-08-19 16:00:00+00:00,255.0,89.84,213.0,16.89,3.93
1990-08-19 17:00:00+00:00,209.0,180.96,148.0,16.43,3.45
1990-08-19 18:00:00+00:00,96.0,86.62,79.0,15.92,2.76
1990-08-19 19:00:00+00:00,14.0,0.0,14.0,15.05,2.34
1990-08-19 20:00:00+00:00,0.0,0.0,0.0,14.27,2.21
1990-08-19 21:00:00+00:00,0.0,0.0,0.0,13.46,2.41
1990-08-19 22:00:00+00:00,0.0,0.0,0.0,13.24,2.48
1990-08-19 23:00:00+00:00,0.0,0.0,0.0,13.34,2.48
1990-08-20 00:00:00+00:00,0.0,0.0,0.0,12.93,2.76
1990-08-20 01:00:00+00:00,0.0,0.0,0.0,12.75,3.24
1990-08-20 02:00:00+00:00,0.0,0.0,0.0,12.79,3.45
1990-08-20 03:00:00+00:00,0.0,0.0,0.0,12.9,3.52
1990-08-20 04:00:00+00:00,0.0,0.0,0.0,13.14,3.17
1990-08-20 05:00:00+00:00,6.0,0.0,6.0,13.69,2.76
1990-08-20 06:00:00+00:00,77.0,77.37,64.0,14.57,2.76
1990-08-20 07:00:00+00:00,207.0,267.87,124.0,15.86,3.45
1990-08-20 08:00:00+00:00,323.0,325.21,179.0,17.01,3.86
1990-08-20 09:00:00+00:00,281.0,60.95,247.0,17.65,3.86
1990-08-20 10:00:00+00:00,258.0,13.91,249.0,17.69,4.55
1990-08-20 11:00:00+00:00,542.0,340.72,302.0,18.4,6.55
1990-08-20 12:00:00+00:00,392.0,73.0,339.0,18.32,6.69
1990-08-20 13:00:00+00:00,285.0,12.67,276.0,18.01,5.93
1990-08-20 14:00:00+00:00,175.0,0.0,175.0,18.19,5.72
1990-08-20 15:00:00+00:00,522.0,656.67,145.0,18.16,5.1
1990-08-20 16:00:00+00:00,405.0,611.54,122.0,18.68,5.66
1990-08-20 17:00:00+00:00,114.0,9.03,111.0,18.49,5.59
1990-08-20 18:00:00+00:00,106.0,156.99,76.0,17.85,5.59
1990-08-20 19:00:00+00:00,14.0,0.0,14.0,16.64,5.31
1990-08-20 20:00:00+00:00,0.0,0.0,0.0,15.69,5.31
1990-08-20 21:00:00+00:00,0.0,0.0,0.0,15.18,5.38
1990-08-20 22:00:00+00:00,0.0,0.0,0.0,14.62,5.52
1990-08-20 23:00:00+00:00,0.0,0.0,0.0,14.24,5.66
1990-08-21 00:00:00+00:00,0.0,0.0,0.0,13.84,5.93
1990-08-21 01:00:00+00:00,0.0,0.0,0.0,13.6,6.14
1990-08-21 02:00:00+00:00,0.0,0.0,0.0,13.33,6.21
1990-08-21 03:00:00+00:00,0.0,0.0,0.0,13.1,6.34
1990-08-21 04:00:00+00:00,0.0,0.0,0.0,12.92,6.41
1990-08-21 05:00:00+00:00,0.0,0.0,0.0,12.86,6.41
1990-08-21 06:00:00+00:00,114.0,378.16,52.0,13.08,6.41
1990-08-21 07:00:00+00:00,255.0,565.48,82.0,13.78,5.66
1990-08-21 08:00:00+00:00,301.0,243.74,194.0,14.78,7.79
1990-08-21 09:00:00+00:00,352.0,164.25,261.0,15.47,7.59
1990-08-21 10:00:00+00:00,230.0,4.66,227.0,16.17,7.31
1990-08-21 11:00:00+00:00,262.0,7.14,257.0,16.58,7.66
1990-08-21 12:00:00+00:00,202.0,0.0,202.0,17.08,7.52
1990-08-21 13:00:00+00:00,299.0,16.99,287.0,17.13,6.9
1990-08-21 14:00:00+00:00,235.0,4.59,232.0,17.2,6.62
1990-08-21 15:00:00+00:00,309.0,79.01,264.0,17.2,6.14
1990-08-21 16:00:00+00:00,275.0,137.57,212.0,17.04,5.93
1990-08-21 17:00:00+00:00,84.0,0.0,84.0,16.62,4.83
1990-08-21 18:00:00+00:00,54.0,5.38,53.0,16.06,4.48
1990-08-21 19:00:00+00:00,11.0,0.0,11.0,15.07,4.14
1990-08-21 20:00:00+00:00,0.0,0.0,0.0,14.37,4.0
1990-08-21 21:00:00+00:00,0.0,0.0,0.0,14.05,4.0
1990-08-21 22:00:00+00:00,0.0,0.0,0.0,13.63,4.21
1990-08-21 23:00:00+00:00,0.0,0.0,0.0,13.2,4.41
1990-08-22 00:00:00+00:00,0.0,0.0,0.0,12.75,4.48
1990-08-22 01:00:00+00:00,0.0,0.0,0.0,12.47,4.21
1990-08-22 02:00:00+00:00,0.0,0.0,0.0,12.4,4.34
1990-08-22 03:00:00+00:00,0.0,0.0,0.0,12.25,4.41
1990-08-22 04:00:00+00:00,0.0,0.0,0.0,12.11,4.28
1990-08-22 05:00:00+00:00,0.0,0.0,0.0,11.78,4.14
1990-08-22 06:00:00+00:00,71.0,68.82,60.0,11.71,4.41
1990-08-22 07:00:00+00:00,173.0,139.08,131.0,12.37,5.45
1990-08-22 08:00:00+00:00,246.0,112.61,197.0,13.27,6.48
1990-08-22 09:00:00+00:00,518.0,726.94,118.0,14.14,6.41
1990-08-22 10:00:00+00:00,595.0,672.45,165.0,14.77,6.34
1990-08-22 11:00:00+00:00,685.0,793.77,132.0,15.06,5.93
1990-08-22 12:00:00+00:00,626.0,516.7,255.0,15.82,6.14
1990-08-22 13:00:00+00:00,665.0,696.56,176.0,16.24,5.79
1990-08-22 14:00:00+00:00,515.0,373.97,272.0,16.49,5.38
1990-08-22 15:00:00+00:00,365.0,175.26,266.0,16.39,4.9
1990-08-22 16:00:00+00:00,236.0,75.05,202.0,16.33,4.83
1990-08-22 17:00:00+00:00,183.0,130.45,141.0,15.87,3.72
1990-08-22 18:00:00+00:00,76.0,49.86,67.0,15.61,2.83
1990-08-22 19:00:00+00:00,11.0,0.0,11.0,14.83,2.21
1990-08-22 20:00:00+00:00,0.0,0.0,0.0,13.94,1.79
1990-08-22 21:00:00+00:00,0.0,0.0,0.0,13.02,1.66
1990-08-22 22:00:00+00:00,0.0,0.0,0.0,12.15,1.79
1990-08-22 23:00:00+00:00,0.0,0.0,0.0,12.03,1.72
1990-08-23 00:00:00+00:00,0.0,0.0,0.0,11.84,1.38
1990-08-23 01:00:00+00:00,0.0,0.0,0.0,11.01,1.24
1990-08-23 02:00:00+00:00,0.0,0.0,0.0,10.41,1.31
1990-08-23 03:00:00+00:00,0.0,0.0,0.0,9.57,1.38
1990-08-23 04:00:00+00:00,0.0,0.0,0.0,9.28,1.38
1990-08-23 05:00:00+00:00,0.0,0.0,0.0,9.13,1.38
1990-08-23 06:00:00+00:00,44.0,6.42,43.0,9.75,1.38
1990-08-23 07:00:00+00:00,22.0,0.0,22.0,10.98,1.1
1990-08-23 08:00:00+00:00,35.0,0.0,35.0,11.82,1.17
1990-08-23 09:00:00+00:00,186.0,3.66,184.0,12.63,1.52
1990-08-23 10:00:00+00:00,169.0,0.0,169.0,13.13,1.52
1990-08-23 11:00:00+00:00,287.0,15.88,276.0,14.29,1.52
1990-08-23 12:00:00+00:00,116.0,0.0,116.0,14.53,1.52
1990-08-23 13:00:00+00:00,178.0,0.0,178.0,15.1,1.72
1990-08-23 14:00:00+00:00,122.0,0.0,122.0,14.56,2.07
1990-08-23 15:00:00+00:00,87.0,0.0,87.0,13.75,1.93
1990-08-23 16:00:00+00:00,60.0,0.0,60.0,13.65,1.86
1990-08-23 17:00:00+00:00,50.0,0.0,50.0,13.22,1.31
1990-08-23 18:00:00+00:00,76.0,57.1,66.0,12.83,0.76
1990-08-23 19:00:00+00:00,1.0,0.0,1.0,11.68,2.21
1990-08-23 20:00:00+00:00,0.0,0.0,0.0,11.32,3.1
1990-08-23 21:00:00+00:00,0.0,0.0,0.0,11.02,3.59
1990-08-23 22:00:00+00:00,0.0,0.0,0.0,10.86,4.14
1990-08-23 23:00:00+00:00,0.0,0.0,0.0,10.68,4.69
1990-08-24 00:00:00+00:00,0.0,0.0,0.0,10.53,4.9
1990-08-24 01:00:00+00:00,0.0,0.0,0.0,10.46,5.24
1990-08-24 02:00:00+00:00,0.0,0.0,0.0,10.47,5.59
1990-08-24 03:00:00+00:00,0.0,0.0,0.0,10.44,5.93
1990-08-24 04:00:00+00:00,0.0,0.0,0.0,10.33,6.0
1990-08-24 05:00:00+00:00,0.0,0.0,0.0,10.23,6.0
1990-08-24 06:00:00+00:00,30.0,0.0,30.0,10.12,5.79
1990-08-24 07:00:00+00:00,91.0,3.4,90.0,10.28,6.83
1990-08-24 08:00:00+00:00,183.0,28.08,171.0,11.03,7.03
1990-08-24 09:00:00+00:00,254.0,38.71,233.0,11.78,6.41
1990-08-24 10:00:00+00:00,152.0,0.0,152.0,12.0,5.86
1990-08-24 11:00:00+00:00,250.0,4.36,247.0,11.64,5.03
1990-08-24 12:00:00+00:00,356.0,47.9,322.0,11.34,4.07
1990-08-24 13:00:00+00:00,347.0,47.59,314.0,11.31,3.03
1990-08-24 14:00:00+00:00,323.0,51.5,290.0,11.83,2.48
1990-08-24 15:00:00+00:00,267.0,43.22,243.0,12.96,2.76
1990-08-24 16:00:00+00:00,231.0,74.49,198.0,14.06,3.38
1990-08-24 17:00:00+00:00,74.0,0.0,74.0,13.9,3.93
1990-08-24 18:00:00+00:00,11.0,0.0,11.0,13.48,4.41
1990-08-24 19:00:00+00:00,1.0,0.0,1.0,12.31,4.14
1990-08-24 20:00:00+00:00,0.0,0.0,0.0,11.71,4.21
1990-08-24 21:00:00+00:00,0.0,0.0,0.0,11.06,4.34
1990-08-24 22:00:00+00:00,0.0,0.0,0.0,10.37,4.41
1990-08-24 23:00:00+00:00,0.0,0.0,0.0,10.01,4.28
1990-08-25 00:00:00+00:00,0.0,0.0,0.0,9.54,4.07
1990-08-25 01:00:00+00:00,0.0,0.0,0.0,9.13,3.93
1990-08-25 02:00:00+00:00,0.0,0.0,0.0,8.94,3.93
1990-08-25 03:00:00+00:00,0.0,0.0,0.0,8.81,3.79
1990-08-25 04:00:00+00:00,0.0,0.0,0.0,8.66,3.66
1990-08-25 05:00:00+00:00,0.0,0.0,0.0,8.51,3.38
1990-08-25 06:00:00+00:00,94.0,285.03,52.0,8.76,3.31
1990-08-25 07:00:00+00:00,232.0,489.75,90.0,10.03,2.9
1990-08-25 08:00:00+00:00,375.0,618.82,113.0,11.33,3.38
1990-08-25 09:00:00+00:00,488.0,625.7,151.0,12.45,2.9
1990-08-25 10:00:00+00:00,503.0,383.94,262.0,13.52,2.9
1990-08-25 11:00:00+00:00,341.0,45.28,310.0,14.34,3.31
1990-08-25 12:00:00+00:00,509.0,246.61,335.0,15.11,3.52
1990-08-25 13:00:00+00:00,566.0,407.84,285.0,15.45,3.38
1990-08-25 14:00:00+00:00,390.0,128.91,308.0,15.73,3.03
1990-08-25 15:00:00+00:00,421.0,334.27,237.0,15.75,2.34
1990-08-25 16:00:00+00:00,278.0,173.55,202.0,15.66,1.59
1990-08-25 17:00:00+00:00,208.0,261.31,128.0,15.44,0.62
1990-08-25 18:00:00+00:00,112.0,329.01,58.0,14.97,0.48
1990-08-25 19:00:00+00:00,4.0,0.0,4.0,13.4,2.07
1990-08-25 20:00:00+00:00,0.0,0.0,0.0,12.47,2.14
1990-08-25 21:00:00+00:00,0.0,0.0,0.0,11.73,1.93
1990-08-25 22:00:00+00:00,0.0,0.0,0.0,10.97,1.59
1990-08-25 23:00:00+00:00,0.0,0.0,0.0,10.04,1.38
1990-08-26 00:00:00+00:00,0.0,0.0,0.0,9.48,1.31
1990-08-26 01:00:00+00:00,0.0,0.0,0.0,9.13,1.31
1990-08-26 02:00:00+00:00,0.0,0.0,0.0,9.05,1.17
1990-08-26 03:00:00+00:00,0.0,0.0,0.0,8.77,1.24
1990-08-26 04:00:00+00:00,0.0,0.0,0.0,8.39,1.66
1990-08-26 05:00:00+00:00,0.0,0.0,0.0,8.4,1.86
1990-08-26 06:00:00+00:00,102.0,405.21,44.0,9.26,1.79
1990-08-26 07:00:00+00:00,229.0,493.24,88.0,10.83,2.69
1990-08-26 08:00:00+00:00,370.0,612.79,113.0,11.7,2.48
1990-08-26 09:00:00+00:00,347.0,179.57,251.0,12.35,2.62
1990-08-26 10:00:00+00:00,84.0,0.0,84.0,12.64,2.55
1990-08-26 11:00:00+00:00,138.0,0.0,138.0,13.24,2.62
1990-08-26 12:00:00+00:00,435.0,132.61,342.0,13.61,2.69
1990-08-26 13:00:00+00:00,479.0,222.05,327.0,13.76,2.76
1990-08-26 14:00:00+00:00,244.0,9.5,238.0,14.02,2.9
1990-08-26 15:00:00+00:00,205.0,9.17,200.0,13.65,3.03
1990-08-26 16:00:00+00:00,379.0,589.28,124.0,13.42,2.9
1990-08-26 17:00:00+00:00,227.0,382.39,112.0,13.21,2.76
1990-08-26 18:00:00+00:00,84.0,132.47,63.0,12.74,2.69
1990-08-26 19:00:00+00:00,0.0,0.0,0.0,12.19,2.41
1990-08-26 20:00:00+00:00,0.0,0.0,0.0,11.48,2.28
1990-08-26 21:00:00+00:00,0.0,0.0,0.0,11.03,2.07
1990-08-26 22:00:00+00:00,0.0,0.0,0.0,10.51,1.72
1990-08-26 23:00:00+00:00,0.0,0.0,0.0,9.99,1.17
1990-08-27 00:00:00+00:00,0.0,0.0,0.0,10.18,0.69
1990-08-27 01:00:00+00:00,0.0,0.0,0.0,10.29,0.34
1990-08-27 02:00:00+00:00,0.0,0.0,0.0,10.09,0.34
1990-08-27 03:00:00+00:00,0.0,0.0,0.0,9.82,0.48
1990-08-27 04:00:00+00:00,0.0,0.0,0.0,9.05,0.76
1990-08-27 05:00:00+00:00,0.0,0.0,0.0,7.5,1.17
1990-08-27 06:00:00+00:00,39.0,7.2,38.0,7.21,1.24
1990-08-27 07:00:00+00:00,98.0,10.65,95.0,9.06,1.66
1990-08-27 08:00:00+00:00,224.0,89.08,187.0,10.45,2.21
1990-08-27 09:00:00+00:00,363.0,220.5,246.0,11.98,2.76
1990-08-27 10:00:00+00:00,558.0,587.44,194.0,13.06,3.03
1990-08-27 11:00:00+00:00,228.0,1.48,227.0,13.7,3.03
1990-08-27 12:00:00+00:00,334.0,35.87,309.0,14.47,3.45
1990-08-27 13:00:00+00:00,623.0,607.36,210.0,14.97,3.79
1990-08-27 14:00:00+00:00,563.0,579.3,200.0,15.27,3.93
1990-08-27 15:00:00+00:00,452.0,466.24,200.0,15.17,4.21
1990-08-27 16:00:00+00:00,378.0,601.21,121.0,14.77,4.48
1990-08-27 17:00:00+00:00,261.0,640.12,72.0,14.15,4.62
1990-08-27 18:00:00+00:00,82.0,137.38,61.0,13.46,4.62
1990-08-27 19:00:00+00:00,0.0,0.0,0.0,12.9,3.86
1990-08-27 20:00:00+00:00,0.0,0.0,0.0,12.21,3.52
1990-08-27 21:00:00+00:00,0.0,0.0,0.0,11.47,3.52
1990-08-27 22:00:00+00:00,0.0,0.0,0.0,10.96,3.52
1990-08-27 23:00:00+00:00,0.0,0.0,0.0,10.35,3.66
1990-08-28 00:00:00+00:00,0.0,0.0,0.0,9.84,3.79
1990-08-28 01:00:00+00:00,0.0,0.0,0.0,9.43,3.79
1990-08-28 02:00:00+00:00,0.0,0.0,0.0,9.36,3.93
1990-08-28 03:00:00+00:00,0.0,0.0,0.0,9.35,4.21
1990-08-28 04:00:00+00:00,0.0,0.0,0.0,9.53,4.34
1990-08-28 05:00:00+00:00,0.0,0.0,0.0,9.88,4.48
1990-08-28 06:00:00+00:00,63.0,96.56,50.0,10.17,4.62
1990-08-28 07:00:00+00:00,199.0,334.99,106.0,10.75,5.66
1990-08-28 08:00:00+00:00,310.0,354.97,164.0,11.59,5.72
1990-08-28 09:00:00+00:00,315.0,129.14,247.0,12.46,5.59
1990-08-28 10:00:00+00:00,417.0,201.45,293.0,12.84,5.45
1990-08-28 11:00:00+00:00,425.0,145.8,327.0,13.68,5.66
1990-08-28 12:00:00+00:00,384.0,77.97,330.0,14.18,5.86
1990-08-28 13:00:00+00:00,493.0,262.07,316.0,14.35,6.0
1990-08-28 14:00:00+00:00,444.0,247.68,290.0,14.45,6.07
1990-08-28 15:00:00+00:00,388.0,276.43,240.0,14.67,5.93
1990-08-28 16:00:00+00:00,232.0,94.75,192.0,14.74,5.59
1990-08-28 17:00:00+00:00,128.0,41.42,116.0,14.25,5.17
1990-08-28 18:00:00+00:00,55.0,27.19,51.0,13.36,4.55
1990-08-28 19:00:00+00:00,0.0,0.0,0.0,12.18,4.76
1990-08-28 20:00:00+00:00,0.0,0.0,0.0,11.56,4.41
1990-08-28 21:00:00+00:00,0.0,0.0,0.0,11.34,4.62
1990-08-28 22:00:00+00:00,0.0,0.0,0.0,11.01,4.76
1990-08-28 23:00:00+00:00,0.0,0.0,0.0,11.02,4.83
1990-08-29 00:00:00+00:00,0.0,0.0,0.0,11.14,5.1
1990-08-29 01:00:00+00:00,0.0,0.0,0.0,11.18,5.24
1990-08-29 02:00:00+00:00,0.0,0.0,0.0,11.15,5.52
1990-08-29 03:00:00+00:00,0.0,0.0,0.0,11.21,5.59
1990-08-29 04:00:00+00:00,0.0,0.0,0.0,11.22,5.72
1990-08-29 05:00:00+00:00,0.0,0.0,0.0,10.98,5.86
1990-08-29 06:00:00+00:00,25.0,0.0,25.0,10.39,6.0
1990-08-29 07:00:00+00:00,228.0,555.85,76.0,9.72,6.69
1990-08-29 08:00:00+00:00,374.0,685.16,95.0,9.24,6.69
1990-08-29 09:00:00+00:00,283.0,78.48,242.0,9.72,7.45
1990-08-29 10:00:00+00:00,92.0,0.0,92.0,10.92,9.66
1990-08-29 11:00:00+00:00,85.0,0.0,85.0,11.38,9.03
1990-08-29 12:00:00+00:00,92.0,0.0,92.0,11.61,7.38
1990-08-29 13:00:00+00:00,286.0,17.89,274.0,12.17,6.48
1990-08-29 14:00:00+00:00,94.0,0.0,94.0,12.62,6.14
1990-08-29 15:00:00+00:00,504.0,718.53,123.0,13.38,6.76
1990-08-29 16:00:00+00:00,397.0,743.86,87.0,13.17,6.14
1990-08-29 17:00:00+00:00,192.0,256.95,119.0,12.97,5.03
1990-08-29 18:00:00+00:00,103.0,417.39,44.0,12.62,4.34
1990-08-29 19:00:00+00:00,0.0,0.0,0.0,11.42,4.28
1990-08-29 20:00:00+00:00,0.0,0.0,0.0,10.76,3.93
1990-08-29 21:00:00+00:00,0.0,0.0,0.0,10.01,3.66
1990-08-29 22:00:00+00:00,0.0,0.0,0.0,9.37,3.45
1990-08-29 23:00:00+00:00,0.0,0.0,0.0,8.86,3.45
1990-08-30 00:00:00+00:00,0.0,0.0,0.0,8.52,3.45
1990-08-30 01:00:00+00:00,0.0,0.0,0.0,8.06,3.59
1990-08-30 02:00:00+00:00,0.0,0.0,0.0,7.67,3.52
1990-08-30 03:00:00+00:00,0.0,0.0,0.0,7.3,3.38
1990-08-30 04:00:00+00:00,0.0,0.0,0.0,6.96,3.1
1990-08-30 05:00:00+00:00,0.0,0.0,0.0,6.7,2.83
1990-08-30 06:00:00+00:00,84.0,341.22,41.0,6.61,2.55
1990-08-30 07:00:00+00:00,232.0,605.36,69.0,7.6,2.28
1990-08-30 08:00:00+00:00,372.0,687.23,95.0,9.1,2.55
1990-08-30 09:00:00+00:00,516.0,814.17,94.0,10.11,2.48
1990-08-30 10:00:00+00:00,619.0,851.51,102.0,11.14,2.07
1990-08-30 11:00:00+00:00,658.0,782.18,139.0,11.98,1.31
1990-08-30 12:00:00+00:00,674.0,760.68,154.0,12.66,0.83
1990-08-30 13:00:00+00:00,662.0,783.8,140.0,13.26,0.62
1990-08-30 14:00:00+00:00,581.0,684.75,162.0,13.55,0.76
1990-08-30 15:00:00+00:00,475.0,599.97,160.0,13.84,0.76
1990-08-30 16:00:00+00:00,387.0,717.26,92.0,13.97,0.97
1990-08-30 17:00:00+00:00,237.0,574.65,77.0,13.92,1.24
1990-08-30 18:00:00+00:00,101.0,442.78,41.0,13.59,1.17
1990-08-30 19:00:00+00:00,0.0,0.0,0.0,12.7,0.83
1990-08-30 20:00:00+00:00,0.0,0.0,0.0,10.53,1.52
1990-08-30 21:00:00+00:00,0.0,0.0,0.0,9.08,2.07
1990-08-30 22:00:00+00:00,0.0,0.0,0.0,8.27,2.28
1990-08-30 23:00:00+00:00,0.0,0.0,0.0,7.69,2.28
1990-08-31 00:00:00+00:00,0.0,0.0,0.0,7.43,2.21
1990-08-31 01:00:00+00:00,0.0,0.0,0.0,7.04,2.28
1990-08-31 02:00:00+00:00,0.0,0.0,0.0,6.76,2.28
1990-08-31 03:00:00+00:00,0.0,0.0,0.0,6.52,2.28
1990-08-31 04:00:00+00:00,0.0,0.0,0.0,6.33,2.21
1990-08-31 05:00:00+00:00,0.0,0.0,0.0,6.17,2.21
1990-08-31 06:00:00+00:00,70.0,213.68,44.0,6.39,2.21
1990-08-31 07:00:00+00:00,211.0,490.5,81.0,8.01,2.21
1990-08-31 08:00:00+00:00,358.0,654.3,97.0,10.27,2.28
1990-08-31 09:00:00+00:00,486.0,729.38,111.0,11.67,2.55
1990-08-31 10:00:00+00:00,458.0,318.46,266.0,12.72,2.34
1990-08-31 11:00:00+00:00,562.0,477.9,247.0,13.63,2.14
1990-08-31 12:00:00+00:00,603.0,547.85,231.0,14.44,2.21
1990-08-31 13:00:00+00:00,674.0,859.05,106.0,15.14,2.21
1990-08-31 14:00:00+00:00,584.0,741.52,134.0,15.67,2.28
1990-08-31 15:00:00+00:00,492.0,725.36,115.0,15.98,2.21
1990-08-31 16:00:00+00:00,354.0,584.08,117.0,14.08,0.85
1990-08-31 17:00:00+00:00,193.0,315.37,107.0,13.85,1.13
1990-08-31 18:00:00+00:00,83.0,285.48,46.0,13.62,1.42
1990-08-31 19:00:00+00:00,0.0,0.0,0.0,13.38,1.71
1990-08-31 20:00:00+00:00,0.0,0.0,0.0,13.15,2.0
1990-08-31 21:00:00+00:00,0.0,0.0,0.0,12.92,2.28
1990-08-31 22:00:00+00:00,0.0,0.0,0.0,12.69,2.57
1990-08-31 23:00:00+00:00,0.0,0.0,0.0,12.46,2.86
1990-09-01 00:00:00+00:00,0.0,0.0,0.0,12.23,3.15
1990-09-01 01:00:00+00:00,0.0,0.0,0.0,12.0,3.44
1990-09-01 02:00:00+00:00,0.0,0.0,0.0,11.77,3.72
1990-09-01 03:00:00+00:00,0.0,0.0,0.0,11.54,4.01
1990-09-01 04:00:00+00:00,0.0,0.0,0.0,11.31,4.3
1990-09-01 05:00:00+00:00,0.0,0.0,0.0,11.07,4.59
1990-09-01 06:00:00+00:00,58.0,150.53,41.0,10.84,4.87
1990-09-01 07:00:00+00:00,159.0,210.52,105.0,10.61,5.16
1990-09-01 08:00:00+00:00,195.0,66.59,169.0,13.25,5.66
1990-09-01 09:00:00+00:00,260.0,65.26,227.0,13.9,5.79
1990-09-01 10:00:00+00:00,379.0,163.23,282.0,14.68,5.93
1990-09-01 11:00:00+00:00,237.0,6.15,233.0,15.14,5.93
1990-09-01 12:00:00+00:00,142.0,0.0,142.0,15.59,5.59
1990-09-01 13:00:00+00:00,255.0,10.75,248.0,15.43,5.03
1990-09-01 14:00:00+00:00,311.0,65.37,272.0,15.56,5.31
1990-09-01 15:00:00+00:00,282.0,94.31,234.0,15.39,5.72
1990-09-01 16:00:00+00:00,228.0,126.73,178.0,14.76,5.24
1990-09-01 17:00:00+00:00,147.0,137.9,111.0,14.3,5.03
1990-09-01 18:00:00+00:00,45.0,34.0,41.0,14.02,5.66
1990-09-01 19:00:00+00:00,0.0,0.0,0.0,14.3,5.59
1990-09-01 20:00:00+00:00,0.0,0.0,0.0,14.25,5.45
1990-09-01 21:00:00+00:00,0.0,0.0,0.0,14.27,5.38
1990-09-01 22:00:00+00:00,0.0,0.0,0.0,14.36,5.03
1990-09-01 23:00:00+00:00,0.0,0.0,0.0,14.47,4.55
1990-09-02 00:00:00+00:00,0.0,0.0,0.0,14.5,4.41
1990-09-02 01:00:00+00:00,0.0,0.0,0.0,14.53,4.69
1990-09-02 02:00:00+00:00,0.0,0.0,0.0,14.37,4.62
1990-09-02 03:00:00+00:00,0.0,0.0,0.0,13.88,4.28
1990-09-02 04:00:00+00:00,0.0,0.0,0.0,13.32,4.14
1990-09-02 05:00:00+00:00,0.0,0.0,0.0,12.9,4.14
1990-09-02 06:00:00+00:00,69.0,313.29,35.0,12.7,4.14
1990-09-02 07:00:00+00:00,196.0,467.88,78.0,13.43,4.07
1990-09-02 08:00:00+00:00,125.0,5.18,123.0,13.75,4.41
1990-09-02 09:00:00+00:00,320.0,175.53,232.0,14.2,4.83
1990-09-02 10:00:00+00:00,426.0,269.56,267.0,14.77,5.31
1990-09-02 11:00:00+00:00,481.0,294.27,291.0,15.16,5.38
1990-09-02 12:00:00+00:00,592.0,563.94,217.0,15.42,5.59
1990-09-02 13:00:00+00:00,538.0,443.96,251.0,15.59,5.79
1990-09-02 14:00:00+00:00,163.0,0.0,163.0,15.27,5.86
1990-09-02 15:00:00+00:00,236.0,39.72,216.0,15.19,5.86
1990-09-02 16:00:00+00:00,235.0,154.31,175.0,14.87,5.52
1990-09-02 17:00:00+00:00,106.0,31.35,98.0,14.54,5.17
1990-09-02 18:00:00+00:00,62.0,179.24,42.0,14.13,4.69
1990-09-02 19:00:00+00:00,0.0,0.0,0.0,13.89,4.0
1990-09-02 20:00:00+00:00,0.0,0.0,0.0,13.27,3.72
1990-09-02 21:00:00+00:00,0.0,0.0,0.0,12.88,3.72
1990-09-02 22:00:00+00:00,0.0,0.0,0.0,12.55,3.79
1990-09-02 23:00:00+00:00,0.0,0.0,0.0,12.38,3.79
1990-09-03 00:00:00+00:00,0.0,0.0,0.0,12.41,3.45
1990-09-03 01:00:00+00:00,0.0,0.0,0.0,12.15,3.17
1990-09-03 02:00:00+00:00,0.0,0.0,0.0,11.98,3.03
1990-09-03 03:00:00+00:00,0.0,0.0,0.0,11.93,2.97
1990-09-03 04:00:00+00:00,0.0,0.0,0.0,11.77,3.03
1990-09-03 05:00:00+00:00,0.0,0.0,0.0,11.82,3.17
1990-09-03 06:00:00+00:00,48.0,96.06,38.0,11.91,3.45
1990-09-03 07:00:00+00:00,126.0,96.83,102.0,12.68,3.24
1990-09-03 08:00:00+00:00,197.0,78.56,167.0,13.8,4.21
1990-09-03 09:00:00+00:00,157.0,2.01,156.0,14.6,4.07
1990-09-03 10:00:00+00:00,194.0,1.71,193.0,15.04,3.66
1990-09-03 11:00:00+00:00,192.0,0.0,192.0,15.29,3.52
1990-09-03 12:00:00+00:00,160.0,0.0,160.0,15.65,3.45
1990-09-03 13:00:00+00:00,434.0,202.68,304.0,15.97,3.52
1990-09-03 14:00:00+00:00,155.0,0.0,155.0,16.03,3.31
1990-09-03 15:00:00+00:00,395.0,407.64,192.0,15.9,2.97
1990-09-03 16:00:00+00:00,104.0,0.0,104.0,15.66,2.48
1990-09-03 17:00:00+00:00,124.0,80.26,104.0,15.23,1.72
1990-09-03 18:00:00+00:00,14.0,0.0,14.0,14.84,1.79
1990-09-03 19:00:00+00:00,0.0,0.0,0.0,13.61,2.21
1990-09-03 20:00:00+00:00,0.0,0.0,0.0,12.67,2.28
1990-09-03 21:00:00+00:00,0.0,0.0,0.0,12.17,2.07
1990-09-03 22:00:00+00:00,0.0,0.0,0.0,12.0,1.93
1990-09-03 23:00:00+00:00,0.0,0.0,0.0,12.08,1.93
1990-09-04 00:00:00+00:00,0.0,0.0,0.0,12.08,2.21
1990-09-04 01:00:00+00:00,0.0,0.0,0.0,11.85,2.41
1990-09-04 02:00:00+00:00,0.0,0.0,0.0,12.02,2.9
1990-09-04 03:00:00+00:00,0.0,0.0,0.0,11.81,2.83
1990-09-04 04:00:00+00:00,0.0,0.0,0.0,11.77,2.28
1990-09-04 05:00:00+00:00,0.0,0.0,0.0,11.74,2.07
1990-09-04 06:00:00+00:00,37.0,40.14,33.0,11.72,2.21
1990-09-04 07:00:00+00:00,150.0,209.44,99.0,11.91,2.14
1990-09-04 08:00:00+00:00,189.0,68.87,163.0,12.35,2.41
1990-09-04 09:00:00+00:00,434.0,594.77,141.0,12.98,2.34
1990-09-04 10:00:00+00:00,560.0,767.74,114.0,13.93,1.86
1990-09-04 11:00:00+00:00,641.0,850.08,100.0,14.57,1.59
1990-09-04 12:00:00+00:00,670.0,878.97,94.0,15.44,1.38
1990-09-04 13:00:00+00:00,618.0,774.76,125.0,15.96,0.9
1990-09-04 14:00:00+00:00,534.0,656.03,153.0,16.49,0.55
1990-09-04 15:00:00+00:00,467.0,741.27,102.0,16.75,0.28
1990-09-04 16:00:00+00:00,252.0,230.61,165.0,16.87,0.34
1990-09-04 17:00:00+00:00,186.0,439.98,79.0,16.66,1.17
1990-09-04 18:00:00+00:00,60.0,261.75,34.0,15.89,1.24
1990-09-04 19:00:00+00:00,0.0,0.0,0.0,15.07,1.45
1990-09-04 20:00:00+00:00,0.0,0.0,0.0,13.92,2.0
1990-09-04 21:00:00+00:00,0.0,0.0,0.0,13.05,2.07
1990-09-04 22:00:00+00:00,0.0,0.0,0.0,12.56,2.0
1990-09-04 23:00:00+00:00,0.0,0.0,0.0,12.32,2.0
1990-09-05 00:00:00+00:00,0.0,0.0,0.0,12.19,2.07
1990-09-05 01:00:00+00:00,0.0,0.0,0.0,12.13,2.14
1990-09-05 02:00:00+00:00,0.0,0.0,0.0,11.89,2.14
1990-09-05 03:00:00+00:00,0.0,0.0,0.0,12.15,2.28
1990-09-05 04:00:00+00:00,0.0,0.0,0.0,12.45,2.48
1990-09-05 05:00:00+00:00,0.0,0.0,0.0,12.72,2.48
1990-09-05 06:00:00+00:00,53.0,220.62,32.0,12.68,2.76
1990-09-05 07:00:00+00:00,80.0,8.36,78.0,13.7,3.59
1990-09-05 08:00:00+00:00,161.0,32.16,149.0,14.21,3.66
1990-09-05 09:00:00+00:00,257.0,77.84,219.0,14.44,3.93
1990-09-05 10:00:00+00:00,336.0,112.77,271.0,14.81,3.66
1990-09-05 11:00:00+00:00,258.0,14.25,249.0,15.38,3.86
1990-09-05 12:00:00+00:00,433.0,190.65,309.0,16.66,5.31
1990-09-05 13:00:00+00:00,344.0,77.63,295.0,17.48,5.45
1990-09-05 14:00:00+00:00,235.0,15.64,226.0,18.08,5.31
1990-09-05 15:00:00+00:00,303.0,160.24,225.0,18.52,5.1
1990-09-05 16:00:00+00:00,229.0,172.32,165.0,18.89,4.34
1990-09-05 17:00:00+00:00,110.0,63.25,95.0,19.04,3.66
1990-09-05 18:00:00+00:00,55.0,246.95,32.0,18.89,3.59
1990-09-05 19:00:00+00:00,0.0,0.0,0.0,17.88,3.31
1990-09-05 20:00:00+00:00,0.0,0.0,0.0,17.08,3.31
1990-09-05 21:00:00+00:00,0.0,0.0,0.0,16.55,3.31
1990-09-05 22:00:00+00:00,0.0,0.0,0.0,16.26,3.52
1990-09-05 23:00:00+00:00,0.0,0.0,0.0,16.22,3.93
1990-09-06 00:00:00+00:00,0.0,0.0,0.0,16.32,4.07
1990-09-06 01:00:00+00:00,0.0,0.0,0.0,16.67,4.21
1990-09-06 02:00:00+00:00,0.0,0.0,0.0,17.33,4.76
1990-09-06 03:00:00+00:00,0.0,0.0,0.0,17.81,5.38
1990-09-06 04:00:00+00:00,0.0,0.0,0.0,18.12,5.66
1990-09-06 05:00:00+00:00,0.0,0.0,0.0,18.23,5.52
1990-09-06 06:00:00+00:00,43.0,132.31,31.0,18.21,5.38
1990-09-06 07:00:00+00:00,121.0,110.78,95.0,18.88,5.66
1990-09-06 08:00:00+00:00,238.0,219.65,157.0,19.07,5.24
1990-09-06 09:00:00+00:00,230.0,49.61,206.0,19.13,5.31
1990-09-06 10:00:00+00:00,359.0,166.14,264.0,19.21,5.24
1990-09-06 11:00:00+00:00,447.0,264.77,281.0,19.19,5.24
1990-09-06 12:00:00+00:00,384.0,123.95,304.0,19.09,5.1
1990-09-06 13:00:00+00:00,311.0,52.72,278.0,19.0,4.69
1990-09-06 14:00:00+00:00,219.0,12.28,212.0,19.13,5.03
1990-09-06 15:00:00+00:00,216.0,35.34,199.0,19.05,4.28
1990-09-06 16:00:00+00:00,258.0,303.71,147.0,18.84,3.72
1990-09-06 17:00:00+00:00,104.0,56.27,91.0,18.41,2.76
1990-09-06 18:00:00+00:00,17.0,0.0,17.0,18.02,1.93
1990-09-06 19:00:00+00:00,0.0,0.0,0.0,18.51,1.86
1990-09-06 20:00:00+00:00,0.0,0.0,0.0,18.14,1.93
1990-09-06 21:00:00+00:00,0.0,0.0,0.0,17.73,2.41
1990-09-06 22:00:00+00:00,0.0,0.0,0.0,17.4,2.83
1990-09-06 23:00:00+00:00,0.0,0.0,0.0,17.14,3.17
1990-09-07 00:00:00+00:00,0.0,0.0,0.0,16.89,3.45
1990-09-07 01:00:00+00:00,0.0,0.0,0.0,16.61,3.59
1990-09-07 02:00:00+00:00,0.0,0.0,0.0,16.4,3.66
1990-09-07 03:00:00+00:00,0.0,0.0,0.0,16.23,3.72
1990-09-07 04:00:00+00:00,0.0,0.0,0.0,16.13,3.59
1990-09-07 05:00:00+00:00,0.0,0.0,0.0,16.03,3.52
1990-09-07 06:00:00+00:00,17.0,0.0,17.0,16.05,3.79
1990-09-07 07:00:00+00:00,0.0,0.0,0.0,16.59,4.0
1990-09-07 08:00:00+00:00,173.0,54.9,153.0,17.38,4.41
1990-09-07 09:00:00+00:00,334.0,260.82,209.0,18.27,4.55
1990-09-07 10:00:00+00:00,497.0,573.0,172.0,19.0,4.62
1990-09-07 11:00:00+00:00,451.0,276.45,279.0,19.69,4.21
1990-09-07 12:00:00+00:00,645.0,857.24,96.0,20.34,3.79
1990-09-07 13:00:00+00:00,197.0,1.61,196.0,20.69,3.38
1990-09-07 14:00:00+00:00,187.0,3.54,185.0,21.07,3.38
1990-09-07 15:00:00+00:00,337.0,275.6,206.0,21.15,3.03
1990-09-07 16:00:00+00:00,264.0,347.69,139.0,20.98,2.97
1990-09-07 17:00:00+00:00,71.0,8.89,69.0,20.47,2.48
1990-09-07 18:00:00+00:00,27.0,24.8,25.0,19.56,2.07
1990-09-07 19:00:00+00:00,0.0,0.0,0.0,18.57,1.86
1990-09-07 20:00:00+00:00,0.0,0.0,0.0,17.67,2.41
1990-09-07 21:00:00+00:00,0.0,0.0,0.0,17.37,2.62
1990-09-07 22:00:00+00:00,0.0,0.0,0.0,17.11,2.34
1990-09-07 23:00:00+00:00,0.0,0.0,0.0,16.7,2.62
1990-09-08 00:00:00+00:00,0.0,0.0,0.0,16.59,2.9
1990-09-08 01:00:00+00:00,0.0,0.0,0.0,16.64,3.17
1990-09-08 02:00:00+00:00,0.0,0.0,0.0,16.69,0.0
1990-09-08 03:00:00+00:00,0.0,0.0,0.0,16.59,0.0
1990-09-08 04:00:00+00:00,0.0,0.0,0.0,16.56,3.24
1990-09-08 05:00:00+00:00,0.0,0.0,0.0,16.45,3.24
1990-09-08 06:00:00+00:00,23.0,12.24,22.0,16.44,3.31
1990-09-08 07:00:00+00:00,64.0,4.43,63.0,17.3,3.59
1990-09-08 08:00:00+00:00,50.0,0.0,50.0,17.67,4.07
1990-09-08 09:00:00+00:00,49.0,0.0,49.0,17.1,5.17
1990-09-08 10:00:00+00:00,48.0,0.0,48.0,15.75,5.38
1990-09-08 11:00:00+00:00,53.0,0.0,53.0,14.91,5.1
1990-09-08 12:00:00+00:00,97.0,0.0,97.0,14.7,5.59
1990-09-08 13:00:00+00:00,353.0,102.37,290.0,15.37,5.52
1990-09-08 14:00:00+00:00,420.0,325.66,238.0,16.48,6.48
1990-09-08 15:00:00+00:00,417.0,626.17,123.0,16.29,7.1
1990-09-08 16:00:00+00:00,185.0,87.69,154.0,14.95,6.69
1990-09-08 17:00:00+00:00,129.0,182.89,89.0,14.17,5.93
1990-09-08 18:00:00+00:00,6.0,0.0,6.0,13.8,5.24
1990-09-08 19:00:00+00:00,0.0,0.0,0.0,13.81,4.55
1990-09-08 20:00:00+00:00,0.0,0.0,0.0,13.61,4.0
1990-09-08 21:00:00+00:00,0.0,0.0,0.0,13.3,3.38
1990-09-08 22:00:00+00:00,0.0,0.0,0.0,13.34,2.9
1990-09-08 23:00:00+00:00,0.0,0.0,0.0,13.29,2.55
1990-09-09 00:00:00+00:00,0.0,0.0,0.0,13.12,2.48
1990-09-09 01:00:00+00:00,0.0,0.0,0.0,12.95,2.69
1990-09-09 02:00:00+00:00,0.0,0.0,0.0,13.01,2.83
1990-09-09 03:00:00+00:00,0.0,0.0,0.0,13.29,3.24
1990-09-09 04:00:00+00:00,0.0,0.0,0.0,13.34,3.86
1990-09-09 05:00:00+00:00,0.0,0.0,0.0,13.4,4.28
1990-09-09 06:00:00+00:00,5.0,0.0,5.0,13.54,4.55
1990-09-09 07:00:00+00:00,107.0,81.33,89.0,14.05,4.9
1990-09-09 08:00:00+00:00,227.0,208.24,153.0,14.45,5.38
1990-09-09 09:00:00+00:00,130.0,0.0,130.0,15.12,5.38
1990-09-09 10:00:00+00:00,259.0,35.85,239.0,15.65,6.0
1990-09-09 11:00:00+00:00,475.0,355.96,257.0,15.98,6.97
1990-09-09 12:00:00+00:00,343.0,77.75,294.0,16.42,7.66
1990-09-09 13:00:00+00:00,222.0,6.56,218.0,16.52,6.9
1990-09-09 14:00:00+00:00,167.0,0.0,167.0,16.33,5.45
1990-09-09 15:00:00+00:00,78.0,0.0,78.0,16.48,6.07
1990-09-09 16:00:00+00:00,50.0,0.0,50.0,16.35,7.52
1990-09-09 17:00:00+00:00,29.0,0.0,29.0,15.96,8.48
1990-09-09 18:00:00+00:00,29.0,88.25,23.0,15.68,9.03
1990-09-09 19:00:00+00:00,0.0,0.0,0.0,15.74,9.24
1990-09-09 20:00:00+00:00,0.0,0.0,0.0,15.74,8.55
1990-09-09 21:00:00+00:00,0.0,0.0,0.0,15.56,7.79
1990-09-09 22:00:00+00:00,0.0,0.0,0.0,14.7,7.31
1990-09-09 23:00:00+00:00,0.0,0.0,0.0,12.97,6.97
1990-09-10 00:00:00+00:00,0.0,0.0,0.0,11.96,5.93
1990-09-10 01:00:00+00:00,0.0,0.0,0.0,11.54,5.59
1990-09-10 02:00:00+00:00,0.0,0.0,0.0,11.35,5.17
1990-09-10 03:00:00+00:00,0.0,0.0,0.0,11.13,4.76
1990-09-10 04:00:00+00:00,0.0,0.0,0.0,10.97,4.48
1990-09-10 05:00:00+00:00,0.0,0.0,0.0,10.81,4.34
1990-09-10 06:00:00+00:00,33.0,124.03,24.0,10.68,4.14
1990-09-10 07:00:00+00:00,42.0,0.0,42.0,11.18,3.93
1990-09-10 08:00:00+00:00,62.0,0.0,62.0,11.85,3.72
1990-09-10 09:00:00+00:00,242.0,66.59,211.0,12.75,4.34
1990-09-10 10:00:00+00:00,414.0,296.52,250.0,13.81,4.07
1990-09-10 11:00:00+00:00,326.0,67.49,285.0,14.73,4.0
1990-09-10 12:00:00+00:00,338.0,68.79,295.0,15.44,4.0
1990-09-10 13:00:00+00:00,541.0,555.68,205.0,15.66,3.52
1990-09-10 14:00:00+00:00,380.0,219.14,260.0,15.75,3.17
1990-09-10 15:00:00+00:00,310.0,211.89,213.0,15.92,3.17
1990-09-10 16:00:00+00:00,228.0,222.64,152.0,15.84,2.9
1990-09-10 17:00:00+00:00,80.0,24.24,75.0,15.39,2.28
1990-09-10 18:00:00+00:00,12.0,0.0,12.0,14.57,2.14
1990-09-10 19:00:00+00:00,0.0,0.0,0.0,13.57,2.55
1990-09-10 20:00:00+00:00,0.0,0.0,0.0,12.88,2.69
1990-09-10 21:00:00+00:00,0.0,0.0,0.0,12.2,3.1
1990-09-10 22:00:00+00:00,0.0,0.0,0.0,11.61,3.59
1990-09-10 23:00:00+00:00,0.0,0.0,0.0,11.48,4.14
1990-09-11 00:00:00+00:00,0.0,0.0,0.0,11.39,4.34
1990-09-11 01:00:00+00:00,0.0,0.0,0.0,11.16,4.55
1990-09-11 02:00:00+00:00,0.0,0.0,0.0,11.09,4.69
1990-09-11 03:00:00+00:00,0.0,0.0,0.0,10.94,4.62
1990-09-11 04:00:00+00:00,0.0,0.0,0.0,10.67,4.41
1990-09-11 05:00:00+00:00,0.0,0.0,0.0,10.53,4.28
1990-09-11 06:00:00+00:00,29.0,88.25,23.0,10.53,4.28
1990-09-11 07:00:00+00:00,123.0,169.6,87.0,11.07,4.07
1990-09-11 08:00:00+00:00,273.0,436.07,122.0,12.1,4.48
1990-09-11 09:00:00+00:00,422.0,670.45,113.0,13.42,5.38
1990-09-11 10:00:00+00:00,365.0,195.15,258.0,14.56,5.59
1990-09-11 11:00:00+00:00,418.0,220.74,285.0,15.65,5.52
1990-09-11 12:00:00+00:00,289.0,32.26,269.0,15.88,5.72
1990-09-11 13:00:00+00:00,482.0,390.51,248.0,16.22,6.41
1990-09-11 14:00:00+00:00,276.0,57.21,245.0,16.2,6.14
1990-09-11 15:00:00+00:00,265.0,121.72,210.0,16.08,5.86
1990-09-11 16:00:00+00:00,280.0,528.01,103.0,15.95,6.14
1990-09-11 17:00:00+00:00,53.0,0.0,53.0,15.57,6.07
1990-09-11 18:00:00+00:00,23.0,90.54,18.0,14.99,5.86
1990-09-11 19:00:00+00:00,0.0,0.0,0.0,14.65,6.28
1990-09-11 20:00:00+00:00,0.0,0.0,0.0,14.38,6.07
1990-09-11 21:00:00+00:00,0.0,0.0,0.0,14.26,5.72
1990-09-11 22:00:00+00:00,0.0,0.0,0.0,14.17,5.66
1990-09-11 23:00:00+00:00,0.0,0.0,0.0,14.1,5.93
1990-09-12 00:00:00+00:00,0.0,0.0,0.0,13.92,6.21
1990-09-12 01:00:00+00:00,0.0,0.0,0.0,13.63,6.41
1990-09-12 02:00:00+00:00,0.0,0.0,0.0,13.66,6.34
1990-09-12 03:00:00+00:00,0.0,0.0,0.0,13.6,6.14
1990-09-12 04:00:00+00:00,0.0,0.0,0.0,13.89,6.0
1990-09-12 05:00:00+00:00,0.0,0.0,0.0,14.17,5.93
1990-09-12 06:00:00+00:00,5.0,0.0,5.0,14.45,6.0
1990-09-12 07:00:00+00:00,25.0,0.0,25.0,15.18,6.14
1990-09-12 08:00:00+00:00,120.0,8.78,117.0,15.75,5.86
1990-09-12 09:00:00+00:00,81.0,0.0,81.0,16.62,6.62
1990-09-12 10:00:00+00:00,100.0,0.0,100.0,17.55,7.1
1990-09-12 11:00:00+00:00,126.0,0.0,126.0,18.4,7.72
1990-09-12 12:00:00+00:00,225.0,6.51,221.0,19.0,8.07
1990-09-12 13:00:00+00:00,238.0,15.16,229.0,19.43,8.55
1990-09-12 14:00:00+00:00,66.0,0.0,66.0,19.75,8.07
1990-09-12 15:00:00+00:00,191.0,26.91,179.0,19.85,6.9
1990-09-12 16:00:00+00:00,45.0,0.0,45.0,19.69,6.21
1990-09-12 17:00:00+00:00,35.0,0.0,35.0,19.34,6.07
1990-09-12 18:00:00+00:00,2.0,0.0,2.0,18.72,5.66
1990-09-12 19:00:00+00:00,0.0,0.0,0.0,18.27,5.24
1990-09-12 20:00:00+00:00,0.0,0.0,0.0,18.38,5.03
1990-09-12 21:00:00+00:00,0.0,0.0,0.0,18.28,4.28
1990-09-12 22:00:00+00:00,0.0,0.0,0.0,17.99,3.31
1990-09-12 23:00:00+00:00,0.0,0.0,0.0,17.74,2.9
1990-09-13 00:00:00+00:00,0.0,0.0,0.0,17.59,3.17
1990-09-13 01:00:00+00:00,0.0,0.0,0.0,17.68,3.79
1990-09-13 02:00:00+00:00,0.0,0.0,0.0,17.68,4.28
1990-09-13 03:00:00+00:00,0.0,0.0,0.0,17.55,4.48
1990-09-13 04:00:00+00:00,0.0,0.0,0.0,17.25,4.41
1990-09-13 05:00:00+00:00,0.0,0.0,0.0,16.99,4.28
1990-09-13 06:00:00+00:00,9.0,0.0,9.0,16.78,4.0
1990-09-13 07:00:00+00:00,96.0,83.69,79.0,17.73,3.31
1990-09-13 08:00:00+00:00,120.0,11.87,116.0,17.99,2.76
1990-09-13 09:00:00+00:00,197.0,33.22,182.0,18.18,2.34
1990-09-13 10:00:00+00:00,110.0,0.0,110.0,18.38,2.48
1990-09-13 11:00:00+00:00,102.0,0.0,102.0,18.79,2.07
1990-09-13 12:00:00+00:00,363.0,126.37,286.0,19.27,1.52
1990-09-13 13:00:00+00:00,368.0,156.42,276.0,20.45,0.97
1990-09-13 14:00:00+00:00,116.0,0.0,116.0,20.18,0.41
1990-09-13 15:00:00+00:00,206.0,47.74,185.0,19.93,1.45
1990-09-13 16:00:00+00:00,183.0,136.29,139.0,19.2,2.21
1990-09-13 17:00:00+00:00,18.0,0.0,18.0,18.39,2.62
1990-09-13 18:00:00+00:00,7.0,0.0,7.0,17.34,3.17
1990-09-13 19:00:00+00:00,0.0,0.0,0.0,16.29,3.59
1990-09-13 20:00:00+00:00,0.0,0.0,0.0,15.08,3.45
1990-09-13 21:00:00+00:00,0.0,0.0,0.0,14.07,3.31
1990-09-13 22:00:00+00:00,0.0,0.0,0.0,13.39,3.31
1990-09-13 23:00:00+00:00,0.0,0.0,0.0,12.96,3.45
1990-09-14 00:00:00+00:00,0.0,0.0,0.0,12.77,3.52
1990-09-14 01:00:00+00:00,0.0,0.0,0.0,12.62,3.45
1990-09-14 02:00:00+00:00,0.0,0.0,0.0,12.51,3.52
1990-09-14 03:00:00+00:00,0.0,0.0,0.0,12.4,3.79
1990-09-14 04:00:00+00:00,0.0,0.0,0.0,12.23,3.79
1990-09-14 05:00:00+00:00,0.0,0.0,0.0,12.15,3.79
1990-09-14 06:00:00+00:00,12.0,0.0,12.0,12.09,3.59
1990-09-14 07:00:00+00:00,20.0,0.0,20.0,12.13,3.72
1990-09-14 08:00:00+00:00,46.0,0.0,46.0,12.48,4.62
1990-09-14 09:00:00+00:00,97.0,0.0,97.0,12.75,4.34
1990-09-14 10:00:00+00:00,117.0,0.0,117.0,13.12,4.55
1990-09-14 11:00:00+00:00,150.0,0.0,150.0,13.61,4.83
1990-09-14 12:00:00+00:00,146.0,0.0,146.0,14.08,4.83
1990-09-14 13:00:00+00:00,175.0,0.0,175.0,14.3,4.97
1990-09-14 14:00:00+00:00,142.0,0.0,142.0,14.45,4.76
1990-09-14 15:00:00+00:00,184.0,27.66,172.0,14.36,4.28
1990-09-14 16:00:00+00:00,136.0,37.9,124.0,14.35,4.41
1990-09-14 17:00:00+00:00,69.0,27.64,64.0,14.14,4.14
1990-09-14 18:00:00+00:00,2.0,0.0,2.0,13.8,3.45
1990-09-14 19:00:00+00:00,0.0,0.0,0.0,13.34,3.03
1990-09-14 20:00:00+00:00,0.0,0.0,0.0,13.2,2.76
1990-09-14 21:00:00+00:00,0.0,0.0,0.0,13.11,2.48
1990-09-14 22:00:00+00:00,0.0,0.0,0.0,13.18,2.34
1990-09-14 23:00:00+00:00,0.0,0.0,0.0,13.1,1.86
1990-09-15 00:00:00+00:00,0.0,0.0,0.0,13.14,1.66
1990-09-15 01:00:00+00:00,0.0,0.0,0.0,13.18,1.1
1990-09-15 02:00:00+00:00,0.0,0.0,0.0,13.24,1.45
1990-09-15 03:00:00+00:00,0.0,0.0,0.0,13.23,1.17
1990-09-15 04:00:00+00:00,0.0,0.0,0.0,13.27,1.03
1990-09-15 05:00:00+00:00,0.0,0.0,0.0,13.33,0.9
1990-09-15 06:00:00+00:00,7.0,0.0,7.0,13.4,0.83
1990-09-15 07:00:00+00:00,44.0,0.0,44.0,13.24,0.76
1990-09-15 08:00:00+00:00,150.0,48.82,134.0,14.0,0.76
1990-09-15 09:00:00+00:00,216.0,58.83,190.0,15.18,0.9
1990-09-15 10:00:00+00:00,301.0,107.81,244.0,16.46,0.83
1990-09-15 11:00:00+00:00,445.0,345.27,244.0,17.58,0.76
1990-09-15 12:00:00+00:00,546.0,648.17,158.0,18.76,0.55
1990-09-15 13:00:00+00:00,457.0,395.18,229.0,19.95,0.55
1990-09-15 14:00:00+00:00,288.0,96.4,238.0,20.44,0.9
1990-09-15 15:00:00+00:00,386.0,670.98,99.0,20.83,1.45
1990-09-15 16:00:00+00:00,260.0,567.13,84.0,20.49,1.79
1990-09-15 17:00:00+00:00,88.0,108.9,69.0,19.82,1.52
1990-09-15 18:00:00+00:00,8.0,0.0,8.0,18.72,1.45
1990-09-15 19:00:00+00:00,0.0,0.0,0.0,18.2,1.59
1990-09-15 20:00:00+00:00,0.0,0.0,0.0,17.22,1.52
1990-09-15 21:00:00+00:00,0.0,0.0,0.0,16.44,2.0
1990-09-15 22:00:00+00:00,0.0,0.0,0.0,16.26,2.55
1990-09-15 23:00:00+00:00,0.0,0.0,0.0,15.9,2.9
1990-09-16 00:00:00+00:00,0.0,0.0,0.0,15.46,3.1
1990-09-16 01:00:00+00:00,0.0,0.0,0.0,14.85,3.38
1990-09-16 02:00:00+00:00,0.0,0.0,0.0,13.91,3.72
1990-09-16 03:00:00+00:00,0.0,0.0,0.0,13.25,4.0
1990-09-16 04:00:00+00:00,0.0,0.0,0.0,12.74,4.48
1990-09-16 05:00:00+00:00,0.0,0.0,0.0,12.34,4.41
1990-09-16 06:00:00+00:00,19.0,111.47,14.0,12.08,4.34
1990-09-16 07:00:00+00:00,43.0,0.0,43.0,11.97,4.76
1990-09-16 08:00:00+00:00,189.0,145.5,142.0,12.32,4.76
1990-09-16 09:00:00+00:00,418.0,759.51,86.0,12.72,4.69
1990-09-16 10:00:00+00:00,501.0,748.47,109.0,13.58,5.17
1990-09-16 11:00:00+00:00,557.0,757.42,120.0,14.38,5.1
1990-09-16 12:00:00+00:00,549.0,650.73,163.0,14.92,4.9
1990-09-16 13:00:00+00:00,457.0,390.35,234.0,15.57,4.62
1990-09-16 14:00:00+00:00,355.0,232.08,236.0,15.76,4.28
1990-09-16 15:00:00+00:00,339.0,431.68,157.0,15.76,3.72
1990-09-16 16:00:00+00:00,249.0,506.52,95.0,15.79,3.59
1990-09-16 17:00:00+00:00,88.0,119.01,68.0,15.53,3.17
1990-09-16 18:00:00+00:00,6.0,0.0,6.0,14.86,3.59
1990-09-16 19:00:00+00:00,0.0,0.0,0.0,14.23,3.66
1990-09-16 20:00:00+00:00,0.0,0.0,0.0,13.31,3.86
1990-09-16 21:00:00+00:00,0.0,0.0,0.0,12.52,3.86
1990-09-16 22:00:00+00:00,0.0,0.0,0.0,11.95,3.79
1990-09-16 23:00:00+00:00,0.0,0.0,0.0,11.36,3.45
1990-09-17 00:00:00+00:00,0.0,0.0,0.0,10.87,3.03
1990-09-17 01:00:00+00:00,0.0,0.0,0.0,10.45,2.76
1990-09-17 02:00:00+00:00,0.0,0.0,0.0,9.95,2.41
1990-09-17 03:00:00+00:00,0.0,0.0,0.0,9.57,2.41
1990-09-17 04:00:00+00:00,0.0,0.0,0.0,9.31,2.41
1990-09-17 05:00:00+00:00,0.0,0.0,0.0,8.99,2.34
1990-09-17 06:00:00+00:00,11.0,24.89,10.0,8.71,2.34
1990-09-17 07:00:00+00:00,110.0,200.47,73.0,9.2,2.28
1990-09-17 08:00:00+00:00,270.0,571.79,88.0,10.43,2.14
1990-09-17 09:00:00+00:00,401.0,698.64,99.0,11.74,1.79
1990-09-17 10:00:00+00:00,430.0,451.12,196.0,12.75,1.38
1990-09-17 11:00:00+00:00,400.0,230.88,268.0,13.86,1.38
1990-09-17 12:00:00+00:00,566.0,741.86,130.0,14.72,1.66
1990-09-17 13:00:00+00:00,505.0,574.64,180.0,15.47,2.07
1990-09-17 14:00:00+00:00,504.0,818.83,89.0,15.92,2.07
1990-09-17 15:00:00+00:00,365.0,589.71,120.0,16.15,1.79
1990-09-17 16:00:00+00:00,251.0,560.94,84.0,16.2,1.66
1990-09-17 17:00:00+00:00,120.0,433.16,50.0,15.86,1.38
1990-09-17 18:00:00+00:00,0.0,0.0,0.0,15.02,1.31
1990-09-17 19:00:00+00:00,0.0,0.0,0.0,13.41,1.79
1990-09-17 20:00:00+00:00,0.0,0.0,0.0,12.14,1.93
1990-09-17 21:00:00+00:00,0.0,0.0,0.0,11.14,2.0
1990-09-17 22:00:00+00:00,0.0,0.0,0.0,10.47,2.0
1990-09-17 23:00:00+00:00,0.0,0.0,0.0,9.88,1.93
1990-09-18 00:00:00+00:00,0.0,0.0,0.0,9.24,1.86
1990-09-18 01:00:00+00:00,0.0,0.0,0.0,8.94,1.86
1990-09-18 02:00:00+00:00,0.0,0.0,0.0,8.55,2.0
1990-09-18 03:00:00+00:00,0.0,0.0,0.0,8.32,2.14
1990-09-18 04:00:00+00:00,0.0,0.0,0.0,8.32,2.21
1990-09-18 05:00:00+00:00,0.0,0.0,0.0,8.56,2.28
1990-09-18 06:00:00+00:00,5.0,0.0,5.0,9.25,2.34
1990-09-18 07:00:00+00:00,94.0,122.31,72.0,9.99,2.41
1990-09-18 08:00:00+00:00,171.0,111.63,136.0,11.27,3.03
1990-09-18 09:00:00+00:00,129.0,2.34,128.0,12.53,3.66
1990-09-18 10:00:00+00:00,261.0,60.35,230.0,13.43,4.14
1990-09-18 11:00:00+00:00,310.0,82.97,263.0,14.43,4.28
1990-09-18 12:00:00+00:00,383.0,183.78,276.0,15.32,4.83
1990-09-18 13:00:00+00:00,434.0,355.46,235.0,16.16,4.55
1990-09-18 14:00:00+00:00,159.0,2.0,158.0,16.75,4.83
1990-09-18 15:00:00+00:00,153.0,12.22,148.0,16.73,4.76
1990-09-18 16:00:00+00:00,100.0,10.3,97.0,16.27,4.55
1990-09-18 17:00:00+00:00,88.0,174.03,61.0,15.59,4.0
1990-09-18 18:00:00+00:00,0.0,0.0,0.0,14.99,3.38
1990-09-18 19:00:00+00:00,0.0,0.0,0.0,14.35,3.1
1990-09-18 20:00:00+00:00,0.0,0.0,0.0,14.14,2.9
1990-09-18 21:00:00+00:00,0.0,0.0,0.0,13.89,3.1
1990-09-18 22:00:00+00:00,0.0,0.0,0.0,13.5,3.24
1990-09-18 23:00:00+00:00,0.0,0.0,0.0,13.12,3.24
1990-09-19 00:00:00+00:00,0.0,0.0,0.0,12.23,3.31
1990-09-19 01:00:00+00:00,0.0,0.0,0.0,11.85,3.45
1990-09-19 02:00:00+00:00,0.0,0.0,0.0,11.59,3.72
1990-09-19 03:00:00+00:00,0.0,0.0,0.0,11.16,3.59
1990-09-19 04:00:00+00:00,0.0,0.0,0.0,10.93,3.38
1990-09-19 05:00:00+00:00,0.0,0.0,0.0,10.67,3.24
1990-09-19 06:00:00+00:00,8.0,0.0,8.0,10.43,3.31
1990-09-19 07:00:00+00:00,0.0,0.0,0.0,10.62,2.69
1990-09-19 08:00:00+00:00,229.0,349.79,121.0,11.37,2.83
1990-09-19 09:00:00+00:00,250.0,127.82,196.0,12.19,2.97
1990-09-19 10:00:00+00:00,355.0,232.03,237.0,12.87,2.62
1990-09-19 11:00:00+00:00,196.0,3.56,194.0,13.67,1.93
1990-09-19 12:00:00+00:00,162.0,0.0,162.0,14.23,1.45
1990-09-19 13:00:00+00:00,164.0,0.0,164.0,14.74,1.38
1990-09-19 14:00:00+00:00,94.0,0.0,94.0,15.09,1.31
1990-09-19 15:00:00+00:00,225.0,96.76,186.0,15.21,1.24
1990-09-19 16:00:00+00:00,174.0,168.42,126.0,15.29,1.03
1990-09-19 17:00:00+00:00,63.0,47.08,56.0,14.87,0.48
1990-09-19 18:00:00+00:00,0.0,0.0,0.0,13.98,0.48
1990-09-19 19:00:00+00:00,0.0,0.0,0.0,12.28,1.24
1990-09-19 20:00:00+00:00,0.0,0.0,0.0,11.08,1.52
1990-09-19 21:00:00+00:00,0.0,0.0,0.0,10.16,1.59
1990-09-19 22:00:00+00:00,0.0,0.0,0.0,9.64,1.52
1990-09-19 23:00:00+00:00,0.0,0.0,0.0,9.14,1.45
1990-09-20 00:00:00+00:00,0.0,0.0,0.0,8.7,1.45
1990-09-20 01:00:00+00:00,0.0,0.0,0.0,9.03,1.31
1990-09-20 02:00:00+00:00,0.0,0.0,0.0,9.36,1.17
1990-09-20 03:00:00+00:00,0.0,0.0,0.0,8.95,1.24
1990-09-20 04:00:00+00:00,0.0,0.0,0.0,8.75,1.17
1990-09-20 05:00:00+00:00,0.0,0.0,0.0,8.15,1.31
1990-09-20 06:00:00+00:00,2.0,0.0,2.0,7.93,1.31
1990-09-20 07:00:00+00:00,38.0,0.0,38.0,8.0,1.17
1990-09-20 08:00:00+00:00,151.0,69.09,130.0,10.36,0.83
1990-09-20 09:00:00+00:00,152.0,7.19,149.0,12.48,0.83
1990-09-20 10:00:00+00:00,193.0,9.93,188.0,13.51,1.24
1990-09-20 11:00:00+00:00,235.0,17.99,225.0,14.47,1.79
1990-09-20 12:00:00+00:00,319.0,82.3,272.0,15.25,2.21
1990-09-20 13:00:00+00:00,475.0,503.43,199.0,15.81,2.21
1990-09-20 14:00:00+00:00,374.0,329.37,213.0,16.18,2.34
1990-09-20 15:00:00+00:00,372.0,705.57,92.0,16.3,2.28
1990-09-20 16:00:00+00:00,213.0,391.21,104.0,16.15,2.14
1990-09-20 17:00:00+00:00,104.0,407.91,46.0,15.47,1.52
1990-09-20 18:00:00+00:00,0.0,0.0,0.0,14.09,1.45
1990-09-20 19:00:00+00:00,0.0,0.0,0.0,12.24,1.52
1990-09-20 20:00:00+00:00,0.0,0.0,0.0,10.72,1.66
1990-09-20 21:00:00+00:00,0.0,0.0,0.0,9.81,1.72
1990-09-20 22:00:00+00:00,0.0,0.0,0.0,9.14,1.79
1990-09-20 23:00:00+00:00,0.0,0.0,0.0,8.65,1.79
1990-09-21 00:00:00+00:00,0.0,0.0,0.0,8.41,1.79
1990-09-21 01:00:00+00:00,0.0,0.0,0.0,8.64,1.72
1990-09-21 02:00:00+00:00,0.0,0.0,0.0,8.6,1.59
1990-09-21 03:00:00+00:00,0.0,0.0,0.0,8.61,1.45
1990-09-21 04:00:00+00:00,0.0,0.0,0.0,8.62,1.52
1990-09-21 05:00:00+00:00,0.0,0.0,0.0,8.14,1.72
1990-09-21 06:00:00+00:00,0.0,0.0,0.0,7.72,2.07
1990-09-21 07:00:00+00:00,94.0,175.04,65.0,8.84,2.14
1990-09-21 08:00:00+00:00,184.0,180.54,130.0,11.93,2.41
1990-09-21 09:00:00+00:00,190.0,38.78,174.0,13.43,3.93
1990-09-21 10:00:00+00:00,306.0,142.5,235.0,14.52,5.1
1990-09-21 11:00:00+00:00,283.0,58.14,251.0,15.41,5.66
1990-09-21 12:00:00+00:00,145.0,0.0,145.0,15.86,5.24
1990-09-21 13:00:00+00:00,367.0,202.8,257.0,16.3,4.97
1990-09-21 14:00:00+00:00,168.0,4.14,166.0,16.58,4.9
1990-09-21 15:00:00+00:00,149.0,12.8,144.0,16.48,4.41
1990-09-21 16:00:00+00:00,58.0,0.0,58.0,15.75,4.41
1990-09-21 17:00:00+00:00,20.0,0.0,20.0,15.13,4.34
1990-09-21 18:00:00+00:00,0.0,0.0,0.0,14.55,4.07
1990-09-21 19:00:00+00:00,0.0,0.0,0.0,13.96,3.79
1990-09-21 20:00:00+00:00,0.0,0.0,0.0,13.55,3.66
1990-09-21 21:00:00+00:00,0.0,0.0,0.0,13.3,3.45
1990-09-21 22:00:00+00:00,0.0,0.0,0.0,13.14,3.1
1990-09-21 23:00:00+00:00,0.0,0.0,0.0,13.01,2.83
1990-09-22 00:00:00+00:00,0.0,0.0,0.0,12.8,2.62
1990-09-22 01:00:00+00:00,0.0,0.0,0.0,12.51,2.41
1990-09-22 02:00:00+00:00,0.0,0.0,0.0,12.42,2.41
1990-09-22 03:00:00+00:00,0.0,0.0,0.0,12.33,2.48
1990-09-22 04:00:00+00:00,0.0,0.0,0.0,12.19,2.62
1990-09-22 05:00:00+00:00,0.0,0.0,0.0,11.85,2.76
1990-09-22 06:00:00+00:00,0.0,0.0,0.0,11.42,2.97
1990-09-22 07:00:00+00:00,0.0,0.0,0.0,11.31,3.38
1990-09-22 08:00:00+00:00,240.0,503.0,92.0,11.01,3.72
1990-09-22 09:00:00+00:00,234.0,115.33,187.0,11.66,4.28
1990-09-22 10:00:00+00:00,352.0,259.6,224.0,12.38,4.48
1990-09-22 11:00:00+00:00,484.0,559.62,179.0,13.06,4.41
1990-09-22 12:00:00+00:00,517.0,635.9,161.0,13.7,4.34
1990-09-22 13:00:00+00:00,527.0,782.82,107.0,14.11,4.21
1990-09-22 14:00:00+00:00,404.0,493.02,169.0,14.34,4.28
1990-09-22 15:00:00+00:00,307.0,424.12,144.0,14.24,4.07
1990-09-22 16:00:00+00:00,208.0,436.4,92.0,13.97,3.79
1990-09-22 17:00:00+00:00,55.0,54.18,48.0,13.45,3.24
1990-09-22 18:00:00+00:00,0.0,0.0,0.0,12.6,3.31
1990-09-22 19:00:00+00:00,0.0,0.0,0.0,12.25,4.28
1990-09-22 20:00:00+00:00,0.0,0.0,0.0,11.87,4.28
1990-09-22 21:00:00+00:00,0.0,0.0,0.0,11.42,4.48
1990-09-22 22:00:00+00:00,0.0,0.0,0.0,11.07,4.62
1990-09-22 23:00:00+00:00,0.0,0.0,0.0,10.79,4.62
1990-09-23 00:00:00+00:00,0.0,0.0,0.0,10.42,4.83
1990-09-23 01:00:00+00:00,0.0,0.0,0.0,10.22,4.69
1990-09-23 02:00:00+00:00,0.0,0.0,0.0,9.92,4.48
1990-09-23 03:00:00+00:00,0.0,0.0,0.0,9.7,4.41
1990-09-23 04:00:00+00:00,0.0,0.0,0.0,9.41,4.14
1990-09-23 05:00:00+00:00,0.0,0.0,0.0,9.17,3.79
1990-09-23 06:00:00+00:00,0.0,0.0,0.0,8.91,3.66
1990-09-23 07:00:00+00:00,98.0,256.22,58.0,9.14,3.45
1990-09-23 08:00:00+00:00,200.0,279.94,119.0,9.98,3.31
1990-09-23 09:00:00+00:00,335.0,491.93,137.0,11.14,3.86
1990-09-23 10:00:00+00:00,247.0,57.4,219.0,12.14,4.34
1990-09-23 11:00:00+00:00,306.0,94.52,255.0,12.88,4.97
1990-09-23 12:00:00+00:00,177.0,1.8,176.0,13.59,5.79
1990-09-23 13:00:00+00:00,160.0,0.0,160.0,14.27,6.07
1990-09-23 14:00:00+00:00,88.0,0.0,88.0,14.63,6.48
1990-09-23 15:00:00+00:00,193.0,68.78,167.0,13.71,5.66
1990-09-23 16:00:00+00:00,120.0,53.97,106.0,13.2,4.76
1990-09-23 17:00:00+00:00,44.0,24.45,41.0,13.17,5.03
1990-09-23 18:00:00+00:00,0.0,0.0,0.0,13.29,5.52
1990-09-23 19:00:00+00:00,0.0,0.0,0.0,13.58,6.83
1990-09-23 20:00:00+00:00,0.0,0.0,0.0,13.51,7.24
1990-09-23 21:00:00+00:00,0.0,0.0,0.0,13.51,7.38
1990-09-23 22:00:00+00:00,0.0,0.0,0.0,13.29,7.17
1990-09-23 23:00:00+00:00,0.0,0.0,0.0,13.37,7.03
1990-09-24 00:00:00+00:00,0.0,0.0,0.0,13.38,7.1
1990-09-24 01:00:00+00:00,0.0,0.0,0.0,13.44,7.17
1990-09-24 02:00:00+00:00,0.0,0.0,0.0,13.57,7.24
1990-09-24 03:00:00+00:00,0.0,0.0,0.0,13.64,7.45
1990-09-24 04:00:00+00:00,0.0,0.0,0.0,13.78,7.66
1990-09-24 05:00:00+00:00,0.0,0.0,0.0,13.94,7.93
1990-09-24 06:00:00+00:00,0.0,0.0,0.0,14.03,7.86
1990-09-24 07:00:00+00:00,70.0,79.31,58.0,14.77,8.07
1990-09-24 08:00:00+00:00,179.0,210.94,119.0,15.12,8.62
1990-09-24 09:00:00+00:00,249.0,178.65,178.0,15.47,8.34
1990-09-24 10:00:00+00:00,190.0,14.51,183.0,15.82,7.72
1990-09-24 11:00:00+00:00,106.0,0.0,106.0,16.86,7.72
1990-09-24 12:00:00+00:00,199.0,7.29,195.0,17.18,7.1
1990-09-24 13:00:00+00:00,138.0,0.0,138.0,17.21,6.9
1990-09-24 14:00:00+00:00,76.0,0.0,76.0,17.03,6.48
1990-09-24 15:00:00+00:00,130.0,8.07,127.0,16.67,6.69
1990-09-24 16:00:00+00:00,103.0,31.62,95.0,16.16,6.76
1990-09-24 17:00:00+00:00,24.0,0.0,24.0,15.67,6.41
1990-09-24 18:00:00+00:00,0.0,0.0,0.0,15.53,6.28
1990-09-24 19:00:00+00:00,0.0,0.0,0.0,15.68,5.79
1990-09-24 20:00:00+00:00,0.0,0.0,0.0,15.18,5.45
1990-09-24 21:00:00+00:00,0.0,0.0,0.0,14.98,5.66
1990-09-24 22:00:00+00:00,0.0,0.0,0.0,14.86,6.07
1990-09-24 23:00:00+00:00,0.0,0.0,0.0,14.62,6.0
1990-09-25 00:00:00+00:00,0.0,0.0,0.0,13.93,5.72
1990-09-25 01:00:00+00:00,0.0,0.0,0.0,13.7,5.24
1990-09-25 02:00:00+00:00,0.0,0.0,0.0,13.6,4.9
1990-09-25 03:00:00+00:00,0.0,0.0,0.0,13.61,4.62
1990-09-25 04:00:00+00:00,0.0,0.0,0.0,13.57,0.0
1990-09-25 05:00:00+00:00,0.0,0.0,0.0,13.37,0.0
1990-09-25 06:00:00+00:00,0.0,0.0,0.0,12.98,4.28
1990-09-25 07:00:00+00:00,27.0,0.0,27.0,12.23,4.48
1990-09-25 08:00:00+00:00,84.0,3.58,83.0,11.93,4.34
1990-09-25 09:00:00+00:00,171.0,30.59,159.0,12.12,4.76
1990-09-25 10:00:00+00:00,286.0,127.8,225.0,12.77,5.31
1990-09-25 11:00:00+00:00,470.0,565.65,171.0,13.41,5.79
1990-09-25 12:00:00+00:00,393.0,263.48,250.0,13.69,6.07
1990-09-25 13:00:00+00:00,327.0,150.36,249.0,14.05,6.21
1990-09-25 14:00:00+00:00,231.0,56.74,205.0,13.96,6.34
1990-09-25 15:00:00+00:00,251.0,243.56,162.0,13.42,6.41
1990-09-25 16:00:00+00:00,205.0,543.54,71.0,12.76,5.66
1990-09-25 17:00:00+00:00,56.0,127.61,42.0,12.24,5.52
1990-09-25 18:00:00+00:00,0.0,0.0,0.0,11.42,4.76
1990-09-25 19:00:00+00:00,0.0,0.0,0.0,10.55,5.24
1990-09-25 20:00:00+00:00,0.0,0.0,0.0,10.19,4.83
1990-09-25 21:00:00+00:00,0.0,0.0,0.0,9.92,4.62
1990-09-25 22:00:00+00:00,0.0,0.0,0.0,9.84,4.55
1990-09-25 23:00:00+00:00,0.0,0.0,0.0,9.77,4.34
1990-09-26 00:00:00+00:00,0.0,0.0,0.0,9.48,4.14
1990-09-26 01:00:00+00:00,0.0,0.0,0.0,9.24,3.86
1990-09-26 02:00:00+00:00,0.0,0.0,0.0,9.0,3.66
1990-09-26 03:00:00+00:00,0.0,0.0,0.0,8.83,3.52
1990-09-26 04:00:00+00:00,0.0,0.0,0.0,8.67,3.31
1990-09-26 05:00:00+00:00,0.0,0.0,0.0,8.46,3.1
1990-09-26 06:00:00+00:00,0.0,0.0,0.0,8.3,2.9
1990-09-26 07:00:00+00:00,75.0,134.14,56.0,8.66,2.62
1990-09-26 08:00:00+00:00,58.0,0.0,58.0,9.68,2.55
1990-09-26 09:00:00+00:00,110.0,0.0,110.0,10.94,3.03
1990-09-26 10:00:00+00:00,292.0,146.19,223.0,11.95,3.31
1990-09-26 11:00:00+00:00,450.0,502.8,187.0,12.75,3.86
1990-09-26 12:00:00+00:00,223.0,16.76,214.0,12.9,3.1
1990-09-26 13:00:00+00:00,179.0,3.9,177.0,12.78,2.14
1990-09-26 14:00:00+00:00,75.0,0.0,75.0,12.59,2.0
1990-09-26 15:00:00+00:00,115.0,2.78,114.0,12.16,1.86
1990-09-26 16:00:00+00:00,122.0,83.3,102.0,11.91,1.66
1990-09-26 17:00:00+00:00,46.0,77.51,38.0,11.67,1.59
1990-09-26 18:00:00+00:00,0.0,0.0,0.0,11.28,1.45
1990-09-26 19:00:00+00:00,0.0,0.0,0.0,10.31,1.59
1990-09-26 20:00:00+00:00,0.0,0.0,0.0,9.74,1.52
1990-09-26 21:00:00+00:00,0.0,0.0,0.0,9.2,1.72
1990-09-26 22:00:00+00:00,0.0,0.0,0.0,9.28,1.93
1990-09-26 23:00:00+00:00,0.0,0.0,0.0,9.56,2.34
1990-09-27 00:00:00+00:00,0.0,0.0,0.0,9.66,2.69
1990-09-27 01:00:00+00:00,0.0,0.0,0.0,9.69,2.9
1990-09-27 02:00:00+00:00,0.0,0.0,0.0,9.95,2.76
1990-09-27 03:00:00+00:00,0.0,0.0,0.0,10.4,2.76
1990-09-27 04:00:00+00:00,0.0,0.0,0.0,11.03,3.45
1990-09-27 05:00:00+00:00,0.0,0.0,0.0,11.8,4.48
1990-09-27 06:00:00+00:00,0.0,0.0,0.0,12.34,5.45
1990-09-27 07:00:00+00:00,55.0,43.86,49.0,12.77,6.34
1990-09-27 08:00:00+00:00,199.0,367.25,100.0,13.26,7.38
1990-09-27 09:00:00+00:00,145.0,13.09,140.0,14.26,7.86
1990-09-27 10:00:00+00:00,144.0,2.14,143.0,15.03,7.38
1990-09-27 11:00:00+00:00,349.0,202.89,244.0,14.74,7.79
1990-09-27 12:00:00+00:00,490.0,649.47,145.0,13.93,8.69
1990-09-27 13:00:00+00:00,323.0,163.78,240.0,13.86,8.97
1990-09-27 14:00:00+00:00,235.0,74.0,202.0,14.01,9.45
1990-09-27 15:00:00+00:00,243.0,255.13,153.0,13.92,9.66
1990-09-27 16:00:00+00:00,181.0,445.08,77.0,13.82,9.03
1990-09-27 17:00:00+00:00,39.0,51.69,34.0,13.5,8.34
1990-09-27 18:00:00+00:00,0.0,0.0,0.0,13.55,8.48
1990-09-27 19:00:00+00:00,0.0,0.0,0.0,14.02,8.62
1990-09-27 20:00:00+00:00,0.0,0.0,0.0,14.25,8.76
1990-09-27 21:00:00+00:00,0.0,0.0,0.0,14.2,9.1
1990-09-27 22:00:00+00:00,0.0,0.0,0.0,14.09,0.0
1990-09-27 23:00:00+00:00,0.0,0.0,0.0,13.76,0.0
1990-09-28 00:00:00+00:00,0.0,0.0,0.0,13.27,10.14
1990-09-28 01:00:00+00:00,0.0,0.0,0.0,13.12,10.21
1990-09-28 02:00:00+00:00,0.0,0.0,0.0,12.94,9.93
1990-09-28 03:00:00+00:00,0.0,0.0,0.0,12.72,9.38
1990-09-28 04:00:00+00:00,0.0,0.0,0.0,12.53,8.62
1990-09-28 05:00:00+00:00,0.0,0.0,0.0,12.38,7.93
1990-09-28 06:00:00+00:00,0.0,0.0,0.0,12.16,6.76
1990-09-28 07:00:00+00:00,88.0,341.14,43.0,12.71,6.21
1990-09-28 08:00:00+00:00,126.0,64.25,109.0,13.14,5.52
1990-09-28 09:00:00+00:00,133.0,7.96,130.0,13.85,6.07
1990-09-28 10:00:00+00:00,45.0,0.0,45.0,14.24,5.52
1990-09-28 11:00:00+00:00,172.0,3.91,170.0,14.44,5.52
1990-09-28 12:00:00+00:00,259.0,49.49,233.0,14.33,5.45
1990-09-28 13:00:00+00:00,54.0,0.0,54.0,14.7,4.69
1990-09-28 14:00:00+00:00,80.0,0.0,80.0,16.15,5.72
1990-09-28 15:00:00+00:00,89.0,0.0,89.0,17.39,7.66
1990-09-28 16:00:00+00:00,51.0,0.0,51.0,17.68,7.66
1990-09-28 17:00:00+00:00,55.0,265.88,31.0,17.34,8.62
1990-09-28 18:00:00+00:00,0.0,0.0,0.0,16.63,8.34
1990-09-28 19:00:00+00:00,0.0,0.0,0.0,16.75,8.41
1990-09-28 20:00:00+00:00,0.0,0.0,0.0,16.56,8.48
1990-09-28 21:00:00+00:00,0.0,0.0,0.0,16.23,8.69
1990-09-28 22:00:00+00:00,0.0,0.0,0.0,15.92,8.83
1990-09-28 23:00:00+00:00,0.0,0.0,0.0,14.97,8.76
1990-09-29 00:00:00+00:00,0.0,0.0,0.0,14.04,9.17
1990-09-29 01:00:00+00:00,0.0,0.0,0.0,12.99,9.31
1990-09-29 02:00:00+00:00,0.0,0.0,0.0,12.18,9.66
1990-09-29 03:00:00+00:00,0.0,0.0,0.0,11.43,9.24
1990-09-29 04:00:00+00:00,0.0,0.0,0.0,10.9,8.69
1990-09-29 05:00:00+00:00,0.0,0.0,0.0,10.67,8.62
1990-09-29 06:00:00+00:00,0.0,0.0,0.0,10.34,8.62
1990-09-29 07:00:00+00:00,8.0,0.0,8.0,10.4,8.48
1990-09-29 08:00:00+00:00,164.0,200.34,112.0,10.55,8.62
1990-09-29 09:00:00+00:00,175.0,45.73,158.0,10.83,9.52
1990-09-29 10:00:00+00:00,421.0,660.23,120.0,11.23,9.03
1990-09-29 11:00:00+00:00,468.0,643.85,142.0,11.28,9.45
1990-09-29 12:00:00+00:00,454.0,525.42,181.0,11.67,9.86
1990-09-29 13:00:00+00:00,206.0,16.17,198.0,11.98,9.93
1990-09-29 14:00:00+00:00,366.0,489.0,154.0,11.78,10.14
1990-09-29 15:00:00+00:00,277.0,461.63,120.0,11.52,9.38
1990-09-29 16:00:00+00:00,181.0,529.86,64.0,11.16,8.21
1990-09-29 17:00:00+00:00,37.0,83.52,30.0,10.61,6.28
1990-09-29 18:00:00+00:00,0.0,0.0,0.0,9.78,5.59
1990-09-29 19:00:00+00:00,0.0,0.0,0.0,9.58,5.79
1990-09-29 20:00:00+00:00,0.0,0.0,0.0,9.33,5.66
1990-09-29 21:00:00+00:00,0.0,0.0,0.0,9.27,5.59
1990-09-29 22:00:00+00:00,0.0,0.0,0.0,9.25,5.66
1990-09-29 23:00:00+00:00,0.0,0.0,0.0,9.15,6.0
1990-09-30 00:00:00+00:00,0.0,0.0,0.0,9.18,6.14
1990-09-30 01:00:00+00:00,0.0,0.0,0.0,9.08,6.0
1990-09-30 02:00:00+00:00,0.0,0.0,0.0,8.92,5.79
1990-09-30 03:00:00+00:00,0.0,0.0,0.0,8.79,5.72
1990-09-30 04:00:00+00:00,0.0,0.0,0.0,8.69,5.38
1990-09-30 05:00:00+00:00,0.0,0.0,0.0,8.51,5.1
1990-09-30 06:00:00+00:00,0.0,0.0,0.0,8.62,4.97
1990-09-30 07:00:00+00:00,84.0,376.68,38.0,9.01,5.17
1990-09-30 08:00:00+00:00,222.0,616.84,65.0,9.44,4.9
1990-09-30 09:00:00+00:00,329.0,630.24,98.0,10.12,5.93
1990-09-30 10:00:00+00:00,344.0,335.19,193.0,10.88,5.38
1990-09-30 11:00:00+00:00,393.0,357.49,214.0,11.27,5.03
1990-09-30 12:00:00+00:00,439.0,484.68,190.0,11.78,5.17
1990-09-30 13:00:00+00:00,463.0,697.75,122.0,11.89,5.03
1990-09-30 14:00:00+00:00,397.0,676.3,108.0,11.72,5.24
1990-09-30 15:00:00+00:00,298.0,632.18,87.0,11.46,4.69
1990-09-30 16:00:00+00:00,182.0,573.7,59.0,10.53,3.67
1990-09-30 17:00:00+00:00,38.0,129.25,28.0,10.14,3.49
1990-09-30 18:00:00+00:00,0.0,0.0,0.0,9.75,3.3
1990-09-30 19:00:00+00:00,0.0,0.0,0.0,9.36,3.12
1990-09-30 20:00:00+00:00,0.0,0.0,0.0,8.97,2.94
1990-09-30 21:00:00+00:00,0.0,0.0,0.0,8.58,2.76
1990-09-30 22:00:00+00:00,0.0,0.0,0.0,8.19,2.57
1990-09-30 23:00:00+00:00,0.0,0.0,0.0,7.8,2.39
1990-10-01 00:00:00+00:00,0.0,0.0,0.0,7.41,2.21
1990-10-01 01:00:00+00:00,0.0,0.0,0.0,7.02,2.03
1990-10-01 02:00:00+00:00,0.0,0.0,0.0,6.63,1.85
1990-10-01 03:00:00+00:00,0.0,0.0,0.0,6.24,1.66
1990-10-01 04:00:00+00:00,0.0,0.0,0.0,5.85,1.48
1990-10-01 05:00:00+00:00,0.0,0.0,0.0,5.46,1.3
1990-10-01 06:00:00+00:00,0.0,0.0,0.0,5.07,1.12
1990-10-01 07:00:00+00:00,83.0,360.3,39.0,4.68,0.94
1990-10-01 08:00:00+00:00,222.0,624.7,63.0,8.15,0.69
1990-10-01 09:00:00+00:00,344.0,728.46,77.0,10.9,0.55
1990-10-01 10:00:00+00:00,444.0,803.56,82.0,12.49,1.24
1990-10-01 11:00:00+00:00,505.0,844.8,82.0,13.64,1.79
1990-10-01 12:00:00+00:00,517.0,835.04,88.0,14.49,1.86
1990-10-01 13:00:00+00:00,492.0,838.93,82.0,15.09,1.93
1990-10-01 14:00:00+00:00,420.0,797.98,79.0,15.32,2.07
1990-10-01 15:00:00+00:00,312.0,722.07,71.0,15.25,2.28
1990-10-01 16:00:00+00:00,156.0,359.14,79.0,14.84,2.21
1990-10-01 17:00:00+00:00,36.0,103.4,28.0,13.8,2.07
1990-10-01 18:00:00+00:00,0.0,0.0,0.0,12.44,2.0
1990-10-01 19:00:00+00:00,0.0,0.0,0.0,11.46,2.07
1990-10-01 20:00:00+00:00,0.0,0.0,0.0,10.06,2.14
1990-10-01 21:00:00+00:00,0.0,0.0,0.0,9.02,2.21
1990-10-01 22:00:00+00:00,0.0,0.0,0.0,8.33,2.21
1990-10-01 23:00:00+00:00,0.0,0.0,0.0,7.79,2.28
1990-10-02 00:00:00+00:00,0.0,0.0,0.0,7.37,2.21
1990-10-02 01:00:00+00:00,0.0,0.0,0.0,6.87,2.21
1990-10-02 02:00:00+00:00,0.0,0.0,0.0,6.36,2.14
1990-10-02 03:00:00+00:00,0.0,0.0,0.0,5.78,2.07
1990-10-02 04:00:00+00:00,0.0,0.0,0.0,5.22,2.07
1990-10-02 05:00:00+00:00,0.0,0.0,0.0,4.8,2.14
1990-10-02 06:00:00+00:00,0.0,0.0,0.0,4.51,2.14
1990-10-02 07:00:00+00:00,79.0,358.34,37.0,4.5,2.07
1990-10-02 08:00:00+00:00,217.0,617.31,63.0,6.74,1.59
1990-10-02 09:00:00+00:00,337.0,711.33,80.0,9.59,1.59
1990-10-02 10:00:00+00:00,435.0,786.41,85.0,11.05,1.86
1990-10-02 11:00:00+00:00,497.0,830.19,86.0,12.29,1.93
1990-10-02 12:00:00+00:00,505.0,805.29,96.0,13.26,2.0
1990-10-02 13:00:00+00:00,465.0,750.0,103.0,13.93,2.21
1990-10-02 14:00:00+00:00,392.0,686.27,103.0,14.29,2.28
1990-10-02 15:00:00+00:00,261.0,430.62,120.0,14.42,2.28
1990-10-02 16:00:00+00:00,119.0,144.23,89.0,14.21,1.93
1990-10-02 17:00:00+00:00,30.0,70.47,25.0,13.33,1.45
1990-10-02 18:00:00+00:00,0.0,0.0,0.0,12.02,1.66
1990-10-02 19:00:00+00:00,0.0,0.0,0.0,10.7,1.93
1990-10-02 20:00:00+00:00,0.0,0.0,0.0,9.47,1.93
1990-10-02 21:00:00+00:00,0.0,0.0,0.0,8.37,1.72
1990-10-02 22:00:00+00:00,0.0,0.0,0.0,7.66,1.66
1990-10-02 23:00:00+00:00,0.0,0.0,0.0,7.33,1.86
1990-10-03 00:00:00+00:00,0.0,0.0,0.0,7.3,2.0
1990-10-03 01:00:00+00:00,0.0,0.0,0.0,7.53,2.21
1990-10-03 02:00:00+00:00,0.0,0.0,0.0,8.22,2.21
1990-10-03 03:00:00+00:00,0.0,0.0,0.0,9.1,2.28
1990-10-03 04:00:00+00:00,0.0,0.0,0.0,9.45,2.34
1990-10-03 05:00:00+00:00,0.0,0.0,0.0,9.46,2.41
1990-10-03 06:00:00+00:00,0.0,0.0,0.0,9.53,2.41
1990-10-03 07:00:00+00:00,36.0,17.81,34.0,9.92,2.34
1990-10-03 08:00:00+00:00,111.0,53.19,98.0,10.45,2.48
1990-10-03 09:00:00+00:00,128.0,8.43,125.0,11.15,2.69
1990-10-03 10:00:00+00:00,272.0,152.41,205.0,12.66,3.86
1990-10-03 11:00:00+00:00,173.0,6.13,170.0,13.62,4.34
1990-10-03 12:00:00+00:00,321.0,165.33,238.0,14.14,4.0
1990-10-03 13:00:00+00:00,249.0,67.14,217.0,14.89,4.28
1990-10-03 14:00:00+00:00,153.0,9.64,149.0,14.88,3.93
1990-10-03 15:00:00+00:00,83.0,0.0,83.0,14.47,3.79
1990-10-03 16:00:00+00:00,15.0,0.0,15.0,13.81,3.59
1990-10-03 17:00:00+00:00,7.0,0.0,7.0,12.89,3.72
1990-10-03 18:00:00+00:00,0.0,0.0,0.0,12.49,4.07
1990-10-03 19:00:00+00:00,0.0,0.0,0.0,11.99,3.59
1990-10-03 20:00:00+00:00,0.0,0.0,0.0,11.74,3.59
1990-10-03 21:00:00+00:00,0.0,0.0,0.0,11.47,3.38
1990-10-03 22:00:00+00:00,0.0,0.0,0.0,11.22,2.97
1990-10-03 23:00:00+00:00,0.0,0.0,0.0,11.16,3.38
1990-10-04 00:00:00+00:00,0.0,0.0,0.0,10.98,3.93
1990-10-04 01:00:00+00:00,0.0,0.0,0.0,10.65,4.41
1990-10-04 02:00:00+00:00,0.0,0.0,0.0,10.45,4.76
1990-10-04 03:00:00+00:00,0.0,0.0,0.0,10.2,5.03
1990-10-04 04:00:00+00:00,0.0,0.0,0.0,10.03,5.1
1990-10-04 05:00:00+00:00,0.0,0.0,0.0,9.92,4.83
1990-10-04 06:00:00+00:00,0.0,0.0,0.0,9.93,4.69
1990-10-04 07:00:00+00:00,61.0,204.96,39.0,10.71,3.86
1990-10-04 08:00:00+00:00,180.0,401.15,84.0,11.15,4.21
1990-10-04 09:00:00+00:00,272.0,390.56,135.0,11.59,5.1
1990-10-04 10:00:00+00:00,347.0,410.0,169.0,12.06,5.79
1990-10-04 11:00:00+00:00,393.0,417.59,191.0,12.5,5.72
1990-10-04 12:00:00+00:00,420.0,481.72,181.0,12.7,5.45
1990-10-04 13:00:00+00:00,266.0,95.63,221.0,12.84,5.38
1990-10-04 14:00:00+00:00,192.0,41.6,175.0,12.97,5.31
1990-10-04 15:00:00+00:00,245.0,409.8,116.0,13.1,5.03
1990-10-04 16:00:00+00:00,134.0,302.2,75.0,12.83,4.41
1990-10-04 17:00:00+00:00,16.0,17.19,15.0,12.09,3.59
1990-10-04 18:00:00+00:00,0.0,0.0,0.0,10.99,3.24
1990-10-04 19:00:00+00:00,0.0,0.0,0.0,10.52,3.1
1990-10-04 20:00:00+00:00,0.0,0.0,0.0,9.89,2.97
1990-10-04 21:00:00+00:00,0.0,0.0,0.0,9.35,2.69
1990-10-04 22:00:00+00:00,0.0,0.0,0.0,8.87,2.21
1990-10-04 23:00:00+00:00,0.0,0.0,0.0,8.14,2.0
1990-10-05 00:00:00+00:00,0.0,0.0,0.0,7.35,2.0
1990-10-05 01:00:00+00:00,0.0,0.0,0.0,6.79,1.86
1990-10-05 02:00:00+00:00,0.0,0.0,0.0,6.32,1.79
1990-10-05 03:00:00+00:00,0.0,0.0,0.0,5.86,1.79
1990-10-05 04:00:00+00:00,0.0,0.0,0.0,5.56,1.72
1990-10-05 05:00:00+00:00,0.0,0.0,0.0,5.09,1.59
1990-10-05 06:00:00+00:00,0.0,0.0,0.0,4.79,1.59
1990-10-05 07:00:00+00:00,66.0,332.07,32.0,4.49,1.72
1990-10-05 08:00:00+00:00,192.0,546.51,64.0,6.53,1.38
1990-10-05 09:00:00+00:00,298.0,587.56,95.0,9.74,1.17
1990-10-05 10:00:00+00:00,394.0,683.53,101.0,11.54,1.31
1990-10-05 11:00:00+00:00,457.0,746.81,100.0,12.88,1.93
1990-10-05 12:00:00+00:00,469.0,744.51,104.0,13.83,2.41
1990-10-05 13:00:00+00:00,442.0,738.45,99.0,14.5,2.55
1990-10-05 14:00:00+00:00,377.0,718.03,88.0,14.87,2.55
1990-10-05 15:00:00+00:00,276.0,654.81,74.0,14.88,2.48
1990-10-05 16:00:00+00:00,146.0,471.19,57.0,14.43,2.14
1990-10-05 17:00:00+00:00,15.0,19.29,14.0,13.36,2.07
1990-10-05 18:00:00+00:00,0.0,0.0,0.0,11.83,2.21
1990-10-05 19:00:00+00:00,0.0,0.0,0.0,11.22,2.28
1990-10-05 20:00:00+00:00,0.0,0.0,0.0,10.46,2.28
1990-10-05 21:00:00+00:00,0.0,0.0,0.0,9.95,2.34
1990-10-05 22:00:00+00:00,0.0,0.0,0.0,9.64,2.48
1990-10-05 23:00:00+00:00,0.0,0.0,0.0,9.43,2.48
1990-10-06 00:00:00+00:00,0.0,0.0,0.0,9.21,2.48
1990-10-06 01:00:00+00:00,0.0,0.0,0.0,8.9,2.41
1990-10-06 02:00:00+00:00,0.0,0.0,0.0,8.55,2.41
1990-10-06 03:00:00+00:00,0.0,0.0,0.0,8.29,2.41
1990-10-06 04:00:00+00:00,0.0,0.0,0.0,8.07,2.41
1990-10-06 05:00:00+00:00,0.0,0.0,0.0,8.03,2.48
1990-10-06 06:00:00+00:00,0.0,0.0,0.0,8.0,2.48
1990-10-06 07:00:00+00:00,47.0,123.17,35.0,8.21,2.55
1990-10-06 08:00:00+00:00,175.0,445.23,73.0,9.33,2.34
1990-10-06 09:00:00+00:00,286.0,537.92,103.0,10.85,2.55
1990-10-06 10:00:00+00:00,364.0,550.62,131.0,12.4,2.97
1990-10-06 11:00:00+00:00,451.0,747.36,98.0,13.6,2.9
1990-10-06 12:00:00+00:00,422.0,549.18,156.0,14.57,2.97
1990-10-06 13:00:00+00:00,362.0,392.65,182.0,15.29,3.1
1990-10-06 14:00:00+00:00,275.0,252.34,175.0,15.66,2.83
1990-10-06 15:00:00+00:00,206.0,258.11,128.0,15.59,2.55
1990-10-06 16:00:00+00:00,85.0,71.21,72.0,15.22,2.21
1990-10-06 17:00:00+00:00,5.0,0.0,5.0,14.5,1.86
1990-10-06 18:00:00+00:00,0.0,0.0,0.0,13.85,1.79
1990-10-06 19:00:00+00:00,0.0,0.0,0.0,13.36,2.07
1990-10-06 20:00:00+00:00,0.0,0.0,0.0,12.3,2.21
1990-10-06 21:00:00+00:00,0.0,0.0,0.0,11.82,2.28
1990-10-06 22:00:00+00:00,0.0,0.0,0.0,11.73,2.28
1990-10-06 23:00:00+00:00,0.0,0.0,0.0,11.49,2.28
1990-10-07 00:00:00+00:00,0.0,0.0,0.0,11.38,2.21
1990-10-07 01:00:00+00:00,0.0,0.0,0.0,11.25,2.14
1990-10-07 02:00:00+00:00,0.0,0.0,0.0,11.25,1.86
1990-10-07 03:00:00+00:00,0.0,0.0,0.0,11.19,1.66
1990-10-07 04:00:00+00:00,0.0,0.0,0.0,11.07,1.38
1990-10-07 05:00:00+00:00,0.0,0.0,0.0,10.88,1.03
1990-10-07 06:00:00+00:00,0.0,0.0,0.0,10.63,0.9
1990-10-07 07:00:00+00:00,36.0,54.08,31.0,10.5,1.1
1990-10-07 08:00:00+00:00,104.0,58.04,91.0,10.69,1.52
1990-10-07 09:00:00+00:00,100.0,0.0,100.0,10.87,2.0
1990-10-07 10:00:00+00:00,226.0,83.8,191.0,11.14,2.34
1990-10-07 11:00:00+00:00,229.0,49.29,206.0,11.35,2.41
1990-10-07 12:00:00+00:00,321.0,198.56,226.0,11.39,2.28
1990-10-07 13:00:00+00:00,391.0,526.14,153.0,11.49,2.07
1990-10-07 14:00:00+00:00,298.0,353.76,160.0,11.56,2.0
1990-10-07 15:00:00+00:00,165.0,111.52,132.0,11.6,2.14
1990-10-07 16:00:00+00:00,74.0,39.72,67.0,11.22,2.55
1990-10-07 17:00:00+00:00,10.0,0.0,10.0,10.74,2.62
1990-10-07 18:00:00+00:00,0.0,0.0,0.0,10.35,2.34
1990-10-07 19:00:00+00:00,0.0,0.0,0.0,10.08,2.28
1990-10-07 20:00:00+00:00,0.0,0.0,0.0,9.84,2.0
1990-10-07 21:00:00+00:00,0.0,0.0,0.0,9.6,1.86
1990-10-07 22:00:00+00:00,0.0,0.0,0.0,9.26,1.79
1990-10-07 23:00:00+00:00,0.0,0.0,0.0,8.75,1.72
1990-10-08 00:00:00+00:00,0.0,0.0,0.0,8.46,1.72
1990-10-08 01:00:00+00:00,0.0,0.0,0.0,8.38,1.93
1990-10-08 02:00:00+00:00,0.0,0.0,0.0,8.29,2.07
1990-10-08 03:00:00+00:00,0.0,0.0,0.0,8.21,2.21
1990-10-08 04:00:00+00:00,0.0,0.0,0.0,8.21,2.34
1990-10-08 05:00:00+00:00,0.0,0.0,0.0,8.13,2.55
1990-10-08 06:00:00+00:00,0.0,0.0,0.0,8.23,2.76
1990-10-08 07:00:00+00:00,22.0,0.0,22.0,8.13,2.62
1990-10-08 08:00:00+00:00,55.0,0.0,55.0,8.42,2.69
1990-10-08 09:00:00+00:00,144.0,33.38,133.0,8.93,3.24
1990-10-08 10:00:00+00:00,238.0,111.62,192.0,9.65,3.03
1990-10-08 11:00:00+00:00,250.0,78.11,214.0,10.25,2.76
1990-10-08 12:00:00+00:00,127.0,0.0,127.0,10.74,2.41
1990-10-08 13:00:00+00:00,138.0,0.0,138.0,11.07,2.28
1990-10-08 14:00:00+00:00,123.0,2.6,122.0,11.37,2.28
1990-10-08 15:00:00+00:00,155.0,93.21,128.0,11.51,2.34
1990-10-08 16:00:00+00:00,75.0,52.95,66.0,11.34,2.21
1990-10-08 17:00:00+00:00,9.0,0.0,9.0,11.02,2.14
1990-10-08 18:00:00+00:00,0.0,0.0,0.0,10.79,2.41
1990-10-08 19:00:00+00:00,0.0,0.0,0.0,10.52,2.55
1990-10-08 20:00:00+00:00,0.0,0.0,0.0,10.12,2.62
1990-10-08 21:00:00+00:00,0.0,0.0,0.0,9.59,2.55
1990-10-08 22:00:00+00:00,0.0,0.0,0.0,9.26,2.55
1990-10-08 23:00:00+00:00,0.0,0.0,0.0,9.15,2.62
1990-10-09 00:00:00+00:00,0.0,0.0,0.0,9.39,2.69
1990-10-09 01:00:00+00:00,0.0,0.0,0.0,9.43,2.83
1990-10-09 02:00:00+00:00,0.0,0.0,0.0,9.42,2.97
1990-10-09 03:00:00+00:00,0.0,0.0,0.0,9.37,3.03
1990-10-09 04:00:00+00:00,0.0,0.0,0.0,9.51,3.03
1990-10-09 05:00:00+00:00,0.0,0.0,0.0,9.56,2.83
1990-10-09 06:00:00+00:00,0.0,0.0,0.0,9.53,2.28
1990-10-09 07:00:00+00:00,26.0,24.24,24.0,9.58,1.66
1990-10-09 08:00:00+00:00,15.0,0.0,15.0,9.67,1.03
1990-10-09 09:00:00+00:00,25.0,0.0,25.0,10.0,0.48
1990-10-09 10:00:00+00:00,33.0,0.0,33.0,10.5,1.24
1990-10-09 11:00:00+00:00,57.0,0.0,57.0,10.59,2.14
1990-10-09 12:00:00+00:00,61.0,0.0,61.0,10.43,2.21
1990-10-09 13:00:00+00:00,80.0,0.0,80.0,10.41,2.41
1990-10-09 14:00:00+00:00,135.0,7.94,132.0,10.43,2.48
1990-10-09 15:00:00+00:00,73.0,0.0,73.0,10.48,2.62
1990-10-09 16:00:00+00:00,49.0,6.11,48.0,10.46,2.21
1990-10-09 17:00:00+00:00,2.0,0.0,2.0,10.34,2.14
1990-10-09 18:00:00+00:00,0.0,0.0,0.0,10.23,1.86
1990-10-09 19:00:00+00:00,0.0,0.0,0.0,10.59,2.21
1990-10-09 20:00:00+00:00,0.0,0.0,0.0,10.53,2.14
1990-10-09 21:00:00+00:00,0.0,0.0,0.0,10.37,1.66
1990-10-09 22:00:00+00:00,0.0,0.0,0.0,10.19,1.31
1990-10-09 23:00:00+00:00,0.0,0.0,0.0,10.1,1.1
1990-10-10 00:00:00+00:00,0.0,0.0,0.0,9.91,0.9
1990-10-10 01:00:00+00:00,0.0,0.0,0.0,9.81,0.69
1990-10-10 02:00:00+00:00,0.0,0.0,0.0,9.8,0.48
1990-10-10 03:00:00+00:00,0.0,0.0,0.0,9.24,0.83
1990-10-10 04:00:00+00:00,0.0,0.0,0.0,9.19,0.69
1990-10-10 05:00:00+00:00,0.0,0.0,0.0,9.44,0.34
1990-10-10 06:00:00+00:00,0.0,0.0,0.0,8.7,0.48
1990-10-10 07:00:00+00:00,41.0,193.52,26.0,8.59,1.31
1990-10-10 08:00:00+00:00,151.0,374.06,73.0,8.84,1.31
1990-10-10 09:00:00+00:00,290.0,680.52,73.0,9.61,1.66
1990-10-10 10:00:00+00:00,387.0,768.0,79.0,10.17,2.07
1990-10-10 11:00:00+00:00,443.0,805.48,81.0,11.05,2.07
1990-10-10 12:00:00+00:00,257.0,91.16,215.0,11.91,2.34
1990-10-10 13:00:00+00:00,285.0,191.17,202.0,12.7,2.55
1990-10-10 14:00:00+00:00,282.0,352.54,151.0,13.3,2.69
1990-10-10 15:00:00+00:00,200.0,324.65,110.0,13.47,2.69
1990-10-10 16:00:00+00:00,60.0,25.4,56.0,13.27,2.55
1990-10-10 17:00:00+00:00,0.0,0.0,0.0,12.63,2.0
1990-10-10 18:00:00+00:00,0.0,0.0,0.0,11.6,1.79
1990-10-10 19:00:00+00:00,0.0,0.0,0.0,11.23,2.62
1990-10-10 20:00:00+00:00,0.0,0.0,0.0,10.91,3.03
1990-10-10 21:00:00+00:00,0.0,0.0,0.0,10.47,3.93
1990-10-10 22:00:00+00:00,0.0,0.0,0.0,10.37,4.34
1990-10-10 23:00:00+00:00,0.0,0.0,0.0,10.4,4.76
1990-10-11 00:00:00+00:00,0.0,0.0,0.0,10.44,5.17
1990-10-11 01:00:00+00:00,0.0,0.0,0.0,10.57,5.52
1990-10-11 02:00:00+00:00,0.0,0.0,0.0,10.92,5.79
1990-10-11 03:00:00+00:00,0.0,0.0,0.0,11.27,6.21
1990-10-11 04:00:00+00:00,0.0,0.0,0.0,11.79,6.48
1990-10-11 05:00:00+00:00,0.0,0.0,0.0,12.19,6.62
1990-10-11 06:00:00+00:00,0.0,0.0,0.0,12.41,6.69
1990-10-11 07:00:00+00:00,23.0,27.58,21.0,13.3,6.83
1990-10-11 08:00:00+00:00,76.0,19.67,72.0,13.55,6.41
1990-10-11 09:00:00+00:00,183.0,137.15,140.0,13.81,5.66
1990-10-11 10:00:00+00:00,232.0,126.43,182.0,14.26,6.62
1990-10-11 11:00:00+00:00,298.0,211.86,204.0,14.73,6.62
1990-10-11 12:00:00+00:00,324.0,266.04,203.0,15.12,6.76
1990-10-11 13:00:00+00:00,300.0,252.26,192.0,15.74,6.83
1990-10-11 14:00:00+00:00,275.0,350.25,147.0,16.05,6.55
1990-10-11 15:00:00+00:00,194.0,324.68,106.0,15.84,5.79
1990-10-11 16:00:00+00:00,66.0,59.47,57.0,15.29,5.38
1990-10-11 17:00:00+00:00,0.0,0.0,0.0,14.59,5.03
1990-10-11 18:00:00+00:00,0.0,0.0,0.0,14.17,4.9
1990-10-11 19:00:00+00:00,0.0,0.0,0.0,13.89,4.97
1990-10-11 20:00:00+00:00,0.0,0.0,0.0,13.85,4.76
1990-10-11 21:00:00+00:00,0.0,0.0,0.0,14.0,4.41
1990-10-11 22:00:00+00:00,0.0,0.0,0.0,14.16,4.14
1990-10-11 23:00:00+00:00,0.0,0.0,0.0,14.27,4.07
1990-10-12 00:00:00+00:00,0.0,0.0,0.0,14.3,4.14
1990-10-12 01:00:00+00:00,0.0,0.0,0.0,14.21,4.21
1990-10-12 02:00:00+00:00,0.0,0.0,0.0,14.0,4.07
1990-10-12 03:00:00+00:00,0.0,0.0,0.0,13.68,4.0
1990-10-12 04:00:00+00:00,0.0,0.0,0.0,13.34,3.86
1990-10-12 05:00:00+00:00,0.0,0.0,0.0,12.92,4.0
1990-10-12 06:00:00+00:00,0.0,0.0,0.0,12.47,4.0
1990-10-12 07:00:00+00:00,25.0,59.24,21.0,12.53,3.52
1990-10-12 08:00:00+00:00,110.0,141.28,82.0,12.54,3.38
1990-10-12 09:00:00+00:00,105.0,6.49,103.0,12.87,3.66
1990-10-12 10:00:00+00:00,204.0,76.94,174.0,13.18,3.66
1990-10-12 11:00:00+00:00,259.0,127.87,203.0,13.89,3.66
1990-10-12 12:00:00+00:00,353.0,387.6,179.0,14.38,3.38
1990-10-12 13:00:00+00:00,302.0,277.18,185.0,14.71,3.38
1990-10-12 14:00:00+00:00,246.0,247.68,157.0,14.93,3.31
1990-10-12 15:00:00+00:00,163.0,181.21,115.0,14.78,3.17
1990-10-12 16:00:00+00:00,76.0,130.87,57.0,14.39,2.69
1990-10-12 17:00:00+00:00,0.0,0.0,0.0,13.67,2.41
1990-10-12 18:00:00+00:00,0.0,0.0,0.0,12.64,2.34
1990-10-12 19:00:00+00:00,0.0,0.0,0.0,12.76,2.28
1990-10-12 20:00:00+00:00,0.0,0.0,0.0,12.34,2.07
1990-10-12 21:00:00+00:00,0.0,0.0,0.0,11.8,1.79
1990-10-12 22:00:00+00:00,0.0,0.0,0.0,11.48,1.59
1990-10-12 23:00:00+00:00,0.0,0.0,0.0,11.2,1.72
1990-10-13 00:00:00+00:00,0.0,0.0,0.0,11.48,1.79
1990-10-13 01:00:00+00:00,0.0,0.0,0.0,11.89,2.07
1990-10-13 02:00:00+00:00,0.0,0.0,0.0,11.99,2.21
1990-10-13 03:00:00+00:00,0.0,0.0,0.0,12.13,2.14
1990-10-13 04:00:00+00:00,0.0,0.0,0.0,12.31,1.93
1990-10-13 05:00:00+00:00,0.0,0.0,0.0,12.5,2.14
1990-10-13 06:00:00+00:00,0.0,0.0,0.0,12.84,2.62
1990-10-13 07:00:00+00:00,21.0,31.99,19.0,12.91,3.17
1990-10-13 08:00:00+00:00,75.0,25.91,70.0,13.23,3.45
1990-10-13 09:00:00+00:00,49.0,0.0,49.0,13.61,3.86
1990-10-13 10:00:00+00:00,123.0,2.6,122.0,13.86,3.72
1990-10-13 11:00:00+00:00,46.0,0.0,46.0,14.24,4.14
1990-10-13 12:00:00+00:00,78.0,0.0,78.0,14.34,4.21
1990-10-13 13:00:00+00:00,110.0,0.0,110.0,14.69,4.83
1990-10-13 14:00:00+00:00,170.0,50.96,152.0,14.81,4.55
1990-10-13 15:00:00+00:00,213.0,529.44,76.0,15.01,4.83
1990-10-13 16:00:00+00:00,91.0,294.78,50.0,14.66,3.86
1990-10-13 17:00:00+00:00,0.0,0.0,0.0,14.28,3.52
1990-10-13 18:00:00+00:00,0.0,0.0,0.0,13.89,3.45
1990-10-13 19:00:00+00:00,0.0,0.0,0.0,13.46,3.66
1990-10-13 20:00:00+00:00,0.0,0.0,0.0,13.17,3.79
1990-10-13 21:00:00+00:00,0.0,0.0,0.0,12.77,4.0
1990-10-13 22:00:00+00:00,0.0,0.0,0.0,12.29,4.07
1990-10-13 23:00:00+00:00,0.0,0.0,0.0,11.76,4.14
1990-10-14 00:00:00+00:00,0.0,0.0,0.0,11.3,4.14
1990-10-14 01:00:00+00:00,0.0,0.0,0.0,11.26,4.14
1990-10-14 02:00:00+00:00,0.0,0.0,0.0,10.95,4.0
1990-10-14 03:00:00+00:00,0.0,0.0,0.0,10.9,3.93
1990-10-14 04:00:00+00:00,0.0,0.0,0.0,10.78,3.93
1990-10-14 05:00:00+00:00,0.0,0.0,0.0,10.61,3.93
1990-10-14 06:00:00+00:00,0.0,0.0,0.0,10.56,4.0
1990-10-14 07:00:00+00:00,4.0,0.0,4.0,10.84,4.34
1990-10-14 08:00:00+00:00,102.0,133.1,77.0,11.26,4.41
1990-10-14 09:00:00+00:00,217.0,332.86,118.0,12.04,5.1
1990-10-14 10:00:00+00:00,327.0,557.0,116.0,12.88,5.31
1990-10-14 11:00:00+00:00,153.0,7.03,150.0,13.54,5.31
1990-10-14 12:00:00+00:00,111.0,0.0,111.0,14.09,5.45
1990-10-14 13:00:00+00:00,134.0,2.44,133.0,14.42,5.31
1990-10-14 14:00:00+00:00,163.0,46.09,147.0,14.47,4.83
1990-10-14 15:00:00+00:00,89.0,11.87,86.0,14.45,4.48
1990-10-14 16:00:00+00:00,38.0,7.52,37.0,13.9,3.79
1990-10-14 17:00:00+00:00,0.0,0.0,0.0,12.99,3.59
1990-10-14 18:00:00+00:00,0.0,0.0,0.0,12.07,3.59
1990-10-14 19:00:00+00:00,0.0,0.0,0.0,12.38,3.72
1990-10-14 20:00:00+00:00,0.0,0.0,0.0,12.18,3.59
1990-10-14 21:00:00+00:00,0.0,0.0,0.0,11.68,3.45
1990-10-14 22:00:00+00:00,0.0,0.0,0.0,11.21,3.45
1990-10-14 23:00:00+00:00,0.0,0.0,0.0,10.71,3.52
1990-10-15 00:00:00+00:00,0.0,0.0,0.0,10.47,3.59
1990-10-15 01:00:00+00:00,0.0,0.0,0.0,10.3,3.38
1990-10-15 02:00:00+00:00,0.0,0.0,0.0,10.13,3.45
1990-10-15 03:00:00+00:00,0.0,0.0,0.0,10.25,3.72
1990-10-15 04:00:00+00:00,0.0,0.0,0.0,10.29,3.72
1990-10-15 05:00:00+00:00,0.0,0.0,0.0,10.32,3.72
1990-10-15 06:00:00+00:00,0.0,0.0,0.0,10.39,3.93
1990-10-15 07:00:00+00:00,16.0,0.0,16.0,10.53,4.07
1990-10-15 08:00:00+00:00,137.0,432.53,58.0,11.03,4.62
1990-10-15 09:00:00+00:00,108.0,13.7,104.0,11.84,4.83
1990-10-15 10:00:00+00:00,114.0,2.68,113.0,12.82,6.62
1990-10-15 11:00:00+00:00,35.0,0.0,35.0,13.73,7.72
1990-10-15 12:00:00+00:00,134.0,2.32,133.0,14.04,7.24
1990-10-15 13:00:00+00:00,116.0,0.0,116.0,14.0,7.45
1990-10-15 14:00:00+00:00,73.0,0.0,73.0,13.74,7.66
1990-10-15 15:00:00+00:00,35.0,0.0,35.0,13.35,7.17
1990-10-15 16:00:00+00:00,57.0,70.86,48.0,12.77,6.21
1990-10-15 17:00:00+00:00,0.0,0.0,0.0,12.17,5.31
1990-10-15 18:00:00+00:00,0.0,0.0,0.0,11.55,4.69
1990-10-15 19:00:00+00:00,0.0,0.0,0.0,10.9,4.14
1990-10-15 20:00:00+00:00,0.0,0.0,0.0,10.28,4.14
1990-10-15 21:00:00+00:00,0.0,0.0,0.0,10.03,4.14
1990-10-15 22:00:00+00:00,0.0,0.0,0.0,10.04,4.62
1990-10-15 23:00:00+00:00,0.0,0.0,0.0,10.13,5.03
1990-10-16 00:00:00+00:00,0.0,0.0,0.0,9.9,4.9
1990-10-16 01:00:00+00:00,0.0,0.0,0.0,9.87,5.03
1990-10-16 02:00:00+00:00,0.0,0.0,0.0,9.65,4.9
1990-10-16 03:00:00+00:00,0.0,0.0,0.0,9.52,5.1
1990-10-16 04:00:00+00:00,0.0,0.0,0.0,9.42,5.24
1990-10-16 05:00:00+00:00,0.0,0.0,0.0,9.48,5.52
1990-10-16 06:00:00+00:00,0.0,0.0,0.0,9.22,5.59
1990-10-16 07:00:00+00:00,15.0,0.0,15.0,9.27,5.86
1990-10-16 08:00:00+00:00,83.0,61.99,72.0,9.37,6.07
1990-10-16 09:00:00+00:00,261.0,673.24,68.0,9.93,5.86
1990-10-16 10:00:00+00:00,275.0,318.2,158.0,10.65,6.62
1990-10-16 11:00:00+00:00,293.0,245.77,191.0,11.2,6.55
1990-10-16 12:00:00+00:00,336.0,369.06,179.0,11.67,6.48
1990-10-16 13:00:00+00:00,361.0,617.84,115.0,11.78,6.14
1990-10-16 14:00:00+00:00,278.0,474.44,119.0,11.74,5.66
1990-10-16 15:00:00+00:00,201.0,536.12,72.0,11.64,5.52
1990-10-16 16:00:00+00:00,10.0,0.0,10.0,11.18,5.03
1990-10-16 17:00:00+00:00,0.0,0.0,0.0,10.36,4.76
1990-10-16 18:00:00+00:00,0.0,0.0,0.0,9.57,4.69
1990-10-16 19:00:00+00:00,0.0,0.0,0.0,9.53,4.21
1990-10-16 20:00:00+00:00,0.0,0.0,0.0,9.0,4.14
1990-10-16 21:00:00+00:00,0.0,0.0,0.0,8.43,4.14
1990-10-16 22:00:00+00:00,0.0,0.0,0.0,8.08,4.21
1990-10-16 23:00:00+00:00,0.0,0.0,0.0,7.76,4.34
1990-10-17 00:00:00+00:00,0.0,0.0,0.0,7.49,4.48
1990-10-17 01:00:00+00:00,0.0,0.0,0.0,7.47,4.62
1990-10-17 02:00:00+00:00,0.0,0.0,0.0,7.25,4.69
1990-10-17 03:00:00+00:00,0.0,0.0,0.0,7.16,4.69
1990-10-17 04:00:00+00:00,0.0,0.0,0.0,6.97,4.62
1990-10-17 05:00:00+00:00,0.0,0.0,0.0,6.62,4.48
1990-10-17 06:00:00+00:00,0.0,0.0,0.0,6.42,4.48
1990-10-17 07:00:00+00:00,13.0,0.0,13.0,6.13,4.48
1990-10-17 08:00:00+00:00,136.0,499.2,50.0,6.47,4.55
1990-10-17 09:00:00+00:00,247.0,604.34,77.0,7.33,4.69
1990-10-17 10:00:00+00:00,337.0,684.81,89.0,8.17,5.31
1990-10-17 11:00:00+00:00,382.0,664.54,110.0,9.08,6.0
1990-10-17 12:00:00+00:00,348.0,436.16,165.0,9.74,6.34
1990-10-17 13:00:00+00:00,238.0,132.57,186.0,10.16,5.86
1990-10-17 14:00:00+00:00,156.0,45.57,141.0,10.33,5.38
1990-10-17 15:00:00+00:00,186.0,438.95,83.0,10.27,4.83
1990-10-17 16:00:00+00:00,57.0,104.22,45.0,9.89,4.21
1990-10-17 17:00:00+00:00,0.0,0.0,0.0,9.12,3.66
1990-10-17 18:00:00+00:00,0.0,0.0,0.0,8.21,3.17
1990-10-17 19:00:00+00:00,0.0,0.0,0.0,7.38,2.62
1990-10-17 20:00:00+00:00,0.0,0.0,0.0,6.67,2.41
1990-10-17 21:00:00+00:00,0.0,0.0,0.0,5.81,2.21
1990-10-17 22:00:00+00:00,0.0,0.0,0.0,4.84,2.14
1990-10-17 23:00:00+00:00,0.0,0.0,0.0,4.0,2.0
1990-10-18 00:00:00+00:00,0.0,0.0,0.0,3.34,1.72
1990-10-18 01:00:00+00:00,0.0,0.0,0.0,3.15,1.59
1990-10-18 02:00:00+00:00,0.0,0.0,0.0,2.56,1.66
1990-10-18 03:00:00+00:00,0.0,0.0,0.0,2.0,1.79
1990-10-18 04:00:00+00:00,0.0,0.0,0.0,1.79,1.72
1990-10-18 05:00:00+00:00,0.0,0.0,0.0,1.63,1.66
1990-10-18 06:00:00+00:00,0.0,0.0,0.0,1.38,1.52
1990-10-18 07:00:00+00:00,4.0,0.0,4.0,0.38,1.79
1990-10-18 08:00:00+00:00,82.0,83.78,68.0,1.22,1.45
1990-10-18 09:00:00+00:00,190.0,257.31,119.0,4.46,1.1
1990-10-18 10:00:00+00:00,320.0,611.33,102.0,6.25,0.97
1990-10-18 11:00:00+00:00,369.0,629.33,115.0,7.41,0.76
1990-10-18 12:00:00+00:00,363.0,541.4,139.0,8.23,0.69
1990-10-18 13:00:00+00:00,335.0,528.05,131.0,8.82,1.24
1990-10-18 14:00:00+00:00,205.0,173.26,149.0,9.28,1.66
1990-10-18 15:00:00+00:00,167.0,336.65,90.0,9.36,1.59
1990-10-18 16:00:00+00:00,57.0,128.11,43.0,9.13,1.17
1990-10-18 17:00:00+00:00,0.0,0.0,0.0,8.1,0.9
1990-10-18 18:00:00+00:00,0.0,0.0,0.0,8.41,0.62
1990-10-18 19:00:00+00:00,0.0,0.0,0.0,6.29,1.45
1990-10-18 20:00:00+00:00,0.0,0.0,0.0,5.0,1.72
1990-10-18 21:00:00+00:00,0.0,0.0,0.0,4.23,1.86
1990-10-18 22:00:00+00:00,0.0,0.0,0.0,3.56,2.07
1990-10-18 23:00:00+00:00,0.0,0.0,0.0,3.39,2.07
1990-10-19 00:00:00+00:00,0.0,0.0,0.0,3.01,2.14
1990-10-19 01:00:00+00:00,0.0,0.0,0.0,2.84,2.14
1990-10-19 02:00:00+00:00,0.0,0.0,0.0,2.6,2.21
1990-10-19 03:00:00+00:00,0.0,0.0,0.0,2.48,2.07
1990-10-19 04:00:00+00:00,0.0,0.0,0.0,2.32,2.07
1990-10-19 05:00:00+00:00,0.0,0.0,0.0,2.13,2.07
1990-10-19 06:00:00+00:00,0.0,0.0,0.0,2.39,2.14
1990-10-19 07:00:00+00:00,7.0,0.0,7.0,3.29,2.07
1990-10-19 08:00:00+00:00,72.0,55.58,63.0,4.94,2.14
1990-10-19 09:00:00+00:00,118.0,36.96,108.0,7.27,2.21
1990-10-19 10:00:00+00:00,255.0,299.09,150.0,9.05,2.62
1990-10-19 11:00:00+00:00,323.0,434.76,150.0,10.51,2.83
1990-10-19 12:00:00+00:00,282.0,235.33,186.0,11.79,3.45
1990-10-19 13:00:00+00:00,238.0,160.33,177.0,12.34,3.24
1990-10-19 14:00:00+00:00,167.0,81.94,141.0,12.32,2.34
1990-10-19 15:00:00+00:00,115.0,89.75,95.0,12.11,2.0
1990-10-19 16:00:00+00:00,52.0,125.63,39.0,11.71,2.14
1990-10-19 17:00:00+00:00,0.0,0.0,0.0,11.01,2.21
1990-10-19 18:00:00+00:00,0.0,0.0,0.0,10.32,2.34
1990-10-19 19:00:00+00:00,0.0,0.0,0.0,10.14,2.28
1990-10-19 20:00:00+00:00,0.0,0.0,0.0,9.75,2.34
1990-10-19 21:00:00+00:00,0.0,0.0,0.0,9.46,2.41
1990-10-19 22:00:00+00:00,0.0,0.0,0.0,9.07,2.41
1990-10-19 23:00:00+00:00,0.0,0.0,0.0,8.99,2.48
1990-10-20 00:00:00+00:00,0.0,0.0,0.0,8.81,2.55
1990-10-20 01:00:00+00:00,0.0,0.0,0.0,8.66,2.62
1990-10-20 02:00:00+00:00,0.0,0.0,0.0,8.35,2.69
1990-10-20 03:00:00+00:00,0.0,0.0,0.0,8.24,2.62
1990-10-20 04:00:00+00:00,0.0,0.0,0.0,7.93,2.55
1990-10-20 05:00:00+00:00,0.0,0.0,0.0,7.88,2.41
1990-10-20 06:00:00+00:00,0.0,0.0,0.0,7.89,2.41
1990-10-20 07:00:00+00:00,2.0,0.0,2.0,8.57,2.41
1990-10-20 08:00:00+00:00,91.0,185.01,62.0,9.02,2.34
1990-10-20 09:00:00+00:00,119.0,45.25,107.0,9.82,2.41
1990-10-20 10:00:00+00:00,227.0,208.37,155.0,10.41,3.17
1990-10-20 11:00:00+00:00,350.0,609.31,111.0,10.96,3.38
1990-10-20 12:00:00+00:00,254.0,164.11,188.0,11.28,3.45
1990-10-20 13:00:00+00:00,207.0,96.1,171.0,11.34,3.52
1990-10-20 14:00:00+00:00,157.0,67.42,136.0,11.42,3.66
1990-10-20 15:00:00+00:00,98.0,50.68,87.0,11.21,3.24
1990-10-20 16:00:00+00:00,41.0,61.39,35.0,10.84,2.62
1990-10-20 17:00:00+00:00,0.0,0.0,0.0,10.33,2.55
1990-10-20 18:00:00+00:00,0.0,0.0,0.0,9.76,2.69
1990-10-20 19:00:00+00:00,0.0,0.0,0.0,9.36,2.48
1990-10-20 20:00:00+00:00,0.0,0.0,0.0,8.53,2.62
1990-10-20 21:00:00+00:00,0.0,0.0,0.0,8.03,2.69
1990-10-20 22:00:00+00:00,0.0,0.0,0.0,7.38,2.76
1990-10-20 23:00:00+00:00,0.0,0.0,0.0,7.09,2.76
1990-10-21 00:00:00+00:00,0.0,0.0,0.0,6.81,2.83
1990-10-21 01:00:00+00:00,0.0,0.0,0.0,6.8,2.76
1990-10-21 02:00:00+00:00,0.0,0.0,0.0,6.79,2.69
1990-10-21 03:00:00+00:00,0.0,0.0,0.0,6.7,2.55
1990-10-21 04:00:00+00:00,0.0,0.0,0.0,6.56,2.55
1990-10-21 05:00:00+00:00,0.0,0.0,0.0,6.54,2.69
1990-10-21 06:00:00+00:00,0.0,0.0,0.0,6.84,2.69
1990-10-21 07:00:00+00:00,0.0,0.0,0.0,7.57,3.03
1990-10-21 08:00:00+00:00,91.0,204.51,60.0,8.02,3.31
1990-10-21 09:00:00+00:00,27.0,0.0,27.0,8.8,3.52
1990-10-21 10:00:00+00:00,39.0,0.0,39.0,9.45,3.93
1990-10-21 11:00:00+00:00,61.0,0.0,61.0,10.19,4.07
1990-10-21 12:00:00+00:00,51.0,0.0,51.0,11.34,4.83
1990-10-21 13:00:00+00:00,149.0,16.27,143.0,11.97,4.69
1990-10-21 14:00:00+00:00,74.0,0.0,74.0,11.93,4.34
1990-10-21 15:00:00+00:00,87.0,28.4,81.0,11.62,4.07
1990-10-21 16:00:00+00:00,47.0,130.36,35.0,10.97,3.79
1990-10-21 17:00:00+00:00,0.0,0.0,0.0,9.9,3.31
1990-10-21 18:00:00+00:00,0.0,0.0,0.0,9.33,3.31
1990-10-21 19:00:00+00:00,0.0,0.0,0.0,9.17,3.59
1990-10-21 20:00:00+00:00,0.0,0.0,0.0,8.92,3.59
1990-10-21 21:00:00+00:00,0.0,0.0,0.0,8.81,3.66
1990-10-21 22:00:00+00:00,0.0,0.0,0.0,8.76,3.59
1990-10-21 23:00:00+00:00,0.0,0.0,0.0,8.83,3.59
1990-10-22 00:00:00+00:00,0.0,0.0,0.0,8.81,3.59
1990-10-22 01:00:00+00:00,0.0,0.0,0.0,8.68,3.72
1990-10-22 02:00:00+00:00,0.0,0.0,0.0,8.66,3.66
1990-10-22 03:00:00+00:00,0.0,0.0,0.0,8.65,3.72
1990-10-22 04:00:00+00:00,0.0,0.0,0.0,8.69,3.79
1990-10-22 05:00:00+00:00,0.0,0.0,0.0,8.67,3.79
1990-10-22 06:00:00+00:00,0.0,0.0,0.0,8.57,3.79
1990-10-22 07:00:00+00:00,0.0,0.0,0.0,8.94,3.66
1990-10-22 08:00:00+00:00,22.0,0.0,22.0,9.19,3.66
1990-10-22 09:00:00+00:00,38.0,0.0,38.0,9.54,3.38
1990-10-22 10:00:00+00:00,80.0,0.0,80.0,9.89,3.45
1990-10-22 11:00:00+00:00,88.0,0.0,88.0,10.52,3.72
1990-10-22 12:00:00+00:00,193.0,51.19,173.0,11.0,3.72
1990-10-22 13:00:00+00:00,220.0,137.73,170.0,11.46,3.79
1990-10-22 14:00:00+00:00,152.0,70.03,131.0,11.56,3.45
1990-10-22 15:00:00+00:00,81.0,24.33,76.0,11.5,3.1
1990-10-22 16:00:00+00:00,15.0,0.0,15.0,10.87,2.97
1990-10-22 17:00:00+00:00,0.0,0.0,0.0,9.84,2.97
1990-10-22 18:00:00+00:00,0.0,0.0,0.0,9.05,2.9
1990-10-22 19:00:00+00:00,0.0,0.0,0.0,8.56,2.83
1990-10-22 20:00:00+00:00,0.0,0.0,0.0,8.12,2.76
1990-10-22 21:00:00+00:00,0.0,0.0,0.0,7.53,2.69
1990-10-22 22:00:00+00:00,0.0,0.0,0.0,7.1,2.62
1990-10-22 23:00:00+00:00,0.0,0.0,0.0,6.67,2.55
1990-10-23 00:00:00+00:00,0.0,0.0,0.0,6.39,2.55
1990-10-23 01:00:00+00:00,0.0,0.0,0.0,6.13,2.48
1990-10-23 02:00:00+00:00,0.0,0.0,0.0,5.86,2.41
1990-10-23 03:00:00+00:00,0.0,0.0,0.0,5.55,2.41
1990-10-23 04:00:00+00:00,0.0,0.0,0.0,5.27,2.34
1990-10-23 05:00:00+00:00,0.0,0.0,0.0,5.05,2.41
1990-10-23 06:00:00+00:00,0.0,0.0,0.0,5.08,2.48
1990-10-23 07:00:00+00:00,0.0,0.0,0.0,4.49,2.28
1990-10-23 08:00:00+00:00,97.0,346.83,48.0,5.14,2.48
1990-10-23 09:00:00+00:00,205.0,513.65,77.0,6.71,2.62
1990-10-23 10:00:00+00:00,284.0,553.13,102.0,8.38,4.07
1990-10-23 11:00:00+00:00,344.0,652.72,99.0,9.42,3.31
1990-10-23 12:00:00+00:00,360.0,696.11,92.0,10.32,3.24
1990-10-23 13:00:00+00:00,339.0,724.88,80.0,10.93,2.9
1990-10-23 14:00:00+00:00,262.0,632.31,76.0,11.18,2.48
1990-10-23 15:00:00+00:00,161.0,510.32,59.0,11.0,1.93
1990-10-23 16:00:00+00:00,42.0,148.39,30.0,10.39,1.72
1990-10-23 17:00:00+00:00,0.0,0.0,0.0,9.18,2.21
1990-10-23 18:00:00+00:00,0.0,0.0,0.0,8.0,2.41
1990-10-23 19:00:00+00:00,0.0,0.0,0.0,7.49,2.41
1990-10-23 20:00:00+00:00,0.0,0.0,0.0,6.83,2.28
1990-10-23 21:00:00+00:00,0.0,0.0,0.0,6.18,2.14
1990-10-23 22:00:00+00:00,0.0,0.0,0.0,5.55,2.07
1990-10-23 23:00:00+00:00,0.0,0.0,0.0,4.64,2.0
1990-10-24 00:00:00+00:00,0.0,0.0,0.0,3.74,2.0
1990-10-24 01:00:00+00:00,0.0,0.0,0.0,2.99,2.0
1990-10-24 02:00:00+00:00,0.0,0.0,0.0,2.28,1.93
1990-10-24 03:00:00+00:00,0.0,0.0,0.0,1.75,1.86
1990-10-24 04:00:00+00:00,0.0,0.0,0.0,1.33,1.86
1990-10-24 05:00:00+00:00,0.0,0.0,0.0,1.01,1.93
1990-10-24 06:00:00+00:00,0.0,0.0,0.0,0.8,1.93
1990-10-24 07:00:00+00:00,0.0,0.0,0.0,0.36,1.93
1990-10-24 08:00:00+00:00,79.0,183.63,54.0,0.73,1.72
1990-10-24 09:00:00+00:00,189.0,410.03,89.0,3.13,1.31
1990-10-24 10:00:00+00:00,280.0,543.93,104.0,4.88,1.1
1990-10-24 11:00:00+00:00,334.0,608.48,109.0,6.64,1.17
1990-10-24 12:00:00+00:00,332.0,537.78,128.0,7.75,1.24
1990-10-24 13:00:00+00:00,316.0,602.94,104.0,8.44,1.24
1990-10-24 14:00:00+00:00,250.0,568.48,86.0,8.74,1.1
1990-10-24 15:00:00+00:00,155.0,483.86,61.0,8.79,1.17
1990-10-24 16:00:00+00:00,42.0,212.26,26.0,8.24,1.31
1990-10-24 17:00:00+00:00,0.0,0.0,0.0,7.17,1.31
1990-10-24 18:00:00+00:00,0.0,0.0,0.0,5.94,1.1
1990-10-24 19:00:00+00:00,0.0,0.0,0.0,4.9,1.31
1990-10-24 20:00:00+00:00,0.0,0.0,0.0,4.3,1.38
1990-10-24 21:00:00+00:00,0.0,0.0,0.0,3.7,1.45
1990-10-24 22:00:00+00:00,0.0,0.0,0.0,3.44,1.52
1990-10-24 23:00:00+00:00,0.0,0.0,0.0,3.28,1.52
1990-10-25 00:00:00+00:00,0.0,0.0,0.0,2.96,1.59
1990-10-25 01:00:00+00:00,0.0,0.0,0.0,3.06,1.72
1990-10-25 02:00:00+00:00,0.0,0.0,0.0,2.51,1.79
1990-10-25 03:00:00+00:00,0.0,0.0,0.0,2.08,1.79
1990-10-25 04:00:00+00:00,0.0,0.0,0.0,1.51,1.86
1990-10-25 05:00:00+00:00,0.0,0.0,0.0,1.33,1.86
1990-10-25 06:00:00+00:00,0.0,0.0,0.0,1.39,1.79
1990-10-25 07:00:00+00:00,0.0,0.0,0.0,1.76,1.79
1990-10-25 08:00:00+00:00,38.0,7.63,37.0,2.32,1.86
1990-10-25 09:00:00+00:00,41.0,0.0,41.0,4.84,1.86
1990-10-25 10:00:00+00:00,108.0,6.29,106.0,7.62,2.21
1990-10-25 11:00:00+00:00,216.0,120.81,172.0,8.89,3.1
1990-10-25 12:00:00+00:00,303.0,412.08,149.0,9.79,3.59
1990-10-25 13:00:00+00:00,85.0,0.0,85.0,10.23,3.52
1990-10-25 14:00:00+00:00,49.0,0.0,49.0,10.24,3.24
1990-10-25 15:00:00+00:00,54.0,0.0,54.0,10.08,2.97
1990-10-25 16:00:00+00:00,15.0,0.0,15.0,9.51,2.69
1990-10-25 17:00:00+00:00,0.0,0.0,0.0,8.56,2.83
1990-10-25 18:00:00+00:00,0.0,0.0,0.0,7.88,3.03
1990-10-25 19:00:00+00:00,0.0,0.0,0.0,7.46,3.38
1990-10-25 20:00:00+00:00,0.0,0.0,0.0,7.18,3.45
1990-10-25 21:00:00+00:00,0.0,0.0,0.0,7.08,3.59
1990-10-25 22:00:00+00:00,0.0,0.0,0.0,7.0,3.66
1990-10-25 23:00:00+00:00,0.0,0.0,0.0,6.85,3.52
1990-10-26 00:00:00+00:00,0.0,0.0,0.0,6.8,3.52
1990-10-26 01:00:00+00:00,0.0,0.0,0.0,6.61,3.79
1990-10-26 02:00:00+00:00,0.0,0.0,0.0,6.72,3.93
1990-10-26 03:00:00+00:00,0.0,0.0,0.0,7.21,4.21
1990-10-26 04:00:00+00:00,0.0,0.0,0.0,7.51,4.48
1990-10-26 05:00:00+00:00,0.0,0.0,0.0,7.55,4.55
1990-10-26 06:00:00+00:00,0.0,0.0,0.0,7.39,4.48
1990-10-26 07:00:00+00:00,0.0,0.0,0.0,8.01,4.62
1990-10-26 08:00:00+00:00,27.0,0.0,27.0,8.31,4.83
1990-10-26 09:00:00+00:00,96.0,30.0,89.0,8.71,5.17
1990-10-26 10:00:00+00:00,27.0,0.0,27.0,9.19,5.31
1990-10-26 11:00:00+00:00,56.0,0.0,56.0,9.65,5.52
1990-10-26 12:00:00+00:00,74.0,0.0,74.0,10.11,5.59
1990-10-26 13:00:00+00:00,50.0,0.0,50.0,10.23,5.45
1990-10-26 14:00:00+00:00,55.0,0.0,55.0,10.3,5.31
1990-10-26 15:00:00+00:00,16.0,0.0,16.0,10.41,6.07
1990-10-26 16:00:00+00:00,25.0,61.91,21.0,10.49,5.79
1990-10-26 17:00:00+00:00,0.0,0.0,0.0,10.58,5.45
1990-10-26 18:00:00+00:00,0.0,0.0,0.0,10.62,4.76
1990-10-26 19:00:00+00:00,0.0,0.0,0.0,10.43,3.72
1990-10-26 20:00:00+00:00,0.0,0.0,0.0,10.2,3.17
1990-10-26 21:00:00+00:00,0.0,0.0,0.0,9.95,2.83
1990-10-26 22:00:00+00:00,0.0,0.0,0.0,9.69,2.76
1990-10-26 23:00:00+00:00,0.0,0.0,0.0,9.13,2.48
1990-10-27 00:00:00+00:00,0.0,0.0,0.0,8.62,2.62
1990-10-27 01:00:00+00:00,0.0,0.0,0.0,8.05,2.55
1990-10-27 02:00:00+00:00,0.0,0.0,0.0,7.5,2.34
1990-10-27 03:00:00+00:00,0.0,0.0,0.0,7.12,2.41
1990-10-27 04:00:00+00:00,0.0,0.0,0.0,6.89,2.48
1990-10-27 05:00:00+00:00,0.0,0.0,0.0,6.88,2.48
1990-10-27 06:00:00+00:00,0.0,0.0,0.0,6.73,2.48
1990-10-27 07:00:00+00:00,0.0,0.0,0.0,7.25,3.1
1990-10-27 08:00:00+00:00,24.0,0.0,24.0,7.59,3.38
1990-10-27 09:00:00+00:00,37.0,0.0,37.0,8.16,3.93
1990-10-27 10:00:00+00:00,149.0,58.57,131.0,8.67,4.48
1990-10-27 11:00:00+00:00,126.0,8.49,123.0,9.48,5.24
1990-10-27 12:00:00+00:00,197.0,91.02,164.0,10.75,4.9
1990-10-27 13:00:00+00:00,76.0,0.0,76.0,12.05,6.34
1990-10-27 14:00:00+00:00,162.0,154.52,120.0,12.78,6.76
1990-10-27 15:00:00+00:00,103.0,163.06,74.0,13.11,7.66
1990-10-27 16:00:00+00:00,23.0,67.41,19.0,13.46,7.59
1990-10-27 17:00:00+00:00,0.0,0.0,0.0,13.74,7.59
1990-10-27 18:00:00+00:00,0.0,0.0,0.0,13.95,7.66
1990-10-27 19:00:00+00:00,0.0,0.0,0.0,14.53,8.28
1990-10-27 20:00:00+00:00,0.0,0.0,0.0,14.57,8.28
1990-10-27 21:00:00+00:00,0.0,0.0,0.0,14.59,8.21
1990-10-27 22:00:00+00:00,0.0,0.0,0.0,14.54,8.07
1990-10-27 23:00:00+00:00,0.0,0.0,0.0,14.53,8.34
1990-10-28 00:00:00+00:00,0.0,0.0,0.0,14.48,8.62
1990-10-28 01:00:00+00:00,0.0,0.0,0.0,14.42,9.1
1990-10-28 02:00:00+00:00,0.0,0.0,0.0,14.24,9.24
1990-10-28 03:00:00+00:00,0.0,0.0,0.0,13.84,8.69
1990-10-28 04:00:00+00:00,0.0,0.0,0.0,13.27,6.9
1990-10-28 05:00:00+00:00,0.0,0.0,0.0,11.85,5.66
1990-10-28 06:00:00+00:00,0.0,0.0,0.0,10.3,5.17
1990-10-28 07:00:00+00:00,0.0,0.0,0.0,9.65,5.38
1990-10-28 08:00:00+00:00,54.0,86.38,44.0,9.11,5.17
1990-10-28 09:00:00+00:00,175.0,462.23,72.0,9.24,5.31
1990-10-28 10:00:00+00:00,254.0,529.89,94.0,9.65,5.45
1990-10-28 11:00:00+00:00,269.0,376.72,138.0,9.96,5.24
1990-10-28 12:00:00+00:00,314.0,590.92,103.0,10.46,5.17
1990-10-28 13:00:00+00:00,288.0,592.13,93.0,10.86,5.1
1990-10-28 14:00:00+00:00,224.0,548.12,78.0,10.95,5.1
1990-10-28 15:00:00+00:00,127.0,405.78,57.0,10.79,4.55
1990-10-28 16:00:00+00:00,21.0,73.89,17.0,10.38,4.69
1990-10-28 17:00:00+00:00,0.0,0.0,0.0,9.56,5.52
1990-10-28 18:00:00+00:00,0.0,0.0,0.0,9.11,5.79
1990-10-28 19:00:00+00:00,0.0,0.0,0.0,8.63,5.38
1990-10-28 20:00:00+00:00,0.0,0.0,0.0,8.1,5.66
1990-10-28 21:00:00+00:00,0.0,0.0,0.0,7.55,5.79
1990-10-28 22:00:00+00:00,0.0,0.0,0.0,7.25,5.93
1990-10-28 23:00:00+00:00,0.0,0.0,0.0,7.06,6.14
1990-10-29 00:00:00+00:00,0.0,0.0,0.0,6.78,5.93
1990-10-29 01:00:00+00:00,0.0,0.0,0.0,6.64,5.79
1990-10-29 02:00:00+00:00,0.0,0.0,0.0,6.55,5.79
1990-10-29 03:00:00+00:00,0.0,0.0,0.0,6.78,5.79
1990-10-29 04:00:00+00:00,0.0,0.0,0.0,6.81,5.66
1990-10-29 05:00:00+00:00,0.0,0.0,0.0,6.51,5.45
1990-10-29 06:00:00+00:00,0.0,0.0,0.0,6.13,5.17
1990-10-29 07:00:00+00:00,0.0,0.0,0.0,6.16,4.9
1990-10-29 08:00:00+00:00,49.0,72.25,41.0,6.1,4.9
1990-10-29 09:00:00+00:00,173.0,464.1,72.0,6.65,5.1
1990-10-29 10:00:00+00:00,243.0,465.25,105.0,7.35,5.17
1990-10-29 11:00:00+00:00,302.0,575.49,105.0,8.14,6.0
1990-10-29 12:00:00+00:00,315.0,600.09,104.0,8.5,6.21
1990-10-29 13:00:00+00:00,151.0,43.23,137.0,8.44,6.14
1990-10-29 14:00:00+00:00,221.0,540.26,80.0,8.31,5.79
1990-10-29 15:00:00+00:00,76.0,53.82,67.0,8.1,5.66
1990-10-29 16:00:00+00:00,12.0,0.0,12.0,7.56,5.52
1990-10-29 17:00:00+00:00,0.0,0.0,0.0,6.9,5.31
1990-10-29 18:00:00+00:00,0.0,0.0,0.0,6.46,5.1
1990-10-29 19:00:00+00:00,0.0,0.0,0.0,6.69,4.9
1990-10-29 20:00:00+00:00,0.0,0.0,0.0,6.52,4.62
1990-10-29 21:00:00+00:00,0.0,0.0,0.0,6.14,4.34
1990-10-29 22:00:00+00:00,0.0,0.0,0.0,5.94,4.28
1990-10-29 23:00:00+00:00,0.0,0.0,0.0,5.74,4.21
1990-10-30 00:00:00+00:00,0.0,0.0,0.0,5.58,4.21
1990-10-30 01:00:00+00:00,0.0,0.0,0.0,5.36,4.21
1990-10-30 02:00:00+00:00,0.0,0.0,0.0,5.17,4.14
1990-10-30 03:00:00+00:00,0.0,0.0,0.0,4.99,4.0
1990-10-30 04:00:00+00:00,0.0,0.0,0.0,4.84,3.93
1990-10-30 05:00:00+00:00,0.0,0.0,0.0,4.75,3.86
1990-10-30 06:00:00+00:00,0.0,0.0,0.0,4.67,3.72
1990-10-30 07:00:00+00:00,0.0,0.0,0.0,4.69,3.52
1990-10-30 08:00:00+00:00,68.0,302.73,36.0,5.01,3.45
1990-10-30 09:00:00+00:00,85.0,28.24,79.0,6.31,3.59
1990-10-30 10:00:00+00:00,102.0,6.87,100.0,8.0,3.66
1990-10-30 11:00:00+00:00,212.0,169.17,155.0,9.44,4.28
1990-10-30 12:00:00+00:00,104.0,0.0,104.0,10.49,4.97
1990-10-30 13:00:00+00:00,157.0,59.66,138.0,10.94,5.1
1990-10-30 14:00:00+00:00,43.0,0.0,43.0,11.13,4.55
1990-10-30 15:00:00+00:00,70.0,49.37,62.0,11.0,4.55
1990-10-30 16:00:00+00:00,7.0,0.0,7.0,10.64,4.41
1990-10-30 17:00:00+00:00,0.0,0.0,0.0,10.42,4.62
1990-10-30 18:00:00+00:00,0.0,0.0,0.0,10.45,4.9
1990-10-30 19:00:00+00:00,0.0,0.0,0.0,10.75,5.72
1990-10-30 20:00:00+00:00,0.0,0.0,0.0,10.92,6.0
1990-10-30 21:00:00+00:00,0.0,0.0,0.0,11.1,6.28
1990-10-30 22:00:00+00:00,0.0,0.0,0.0,11.28,6.62
1990-10-30 23:00:00+00:00,0.0,0.0,0.0,11.38,6.9
1990-10-31 00:00:00+00:00,0.0,0.0,0.0,11.27,7.31
1990-10-31 01:00:00+00:00,0.0,0.0,0.0,10.84,7.52
1990-10-31 02:00:00+00:00,0.0,0.0,0.0,10.64,7.52
1990-10-31 03:00:00+00:00,0.0,0.0,0.0,10.52,7.45
1990-10-31 04:00:00+00:00,0.0,0.0,0.0,10.47,7.38
1990-10-31 05:00:00+00:00,0.0,0.0,0.0,10.49,7.17
1990-10-31 06:00:00+00:00,0.0,0.0,0.0,10.55,7.17
1990-10-31 07:00:00+00:00,0.0,0.0,0.0,11.0,7.38
1990-10-31 08:00:00+00:00,26.0,0.0,26.0,11.16,7.17
1990-10-31 09:00:00+00:00,32.0,0.0,32.0,11.41,7.31
1990-10-31 10:00:00+00:00,61.0,0.0,61.0,12.01,7.24
1990-10-31 11:00:00+00:00,147.0,33.17,136.0,12.34,8.34
1990-10-31 12:00:00+00:00,48.0,0.0,48.0,12.51,8.97
1990-10-31 13:00:00+00:00,73.0,0.0,73.0,12.49,8.28
1990-10-31 14:00:00+00:00,28.0,0.0,28.0,12.3,7.86
1990-10-31 15:00:00+00:00,24.0,0.0,24.0,11.93,7.31
1990-10-31 16:00:00+00:00,2.0,0.0,2.0,13.2,6.76
1990-10-31 17:00:00+00:00,0.0,0.0,0.0,12.66,6.76
1990-10-31 18:00:00+00:00,0.0,0.0,0.0,12.13,6.77
1990-10-31 19:00:00+00:00,0.0,0.0,0.0,11.59,6.78
1990-10-31 20:00:00+00:00,0.0,0.0,0.0,11.06,6.78
1990-10-31 21:00:00+00:00,0.0,0.0,0.0,10.52,6.79
1990-10-31 22:00:00+00:00,0.0,0.0,0.0,9.99,6.8
1990-10-31 23:00:00+00:00,0.0,0.0,0.0,9.45,6.81
1990-11-01 00:00:00+00:00,0.0,0.0,0.0,8.91,6.81
1990-11-01 01:00:00+00:00,0.0,0.0,0.0,8.38,6.82
1990-11-01 02:00:00+00:00,0.0,0.0,0.0,7.84,6.83
1990-11-01 03:00:00+00:00,0.0,0.0,0.0,7.31,6.84
1990-11-01 04:00:00+00:00,0.0,0.0,0.0,6.77,6.84
1990-11-01 05:00:00+00:00,0.0,0.0,0.0,6.24,6.85
1990-11-01 06:00:00+00:00,0.0,0.0,0.0,5.7,6.86
1990-11-01 07:00:00+00:00,0.0,0.0,0.0,5.17,6.87
1990-11-01 08:00:00+00:00,48.0,125.34,36.0,6.44,6.9
1990-11-01 09:00:00+00:00,164.0,504.52,62.0,7.01,6.97
1990-11-01 10:00:00+00:00,229.0,459.38,100.0,7.77,6.55
1990-11-01 11:00:00+00:00,224.0,232.92,148.0,8.42,7.31
1990-11-01 12:00:00+00:00,233.0,241.41,152.0,8.65,7.03
1990-11-01 13:00:00+00:00,161.0,74.7,138.0,8.84,6.9
1990-11-01 14:00:00+00:00,184.0,358.82,96.0,8.64,6.48
1990-11-01 15:00:00+00:00,113.0,421.4,49.0,8.29,6.14
1990-11-01 16:00:00+00:00,10.0,0.0,10.0,7.76,5.52
1990-11-01 17:00:00+00:00,0.0,0.0,0.0,7.13,5.1
1990-11-01 18:00:00+00:00,0.0,0.0,0.0,6.88,4.9
1990-11-01 19:00:00+00:00,0.0,0.0,0.0,6.54,4.41
1990-11-01 20:00:00+00:00,0.0,0.0,0.0,6.31,4.07
1990-11-01 21:00:00+00:00,0.0,0.0,0.0,6.05,3.93
1990-11-01 22:00:00+00:00,0.0,0.0,0.0,5.9,3.93
1990-11-01 23:00:00+00:00,0.0,0.0,0.0,5.57,3.66
1990-11-02 00:00:00+00:00,0.0,0.0,0.0,5.17,3.52
1990-11-02 01:00:00+00:00,0.0,0.0,0.0,4.82,3.31
1990-11-02 02:00:00+00:00,0.0,0.0,0.0,4.65,2.9
1990-11-02 03:00:00+00:00,0.0,0.0,0.0,4.24,2.41
1990-11-02 04:00:00+00:00,0.0,0.0,0.0,3.68,2.07
1990-11-02 05:00:00+00:00,0.0,0.0,0.0,3.09,1.66
1990-11-02 06:00:00+00:00,0.0,0.0,0.0,2.05,1.72
1990-11-02 07:00:00+00:00,0.0,0.0,0.0,1.6,1.86
1990-11-02 08:00:00+00:00,29.0,22.03,27.0,2.14,2.21
1990-11-02 09:00:00+00:00,45.0,0.0,45.0,3.57,2.55
1990-11-02 10:00:00+00:00,75.0,0.0,75.0,4.6,3.03
1990-11-02 11:00:00+00:00,51.0,0.0,51.0,5.49,4.07
1990-11-02 12:00:00+00:00,34.0,0.0,34.0,5.72,4.83
1990-11-02 13:00:00+00:00,196.0,188.32,139.0,5.61,5.93
1990-11-02 14:00:00+00:00,135.0,116.6,107.0,5.94,6.97
1990-11-02 15:00:00+00:00,97.0,272.27,57.0,6.55,6.69
1990-11-02 16:00:00+00:00,4.0,0.0,4.0,7.25,5.79
1990-11-02 17:00:00+00:00,0.0,0.0,0.0,7.45,4.9
1990-11-02 18:00:00+00:00,0.0,0.0,0.0,7.07,3.86
1990-11-02 19:00:00+00:00,0.0,0.0,0.0,5.31,3.79
1990-11-02 20:00:00+00:00,0.0,0.0,0.0,4.98,3.59
1990-11-02 21:00:00+00:00,0.0,0.0,0.0,4.65,3.52
1990-11-02 22:00:00+00:00,0.0,0.0,0.0,4.98,4.62
1990-11-02 23:00:00+00:00,0.0,0.0,0.0,4.75,6.14
1990-11-03 00:00:00+00:00,0.0,0.0,0.0,4.21,6.83
1990-11-03 01:00:00+00:00,0.0,0.0,0.0,3.95,7.24
1990-11-03 02:00:00+00:00,0.0,0.0,0.0,3.89,8.0
1990-11-03 03:00:00+00:00,0.0,0.0,0.0,4.51,8.83
1990-11-03 04:00:00+00:00,0.0,0.0,0.0,4.91,8.9
1990-11-03 05:00:00+00:00,0.0,0.0,0.0,5.16,8.48
1990-11-03 06:00:00+00:00,0.0,0.0,0.0,5.34,8.07
1990-11-03 07:00:00+00:00,0.0,0.0,0.0,5.12,8.0
1990-11-03 08:00:00+00:00,57.0,360.9,26.0,5.09,7.79
1990-11-03 09:00:00+00:00,153.0,479.08,61.0,5.45,7.66
1990-11-03 10:00:00+00:00,249.0,680.3,65.0,6.11,6.83
1990-11-03 11:00:00+00:00,298.0,715.53,72.0,6.72,7.38
1990-11-03 12:00:00+00:00,312.0,744.43,70.0,7.24,7.45
1990-11-03 13:00:00+00:00,284.0,736.03,65.0,7.4,7.38
1990-11-03 14:00:00+00:00,210.0,642.26,59.0,7.27,6.97
1990-11-03 15:00:00+00:00,106.0,429.49,45.0,7.02,6.55
1990-11-03 16:00:00+00:00,6.0,0.0,6.0,6.35,5.93
1990-11-03 17:00:00+00:00,0.0,0.0,0.0,5.65,5.52
1990-11-03 18:00:00+00:00,0.0,0.0,0.0,5.01,5.24
1990-11-03 19:00:00+00:00,0.0,0.0,0.0,4.35,4.9
1990-11-03 20:00:00+00:00,0.0,0.0,0.0,3.94,4.69
1990-11-03 21:00:00+00:00,0.0,0.0,0.0,3.61,4.48
1990-11-03 22:00:00+00:00,0.0,0.0,0.0,3.45,4.28
1990-11-03 23:00:00+00:00,0.0,0.0,0.0,3.27,4.14
1990-11-04 00:00:00+00:00,0.0,0.0,0.0,3.12,4.0
1990-11-04 01:00:00+00:00,0.0,0.0,0.0,3.01,3.93
1990-11-04 02:00:00+00:00,0.0,0.0,0.0,2.9,3.86
1990-11-04 03:00:00+00:00,0.0,0.0,0.0,2.68,3.79
1990-11-04 04:00:00+00:00,0.0,0.0,0.0,2.47,3.72
1990-11-04 05:00:00+00:00,0.0,0.0,0.0,2.26,3.52
1990-11-04 06:00:00+00:00,0.0,0.0,0.0,2.12,3.38
1990-11-04 07:00:00+00:00,0.0,0.0,0.0,2.08,3.59
1990-11-04 08:00:00+00:00,49.0,259.18,28.0,2.12,3.59
1990-11-04 09:00:00+00:00,149.0,475.88,60.0,2.96,3.52
1990-11-04 10:00:00+00:00,246.0,689.63,63.0,4.34,3.52
1990-11-04 11:00:00+00:00,293.0,708.08,73.0,5.47,3.79
1990-11-04 12:00:00+00:00,303.0,715.74,74.0,6.18,4.0
1990-11-04 13:00:00+00:00,279.0,738.53,63.0,6.56,4.07
1990-11-04 14:00:00+00:00,195.0,547.46,69.0,6.71,4.0
1990-11-04 15:00:00+00:00,99.0,386.21,46.0,6.48,3.59
1990-11-04 16:00:00+00:00,0.0,0.0,0.0,5.7,3.1
1990-11-04 17:00:00+00:00,0.0,0.0,0.0,4.69,2.83
1990-11-04 18:00:00+00:00,0.0,0.0,0.0,4.01,2.69
1990-11-04 19:00:00+00:00,0.0,0.0,0.0,3.68,2.55
1990-11-04 20:00:00+00:00,0.0,0.0,0.0,3.0,2.48
1990-11-04 21:00:00+00:00,0.0,0.0,0.0,2.45,2.48
1990-11-04 22:00:00+00:00,0.0,0.0,0.0,1.88,2.34
1990-11-04 23:00:00+00:00,0.0,0.0,0.0,1.35,2.21
1990-11-05 00:00:00+00:00,0.0,0.0,0.0,0.68,2.07
1990-11-05 01:00:00+00:00,0.0,0.0,0.0,-0.19,1.93
1990-11-05 02:00:00+00:00,0.0,0.0,0.0,-0.96,1.79
1990-11-05 03:00:00+00:00,0.0,0.0,0.0,-0.88,1.59
1990-11-05 04:00:00+00:00,0.0,0.0,0.0,-0.1,1.17
1990-11-05 05:00:00+00:00,0.0,0.0,0.0,0.32,0.97
1990-11-05 06:00:00+00:00,0.0,0.0,0.0,-0.33,1.17
1990-11-05 07:00:00+00:00,0.0,0.0,0.0,0.26,0.48
1990-11-05 08:00:00+00:00,33.0,78.75,27.0,0.21,0.34
1990-11-05 09:00:00+00:00,140.0,422.96,63.0,0.41,0.14
1990-11-05 10:00:00+00:00,223.0,549.36,80.0,1.78,0.48
1990-11-05 11:00:00+00:00,181.0,127.62,142.0,2.75,0.55
1990-11-05 12:00:00+00:00,187.0,127.04,147.0,3.68,0.76
1990-11-05 13:00:00+00:00,156.0,90.44,130.0,4.53,1.45
1990-11-05 14:00:00+00:00,33.0,0.0,33.0,4.86,2.14
1990-11-05 15:00:00+00:00,97.0,399.95,44.0,4.78,2.62
1990-11-05 16:00:00+00:00,0.0,0.0,0.0,4.57,3.52
1990-11-05 17:00:00+00:00,0.0,0.0,0.0,4.36,4.41
1990-11-05 18:00:00+00:00,0.0,0.0,0.0,4.22,5.38
1990-11-05 19:00:00+00:00,0.0,0.0,0.0,4.27,5.59
1990-11-05 20:00:00+00:00,0.0,0.0,0.0,4.23,5.38
1990-11-05 21:00:00+00:00,0.0,0.0,0.0,3.94,5.79
1990-11-05 22:00:00+00:00,0.0,0.0,0.0,3.79,6.07
1990-11-05 23:00:00+00:00,0.0,0.0,0.0,3.7,6.0
1990-11-06 00:00:00+00:00,0.0,0.0,0.0,3.54,5.93
1990-11-06 01:00:00+00:00,0.0,0.0,0.0,3.4,5.79
1990-11-06 02:00:00+00:00,0.0,0.0,0.0,3.4,5.66
1990-11-06 03:00:00+00:00,0.0,0.0,0.0,3.58,5.59
1990-11-06 04:00:00+00:00,0.0,0.0,0.0,3.8,5.66
1990-11-06 05:00:00+00:00,0.0,0.0,0.0,3.83,5.66
1990-11-06 06:00:00+00:00,0.0,0.0,0.0,3.92,5.38
1990-11-06 07:00:00+00:00,0.0,0.0,0.0,3.91,4.97
1990-11-06 08:00:00+00:00,0.0,0.0,0.0,4.02,4.76
1990-11-06 09:00:00+00:00,0.0,0.0,0.0,4.55,4.69
1990-11-06 10:00:00+00:00,78.0,3.92,77.0,5.38,4.48
1990-11-06 11:00:00+00:00,78.0,0.0,78.0,6.34,4.76
1990-11-06 12:00:00+00:00,95.0,0.0,95.0,7.03,5.52
1990-11-06 13:00:00+00:00,85.0,0.0,85.0,7.2,5.24
1990-11-06 14:00:00+00:00,70.0,4.54,69.0,7.18,5.17
1990-11-06 15:00:00+00:00,59.0,70.37,50.0,6.76,4.83
1990-11-06 16:00:00+00:00,0.0,0.0,0.0,6.04,4.28
1990-11-06 17:00:00+00:00,0.0,0.0,0.0,5.4,4.21
1990-11-06 18:00:00+00:00,0.0,0.0,0.0,5.09,4.14
1990-11-06 19:00:00+00:00,0.0,0.0,0.0,5.41,4.07
1990-11-06 20:00:00+00:00,0.0,0.0,0.0,5.36,4.28
1990-11-06 21:00:00+00:00,0.0,0.0,0.0,5.11,4.62
1990-11-06 22:00:00+00:00,0.0,0.0,0.0,5.04,4.9
1990-11-06 23:00:00+00:00,0.0,0.0,0.0,4.44,5.1
1990-11-07 00:00:00+00:00,0.0,0.0,0.0,4.28,5.52
1990-11-07 01:00:00+00:00,0.0,0.0,0.0,4.14,5.79
1990-11-07 02:00:00+00:00,0.0,0.0,0.0,4.14,5.86
1990-11-07 03:00:00+00:00,0.0,0.0,0.0,4.08,6.0
1990-11-07 04:00:00+00:00,0.0,0.0,0.0,3.9,6.14
1990-11-07 05:00:00+00:00,0.0,0.0,0.0,3.74,6.0
1990-11-07 06:00:00+00:00,0.0,0.0,0.0,3.8,5.79
1990-11-07 07:00:00+00:00,0.0,0.0,0.0,3.62,5.59
1990-11-07 08:00:00+00:00,23.0,0.0,23.0,3.59,5.72
1990-11-07 09:00:00+00:00,128.0,389.0,61.0,4.22,5.93
1990-11-07 10:00:00+00:00,213.0,539.29,78.0,5.17,6.07
1990-11-07 11:00:00+00:00,237.0,419.51,113.0,6.14,6.28
1990-11-07 12:00:00+00:00,278.0,649.35,80.0,6.69,7.59
1990-11-07 13:00:00+00:00,251.0,648.2,71.0,7.21,7.45
1990-11-07 14:00:00+00:00,108.0,74.15,92.0,7.37,7.17
1990-11-07 15:00:00+00:00,96.0,494.51,35.0,7.06,7.45
1990-11-07 16:00:00+00:00,0.0,0.0,0.0,6.97,7.38
1990-11-07 17:00:00+00:00,0.0,0.0,0.0,6.77,6.9
1990-11-07 18:00:00+00:00,0.0,0.0,0.0,6.56,6.69
1990-11-07 19:00:00+00:00,0.0,0.0,0.0,6.59,7.31
1990-11-07 20:00:00+00:00,0.0,0.0,0.0,6.6,7.31
1990-11-07 21:00:00+00:00,0.0,0.0,0.0,6.7,7.45
1990-11-07 22:00:00+00:00,0.0,0.0,0.0,6.62,6.83
1990-11-07 23:00:00+00:00,0.0,0.0,0.0,6.33,6.76
1990-11-08 00:00:00+00:00,0.0,0.0,0.0,6.19,6.48
1990-11-08 01:00:00+00:00,0.0,0.0,0.0,6.12,6.34
1990-11-08 02:00:00+00:00,0.0,0.0,0.0,5.98,6.28
1990-11-08 03:00:00+00:00,0.0,0.0,0.0,5.86,6.21
1990-11-08 04:00:00+00:00,0.0,0.0,0.0,5.65,6.0
1990-11-08 05:00:00+00:00,0.0,0.0,0.0,5.68,5.72
1990-11-08 06:00:00+00:00,0.0,0.0,0.0,5.8,5.72
1990-11-08 07:00:00+00:00,0.0,0.0,0.0,5.12,4.48
1990-11-08 08:00:00+00:00,21.0,0.0,21.0,4.94,4.28
1990-11-08 09:00:00+00:00,136.0,531.67,47.0,5.13,4.34
1990-11-08 10:00:00+00:00,207.0,537.85,75.0,5.59,4.34
1990-11-08 11:00:00+00:00,198.0,233.95,130.0,6.07,4.41
1990-11-08 12:00:00+00:00,116.0,13.33,112.0,6.52,4.97
1990-11-08 13:00:00+00:00,144.0,84.27,121.0,6.7,4.55
1990-11-08 14:00:00+00:00,127.0,165.77,92.0,6.4,4.21
1990-11-08 15:00:00+00:00,63.0,134.56,47.0,5.88,3.79
1990-11-08 16:00:00+00:00,0.0,0.0,0.0,5.21,3.66
1990-11-08 17:00:00+00:00,0.0,0.0,0.0,4.31,3.52
1990-11-08 18:00:00+00:00,0.0,0.0,0.0,3.69,3.52
1990-11-08 19:00:00+00:00,0.0,0.0,0.0,3.55,3.38
1990-11-08 20:00:00+00:00,0.0,0.0,0.0,3.48,3.38
1990-11-08 21:00:00+00:00,0.0,0.0,0.0,3.22,3.38
1990-11-08 22:00:00+00:00,0.0,0.0,0.0,2.81,3.24
1990-11-08 23:00:00+00:00,0.0,0.0,0.0,2.69,3.31
1990-11-09 00:00:00+00:00,0.0,0.0,0.0,2.64,3.38
1990-11-09 01:00:00+00:00,0.0,0.0,0.0,2.48,3.45
1990-11-09 02:00:00+00:00,0.0,0.0,0.0,2.19,3.45
1990-11-09 03:00:00+00:00,0.0,0.0,0.0,1.98,3.59
1990-11-09 04:00:00+00:00,0.0,0.0,0.0,1.95,3.79
1990-11-09 05:00:00+00:00,0.0,0.0,0.0,1.94,3.79
1990-11-09 06:00:00+00:00,0.0,0.0,0.0,1.77,3.79
1990-11-09 07:00:00+00:00,0.0,0.0,0.0,2.32,4.14
1990-11-09 08:00:00+00:00,19.0,0.0,19.0,2.6,4.34
1990-11-09 09:00:00+00:00,136.0,571.92,43.0,3.03,4.62
1990-11-09 10:00:00+00:00,170.0,286.82,101.0,3.6,5.03
1990-11-09 11:00:00+00:00,108.0,10.5,105.0,4.35,5.45
1990-11-09 12:00:00+00:00,237.0,420.0,113.0,4.72,4.97
1990-11-09 13:00:00+00:00,101.0,11.18,98.0,4.98,4.9
1990-11-09 14:00:00+00:00,155.0,372.71,78.0,5.0,4.34
1990-11-09 15:00:00+00:00,87.0,471.39,33.0,4.68,3.79
1990-11-09 16:00:00+00:00,0.0,0.0,0.0,4.09,3.38
1990-11-09 17:00:00+00:00,0.0,0.0,0.0,3.5,3.1
1990-11-09 18:00:00+00:00,0.0,0.0,0.0,2.89,2.9
1990-11-09 19:00:00+00:00,0.0,0.0,0.0,2.47,3.52
1990-11-09 20:00:00+00:00,0.0,0.0,0.0,2.26,3.38
1990-11-09 21:00:00+00:00,0.0,0.0,0.0,1.94,3.38
1990-11-09 22:00:00+00:00,0.0,0.0,0.0,1.61,3.45
1990-11-09 23:00:00+00:00,0.0,0.0,0.0,1.34,3.45
1990-11-10 00:00:00+00:00,0.0,0.0,0.0,1.11,3.45
1990-11-10 01:00:00+00:00,0.0,0.0,0.0,0.92,3.45
1990-11-10 02:00:00+00:00,0.0,0.0,0.0,0.83,3.31
1990-11-10 03:00:00+00:00,0.0,0.0,0.0,0.78,3.38
1990-11-10 04:00:00+00:00,0.0,0.0,0.0,0.75,3.31
1990-11-10 05:00:00+00:00,0.0,0.0,0.0,0.76,3.31
1990-11-10 06:00:00+00:00,0.0,0.0,0.0,0.77,3.31
1990-11-10 07:00:00+00:00,0.0,0.0,0.0,1.25,3.52
1990-11-10 08:00:00+00:00,17.0,0.0,17.0,1.37,3.38
1990-11-10 09:00:00+00:00,118.0,405.39,54.0,2.0,3.03
1990-11-10 10:00:00+00:00,210.0,636.19,60.0,3.24,2.48
1990-11-10 11:00:00+00:00,240.0,526.65,92.0,4.47,2.41
1990-11-10 12:00:00+00:00,270.0,685.0,71.0,5.15,2.0
1990-11-10 13:00:00+00:00,243.0,682.83,63.0,5.51,1.45
1990-11-10 14:00:00+00:00,161.0,455.13,69.0,5.61,0.62
1990-11-10 15:00:00+00:00,77.0,362.65,37.0,5.36,0.83
1990-11-10 16:00:00+00:00,0.0,0.0,0.0,4.5,1.45
1990-11-10 17:00:00+00:00,0.0,0.0,0.0,3.27,2.07
1990-11-10 18:00:00+00:00,0.0,0.0,0.0,2.43,2.48
1990-11-10 19:00:00+00:00,0.0,0.0,0.0,2.34,2.83
1990-11-10 20:00:00+00:00,0.0,0.0,0.0,2.18,3.31
1990-11-10 21:00:00+00:00,0.0,0.0,0.0,2.18,3.66
1990-11-10 22:00:00+00:00,0.0,0.0,0.0,2.69,3.86
1990-11-10 23:00:00+00:00,0.0,0.0,0.0,3.21,4.28
1990-11-11 00:00:00+00:00,0.0,0.0,0.0,3.99,4.9
1990-11-11 01:00:00+00:00,0.0,0.0,0.0,4.51,5.45
1990-11-11 02:00:00+00:00,0.0,0.0,0.0,4.76,5.93
1990-11-11 03:00:00+00:00,0.0,0.0,0.0,4.77,6.14
1990-11-11 04:00:00+00:00,0.0,0.0,0.0,5.19,6.21
1990-11-11 05:00:00+00:00,0.0,0.0,0.0,5.82,6.21
1990-11-11 06:00:00+00:00,0.0,0.0,0.0,6.36,6.14
1990-11-11 07:00:00+00:00,0.0,0.0,0.0,6.58,6.28
1990-11-11 08:00:00+00:00,15.0,0.0,15.0,7.24,6.14
1990-11-11 09:00:00+00:00,90.0,189.31,61.0,7.93,5.93
1990-11-11 10:00:00+00:00,191.0,545.34,65.0,8.81,5.86
1990-11-11 11:00:00+00:00,180.0,213.54,121.0,9.59,5.38
1990-11-11 12:00:00+00:00,107.0,13.99,103.0,10.3,5.24
1990-11-11 13:00:00+00:00,157.0,165.97,114.0,10.32,5.31
1990-11-11 14:00:00+00:00,139.0,333.71,73.0,9.62,5.66
1990-11-11 15:00:00+00:00,71.0,358.02,33.0,8.79,5.38
1990-11-11 16:00:00+00:00,0.0,0.0,0.0,7.98,4.76
1990-11-11 17:00:00+00:00,0.0,0.0,0.0,7.67,4.69
1990-11-11 18:00:00+00:00,0.0,0.0,0.0,7.47,4.69
1990-11-11 19:00:00+00:00,0.0,0.0,0.0,7.29,4.69
1990-11-11 20:00:00+00:00,0.0,0.0,0.0,7.16,4.83
1990-11-11 21:00:00+00:00,0.0,0.0,0.0,7.23,4.97
1990-11-11 22:00:00+00:00,0.0,0.0,0.0,7.2,4.9
1990-11-11 23:00:00+00:00,0.0,0.0,0.0,7.22,4.9
1990-11-12 00:00:00+00:00,0.0,0.0,0.0,7.14,4.76
1990-11-12 01:00:00+00:00,0.0,0.0,0.0,7.09,4.83
1990-11-12 02:00:00+00:00,0.0,0.0,0.0,6.84,4.9
1990-11-12 03:00:00+00:00,0.0,0.0,0.0,6.72,5.03
1990-11-12 04:00:00+00:00,0.0,0.0,0.0,6.54,5.1
1990-11-12 05:00:00+00:00,0.0,0.0,0.0,6.14,5.17
1990-11-12 06:00:00+00:00,0.0,0.0,0.0,5.9,5.24
1990-11-12 07:00:00+00:00,0.0,0.0,0.0,5.97,5.45
1990-11-12 08:00:00+00:00,13.0,0.0,13.0,5.91,5.79
1990-11-12 09:00:00+00:00,105.0,343.29,54.0,6.17,6.14
1990-11-12 10:00:00+00:00,190.0,543.34,67.0,6.76,6.34
1990-11-12 11:00:00+00:00,238.0,589.0,78.0,7.37,6.14
1990-11-12 12:00:00+00:00,234.0,487.05,97.0,7.45,6.83
1990-11-12 13:00:00+00:00,165.0,204.22,113.0,7.54,7.24
1990-11-12 14:00:00+00:00,156.0,501.27,59.0,7.41,7.03
1990-11-12 15:00:00+00:00,52.0,127.36,39.0,7.28,6.62
1990-11-12 16:00:00+00:00,0.0,0.0,0.0,6.81,6.21
1990-11-12 17:00:00+00:00,0.0,0.0,0.0,6.38,6.07
1990-11-12 18:00:00+00:00,0.0,0.0,0.0,6.15,5.86
1990-11-12 19:00:00+00:00,0.0,0.0,0.0,6.2,5.72
1990-11-12 20:00:00+00:00,0.0,0.0,0.0,6.12,5.59
1990-11-12 21:00:00+00:00,0.0,0.0,0.0,6.12,5.59
1990-11-12 22:00:00+00:00,0.0,0.0,0.0,6.13,5.52
1990-11-12 23:00:00+00:00,0.0,0.0,0.0,6.13,5.45
1990-11-13 00:00:00+00:00,0.0,0.0,0.0,6.1,5.24
1990-11-13 01:00:00+00:00,0.0,0.0,0.0,6.14,5.1
1990-11-13 02:00:00+00:00,0.0,0.0,0.0,6.27,4.9
1990-11-13 03:00:00+00:00,0.0,0.0,0.0,6.19,4.62
1990-11-13 04:00:00+00:00,0.0,0.0,0.0,6.01,4.48
1990-11-13 05:00:00+00:00,0.0,0.0,0.0,5.8,4.48
1990-11-13 06:00:00+00:00,0.0,0.0,0.0,5.79,4.76
1990-11-13 07:00:00+00:00,0.0,0.0,0.0,6.07,4.83
1990-11-13 08:00:00+00:00,8.0,0.0,8.0,6.05,4.9
1990-11-13 09:00:00+00:00,61.0,48.61,54.0,6.25,4.9
1990-11-13 10:00:00+00:00,73.0,4.51,72.0,6.5,4.97
1990-11-13 11:00:00+00:00,52.0,0.0,52.0,6.9,5.38
1990-11-13 12:00:00+00:00,85.0,3.61,84.0,7.4,5.38
1990-11-13 13:00:00+00:00,79.0,4.0,78.0,7.83,5.72
1990-11-13 14:00:00+00:00,89.0,63.38,77.0,7.99,6.48
1990-11-13 15:00:00+00:00,45.0,91.73,36.0,7.85,7.17
1990-11-13 16:00:00+00:00,0.0,0.0,0.0,7.3,6.97
1990-11-13 17:00:00+00:00,0.0,0.0,0.0,7.04,7.31
1990-11-13 18:00:00+00:00,0.0,0.0,0.0,7.15,7.79
1990-11-13 19:00:00+00:00,0.0,0.0,0.0,7.58,7.38
1990-11-13 20:00:00+00:00,0.0,0.0,0.0,7.88,6.9
1990-11-13 21:00:00+00:00,0.0,0.0,0.0,8.02,6.62
1990-11-13 22:00:00+00:00,0.0,0.0,0.0,7.74,6.41
1990-11-13 23:00:00+00:00,0.0,0.0,0.0,7.66,6.9
1990-11-14 00:00:00+00:00,0.0,0.0,0.0,7.36,6.9
1990-11-14 01:00:00+00:00,0.0,0.0,0.0,7.01,7.1
1990-11-14 02:00:00+00:00,0.0,0.0,0.0,6.68,7.59
1990-11-14 03:00:00+00:00,0.0,0.0,0.0,6.32,7.1
1990-11-14 04:00:00+00:00,0.0,0.0,0.0,5.95,6.76
1990-11-14 05:00:00+00:00,0.0,0.0,0.0,5.51,6.55
1990-11-14 06:00:00+00:00,0.0,0.0,0.0,5.15,6.41
1990-11-14 07:00:00+00:00,0.0,0.0,0.0,4.97,6.07
1990-11-14 08:00:00+00:00,10.0,0.0,10.0,4.74,6.0
1990-11-14 09:00:00+00:00,63.0,64.52,54.0,4.94,6.0
1990-11-14 10:00:00+00:00,181.0,529.37,66.0,5.63,6.14
1990-11-14 11:00:00+00:00,229.0,586.52,75.0,6.31,5.66
1990-11-14 12:00:00+00:00,241.0,605.77,76.0,6.78,5.66
1990-11-14 13:00:00+00:00,212.0,569.08,72.0,7.05,5.86
1990-11-14 14:00:00+00:00,149.0,496.61,57.0,7.08,5.86
1990-11-14 15:00:00+00:00,52.0,180.37,35.0,6.8,5.1
1990-11-14 16:00:00+00:00,0.0,0.0,0.0,6.14,4.76
1990-11-14 17:00:00+00:00,0.0,0.0,0.0,5.68,4.41
1990-11-14 18:00:00+00:00,0.0,0.0,0.0,5.04,4.41
1990-11-14 19:00:00+00:00,0.0,0.0,0.0,4.73,4.34
1990-11-14 20:00:00+00:00,0.0,0.0,0.0,4.41,3.93
1990-11-14 21:00:00+00:00,0.0,0.0,0.0,4.13,3.59
1990-11-14 22:00:00+00:00,0.0,0.0,0.0,3.96,3.45
1990-11-14 23:00:00+00:00,0.0,0.0,0.0,3.75,3.31
1990-11-15 00:00:00+00:00,0.0,0.0,0.0,4.04,3.17
1990-11-15 01:00:00+00:00,0.0,0.0,0.0,4.06,3.17
1990-11-15 02:00:00+00:00,0.0,0.0,0.0,4.31,3.03
1990-11-15 03:00:00+00:00,0.0,0.0,0.0,4.15,3.24
1990-11-15 04:00:00+00:00,0.0,0.0,0.0,4.24,3.52
1990-11-15 05:00:00+00:00,0.0,0.0,0.0,4.61,3.86
1990-11-15 06:00:00+00:00,0.0,0.0,0.0,4.95,4.14
1990-11-15 07:00:00+00:00,0.0,0.0,0.0,6.23,4.76
1990-11-15 08:00:00+00:00,5.0,0.0,5.0,6.56,4.97
1990-11-15 09:00:00+00:00,28.0,0.0,28.0,7.12,5.31
1990-11-15 10:00:00+00:00,39.0,0.0,39.0,7.87,5.66
1990-11-15 11:00:00+00:00,51.0,0.0,51.0,8.65,6.07
1990-11-15 12:00:00+00:00,44.0,0.0,44.0,9.31,6.48
1990-11-15 13:00:00+00:00,58.0,0.0,58.0,9.57,6.76
1990-11-15 14:00:00+00:00,52.0,0.0,52.0,9.57,6.83
1990-11-15 15:00:00+00:00,28.0,11.05,27.0,9.39,6.55
1990-11-15 16:00:00+00:00,0.0,0.0,0.0,9.13,6.34
1990-11-15 17:00:00+00:00,0.0,0.0,0.0,9.03,6.41
1990-11-15 18:00:00+00:00,0.0,0.0,0.0,8.94,6.55
1990-11-15 19:00:00+00:00,0.0,0.0,0.0,8.79,6.83
1990-11-15 20:00:00+00:00,0.0,0.0,0.0,8.76,6.83
1990-11-15 21:00:00+00:00,0.0,0.0,0.0,8.67,6.9
1990-11-15 22:00:00+00:00,0.0,0.0,0.0,8.45,6.69
1990-11-15 23:00:00+00:00,0.0,0.0,0.0,8.08,6.55
1990-11-16 00:00:00+00:00,0.0,0.0,0.0,7.7,6.41
1990-11-16 01:00:00+00:00,0.0,0.0,0.0,7.44,6.41
1990-11-16 02:00:00+00:00,0.0,0.0,0.0,7.79,6.69
1990-11-16 03:00:00+00:00,0.0,0.0,0.0,7.9,6.83
1990-11-16 04:00:00+00:00,0.0,0.0,0.0,7.96,7.03
1990-11-16 05:00:00+00:00,0.0,0.0,0.0,8.04,7.24
1990-11-16 06:00:00+00:00,0.0,0.0,0.0,8.08,7.45
1990-11-16 07:00:00+00:00,0.0,0.0,0.0,8.39,8.0
1990-11-16 08:00:00+00:00,5.0,0.0,5.0,8.34,7.93
1990-11-16 09:00:00+00:00,54.0,45.92,48.0,8.31,8.0
1990-11-16 10:00:00+00:00,65.0,4.8,64.0,8.64,8.34
1990-11-16 11:00:00+00:00,85.0,3.94,84.0,9.0,9.17
1990-11-16 12:00:00+00:00,223.0,530.68,83.0,9.3,9.17
1990-11-16 13:00:00+00:00,141.0,147.21,106.0,9.35,9.45
1990-11-16 14:00:00+00:00,114.0,231.12,73.0,9.34,6.97
1990-11-16 15:00:00+00:00,40.0,92.12,32.0,9.47,7.59
1990-11-16 16:00:00+00:00,0.0,0.0,0.0,9.65,7.17
1990-11-16 17:00:00+00:00,0.0,0.0,0.0,9.89,6.83
1990-11-16 18:00:00+00:00,0.0,0.0,0.0,10.03,6.21
1990-11-16 19:00:00+00:00,0.0,0.0,0.0,10.27,5.93
1990-11-16 20:00:00+00:00,0.0,0.0,0.0,9.87,5.52
1990-11-16 21:00:00+00:00,0.0,0.0,0.0,8.72,4.83
1990-11-16 22:00:00+00:00,0.0,0.0,0.0,7.42,3.79
1990-11-16 23:00:00+00:00,0.0,0.0,0.0,6.54,3.1
1990-11-17 00:00:00+00:00,0.0,0.0,0.0,5.76,2.76
1990-11-17 01:00:00+00:00,0.0,0.0,0.0,5.18,2.62
1990-11-17 02:00:00+00:00,0.0,0.0,0.0,4.6,2.41
1990-11-17 03:00:00+00:00,0.0,0.0,0.0,3.88,2.14
1990-11-17 04:00:00+00:00,0.0,0.0,0.0,3.01,2.07
1990-11-17 05:00:00+00:00,0.0,0.0,0.0,2.19,1.93
1990-11-17 06:00:00+00:00,0.0,0.0,0.0,1.32,1.79
1990-11-17 07:00:00+00:00,0.0,0.0,0.0,0.99,1.72
1990-11-17 08:00:00+00:00,0.0,0.0,0.0,0.34,1.66
1990-11-17 09:00:00+00:00,71.0,158.29,51.0,0.23,1.59
1990-11-17 10:00:00+00:00,128.0,196.02,88.0,2.28,1.24
1990-11-17 11:00:00+00:00,206.0,492.93,83.0,5.07,1.1
1990-11-17 12:00:00+00:00,202.0,392.82,100.0,6.39,1.72
1990-11-17 13:00:00+00:00,158.0,248.11,100.0,6.62,2.21
1990-11-17 14:00:00+00:00,34.0,0.0,34.0,6.59,2.21
1990-11-17 15:00:00+00:00,29.0,24.01,27.0,6.52,2.07
1990-11-17 16:00:00+00:00,0.0,0.0,0.0,6.24,1.86
1990-11-17 17:00:00+00:00,0.0,0.0,0.0,6.12,1.86
1990-11-17 18:00:00+00:00,0.0,0.0,0.0,6.08,2.07
1990-11-17 19:00:00+00:00,0.0,0.0,0.0,6.0,1.66
1990-11-17 20:00:00+00:00,0.0,0.0,0.0,6.5,1.79
1990-11-17 21:00:00+00:00,0.0,0.0,0.0,6.92,1.79
1990-11-17 22:00:00+00:00,0.0,0.0,0.0,7.17,2.07
1990-11-17 23:00:00+00:00,0.0,0.0,0.0,7.15,2.69
1990-11-18 00:00:00+00:00,0.0,0.0,0.0,6.91,3.52
1990-11-18 01:00:00+00:00,0.0,0.0,0.0,6.56,3.86
1990-11-18 02:00:00+00:00,0.0,0.0,0.0,6.23,3.86
1990-11-18 03:00:00+00:00,0.0,0.0,0.0,5.8,3.86
1990-11-18 04:00:00+00:00,0.0,0.0,0.0,5.22,3.79
1990-11-18 05:00:00+00:00,0.0,0.0,0.0,5.02,4.0
1990-11-18 06:00:00+00:00,0.0,0.0,0.0,4.87,4.14
1990-11-18 07:00:00+00:00,0.0,0.0,0.0,4.77,3.52
1990-11-18 08:00:00+00:00,0.0,0.0,0.0,4.78,3.66
1990-11-18 09:00:00+00:00,73.0,212.93,47.0,5.19,3.86
1990-11-18 10:00:00+00:00,175.0,620.58,51.0,5.62,4.28
1990-11-18 11:00:00+00:00,195.0,432.04,89.0,5.98,4.48
1990-11-18 12:00:00+00:00,195.0,371.67,100.0,6.18,4.41
1990-11-18 13:00:00+00:00,158.0,265.35,97.0,6.13,4.69
1990-11-18 14:00:00+00:00,142.0,564.9,46.0,5.62,4.69
1990-11-18 15:00:00+00:00,48.0,262.97,27.0,4.82,4.41
1990-11-18 16:00:00+00:00,0.0,0.0,0.0,3.77,4.07
1990-11-18 17:00:00+00:00,0.0,0.0,0.0,2.92,4.07
1990-11-18 18:00:00+00:00,0.0,0.0,0.0,2.26,4.21
1990-11-18 19:00:00+00:00,0.0,0.0,0.0,2.34,4.21
1990-11-18 20:00:00+00:00,0.0,0.0,0.0,2.09,4.07
1990-11-18 21:00:00+00:00,0.0,0.0,0.0,1.86,4.07
1990-11-18 22:00:00+00:00,0.0,0.0,0.0,1.65,4.14
1990-11-18 23:00:00+00:00,0.0,0.0,0.0,1.44,4.07
1990-11-19 00:00:00+00:00,0.0,0.0,0.0,1.0,4.0
1990-11-19 01:00:00+00:00,0.0,0.0,0.0,0.69,4.21
1990-11-19 02:00:00+00:00,0.0,0.0,0.0,0.42,4.28
1990-11-19 03:00:00+00:00,0.0,0.0,0.0,0.14,4.07
1990-11-19 04:00:00+00:00,0.0,0.0,0.0,-0.01,4.0
1990-11-19 05:00:00+00:00,0.0,0.0,0.0,-0.26,4.0
1990-11-19 06:00:00+00:00,0.0,0.0,0.0,-0.39,4.0
1990-11-19 07:00:00+00:00,0.0,0.0,0.0,-0.48,3.59
1990-11-19 08:00:00+00:00,0.0,0.0,0.0,-0.53,3.86
1990-11-19 09:00:00+00:00,57.0,84.79,47.0,-0.28,4.0
1990-11-19 10:00:00+00:00,164.0,541.79,58.0,0.39,3.59
1990-11-19 11:00:00+00:00,215.0,625.9,64.0,1.05,3.59
1990-11-19 12:00:00+00:00,225.0,627.88,67.0,1.55,3.93
1990-11-19 13:00:00+00:00,197.0,588.24,64.0,1.79,3.93
1990-11-19 14:00:00+00:00,142.0,589.05,44.0,1.76,3.86
1990-11-19 15:00:00+00:00,46.0,274.41,25.0,1.34,4.07
1990-11-19 16:00:00+00:00,0.0,0.0,0.0,0.62,4.34
1990-11-19 17:00:00+00:00,0.0,0.0,0.0,0.36,4.48
1990-11-19 18:00:00+00:00,0.0,0.0,0.0,0.75,4.9
1990-11-19 19:00:00+00:00,0.0,0.0,0.0,1.47,5.79
1990-11-19 20:00:00+00:00,0.0,0.0,0.0,2.18,6.76
1990-11-19 21:00:00+00:00,0.0,0.0,0.0,2.52,7.59
1990-11-19 22:00:00+00:00,0.0,0.0,0.0,2.84,8.07
1990-11-19 23:00:00+00:00,0.0,0.0,0.0,3.3,8.21
1990-11-20 00:00:00+00:00,0.0,0.0,0.0,3.79,7.93
1990-11-20 01:00:00+00:00,0.0,0.0,0.0,4.45,8.07
1990-11-20 02:00:00+00:00,0.0,0.0,0.0,4.87,7.72
1990-11-20 03:00:00+00:00,0.0,0.0,0.0,5.4,7.52
1990-11-20 04:00:00+00:00,0.0,0.0,0.0,5.24,6.69
1990-11-20 05:00:00+00:00,0.0,0.0,0.0,4.5,6.28
1990-11-20 06:00:00+00:00,0.0,0.0,0.0,3.48,6.48
1990-11-20 07:00:00+00:00,0.0,0.0,0.0,2.54,5.79
1990-11-20 08:00:00+00:00,0.0,0.0,0.0,2.02,5.24
1990-11-20 09:00:00+00:00,57.0,114.2,44.0,2.0,4.97
1990-11-20 10:00:00+00:00,39.0,0.0,39.0,2.9,4.9
1990-11-20 11:00:00+00:00,159.0,231.82,104.0,4.18,5.17
1990-11-20 12:00:00+00:00,110.0,36.32,101.0,4.87,5.52
1990-11-20 13:00:00+00:00,169.0,386.67,83.0,5.3,6.34
1990-11-20 14:00:00+00:00,73.0,49.11,65.0,5.45,6.76
1990-11-20 15:00:00+00:00,24.0,0.0,24.0,5.19,6.83
1990-11-20 16:00:00+00:00,0.0,0.0,0.0,4.63,7.03
1990-11-20 17:00:00+00:00,0.0,0.0,0.0,4.13,7.52
1990-11-20 18:00:00+00:00,0.0,0.0,0.0,3.96,7.66
1990-11-20 19:00:00+00:00,0.0,0.0,0.0,3.91,7.66
1990-11-20 20:00:00+00:00,0.0,0.0,0.0,3.64,7.86
1990-11-20 21:00:00+00:00,0.0,0.0,0.0,3.4,7.66
1990-11-20 22:00:00+00:00,0.0,0.0,0.0,3.19,7.38
1990-11-20 23:00:00+00:00,0.0,0.0,0.0,3.06,7.03
1990-11-21 00:00:00+00:00,0.0,0.0,0.0,2.94,6.62
1990-11-21 01:00:00+00:00,0.0,0.0,0.0,2.74,6.28
1990-11-21 02:00:00+00:00,0.0,0.0,0.0,2.63,5.93
1990-11-21 03:00:00+00:00,0.0,0.0,0.0,2.6,5.86
1990-11-21 04:00:00+00:00,0.0,0.0,0.0,2.56,5.72
1990-11-21 05:00:00+00:00,0.0,0.0,0.0,2.53,5.45
1990-11-21 06:00:00+00:00,0.0,0.0,0.0,2.5,5.1
1990-11-21 07:00:00+00:00,0.0,0.0,0.0,2.19,4.34
1990-11-21 08:00:00+00:00,0.0,0.0,0.0,2.13,4.14
1990-11-21 09:00:00+00:00,40.0,27.32,37.0,2.04,3.86
1990-11-21 10:00:00+00:00,57.0,5.33,56.0,2.09,3.72
1990-11-21 11:00:00+00:00,100.0,30.0,93.0,2.28,3.59
1990-11-21 12:00:00+00:00,144.0,139.35,110.0,2.35,3.66
1990-11-21 13:00:00+00:00,143.0,223.91,94.0,2.32,3.52
1990-11-21 14:00:00+00:00,69.0,43.87,62.0,2.28,3.24
1990-11-21 15:00:00+00:00,22.0,0.0,22.0,2.16,3.31
1990-11-21 16:00:00+00:00,0.0,0.0,0.0,1.69,3.03
1990-11-21 17:00:00+00:00,0.0,0.0,0.0,1.31,2.76
1990-11-21 18:00:00+00:00,0.0,0.0,0.0,1.02,2.62
1990-11-21 19:00:00+00:00,0.0,0.0,0.0,0.89,2.69
1990-11-21 20:00:00+00:00,0.0,0.0,0.0,0.63,2.55
1990-11-21 21:00:00+00:00,0.0,0.0,0.0,0.35,2.48
1990-11-21 22:00:00+00:00,0.0,0.0,0.0,0.16,2.28
1990-11-21 23:00:00+00:00,0.0,0.0,0.0,-0.13,2.14
1990-11-22 00:00:00+00:00,0.0,0.0,0.0,-0.7,2.07
1990-11-22 01:00:00+00:00,0.0,0.0,0.0,-1.05,2.07
1990-11-22 02:00:00+00:00,0.0,0.0,0.0,-1.15,2.0
1990-11-22 03:00:00+00:00,0.0,0.0,0.0,-1.17,1.86
1990-11-22 04:00:00+00:00,0.0,0.0,0.0,-1.42,1.86
1990-11-22 05:00:00+00:00,0.0,0.0,0.0,-1.68,1.86
1990-11-22 06:00:00+00:00,0.0,0.0,0.0,-1.87,1.79
1990-11-22 07:00:00+00:00,0.0,0.0,0.0,-2.05,1.86
1990-11-22 08:00:00+00:00,0.0,0.0,0.0,-2.13,1.86
1990-11-22 09:00:00+00:00,66.0,264.47,38.0,-1.7,1.79
1990-11-22 10:00:00+00:00,145.0,457.39,61.0,0.0,1.72
1990-11-22 11:00:00+00:00,195.0,553.35,68.0,1.4,1.86
1990-11-22 12:00:00+00:00,209.0,586.71,68.0,2.31,2.07
1990-11-22 13:00:00+00:00,182.0,561.86,61.0,2.56,2.14
1990-11-22 14:00:00+00:00,118.0,428.64,51.0,2.7,2.21
1990-11-22 15:00:00+00:00,22.0,0.0,22.0,2.15,2.41
1990-11-22 16:00:00+00:00,0.0,0.0,0.0,1.64,2.48
1990-11-22 17:00:00+00:00,0.0,0.0,0.0,1.51,2.55
1990-11-22 18:00:00+00:00,0.0,0.0,0.0,1.48,2.62
1990-11-22 19:00:00+00:00,0.0,0.0,0.0,1.16,2.62
1990-11-22 20:00:00+00:00,0.0,0.0,0.0,1.17,2.55
1990-11-22 21:00:00+00:00,0.0,0.0,0.0,1.21,2.48
1990-11-22 22:00:00+00:00,0.0,0.0,0.0,1.15,2.48
1990-11-22 23:00:00+00:00,0.0,0.0,0.0,0.73,2.48
1990-11-23 00:00:00+00:00,0.0,0.0,0.0,0.89,2.48
1990-11-23 01:00:00+00:00,0.0,0.0,0.0,0.55,2.55
1990-11-23 02:00:00+00:00,0.0,0.0,0.0,0.78,2.48
1990-11-23 03:00:00+00:00,0.0,0.0,0.0,0.84,2.48
1990-11-23 04:00:00+00:00,0.0,0.0,0.0,0.95,2.48
1990-11-23 05:00:00+00:00,0.0,0.0,0.0,0.75,2.55
1990-11-23 06:00:00+00:00,0.0,0.0,0.0,0.64,2.55
1990-11-23 07:00:00+00:00,0.0,0.0,0.0,0.86,2.76
1990-11-23 08:00:00+00:00,0.0,0.0,0.0,1.02,2.69
1990-11-23 09:00:00+00:00,61.0,235.27,37.0,1.32,2.55
1990-11-23 10:00:00+00:00,142.0,472.68,57.0,2.41,2.34
1990-11-23 11:00:00+00:00,191.0,549.2,67.0,3.37,2.21
1990-11-23 12:00:00+00:00,202.0,557.54,70.0,4.56,2.28
1990-11-23 13:00:00+00:00,174.0,509.46,66.0,5.16,2.28
1990-11-23 14:00:00+00:00,109.0,346.01,56.0,4.92,2.41
1990-11-23 15:00:00+00:00,20.0,0.0,20.0,4.41,2.48
1990-11-23 16:00:00+00:00,0.0,0.0,0.0,3.62,2.48
1990-11-23 17:00:00+00:00,0.0,0.0,0.0,3.16,2.41
1990-11-23 18:00:00+00:00,0.0,0.0,0.0,2.77,2.48
1990-11-23 19:00:00+00:00,0.0,0.0,0.0,2.15,2.48
1990-11-23 20:00:00+00:00,0.0,0.0,0.0,1.95,2.48
1990-11-23 21:00:00+00:00,0.0,0.0,0.0,1.8,2.48
1990-11-23 22:00:00+00:00,0.0,0.0,0.0,1.69,2.41
1990-11-23 23:00:00+00:00,0.0,0.0,0.0,1.41,2.48
1990-11-24 00:00:00+00:00,0.0,0.0,0.0,1.47,2.48
1990-11-24 01:00:00+00:00,0.0,0.0,0.0,1.24,2.55
1990-11-24 02:00:00+00:00,0.0,0.0,0.0,1.21,2.48
1990-11-24 03:00:00+00:00,0.0,0.0,0.0,1.3,2.41
1990-11-24 04:00:00+00:00,0.0,0.0,0.0,1.35,2.28
1990-11-24 05:00:00+00:00,0.0,0.0,0.0,1.28,2.21
1990-11-24 06:00:00+00:00,0.0,0.0,0.0,1.43,2.07
1990-11-24 07:00:00+00:00,0.0,0.0,0.0,2.33,2.0
1990-11-24 08:00:00+00:00,0.0,0.0,0.0,2.56,1.86
1990-11-24 09:00:00+00:00,68.0,386.84,30.0,2.38,1.79
1990-11-24 10:00:00+00:00,50.0,0.0,50.0,3.23,1.52
1990-11-24 11:00:00+00:00,101.0,45.01,91.0,4.44,1.59
1990-11-24 12:00:00+00:00,120.0,77.16,102.0,4.91,2.14
1990-11-24 13:00:00+00:00,95.0,47.91,85.0,4.91,2.21
1990-11-24 14:00:00+00:00,62.0,39.96,56.0,4.69,2.0
1990-11-24 15:00:00+00:00,20.0,0.0,20.0,4.07,2.07
1990-11-24 16:00:00+00:00,0.0,0.0,0.0,3.15,2.07
1990-11-24 17:00:00+00:00,0.0,0.0,0.0,2.0,1.93
1990-11-24 18:00:00+00:00,0.0,0.0,0.0,0.85,1.86
1990-11-24 19:00:00+00:00,0.0,0.0,0.0,0.71,1.59
1990-11-24 20:00:00+00:00,0.0,0.0,0.0,0.41,1.59
1990-11-24 21:00:00+00:00,0.0,0.0,0.0,0.42,1.45
1990-11-24 22:00:00+00:00,0.0,0.0,0.0,0.83,1.24
1990-11-24 23:00:00+00:00,0.0,0.0,0.0,0.58,1.31
1990-11-25 00:00:00+00:00,0.0,0.0,0.0,-0.09,1.38
1990-11-25 01:00:00+00:00,0.0,0.0,0.0,-0.82,1.45
1990-11-25 02:00:00+00:00,0.0,0.0,0.0,-0.85,1.38
1990-11-25 03:00:00+00:00,0.0,0.0,0.0,-1.26,1.45
1990-11-25 04:00:00+00:00,0.0,0.0,0.0,-1.8,1.59
1990-11-25 05:00:00+00:00,0.0,0.0,0.0,-2.08,1.72
1990-11-25 06:00:00+00:00,0.0,0.0,0.0,-2.35,1.93
1990-11-25 07:00:00+00:00,0.0,0.0,0.0,-2.1,2.34
1990-11-25 08:00:00+00:00,0.0,0.0,0.0,-1.57,2.48
1990-11-25 09:00:00+00:00,24.0,0.0,24.0,-0.89,2.48
1990-11-25 10:00:00+00:00,147.0,585.7,46.0,0.18,2.62
1990-11-25 11:00:00+00:00,189.0,590.07,60.0,0.9,2.55
1990-11-25 12:00:00+00:00,192.0,521.92,72.0,1.41,2.55
1990-11-25 13:00:00+00:00,169.0,515.62,63.0,1.88,2.55
1990-11-25 14:00:00+00:00,96.0,258.07,58.0,1.97,2.55
1990-11-25 15:00:00+00:00,13.0,0.0,13.0,1.9,2.69
1990-11-25 16:00:00+00:00,0.0,0.0,0.0,1.57,2.97
1990-11-25 17:00:00+00:00,0.0,0.0,0.0,1.47,2.9
1990-11-25 18:00:00+00:00,0.0,0.0,0.0,1.37,2.83
1990-11-25 19:00:00+00:00,0.0,0.0,0.0,1.55,2.83
1990-11-25 20:00:00+00:00,0.0,0.0,0.0,1.86,3.17
1990-11-25 21:00:00+00:00,0.0,0.0,0.0,2.45,3.17
1990-11-25 22:00:00+00:00,0.0,0.0,0.0,2.76,3.03
1990-11-25 23:00:00+00:00,0.0,0.0,0.0,2.59,3.03
1990-11-26 00:00:00+00:00,0.0,0.0,0.0,2.53,3.03
1990-11-26 01:00:00+00:00,0.0,0.0,0.0,2.35,2.97
1990-11-26 02:00:00+00:00,0.0,0.0,0.0,2.6,3.1
1990-11-26 03:00:00+00:00,0.0,0.0,0.0,2.98,3.38
1990-11-26 04:00:00+00:00,0.0,0.0,0.0,3.43,3.66
1990-11-26 05:00:00+00:00,0.0,0.0,0.0,3.94,3.93
1990-11-26 06:00:00+00:00,0.0,0.0,0.0,4.32,4.0
1990-11-26 07:00:00+00:00,0.0,0.0,0.0,4.65,4.0
1990-11-26 08:00:00+00:00,0.0,0.0,0.0,5.03,4.14
1990-11-26 09:00:00+00:00,37.0,54.99,32.0,5.56,4.48
1990-11-26 10:00:00+00:00,94.0,142.1,70.0,6.35,4.69
1990-11-26 11:00:00+00:00,35.0,0.0,35.0,6.85,4.69
1990-11-26 12:00:00+00:00,93.0,26.47,87.0,7.13,4.83
1990-11-26 13:00:00+00:00,56.0,0.0,56.0,7.21,5.38
1990-11-26 14:00:00+00:00,40.0,6.92,39.0,7.37,5.72
1990-11-26 15:00:00+00:00,14.0,0.0,14.0,7.53,5.86
1990-11-26 16:00:00+00:00,0.0,0.0,0.0,7.72,5.93
1990-11-26 17:00:00+00:00,0.0,0.0,0.0,7.96,6.0
1990-11-26 18:00:00+00:00,0.0,0.0,0.0,8.26,5.93
1990-11-26 19:00:00+00:00,0.0,0.0,0.0,8.35,6.41
1990-11-26 20:00:00+00:00,0.0,0.0,0.0,8.48,6.55
1990-11-26 21:00:00+00:00,0.0,0.0,0.0,8.52,6.55
1990-11-26 22:00:00+00:00,0.0,0.0,0.0,8.48,6.48
1990-11-26 23:00:00+00:00,0.0,0.0,0.0,8.43,6.28
1990-11-27 00:00:00+00:00,0.0,0.0,0.0,8.33,6.14
1990-11-27 01:00:00+00:00,0.0,0.0,0.0,8.26,6.0
1990-11-27 02:00:00+00:00,0.0,0.0,0.0,8.17,5.86
1990-11-27 03:00:00+00:00,0.0,0.0,0.0,8.08,5.66
1990-11-27 04:00:00+00:00,0.0,0.0,0.0,8.04,5.59
1990-11-27 05:00:00+00:00,0.0,0.0,0.0,8.05,5.45
1990-11-27 06:00:00+00:00,0.0,0.0,0.0,8.08,5.45
1990-11-27 07:00:00+00:00,0.0,0.0,0.0,7.99,6.0
1990-11-27 08:00:00+00:00,0.0,0.0,0.0,7.9,5.79
1990-11-27 09:00:00+00:00,11.0,0.0,11.0,7.93,5.59
1990-11-27 10:00:00+00:00,68.0,36.27,62.0,8.17,5.52
1990-11-27 11:00:00+00:00,106.0,80.24,89.0,8.46,5.45
1990-11-27 12:00:00+00:00,194.0,617.4,56.0,8.64,5.24
1990-11-27 13:00:00+00:00,141.0,325.63,76.0,8.94,5.24
1990-11-27 14:00:00+00:00,57.0,42.32,51.0,8.9,4.55
1990-11-27 15:00:00+00:00,16.0,0.0,16.0,8.44,4.34
1990-11-27 16:00:00+00:00,0.0,0.0,0.0,7.89,4.28
1990-11-27 17:00:00+00:00,0.0,0.0,0.0,7.72,4.21
1990-11-27 18:00:00+00:00,0.0,0.0,0.0,7.72,4.14
1990-11-27 19:00:00+00:00,0.0,0.0,0.0,8.16,4.28
1990-11-27 20:00:00+00:00,0.0,0.0,0.0,8.36,4.28
1990-11-27 21:00:00+00:00,0.0,0.0,0.0,8.46,4.07
1990-11-27 22:00:00+00:00,0.0,0.0,0.0,8.35,3.86
1990-11-27 23:00:00+00:00,0.0,0.0,0.0,7.92,3.52
1990-11-28 00:00:00+00:00,0.0,0.0,0.0,6.81,2.97
1990-11-28 01:00:00+00:00,0.0,0.0,0.0,6.02,2.62
1990-11-28 02:00:00+00:00,0.0,0.0,0.0,5.06,2.48
1990-11-28 03:00:00+00:00,0.0,0.0,0.0,4.46,2.48
1990-11-28 04:00:00+00:00,0.0,0.0,0.0,3.84,2.55
1990-11-28 05:00:00+00:00,0.0,0.0,0.0,3.43,2.55
1990-11-28 06:00:00+00:00,0.0,0.0,0.0,2.97,2.48
1990-11-28 07:00:00+00:00,0.0,0.0,0.0,2.88,2.21
1990-11-28 08:00:00+00:00,0.0,0.0,0.0,2.29,2.14
1990-11-28 09:00:00+00:00,48.0,214.33,30.0,1.85,2.0
1990-11-28 10:00:00+00:00,92.0,148.08,68.0,2.7,1.66
1990-11-28 11:00:00+00:00,118.0,124.62,92.0,4.37,1.52
1990-11-28 12:00:00+00:00,89.0,22.68,84.0,5.22,1.52
1990-11-28 13:00:00+00:00,100.0,81.3,84.0,5.65,1.59
1990-11-28 14:00:00+00:00,42.0,7.18,41.0,5.63,1.72
1990-11-28 15:00:00+00:00,2.0,0.0,2.0,5.25,2.0
1990-11-28 16:00:00+00:00,0.0,0.0,0.0,4.31,2.28
1990-11-28 17:00:00+00:00,0.0,0.0,0.0,3.88,2.48
1990-11-28 18:00:00+00:00,0.0,0.0,0.0,3.99,2.76
1990-11-28 19:00:00+00:00,0.0,0.0,0.0,4.14,3.24
1990-11-28 20:00:00+00:00,0.0,0.0,0.0,4.1,3.52
1990-11-28 21:00:00+00:00,0.0,0.0,0.0,4.32,3.86
1990-11-28 22:00:00+00:00,0.0,0.0,0.0,4.77,4.41
1990-11-28 23:00:00+00:00,0.0,0.0,0.0,5.5,4.9
1990-11-29 00:00:00+00:00,0.0,0.0,0.0,6.44,5.66
1990-11-29 01:00:00+00:00,0.0,0.0,0.0,7.41,6.69
1990-11-29 02:00:00+00:00,0.0,0.0,0.0,7.59,7.52
1990-11-29 03:00:00+00:00,0.0,0.0,0.0,7.31,8.14
1990-11-29 04:00:00+00:00,0.0,0.0,0.0,7.26,8.69
1990-11-29 05:00:00+00:00,0.0,0.0,0.0,7.38,9.38
1990-11-29 06:00:00+00:00,0.0,0.0,0.0,6.99,8.14
1990-11-29 07:00:00+00:00,0.0,0.0,0.0,6.11,6.9
1990-11-29 08:00:00+00:00,0.0,0.0,0.0,5.33,6.62
1990-11-29 09:00:00+00:00,45.0,210.8,28.0,4.81,6.62
1990-11-29 10:00:00+00:00,120.0,434.46,51.0,4.9,6.76
1990-11-29 11:00:00+00:00,177.0,593.63,55.0,5.33,6.9
1990-11-29 12:00:00+00:00,134.0,179.27,95.0,5.81,7.1
1990-11-29 13:00:00+00:00,156.0,499.71,59.0,6.01,6.97
1990-11-29 14:00:00+00:00,102.0,445.94,41.0,6.03,6.97
1990-11-29 15:00:00+00:00,14.0,0.0,14.0,5.74,6.76
1990-11-29 16:00:00+00:00,0.0,0.0,0.0,5.4,6.62
1990-11-29 17:00:00+00:00,0.0,0.0,0.0,5.05,6.48
1990-11-29 18:00:00+00:00,0.0,0.0,0.0,4.87,6.41
1990-11-29 19:00:00+00:00,0.0,0.0,0.0,4.91,6.34
1990-11-29 20:00:00+00:00,0.0,0.0,0.0,4.77,6.14
1990-11-29 21:00:00+00:00,0.0,0.0,0.0,4.67,6.0
1990-11-29 22:00:00+00:00,0.0,0.0,0.0,4.55,5.59
1990-11-29 23:00:00+00:00,0.0,0.0,0.0,4.43,5.17
1990-11-30 00:00:00+00:00,0.0,0.0,0.0,4.11,4.76
1990-11-30 01:00:00+00:00,0.0,0.0,0.0,3.58,4.21
1990-11-30 02:00:00+00:00,0.0,0.0,0.0,3.25,3.72
1990-11-30 03:00:00+00:00,0.0,0.0,0.0,2.97,3.52
1990-11-30 04:00:00+00:00,0.0,0.0,0.0,2.66,2.97
1990-11-30 05:00:00+00:00,0.0,0.0,0.0,2.34,2.97
1990-11-30 06:00:00+00:00,0.0,0.0,0.0,2.16,2.97
1990-11-30 07:00:00+00:00,0.0,0.0,0.0,2.3,3.17
1990-11-30 08:00:00+00:00,0.0,0.0,0.0,2.19,3.1
1990-11-30 09:00:00+00:00,26.0,25.84,24.0,2.21,3.17
1990-11-30 10:00:00+00:00,58.0,25.7,54.0,3.0,3.31
1990-11-30 11:00:00+00:00,102.0,79.01,86.0,4.17,3.38
1990-11-30 12:00:00+00:00,42.0,0.0,42.0,4.9,3.66
1990-11-30 13:00:00+00:00,82.0,36.55,75.0,5.38,3.72
1990-11-30 14:00:00+00:00,59.0,59.49,51.0,5.79,4.28
1990-11-30 15:00:00+00:00,14.0,0.0,14.0,6.0,4.48
1990-11-30 16:00:00+00:00,0.0,0.0,0.0,5.48,4.32
1990-11-30 17:00:00+00:00,0.0,0.0,0.0,5.82,4.65
1990-11-30 18:00:00+00:00,0.0,0.0,0.0,6.16,4.97
1990-11-30 19:00:00+00:00,0.0,0.0,0.0,6.5,5.29
1990-11-30 20:00:00+00:00,0.0,0.0,0.0,6.84,5.61
1990-11-30 21:00:00+00:00,0.0,0.0,0.0,7.18,5.93
1990-11-30 22:00:00+00:00,0.0,0.0,0.0,7.52,6.25
1990-11-30 23:00:00+00:00,0.0,0.0,0.0,7.86,6.58
1990-12-01 00:00:00+00:00,0.0,0.0,0.0,8.2,6.9
1990-12-01 01:00:00+00:00,0.0,0.0,0.0,8.55,7.22
1990-12-01 02:00:00+00:00,0.0,0.0,0.0,8.89,7.54
1990-12-01 03:00:00+00:00,0.0,0.0,0.0,9.23,7.86
1990-12-01 04:00:00+00:00,0.0,0.0,0.0,9.57,8.19
1990-12-01 05:00:00+00:00,0.0,0.0,0.0,9.91,8.51
1990-12-01 06:00:00+00:00,0.0,0.0,0.0,10.25,8.83
1990-12-01 07:00:00+00:00,0.0,0.0,0.0,10.59,9.15
1990-12-01 08:00:00+00:00,0.0,0.0,0.0,7.15,6.83
1990-12-01 09:00:00+00:00,38.0,161.59,26.0,6.7,5.52
1990-12-01 10:00:00+00:00,109.0,366.95,53.0,6.7,4.62
1990-12-01 11:00:00+00:00,138.0,295.59,79.0,6.99,3.93
1990-12-01 12:00:00+00:00,112.0,99.04,91.0,7.27,4.07
1990-12-01 13:00:00+00:00,55.0,0.0,55.0,7.23,3.79
1990-12-01 14:00:00+00:00,34.0,0.0,34.0,7.08,3.79
1990-12-01 15:00:00+00:00,3.0,0.0,3.0,6.83,4.14
1990-12-01 16:00:00+00:00,0.0,0.0,0.0,6.6,4.48
1990-12-01 17:00:00+00:00,0.0,0.0,0.0,6.8,5.24
1990-12-01 18:00:00+00:00,0.0,0.0,0.0,7.62,6.48
1990-12-01 19:00:00+00:00,0.0,0.0,0.0,8.2,7.72
1990-12-01 20:00:00+00:00,0.0,0.0,0.0,8.7,8.07
1990-12-01 21:00:00+00:00,0.0,0.0,0.0,8.35,7.72
1990-12-01 22:00:00+00:00,0.0,0.0,0.0,7.61,6.9
1990-12-01 23:00:00+00:00,0.0,0.0,0.0,7.08,6.48
1990-12-02 00:00:00+00:00,0.0,0.0,0.0,6.64,5.79
1990-12-02 01:00:00+00:00,0.0,0.0,0.0,6.33,5.38
1990-12-02 02:00:00+00:00,0.0,0.0,0.0,6.01,5.45
1990-12-02 03:00:00+00:00,0.0,0.0,0.0,5.75,5.59
1990-12-02 04:00:00+00:00,0.0,0.0,0.0,5.45,5.66
1990-12-02 05:00:00+00:00,0.0,0.0,0.0,5.36,5.86
1990-12-02 06:00:00+00:00,0.0,0.0,0.0,5.47,6.14
1990-12-02 07:00:00+00:00,0.0,0.0,0.0,5.75,6.48
1990-12-02 08:00:00+00:00,0.0,0.0,0.0,6.0,6.48
1990-12-02 09:00:00+00:00,36.0,154.46,25.0,6.22,6.28
1990-12-02 10:00:00+00:00,10.0,0.0,10.0,6.72,6.21
1990-12-02 11:00:00+00:00,118.0,162.59,86.0,7.2,6.48
1990-12-02 12:00:00+00:00,164.0,439.22,72.0,7.37,6.76
1990-12-02 13:00:00+00:00,155.0,551.56,52.0,7.22,6.76
1990-12-02 14:00:00+00:00,80.0,222.73,51.0,7.2,6.9
1990-12-02 15:00:00+00:00,11.0,0.0,11.0,6.83,5.86
1990-12-02 16:00:00+00:00,0.0,0.0,0.0,6.65,5.45
1990-12-02 17:00:00+00:00,0.0,0.0,0.0,6.58,5.03
1990-12-02 18:00:00+00:00,0.0,0.0,0.0,6.41,5.1
1990-12-02 19:00:00+00:00,0.0,0.0,0.0,6.8,5.31
1990-12-02 20:00:00+00:00,0.0,0.0,0.0,6.92,5.52
1990-12-02 21:00:00+00:00,0.0,0.0,0.0,6.99,5.72
1990-12-02 22:00:00+00:00,0.0,0.0,0.0,6.93,6.28
1990-12-02 23:00:00+00:00,0.0,0.0,0.0,7.05,7.17
1990-12-03 00:00:00+00:00,0.0,0.0,0.0,7.24,7.72
1990-12-03 01:00:00+00:00,0.0,0.0,0.0,7.6,8.0
1990-12-03 02:00:00+00:00,0.0,0.0,0.0,8.1,9.24
1990-12-03 03:00:00+00:00,0.0,0.0,0.0,8.37,9.59
1990-12-03 04:00:00+00:00,0.0,0.0,0.0,8.31,10.48
1990-12-03 05:00:00+00:00,0.0,0.0,0.0,8.58,11.1
1990-12-03 06:00:00+00:00,0.0,0.0,0.0,8.9,10.62
1990-12-03 07:00:00+00:00,0.0,0.0,0.0,7.17,10.07
1990-12-03 08:00:00+00:00,0.0,0.0,0.0,6.21,8.07
1990-12-03 09:00:00+00:00,41.0,307.61,20.0,5.99,7.86
1990-12-03 10:00:00+00:00,86.0,183.9,59.0,6.17,7.38
1990-12-03 11:00:00+00:00,139.0,339.97,73.0,6.4,7.79
1990-12-03 12:00:00+00:00,75.0,14.49,72.0,5.72,8.69
1990-12-03 13:00:00+00:00,13.0,0.0,13.0,5.77,9.03
1990-12-03 14:00:00+00:00,82.0,280.69,46.0,6.67,8.34
1990-12-03 15:00:00+00:00,10.0,0.0,10.0,6.84,8.9
1990-12-03 16:00:00+00:00,0.0,0.0,0.0,6.72,9.93
1990-12-03 17:00:00+00:00,0.0,0.0,0.0,6.83,10.48
1990-12-03 18:00:00+00:00,0.0,0.0,0.0,6.93,9.03
1990-12-03 19:00:00+00:00,0.0,0.0,0.0,6.92,9.38
1990-12-03 20:00:00+00:00,0.0,0.0,0.0,7.08,10.34
1990-12-03 21:00:00+00:00,0.0,0.0,0.0,7.02,10.62
1990-12-03 22:00:00+00:00,0.0,0.0,0.0,6.51,10.41
1990-12-03 23:00:00+00:00,0.0,0.0,0.0,6.38,10.48
1990-12-04 00:00:00+00:00,0.0,0.0,0.0,6.12,10.34
1990-12-04 01:00:00+00:00,0.0,0.0,0.0,6.01,10.41
1990-12-04 02:00:00+00:00,0.0,0.0,0.0,5.99,10.69
1990-12-04 03:00:00+00:00,0.0,0.0,0.0,5.96,11.03
1990-12-04 04:00:00+00:00,0.0,0.0,0.0,6.0,11.1
1990-12-04 05:00:00+00:00,0.0,0.0,0.0,6.26,11.03
1990-12-04 06:00:00+00:00,0.0,0.0,0.0,6.57,11.03
1990-12-04 07:00:00+00:00,0.0,0.0,0.0,6.96,11.24
1990-12-04 08:00:00+00:00,0.0,0.0,0.0,7.19,11.24
1990-12-04 09:00:00+00:00,31.0,137.56,22.0,7.24,10.97
1990-12-04 10:00:00+00:00,98.0,312.31,53.0,7.5,10.97
1990-12-04 11:00:00+00:00,121.0,203.58,82.0,7.84,11.72
1990-12-04 12:00:00+00:00,169.0,537.49,59.0,7.97,11.17
1990-12-04 13:00:00+00:00,118.0,235.7,75.0,7.88,10.07
1990-12-04 14:00:00+00:00,94.0,450.85,37.0,7.61,9.24
1990-12-04 15:00:00+00:00,11.0,0.0,11.0,7.32,7.79
1990-12-04 16:00:00+00:00,0.0,0.0,0.0,6.91,6.97
1990-12-04 17:00:00+00:00,0.0,0.0,0.0,6.89,6.14
1990-12-04 18:00:00+00:00,0.0,0.0,0.0,7.0,5.52
1990-12-04 19:00:00+00:00,0.0,0.0,0.0,7.6,4.97
1990-12-04 20:00:00+00:00,0.0,0.0,0.0,7.97,4.48
1990-12-04 21:00:00+00:00,0.0,0.0,0.0,7.95,3.93
1990-12-04 22:00:00+00:00,0.0,0.0,0.0,8.74,4.41
1990-12-04 23:00:00+00:00,0.0,0.0,0.0,9.84,5.59
1990-12-05 00:00:00+00:00,0.0,0.0,0.0,10.09,4.69
1990-12-05 01:00:00+00:00,0.0,0.0,0.0,9.72,3.31
1990-12-05 02:00:00+00:00,0.0,0.0,0.0,9.21,3.52
1990-12-05 03:00:00+00:00,0.0,0.0,0.0,9.11,4.76
1990-12-05 04:00:00+00:00,0.0,0.0,0.0,8.75,5.31
1990-12-05 05:00:00+00:00,0.0,0.0,0.0,7.94,5.66
1990-12-05 06:00:00+00:00,0.0,0.0,0.0,7.33,5.66
1990-12-05 07:00:00+00:00,0.0,0.0,0.0,6.56,5.1
1990-12-05 08:00:00+00:00,0.0,0.0,0.0,6.22,4.76
1990-12-05 09:00:00+00:00,25.0,63.81,21.0,6.03,4.48
1990-12-05 10:00:00+00:00,94.0,289.83,53.0,6.36,4.34
1990-12-05 11:00:00+00:00,138.0,354.26,71.0,6.74,4.83
1990-12-05 12:00:00+00:00,140.0,286.52,82.0,7.06,4.97
1990-12-05 13:00:00+00:00,90.0,83.12,75.0,7.04,5.31
1990-12-05 14:00:00+00:00,83.0,320.7,43.0,6.88,5.24
1990-12-05 15:00:00+00:00,9.0,0.0,9.0,6.61,3.79
1990-12-05 16:00:00+00:00,0.0,0.0,0.0,5.98,3.17
1990-12-05 17:00:00+00:00,0.0,0.0,0.0,5.62,2.76
1990-12-05 18:00:00+00:00,0.0,0.0,0.0,5.28,2.21
1990-12-05 19:00:00+00:00,0.0,0.0,0.0,4.95,2.97
1990-12-05 20:00:00+00:00,0.0,0.0,0.0,4.73,3.24
1990-12-05 21:00:00+00:00,0.0,0.0,0.0,4.67,3.79
1990-12-05 22:00:00+00:00,0.0,0.0,0.0,4.71,4.34
1990-12-05 23:00:00+00:00,0.0,0.0,0.0,4.91,4.97
1990-12-06 00:00:00+00:00,0.0,0.0,0.0,5.07,5.45
1990-12-06 01:00:00+00:00,0.0,0.0,0.0,5.3,5.79
1990-12-06 02:00:00+00:00,0.0,0.0,0.0,5.61,5.79
1990-12-06 03:00:00+00:00,0.0,0.0,0.0,5.65,5.66
1990-12-06 04:00:00+00:00,0.0,0.0,0.0,5.46,5.45
1990-12-06 05:00:00+00:00,0.0,0.0,0.0,5.03,5.24
1990-12-06 06:00:00+00:00,0.0,0.0,0.0,4.64,5.17
1990-12-06 07:00:00+00:00,0.0,0.0,0.0,4.33,4.48
1990-12-06 08:00:00+00:00,0.0,0.0,0.0,4.01,4.34
1990-12-06 09:00:00+00:00,30.0,166.53,20.0,3.8,4.28
1990-12-06 10:00:00+00:00,112.0,539.75,37.0,4.15,4.34
1990-12-06 11:00:00+00:00,161.0,604.92,48.0,4.78,4.41
1990-12-06 12:00:00+00:00,178.0,648.93,48.0,5.41,4.14
1990-12-06 13:00:00+00:00,151.0,582.24,47.0,5.8,4.55
1990-12-06 14:00:00+00:00,70.0,178.64,48.0,5.76,4.62
1990-12-06 15:00:00+00:00,10.0,0.0,10.0,5.36,4.34
1990-12-06 16:00:00+00:00,0.0,0.0,0.0,4.67,4.07
1990-12-06 17:00:00+00:00,0.0,0.0,0.0,4.21,3.79
1990-12-06 18:00:00+00:00,0.0,0.0,0.0,3.9,3.52
1990-12-06 19:00:00+00:00,0.0,0.0,0.0,3.89,3.17
1990-12-06 20:00:00+00:00,0.0,0.0,0.0,3.77,3.24
1990-12-06 21:00:00+00:00,0.0,0.0,0.0,3.95,4.07
1990-12-06 22:00:00+00:00,0.0,0.0,0.0,4.22,4.69
1990-12-06 23:00:00+00:00,0.0,0.0,0.0,3.79,4.9
1990-12-07 00:00:00+00:00,0.0,0.0,0.0,3.58,5.86
1990-12-07 01:00:00+00:00,0.0,0.0,0.0,3.88,5.72
1990-12-07 02:00:00+00:00,0.0,0.0,0.0,5.07,5.66
1990-12-07 03:00:00+00:00,0.0,0.0,0.0,6.8,5.03
1990-12-07 04:00:00+00:00,0.0,0.0,0.0,7.15,5.45
1990-12-07 05:00:00+00:00,0.0,0.0,0.0,6.65,5.72
1990-12-07 06:00:00+00:00,0.0,0.0,0.0,6.14,5.59
1990-12-07 07:00:00+00:00,0.0,0.0,0.0,5.74,5.38
1990-12-07 08:00:00+00:00,0.0,0.0,0.0,5.19,5.52
1990-12-07 09:00:00+00:00,28.0,156.47,19.0,5.06,5.59
1990-12-07 10:00:00+00:00,77.0,161.11,55.0,5.22,5.52
1990-12-07 11:00:00+00:00,95.0,92.1,78.0,5.47,5.52
1990-12-07 12:00:00+00:00,97.0,70.58,83.0,5.87,5.38
1990-12-07 13:00:00+00:00,29.0,0.0,29.0,6.2,4.9
1990-12-07 14:00:00+00:00,31.0,0.0,31.0,6.27,4.34
1990-12-07 15:00:00+00:00,8.0,0.0,8.0,6.1,4.14
1990-12-07 16:00:00+00:00,0.0,0.0,0.0,5.96,4.07
1990-12-07 17:00:00+00:00,0.0,0.0,0.0,5.7,3.79
1990-12-07 18:00:00+00:00,0.0,0.0,0.0,5.27,3.86
1990-12-07 19:00:00+00:00,0.0,0.0,0.0,5.7,4.41
1990-12-07 20:00:00+00:00,0.0,0.0,0.0,5.66,4.69
1990-12-07 21:00:00+00:00,0.0,0.0,0.0,5.59,4.97
1990-12-07 22:00:00+00:00,0.0,0.0,0.0,5.64,5.1
1990-12-07 23:00:00+00:00,0.0,0.0,0.0,5.47,4.97
1990-12-08 00:00:00+00:00,0.0,0.0,0.0,5.6,4.9
1990-12-08 01:00:00+00:00,0.0,0.0,0.0,5.54,5.03
1990-12-08 02:00:00+00:00,0.0,0.0,0.0,5.15,5.38
1990-12-08 03:00:00+00:00,0.0,0.0,0.0,4.65,5.66
1990-12-08 04:00:00+00:00,0.0,0.0,0.0,4.3,5.93
1990-12-08 05:00:00+00:00,0.0,0.0,0.0,3.93,5.86
1990-12-08 06:00:00+00:00,0.0,0.0,0.0,3.68,5.52
1990-12-08 07:00:00+00:00,0.0,0.0,0.0,3.95,5.03
1990-12-08 08:00:00+00:00,0.0,0.0,0.0,3.63,4.62
1990-12-08 09:00:00+00:00,17.0,18.15,16.0,3.32,4.0
1990-12-08 10:00:00+00:00,63.0,74.48,53.0,3.57,3.59
1990-12-08 11:00:00+00:00,89.0,71.23,76.0,4.15,3.38
1990-12-08 12:00:00+00:00,171.0,615.78,50.0,4.66,3.45
1990-12-08 13:00:00+00:00,127.0,359.36,64.0,4.95,3.59
1990-12-08 14:00:00+00:00,73.0,232.59,45.0,4.89,3.66
1990-12-08 15:00:00+00:00,9.0,0.0,9.0,4.39,3.66
1990-12-08 16:00:00+00:00,0.0,0.0,0.0,3.72,3.72
1990-12-08 17:00:00+00:00,0.0,0.0,0.0,3.39,3.79
1990-12-08 18:00:00+00:00,0.0,0.0,0.0,3.18,3.86
1990-12-08 19:00:00+00:00,0.0,0.0,0.0,3.08,4.0
1990-12-08 20:00:00+00:00,0.0,0.0,0.0,2.9,4.14
1990-12-08 21:00:00+00:00,0.0,0.0,0.0,2.71,4.14
1990-12-08 22:00:00+00:00,0.0,0.0,0.0,2.56,4.14
1990-12-08 23:00:00+00:00,0.0,0.0,0.0,2.42,4.14
1990-12-09 00:00:00+00:00,0.0,0.0,0.0,2.3,4.21
1990-12-09 01:00:00+00:00,0.0,0.0,0.0,2.15,4.34
1990-12-09 02:00:00+00:00,0.0,0.0,0.0,2.04,4.48
1990-12-09 03:00:00+00:00,0.0,0.0,0.0,2.0,4.62
1990-12-09 04:00:00+00:00,0.0,0.0,0.0,2.0,4.55
1990-12-09 05:00:00+00:00,0.0,0.0,0.0,2.01,4.55
1990-12-09 06:00:00+00:00,0.0,0.0,0.0,2.07,4.62
1990-12-09 07:00:00+00:00,0.0,0.0,0.0,2.42,4.97
1990-12-09 08:00:00+00:00,0.0,0.0,0.0,2.38,4.9
1990-12-09 09:00:00+00:00,25.0,151.55,17.0,2.32,4.97
1990-12-09 10:00:00+00:00,108.0,560.16,34.0,2.73,5.03
1990-12-09 11:00:00+00:00,158.0,631.47,44.0,3.35,5.03
1990-12-09 12:00:00+00:00,175.0,662.32,46.0,3.83,5.03
1990-12-09 13:00:00+00:00,126.0,345.13,66.0,4.1,5.45
1990-12-09 14:00:00+00:00,75.0,251.7,45.0,4.06,4.76
1990-12-09 15:00:00+00:00,10.0,0.0,10.0,3.79,4.55
1990-12-09 16:00:00+00:00,0.0,0.0,0.0,3.37,4.55
1990-12-09 17:00:00+00:00,0.0,0.0,0.0,2.97,4.48
1990-12-09 18:00:00+00:00,0.0,0.0,0.0,2.64,4.07
1990-12-09 19:00:00+00:00,0.0,0.0,0.0,2.18,3.79
1990-12-09 20:00:00+00:00,0.0,0.0,0.0,2.06,3.79
1990-12-09 21:00:00+00:00,0.0,0.0,0.0,1.92,3.59
1990-12-09 22:00:00+00:00,0.0,0.0,0.0,1.85,3.52
1990-12-09 23:00:00+00:00,0.0,0.0,0.0,1.91,3.59
1990-12-10 00:00:00+00:00,0.0,0.0,0.0,2.1,3.79
1990-12-10 01:00:00+00:00,0.0,0.0,0.0,2.57,4.55
1990-12-10 02:00:00+00:00,0.0,0.0,0.0,3.1,5.31
1990-12-10 03:00:00+00:00,0.0,0.0,0.0,3.72,6.07
1990-12-10 04:00:00+00:00,0.0,0.0,0.0,4.31,6.97
1990-12-10 05:00:00+00:00,0.0,0.0,0.0,4.8,7.59
1990-12-10 06:00:00+00:00,0.0,0.0,0.0,5.0,7.79
1990-12-10 07:00:00+00:00,0.0,0.0,0.0,5.47,7.86
1990-12-10 08:00:00+00:00,0.0,0.0,0.0,6.16,8.0
1990-12-10 09:00:00+00:00,7.0,0.0,7.0,6.84,8.9
1990-12-10 10:00:00+00:00,31.0,0.0,31.0,7.5,9.24
1990-12-10 11:00:00+00:00,36.0,0.0,36.0,8.03,9.52
1990-12-10 12:00:00+00:00,32.0,0.0,32.0,8.54,9.45
1990-12-10 13:00:00+00:00,43.0,0.0,43.0,8.95,9.03
1990-12-10 14:00:00+00:00,33.0,8.47,32.0,9.3,8.62
1990-12-10 15:00:00+00:00,7.0,0.0,7.0,9.62,8.41
1990-12-10 16:00:00+00:00,0.0,0.0,0.0,10.02,8.76
1990-12-10 17:00:00+00:00,0.0,0.0,0.0,10.52,9.03
1990-12-10 18:00:00+00:00,0.0,0.0,0.0,11.03,9.31
1990-12-10 19:00:00+00:00,0.0,0.0,0.0,11.37,9.59
1990-12-10 20:00:00+00:00,0.0,0.0,0.0,11.55,9.52
1990-12-10 21:00:00+00:00,0.0,0.0,0.0,11.68,9.31
1990-12-10 22:00:00+00:00,0.0,0.0,0.0,11.65,8.83
1990-12-10 23:00:00+00:00,0.0,0.0,0.0,11.51,8.41
1990-12-11 00:00:00+00:00,0.0,0.0,0.0,11.25,7.93
1990-12-11 01:00:00+00:00,0.0,0.0,0.0,10.88,7.03
1990-12-11 02:00:00+00:00,0.0,0.0,0.0,9.67,7.1
1990-12-11 03:00:00+00:00,0.0,0.0,0.0,8.35,6.83
1990-12-11 04:00:00+00:00,0.0,0.0,0.0,7.86,7.17
1990-12-11 05:00:00+00:00,0.0,0.0,0.0,7.03,7.79
1990-12-11 06:00:00+00:00,0.0,0.0,0.0,5.94,7.24
1990-12-11 07:00:00+00:00,0.0,0.0,0.0,5.77,7.03
1990-12-11 08:00:00+00:00,0.0,0.0,0.0,5.05,7.24
1990-12-11 09:00:00+00:00,13.0,0.0,13.0,4.55,7.24
1990-12-11 10:00:00+00:00,92.0,405.86,40.0,4.44,8.21
1990-12-11 11:00:00+00:00,24.0,0.0,24.0,4.44,8.28
1990-12-11 12:00:00+00:00,156.0,526.89,55.0,4.84,7.93
1990-12-11 13:00:00+00:00,136.0,507.87,49.0,5.2,8.07
1990-12-11 14:00:00+00:00,72.0,247.46,43.0,4.97,8.41
1990-12-11 15:00:00+00:00,7.0,0.0,7.0,4.92,8.28
1990-12-11 16:00:00+00:00,0.0,0.0,0.0,4.83,8.21
1990-12-11 17:00:00+00:00,0.0,0.0,0.0,4.53,8.07
1990-12-11 18:00:00+00:00,0.0,0.0,0.0,4.4,8.21
1990-12-11 19:00:00+00:00,0.0,0.0,0.0,4.39,7.79
1990-12-11 20:00:00+00:00,0.0,0.0,0.0,4.58,7.93
1990-12-11 21:00:00+00:00,0.0,0.0,0.0,4.49,7.93
1990-12-11 22:00:00+00:00,0.0,0.0,0.0,4.62,8.14
1990-12-11 23:00:00+00:00,0.0,0.0,0.0,4.7,8.14
1990-12-12 00:00:00+00:00,0.0,0.0,0.0,4.65,8.21
1990-12-12 01:00:00+00:00,0.0,0.0,0.0,4.72,8.28
1990-12-12 02:00:00+00:00,0.0,0.0,0.0,4.7,8.07
1990-12-12 03:00:00+00:00,0.0,0.0,0.0,4.65,7.93
1990-12-12 04:00:00+00:00,0.0,0.0,0.0,4.67,7.86
1990-12-12 05:00:00+00:00,0.0,0.0,0.0,4.71,7.79
1990-12-12 06:00:00+00:00,0.0,0.0,0.0,4.92,8.0
1990-12-12 07:00:00+00:00,0.0,0.0,0.0,5.54,8.0
1990-12-12 08:00:00+00:00,0.0,0.0,0.0,5.56,8.48
1990-12-12 09:00:00+00:00,7.0,0.0,7.0,5.56,8.9
1990-12-12 10:00:00+00:00,67.0,134.59,50.0,5.46,9.66
1990-12-12 11:00:00+00:00,52.0,5.7,51.0,5.75,9.45
1990-12-12 12:00:00+00:00,154.0,504.35,58.0,6.41,8.48
1990-12-12 13:00:00+00:00,70.0,29.37,65.0,6.39,8.41
1990-12-12 14:00:00+00:00,7.0,0.0,7.0,6.54,8.76
1990-12-12 15:00:00+00:00,8.0,0.0,8.0,6.24,9.03
1990-12-12 16:00:00+00:00,0.0,0.0,0.0,6.36,9.24
1990-12-12 17:00:00+00:00,0.0,0.0,0.0,6.25,9.38
1990-12-12 18:00:00+00:00,0.0,0.0,0.0,6.18,9.45
1990-12-12 19:00:00+00:00,0.0,0.0,0.0,6.11,8.76
1990-12-12 20:00:00+00:00,0.0,0.0,0.0,5.94,8.34
1990-12-12 21:00:00+00:00,0.0,0.0,0.0,5.75,8.21
1990-12-12 22:00:00+00:00,0.0,0.0,0.0,5.64,8.0
1990-12-12 23:00:00+00:00,0.0,0.0,0.0,5.53,7.38
1990-12-13 00:00:00+00:00,0.0,0.0,0.0,5.47,7.03
1990-12-13 01:00:00+00:00,0.0,0.0,0.0,5.46,6.69
1990-12-13 02:00:00+00:00,0.0,0.0,0.0,5.58,6.34
1990-12-13 03:00:00+00:00,0.0,0.0,0.0,5.46,6.07
1990-12-13 04:00:00+00:00,0.0,0.0,0.0,5.62,5.93
1990-12-13 05:00:00+00:00,0.0,0.0,0.0,5.75,5.66
1990-12-13 06:00:00+00:00,0.0,0.0,0.0,5.74,5.1
1990-12-13 07:00:00+00:00,0.0,0.0,0.0,6.58,5.45
1990-12-13 08:00:00+00:00,0.0,0.0,0.0,7.36,6.14
1990-12-13 09:00:00+00:00,4.0,0.0,4.0,8.18,6.55
1990-12-13 10:00:00+00:00,17.0,0.0,17.0,8.76,7.1
1990-12-13 11:00:00+00:00,23.0,0.0,23.0,9.71,9.79
1990-12-13 12:00:00+00:00,58.0,5.29,57.0,10.0,10.62
1990-12-13 13:00:00+00:00,22.0,0.0,22.0,10.25,11.1
1990-12-13 14:00:00+00:00,20.0,0.0,20.0,10.41,11.1
1990-12-13 15:00:00+00:00,5.0,0.0,5.0,10.44,10.97
1990-12-13 16:00:00+00:00,0.0,0.0,0.0,10.4,10.97
1990-12-13 17:00:00+00:00,0.0,0.0,0.0,10.51,10.76
1990-12-13 18:00:00+00:00,0.0,0.0,0.0,10.64,10.48
1990-12-13 19:00:00+00:00,0.0,0.0,0.0,11.2,10.14
1990-12-13 20:00:00+00:00,0.0,0.0,0.0,11.27,9.79
1990-12-13 21:00:00+00:00,0.0,0.0,0.0,11.25,9.66
1990-12-13 22:00:00+00:00,0.0,0.0,0.0,11.28,9.59
1990-12-13 23:00:00+00:00,0.0,0.0,0.0,11.38,9.52
1990-12-14 00:00:00+00:00,0.0,0.0,0.0,11.43,9.38
1990-12-14 01:00:00+00:00,0.0,0.0,0.0,11.41,9.1
1990-12-14 02:00:00+00:00,0.0,0.0,0.0,11.28,8.55
1990-12-14 03:00:00+00:00,0.0,0.0,0.0,11.17,7.93
1990-12-14 04:00:00+00:00,0.0,0.0,0.0,11.11,7.72
1990-12-14 05:00:00+00:00,0.0,0.0,0.0,11.12,7.93
1990-12-14 06:00:00+00:00,0.0,0.0,0.0,11.17,8.41
1990-12-14 07:00:00+00:00,0.0,0.0,0.0,10.32,7.52
1990-12-14 08:00:00+00:00,0.0,0.0,0.0,9.7,7.24
1990-12-14 09:00:00+00:00,6.0,0.0,6.0,9.2,7.59
1990-12-14 10:00:00+00:00,19.0,0.0,19.0,9.0,7.66
1990-12-14 11:00:00+00:00,22.0,0.0,22.0,8.7,7.45
1990-12-14 12:00:00+00:00,28.0,0.0,28.0,8.33,7.1
1990-12-14 13:00:00+00:00,13.0,0.0,13.0,7.88,6.69
1990-12-14 14:00:00+00:00,27.0,0.0,27.0,7.11,6.21
1990-12-14 15:00:00+00:00,5.0,0.0,5.0,6.57,5.66
1990-12-14 16:00:00+00:00,0.0,0.0,0.0,6.05,4.9
1990-12-14 17:00:00+00:00,0.0,0.0,0.0,5.63,4.9
1990-12-14 18:00:00+00:00,0.0,0.0,0.0,5.34,4.9
1990-12-14 19:00:00+00:00,0.0,0.0,0.0,5.35,5.79
1990-12-14 20:00:00+00:00,0.0,0.0,0.0,5.63,5.86
1990-12-14 21:00:00+00:00,0.0,0.0,0.0,5.83,6.07
1990-12-14 22:00:00+00:00,0.0,0.0,0.0,5.87,6.21
1990-12-14 23:00:00+00:00,0.0,0.0,0.0,5.77,6.34
1990-12-15 00:00:00+00:00,0.0,0.0,0.0,5.74,6.34
1990-12-15 01:00:00+00:00,0.0,0.0,0.0,5.69,6.28
1990-12-15 02:00:00+00:00,0.0,0.0,0.0,5.54,6.0
1990-12-15 03:00:00+00:00,0.0,0.0,0.0,5.56,5.66
1990-12-15 04:00:00+00:00,0.0,0.0,0.0,5.58,5.31
1990-12-15 05:00:00+00:00,0.0,0.0,0.0,5.53,5.03
1990-12-15 06:00:00+00:00,0.0,0.0,0.0,5.4,4.9
1990-12-15 07:00:00+00:00,0.0,0.0,0.0,5.4,5.17
1990-12-15 08:00:00+00:00,0.0,0.0,0.0,5.33,5.03
1990-12-15 09:00:00+00:00,8.0,0.0,8.0,5.15,4.76
1990-12-15 10:00:00+00:00,46.0,24.67,43.0,5.29,4.69
1990-12-15 11:00:00+00:00,66.0,23.35,62.0,5.46,4.83
1990-12-15 12:00:00+00:00,79.0,37.42,72.0,5.6,4.97
1990-12-15 13:00:00+00:00,35.0,0.0,35.0,5.55,4.76
1990-12-15 14:00:00+00:00,15.0,0.0,15.0,5.42,4.62
1990-12-15 15:00:00+00:00,4.0,0.0,4.0,5.2,4.34
1990-12-15 16:00:00+00:00,0.0,0.0,0.0,4.94,4.14
1990-12-15 17:00:00+00:00,0.0,0.0,0.0,4.78,4.14
1990-12-15 18:00:00+00:00,0.0,0.0,0.0,4.57,3.93
1990-12-15 19:00:00+00:00,0.0,0.0,0.0,4.26,3.93
1990-12-15 20:00:00+00:00,0.0,0.0,0.0,3.8,3.93
1990-12-15 21:00:00+00:00,0.0,0.0,0.0,3.68,4.0
1990-12-15 22:00:00+00:00,0.0,0.0,0.0,3.34,3.93
1990-12-15 23:00:00+00:00,0.0,0.0,0.0,3.26,4.0
1990-12-16 00:00:00+00:00,0.0,0.0,0.0,3.08,4.0
1990-12-16 01:00:00+00:00,0.0,0.0,0.0,2.96,3.93
1990-12-16 02:00:00+00:00,0.0,0.0,0.0,2.9,3.86
1990-12-16 03:00:00+00:00,0.0,0.0,0.0,2.83,3.72
1990-12-16 04:00:00+00:00,0.0,0.0,0.0,2.71,3.79
1990-12-16 05:00:00+00:00,0.0,0.0,0.0,2.73,3.93
1990-12-16 06:00:00+00:00,0.0,0.0,0.0,2.62,4.07
1990-12-16 07:00:00+00:00,0.0,0.0,0.0,2.09,3.93
1990-12-16 08:00:00+00:00,0.0,0.0,0.0,2.19,4.07
1990-12-16 09:00:00+00:00,12.0,0.0,12.0,2.33,4.14
1990-12-16 10:00:00+00:00,84.0,365.78,40.0,2.87,4.34
1990-12-16 11:00:00+00:00,140.0,552.15,46.0,3.68,4.76
1990-12-16 12:00:00+00:00,155.0,558.38,51.0,4.5,5.1
1990-12-16 13:00:00+00:00,113.0,281.06,66.0,4.98,5.45
1990-12-16 14:00:00+00:00,10.0,0.0,10.0,5.17,5.93
1990-12-16 15:00:00+00:00,8.0,0.0,8.0,4.94,5.52
1990-12-16 16:00:00+00:00,0.0,0.0,0.0,4.55,5.59
1990-12-16 17:00:00+00:00,0.0,0.0,0.0,4.47,5.45
1990-12-16 18:00:00+00:00,0.0,0.0,0.0,4.38,5.38
1990-12-16 19:00:00+00:00,0.0,0.0,0.0,4.68,5.38
1990-12-16 20:00:00+00:00,0.0,0.0,0.0,4.43,5.24
1990-12-16 21:00:00+00:00,0.0,0.0,0.0,4.39,5.17
1990-12-16 22:00:00+00:00,0.0,0.0,0.0,4.32,5.1
1990-12-16 23:00:00+00:00,0.0,0.0,0.0,4.15,5.1
1990-12-17 00:00:00+00:00,0.0,0.0,0.0,4.15,5.1
1990-12-17 01:00:00+00:00,0.0,0.0,0.0,4.06,5.17
1990-12-17 02:00:00+00:00,0.0,0.0,0.0,3.67,5.17
1990-12-17 03:00:00+00:00,0.0,0.0,0.0,3.55,5.45
1990-12-17 04:00:00+00:00,0.0,0.0,0.0,3.43,5.66
1990-12-17 05:00:00+00:00,0.0,0.0,0.0,3.28,5.66
1990-12-17 06:00:00+00:00,0.0,0.0,0.0,3.21,5.38
1990-12-17 07:00:00+00:00,0.0,0.0,0.0,3.06,4.9
1990-12-17 08:00:00+00:00,0.0,0.0,0.0,2.88,4.48
1990-12-17 09:00:00+00:00,11.0,0.0,11.0,2.61,3.86
1990-12-17 10:00:00+00:00,89.0,445.02,36.0,2.77,3.38
1990-12-17 11:00:00+00:00,141.0,561.18,46.0,3.39,2.97
1990-12-17 12:00:00+00:00,158.0,582.03,50.0,4.12,2.76
1990-12-17 13:00:00+00:00,114.0,287.77,66.0,4.5,2.55
1990-12-17 14:00:00+00:00,65.0,174.99,45.0,4.47,2.21
1990-12-17 15:00:00+00:00,6.0,0.0,6.0,3.9,2.0
1990-12-17 16:00:00+00:00,0.0,0.0,0.0,2.75,2.0
1990-12-17 17:00:00+00:00,0.0,0.0,0.0,1.55,2.0
1990-12-17 18:00:00+00:00,0.0,0.0,0.0,0.29,1.93
1990-12-17 19:00:00+00:00,0.0,0.0,0.0,0.08,1.59
1990-12-17 20:00:00+00:00,0.0,0.0,0.0,-0.04,1.52
1990-12-17 21:00:00+00:00,0.0,0.0,0.0,-0.28,1.52
1990-12-17 22:00:00+00:00,0.0,0.0,0.0,-0.34,1.59
1990-12-17 23:00:00+00:00,0.0,0.0,0.0,-0.42,1.66
1990-12-18 00:00:00+00:00,0.0,0.0,0.0,-0.02,1.52
1990-12-18 01:00:00+00:00,0.0,0.0,0.0,0.17,1.38
1990-12-18 02:00:00+00:00,0.0,0.0,0.0,0.42,1.17
1990-12-18 03:00:00+00:00,0.0,0.0,0.0,0.36,1.1
1990-12-18 04:00:00+00:00,0.0,0.0,0.0,1.01,0.83
1990-12-18 05:00:00+00:00,0.0,0.0,0.0,1.06,0.62
1990-12-18 06:00:00+00:00,0.0,0.0,0.0,1.03,0.41
1990-12-18 07:00:00+00:00,0.0,0.0,0.0,1.23,0.28
1990-12-18 08:00:00+00:00,0.0,0.0,0.0,1.27,0.21
1990-12-18 09:00:00+00:00,11.0,0.0,11.0,1.21,0.34
1990-12-18 10:00:00+00:00,86.0,415.16,37.0,1.15,0.41
1990-12-18 11:00:00+00:00,142.0,581.76,44.0,1.23,0.62
1990-12-18 12:00:00+00:00,155.0,567.59,50.0,2.11,0.55
1990-12-18 13:00:00+00:00,116.0,318.3,63.0,2.58,0.62
1990-12-18 14:00:00+00:00,66.0,201.28,43.0,2.51,1.1
1990-12-18 15:00:00+00:00,8.0,0.0,8.0,1.98,1.31
1990-12-18 16:00:00+00:00,0.0,0.0,0.0,1.03,1.66
1990-12-18 17:00:00+00:00,0.0,0.0,0.0,0.07,1.86
1990-12-18 18:00:00+00:00,0.0,0.0,0.0,-0.62,1.93
1990-12-18 19:00:00+00:00,0.0,0.0,0.0,-1.16,2.0
1990-12-18 20:00:00+00:00,0.0,0.0,0.0,-1.46,2.21
1990-12-18 21:00:00+00:00,0.0,0.0,0.0,-1.54,2.07
1990-12-18 22:00:00+00:00,0.0,0.0,0.0,-1.52,2.14
1990-12-18 23:00:00+00:00,0.0,0.0,0.0,-1.44,2.41
1990-12-19 00:00:00+00:00,0.0,0.0,0.0,-0.82,2.48
1990-12-19 01:00:00+00:00,0.0,0.0,0.0,-0.73,2.69
1990-12-19 02:00:00+00:00,0.0,0.0,0.0,-0.48,2.97
1990-12-19 03:00:00+00:00,0.0,0.0,0.0,-0.29,3.1
1990-12-19 04:00:00+00:00,0.0,0.0,0.0,0.07,3.17
1990-12-19 05:00:00+00:00,0.0,0.0,0.0,0.46,3.24
1990-12-19 06:00:00+00:00,0.0,0.0,0.0,0.95,3.24
1990-12-19 07:00:00+00:00,0.0,0.0,0.0,1.78,3.24
1990-12-19 08:00:00+00:00,0.0,0.0,0.0,2.24,3.38
1990-12-19 09:00:00+00:00,10.0,0.0,10.0,2.61,3.45
1990-12-19 10:00:00+00:00,80.0,350.18,39.0,3.33,3.59
1990-12-19 11:00:00+00:00,127.0,429.2,55.0,3.99,3.72
1990-12-19 12:00:00+00:00,94.0,86.69,78.0,4.63,4.0
1990-12-19 13:00:00+00:00,103.0,210.4,68.0,4.95,4.34
1990-12-19 14:00:00+00:00,59.0,131.15,44.0,4.98,4.07
1990-12-19 15:00:00+00:00,7.0,0.0,7.0,4.87,4.07
1990-12-19 16:00:00+00:00,0.0,0.0,0.0,4.48,4.0
1990-12-19 17:00:00+00:00,0.0,0.0,0.0,4.29,3.86
1990-12-19 18:00:00+00:00,0.0,0.0,0.0,4.0,3.79
1990-12-19 19:00:00+00:00,0.0,0.0,0.0,3.76,3.86
1990-12-19 20:00:00+00:00,0.0,0.0,0.0,3.68,3.86
1990-12-19 21:00:00+00:00,0.0,0.0,0.0,3.45,3.72
1990-12-19 22:00:00+00:00,0.0,0.0,0.0,3.29,3.59
1990-12-19 23:00:00+00:00,0.0,0.0,0.0,3.1,3.59
1990-12-20 00:00:00+00:00,0.0,0.0,0.0,2.88,3.52
1990-12-20 01:00:00+00:00,0.0,0.0,0.0,2.5,3.45
1990-12-20 02:00:00+00:00,0.0,0.0,0.0,2.31,3.52
1990-12-20 03:00:00+00:00,0.0,0.0,0.0,2.35,3.52
1990-12-20 04:00:00+00:00,0.0,0.0,0.0,2.18,3.45
1990-12-20 05:00:00+00:00,0.0,0.0,0.0,2.01,3.31
1990-12-20 06:00:00+00:00,0.0,0.0,0.0,2.06,3.31
1990-12-20 07:00:00+00:00,0.0,0.0,0.0,2.29,3.24
1990-12-20 08:00:00+00:00,0.0,0.0,0.0,2.11,3.17
1990-12-20 09:00:00+00:00,10.0,0.0,10.0,1.88,3.17
1990-12-20 10:00:00+00:00,91.0,516.05,31.0,2.18,3.24
1990-12-20 11:00:00+00:00,132.0,478.51,52.0,2.46,3.52
1990-12-20 12:00:00+00:00,97.0,97.69,79.0,2.75,3.72
1990-12-20 13:00:00+00:00,101.0,186.38,70.0,2.85,3.79
1990-12-20 14:00:00+00:00,55.0,95.98,44.0,2.86,3.52
1990-12-20 15:00:00+00:00,6.0,0.0,6.0,2.62,3.1
1990-12-20 16:00:00+00:00,0.0,0.0,0.0,2.15,2.83
1990-12-20 17:00:00+00:00,0.0,0.0,0.0,1.78,2.76
1990-12-20 18:00:00+00:00,0.0,0.0,0.0,1.66,2.9
1990-12-20 19:00:00+00:00,0.0,0.0,0.0,1.65,3.59
1990-12-20 20:00:00+00:00,0.0,0.0,0.0,1.18,3.45
1990-12-20 21:00:00+00:00,0.0,0.0,0.0,0.79,3.31
1990-12-20 22:00:00+00:00,0.0,0.0,0.0,0.55,3.17
1990-12-20 23:00:00+00:00,0.0,0.0,0.0,0.42,3.17
1990-12-21 00:00:00+00:00,0.0,0.0,0.0,0.58,3.24
1990-12-21 01:00:00+00:00,0.0,0.0,0.0,0.77,3.38
1990-12-21 02:00:00+00:00,0.0,0.0,0.0,1.16,3.45
1990-12-21 03:00:00+00:00,0.0,0.0,0.0,1.5,3.66
1990-12-21 04:00:00+00:00,0.0,0.0,0.0,1.65,3.86
1990-12-21 05:00:00+00:00,0.0,0.0,0.0,2.15,4.34
1990-12-21 06:00:00+00:00,0.0,0.0,0.0,2.58,4.83
1990-12-21 07:00:00+00:00,0.0,0.0,0.0,2.86,5.1
1990-12-21 08:00:00+00:00,0.0,0.0,0.0,3.04,5.03
1990-12-21 09:00:00+00:00,8.0,0.0,8.0,3.01,5.17
1990-12-21 10:00:00+00:00,26.0,0.0,26.0,3.22,5.17
1990-12-21 11:00:00+00:00,133.0,497.76,50.0,3.87,5.24
1990-12-21 12:00:00+00:00,151.0,532.34,53.0,4.58,5.52
1990-12-21 13:00:00+00:00,113.0,288.41,65.0,5.15,5.59
1990-12-21 14:00:00+00:00,63.0,165.26,44.0,5.27,5.31
1990-12-21 15:00:00+00:00,9.0,0.0,9.0,4.87,5.24
1990-12-21 16:00:00+00:00,0.0,0.0,0.0,4.37,5.17
1990-12-21 17:00:00+00:00,0.0,0.0,0.0,4.12,4.97
1990-12-21 18:00:00+00:00,0.0,0.0,0.0,3.99,4.76
1990-12-21 19:00:00+00:00,0.0,0.0,0.0,4.66,4.76
1990-12-21 20:00:00+00:00,0.0,0.0,0.0,5.12,4.76
1990-12-21 21:00:00+00:00,0.0,0.0,0.0,5.64,4.69
1990-12-21 22:00:00+00:00,0.0,0.0,0.0,5.96,4.55
1990-12-21 23:00:00+00:00,0.0,0.0,0.0,6.17,4.41
1990-12-22 00:00:00+00:00,0.0,0.0,0.0,6.28,4.28
1990-12-22 01:00:00+00:00,0.0,0.0,0.0,6.45,4.14
1990-12-22 02:00:00+00:00,0.0,0.0,0.0,6.39,4.0
1990-12-22 03:00:00+00:00,0.0,0.0,0.0,6.25,3.93
1990-12-22 04:00:00+00:00,0.0,0.0,0.0,6.34,3.86
1990-12-22 05:00:00+00:00,0.0,0.0,0.0,6.45,3.72
1990-12-22 06:00:00+00:00,0.0,0.0,0.0,6.49,3.52
1990-12-22 07:00:00+00:00,0.0,0.0,0.0,6.65,3.24
1990-12-22 08:00:00+00:00,0.0,0.0,0.0,6.85,3.1
1990-12-22 09:00:00+00:00,1.0,0.0,1.0,6.98,3.1
1990-12-22 10:00:00+00:00,23.0,0.0,23.0,7.16,3.1
1990-12-22 11:00:00+00:00,33.0,0.0,33.0,7.54,3.17
1990-12-22 12:00:00+00:00,18.0,0.0,18.0,7.88,3.17
1990-12-22 13:00:00+00:00,33.0,0.0,33.0,8.25,2.97
1990-12-22 14:00:00+00:00,41.0,25.98,38.0,8.05,2.97
1990-12-22 15:00:00+00:00,1.0,0.0,1.0,7.6,2.83
1990-12-22 16:00:00+00:00,0.0,0.0,0.0,6.77,2.62
1990-12-22 17:00:00+00:00,0.0,0.0,0.0,6.23,2.34
1990-12-22 18:00:00+00:00,0.0,0.0,0.0,5.5,2.28
1990-12-22 19:00:00+00:00,0.0,0.0,0.0,5.62,2.34
1990-12-22 20:00:00+00:00,0.0,0.0,0.0,5.26,2.28
1990-12-22 21:00:00+00:00,0.0,0.0,0.0,4.85,2.34
1990-12-22 22:00:00+00:00,0.0,0.0,0.0,4.66,2.41
1990-12-22 23:00:00+00:00,0.0,0.0,0.0,4.56,2.48
1990-12-23 00:00:00+00:00,0.0,0.0,0.0,4.75,2.55
1990-12-23 01:00:00+00:00,0.0,0.0,0.0,4.74,2.55
1990-12-23 02:00:00+00:00,0.0,0.0,0.0,4.9,2.55
1990-12-23 03:00:00+00:00,0.0,0.0,0.0,5.06,2.69
1990-12-23 04:00:00+00:00,0.0,0.0,0.0,5.24,2.97
1990-12-23 05:00:00+00:00,0.0,0.0,0.0,5.0,3.17
1990-12-23 06:00:00+00:00,0.0,0.0,0.0,4.84,3.17
1990-12-23 07:00:00+00:00,0.0,0.0,0.0,4.48,3.1
1990-12-23 08:00:00+00:00,0.0,0.0,0.0,4.16,3.03
1990-12-23 09:00:00+00:00,8.0,0.0,8.0,3.77,2.9
1990-12-23 10:00:00+00:00,81.0,383.98,37.0,3.67,2.62
1990-12-23 11:00:00+00:00,131.0,487.17,50.0,4.07,2.55
1990-12-23 12:00:00+00:00,153.0,553.88,51.0,4.59,2.41
1990-12-23 13:00:00+00:00,109.0,251.44,67.0,4.89,2.28
1990-12-23 14:00:00+00:00,63.0,155.06,45.0,4.82,2.14
1990-12-23 15:00:00+00:00,9.0,0.0,9.0,4.33,1.93
1990-12-23 16:00:00+00:00,0.0,0.0,0.0,3.38,1.93
1990-12-23 17:00:00+00:00,0.0,0.0,0.0,2.54,1.93
1990-12-23 18:00:00+00:00,0.0,0.0,0.0,1.75,2.07
1990-12-23 19:00:00+00:00,0.0,0.0,0.0,1.25,2.21
1990-12-23 20:00:00+00:00,0.0,0.0,0.0,0.67,2.07
1990-12-23 21:00:00+00:00,0.0,0.0,0.0,-0.03,1.93
1990-12-23 22:00:00+00:00,0.0,0.0,0.0,-0.71,1.93
1990-12-23 23:00:00+00:00,0.0,0.0,0.0,-1.07,1.93
1990-12-24 00:00:00+00:00,0.0,0.0,0.0,-1.18,1.93
1990-12-24 01:00:00+00:00,0.0,0.0,0.0,-1.43,1.93
1990-12-24 02:00:00+00:00,0.0,0.0,0.0,-1.81,1.79
1990-12-24 03:00:00+00:00,0.0,0.0,0.0,-2.05,1.59
1990-12-24 04:00:00+00:00,0.0,0.0,0.0,-2.12,1.52
1990-12-24 05:00:00+00:00,0.0,0.0,0.0,-2.19,1.52
1990-12-24 06:00:00+00:00,0.0,0.0,0.0,-2.29,1.59
1990-12-24 07:00:00+00:00,0.0,0.0,0.0,-2.27,1.52
1990-12-24 08:00:00+00:00,0.0,0.0,0.0,-2.32,1.45
1990-12-24 09:00:00+00:00,3.0,0.0,3.0,-2.15,1.31
1990-12-24 10:00:00+00:00,32.0,8.75,31.0,-1.36,1.1
1990-12-24 11:00:00+00:00,48.0,0.0,48.0,-0.19,0.83
1990-12-24 12:00:00+00:00,49.0,0.0,49.0,1.36,0.55
1990-12-24 13:00:00+00:00,43.0,0.0,43.0,1.79,0.41
1990-12-24 14:00:00+00:00,26.0,0.0,26.0,1.75,0.41
1990-12-24 15:00:00+00:00,4.0,0.0,4.0,0.98,0.76
1990-12-24 16:00:00+00:00,0.0,0.0,0.0,0.39,0.9
1990-12-24 17:00:00+00:00,0.0,0.0,0.0,0.1,0.9
1990-12-24 18:00:00+00:00,0.0,0.0,0.0,-0.18,0.9
1990-12-24 19:00:00+00:00,0.0,0.0,0.0,-0.94,1.1
1990-12-24 20:00:00+00:00,0.0,0.0,0.0,-1.03,1.03
1990-12-24 21:00:00+00:00,0.0,0.0,0.0,-1.68,1.17
1990-12-24 22:00:00+00:00,0.0,0.0,0.0,-1.87,1.17
1990-12-24 23:00:00+00:00,0.0,0.0,0.0,-2.02,1.24
1990-12-25 00:00:00+00:00,0.0,0.0,0.0,-2.28,1.31
1990-12-25 01:00:00+00:00,0.0,0.0,0.0,-2.68,1.45
1990-12-25 02:00:00+00:00,0.0,0.0,0.0,-3.04,1.66
1990-12-25 03:00:00+00:00,0.0,0.0,0.0,-3.15,1.79
1990-12-25 04:00:00+00:00,0.0,0.0,0.0,-2.77,1.72
1990-12-25 05:00:00+00:00,0.0,0.0,0.0,-3.11,1.79
1990-12-25 06:00:00+00:00,0.0,0.0,0.0,-3.13,1.86
1990-12-25 07:00:00+00:00,0.0,0.0,0.0,-3.09,2.0
1990-12-25 08:00:00+00:00,0.0,0.0,0.0,-2.5,2.07
1990-12-25 09:00:00+00:00,2.0,0.0,2.0,-1.77,2.14
1990-12-25 10:00:00+00:00,19.0,0.0,19.0,-0.45,2.14
1990-12-25 11:00:00+00:00,28.0,0.0,28.0,0.77,2.14
1990-12-25 12:00:00+00:00,36.0,0.0,36.0,1.42,2.21
1990-12-25 13:00:00+00:00,25.0,0.0,25.0,1.85,2.28
1990-12-25 14:00:00+00:00,18.0,0.0,18.0,2.08,2.28
1990-12-25 15:00:00+00:00,2.0,0.0,2.0,1.75,2.34
1990-12-25 16:00:00+00:00,0.0,0.0,0.0,1.35,2.41
1990-12-25 17:00:00+00:00,0.0,0.0,0.0,1.22,2.41
1990-12-25 18:00:00+00:00,0.0,0.0,0.0,1.37,2.34
1990-12-25 19:00:00+00:00,0.0,0.0,0.0,1.3,2.41
1990-12-25 20:00:00+00:00,0.0,0.0,0.0,1.39,2.28
1990-12-25 21:00:00+00:00,0.0,0.0,0.0,1.55,2.21
1990-12-25 22:00:00+00:00,0.0,0.0,0.0,1.5,2.0
1990-12-25 23:00:00+00:00,0.0,0.0,0.0,1.36,1.93
1990-12-26 00:00:00+00:00,0.0,0.0,0.0,1.4,1.86
1990-12-26 01:00:00+00:00,0.0,0.0,0.0,1.29,1.79
1990-12-26 02:00:00+00:00,0.0,0.0,0.0,0.97,1.79
1990-12-26 03:00:00+00:00,0.0,0.0,0.0,0.56,1.79
1990-12-26 04:00:00+00:00,0.0,0.0,0.0,0.51,1.72
1990-12-26 05:00:00+00:00,0.0,0.0,0.0,0.59,1.66
1990-12-26 06:00:00+00:00,0.0,0.0,0.0,0.38,1.66
1990-12-26 07:00:00+00:00,0.0,0.0,0.0,0.76,1.59
1990-12-26 08:00:00+00:00,0.0,0.0,0.0,0.86,1.59
1990-12-26 09:00:00+00:00,1.0,0.0,1.0,0.42,1.66
1990-12-26 10:00:00+00:00,24.0,0.0,24.0,0.89,1.38
1990-12-26 11:00:00+00:00,40.0,0.0,40.0,1.68,1.31
1990-12-26 12:00:00+00:00,46.0,0.0,46.0,2.25,1.31
1990-12-26 13:00:00+00:00,35.0,0.0,35.0,2.52,1.38
1990-12-26 14:00:00+00:00,17.0,0.0,17.0,2.39,1.38
1990-12-26 15:00:00+00:00,4.0,0.0,4.0,2.07,1.38
1990-12-26 16:00:00+00:00,0.0,0.0,0.0,1.58,1.38
1990-12-26 17:00:00+00:00,0.0,0.0,0.0,1.19,1.45
1990-12-26 18:00:00+00:00,0.0,0.0,0.0,0.99,1.45
1990-12-26 19:00:00+00:00,0.0,0.0,0.0,0.95,1.52
1990-12-26 20:00:00+00:00,0.0,0.0,0.0,0.77,1.52
1990-12-26 21:00:00+00:00,0.0,0.0,0.0,0.69,1.66
1990-12-26 22:00:00+00:00,0.0,0.0,0.0,0.5,1.66
1990-12-26 23:00:00+00:00,0.0,0.0,0.0,0.46,1.66
1990-12-27 00:00:00+00:00,0.0,0.0,0.0,0.26,1.72
1990-12-27 01:00:00+00:00,0.0,0.0,0.0,0.29,1.93
1990-12-27 02:00:00+00:00,0.0,0.0,0.0,0.25,1.86
1990-12-27 03:00:00+00:00,0.0,0.0,0.0,0.21,1.72
1990-12-27 04:00:00+00:00,0.0,0.0,0.0,-0.06,1.59
1990-12-27 05:00:00+00:00,0.0,0.0,0.0,-0.21,1.45
1990-12-27 06:00:00+00:00,0.0,0.0,0.0,-0.57,1.38
1990-12-27 07:00:00+00:00,0.0,0.0,0.0,-0.84,1.31
1990-12-27 08:00:00+00:00,0.0,0.0,0.0,-0.75,1.38
1990-12-27 09:00:00+00:00,2.0,0.0,2.0,-0.53,1.59
1990-12-27 10:00:00+00:00,51.0,70.08,43.0,0.36,2.0
1990-12-27 11:00:00+00:00,70.0,35.95,64.0,0.76,1.38
1990-12-27 12:00:00+00:00,0.0,0.0,0.0,1.13,1.31
1990-12-27 13:00:00+00:00,79.0,64.77,68.0,1.38,1.52
1990-12-27 14:00:00+00:00,12.0,0.0,12.0,1.6,1.86
1990-12-27 15:00:00+00:00,8.0,0.0,8.0,1.38,1.79
1990-12-27 16:00:00+00:00,0.0,0.0,0.0,1.15,1.72
1990-12-27 17:00:00+00:00,0.0,0.0,0.0,1.01,1.66
1990-12-27 18:00:00+00:00,0.0,0.0,0.0,0.92,1.52
1990-12-27 19:00:00+00:00,0.0,0.0,0.0,0.07,1.31
1990-12-27 20:00:00+00:00,0.0,0.0,0.0,0.04,1.17
1990-12-27 21:00:00+00:00,0.0,0.0,0.0,0.26,1.17
1990-12-27 22:00:00+00:00,0.0,0.0,0.0,0.55,1.17
1990-12-27 23:00:00+00:00,0.0,0.0,0.0,0.77,1.45
1990-12-28 00:00:00+00:00,0.0,0.0,0.0,0.83,1.79
1990-12-28 01:00:00+00:00,0.0,0.0,0.0,1.35,2.0
1990-12-28 02:00:00+00:00,0.0,0.0,0.0,1.16,2.21
1990-12-28 03:00:00+00:00,0.0,0.0,0.0,0.63,2.28
1990-12-28 04:00:00+00:00,0.0,0.0,0.0,0.07,2.21
1990-12-28 05:00:00+00:00,0.0,0.0,0.0,-0.6,2.0
1990-12-28 06:00:00+00:00,0.0,0.0,0.0,-1.25,1.79
1990-12-28 07:00:00+00:00,0.0,0.0,0.0,-0.89,2.14
1990-12-28 08:00:00+00:00,0.0,0.0,0.0,-0.27,2.28
1990-12-28 09:00:00+00:00,2.0,0.0,2.0,-0.48,1.59
1990-12-28 10:00:00+00:00,26.0,0.0,26.0,1.14,0.83
1990-12-28 11:00:00+00:00,78.0,65.72,67.0,1.32,0.97
1990-12-28 12:00:00+00:00,100.0,112.52,79.0,2.94,1.17
1990-12-28 13:00:00+00:00,77.0,52.67,68.0,3.58,1.24
1990-12-28 14:00:00+00:00,24.0,0.0,24.0,3.72,1.72
1990-12-28 15:00:00+00:00,4.0,0.0,4.0,3.84,2.14
1990-12-28 16:00:00+00:00,0.0,0.0,0.0,4.12,2.34
1990-12-28 17:00:00+00:00,0.0,0.0,0.0,4.68,2.55
1990-12-28 18:00:00+00:00,0.0,0.0,0.0,5.2,2.83
1990-12-28 19:00:00+00:00,0.0,0.0,0.0,5.52,3.1
1990-12-28 20:00:00+00:00,0.0,0.0,0.0,5.87,3.52
1990-12-28 21:00:00+00:00,0.0,0.0,0.0,6.14,3.86
1990-12-28 22:00:00+00:00,0.0,0.0,0.0,6.12,4.28
1990-12-28 23:00:00+00:00,0.0,0.0,0.0,5.63,4.34
1990-12-29 00:00:00+00:00,0.0,0.0,0.0,5.3,4.41
1990-12-29 01:00:00+00:00,0.0,0.0,0.0,5.21,4.48
1990-12-29 02:00:00+00:00,0.0,0.0,0.0,5.16,4.62
1990-12-29 03:00:00+00:00,0.0,0.0,0.0,5.19,4.83
1990-12-29 04:00:00+00:00,0.0,0.0,0.0,5.3,5.17
1990-12-29 05:00:00+00:00,0.0,0.0,0.0,5.36,5.52
1990-12-29 06:00:00+00:00,0.0,0.0,0.0,5.82,6.48
1990-12-29 07:00:00+00:00,0.0,0.0,0.0,6.32,7.24
1990-12-29 08:00:00+00:00,0.0,0.0,0.0,6.81,7.52
1990-12-29 09:00:00+00:00,2.0,0.0,2.0,7.25,8.14
1990-12-29 10:00:00+00:00,11.0,0.0,11.0,7.46,8.97
1990-12-29 11:00:00+00:00,23.0,0.0,23.0,7.93,9.1
1990-12-29 12:00:00+00:00,96.0,95.98,78.0,8.38,8.76
1990-12-29 13:00:00+00:00,68.0,29.07,63.0,8.98,8.55
1990-12-29 14:00:00+00:00,11.0,0.0,11.0,9.46,8.62
1990-12-29 15:00:00+00:00,11.0,0.0,11.0,9.62,8.55
1990-12-29 16:00:00+00:00,0.0,0.0,0.0,9.54,8.34
1990-12-29 17:00:00+00:00,0.0,0.0,0.0,9.56,7.52
1990-12-29 18:00:00+00:00,0.0,0.0,0.0,9.35,6.69
1990-12-29 19:00:00+00:00,0.0,0.0,0.0,9.48,5.66
1990-12-29 20:00:00+00:00,0.0,0.0,0.0,9.58,5.93
1990-12-29 21:00:00+00:00,0.0,0.0,0.0,9.67,7.03
1990-12-29 22:00:00+00:00,0.0,0.0,0.0,10.15,7.93
1990-12-29 23:00:00+00:00,0.0,0.0,0.0,10.22,8.62
1990-12-30 00:00:00+00:00,0.0,0.0,0.0,10.81,9.93
1990-12-30 01:00:00+00:00,0.0,0.0,0.0,10.82,11.38
1990-12-30 02:00:00+00:00,0.0,0.0,0.0,8.49,11.38
1990-12-30 03:00:00+00:00,0.0,0.0,0.0,7.0,8.69
1990-12-30 04:00:00+00:00,0.0,0.0,0.0,6.38,7.72
1990-12-30 05:00:00+00:00,0.0,0.0,0.0,6.18,7.59
1990-12-30 06:00:00+00:00,0.0,0.0,0.0,5.93,7.31
1990-12-30 07:00:00+00:00,0.0,0.0,0.0,5.65,6.07
1990-12-30 08:00:00+00:00,0.0,0.0,0.0,5.55,6.14
1990-12-30 09:00:00+00:00,8.0,0.0,8.0,5.41,6.28
1990-12-30 10:00:00+00:00,79.0,373.25,36.0,5.7,6.41
1990-12-30 11:00:00+00:00,133.0,491.88,50.0,6.11,6.21
1990-12-30 12:00:00+00:00,151.0,503.83,56.0,6.36,6.62
1990-12-30 13:00:00+00:00,113.0,253.89,69.0,6.5,7.03
1990-12-30 14:00:00+00:00,69.0,177.4,47.0,6.18,5.66
1990-12-30 15:00:00+00:00,12.0,0.0,12.0,5.77,4.76
1990-12-30 16:00:00+00:00,0.0,0.0,0.0,5.4,4.21
1990-12-30 17:00:00+00:00,0.0,0.0,0.0,4.83,3.86
1990-12-30 18:00:00+00:00,0.0,0.0,0.0,4.45,3.86
1990-12-30 19:00:00+00:00,0.0,0.0,0.0,4.16,4.21
1990-12-30 20:00:00+00:00,0.0,0.0,0.0,3.9,4.62
1990-12-30 21:00:00+00:00,0.0,0.0,0.0,3.82,4.69
1990-12-30 22:00:00+00:00,0.0,0.0,0.0,4.18,4.83
1990-12-30 23:00:00+00:00,0.0,0.0,0.0,4.36,5.24
1990-12-31 00:00:00+00:00,0.0,0.0,0.0,4.7,5.59
1990-12-31 01:00:00+00:00,0.0,0.0,0.0,5.12,6.41
1990-12-31 02:00:00+00:00,0.0,0.0,0.0,5.27,6.83
1990-12-31 03:00:00+00:00,0.0,0.0,0.0,5.22,6.97
1990-12-31 04:00:00+00:00,0.0,0.0,0.0,5.06,6.9
1990-12-31 05:00:00+00:00,0.0,0.0,0.0,4.75,6.41
1990-12-31 06:00:00+00:00,0.0,0.0,0.0,4.61,6.14
1990-12-31 07:00:00+00:00,0.0,0.0,0.0,4.57,5.72
1990-12-31 08:00:00+00:00,0.0,0.0,0.0,4.59,5.93
1990-12-31 09:00:00+00:00,6.0,0.0,6.0,4.84,6.0
1990-12-31 10:00:00+00:00,31.0,0.0,31.0,5.5,6.28
1990-12-31 11:00:00+00:00,93.0,129.7,71.0,6.17,6.9
1990-12-31 12:00:00+00:00,24.0,0.0,24.0,6.37,8.21
1990-12-31 13:00:00+00:00,31.0,0.0,31.0,5.77,8.69
1990-12-31 14:00:00+00:00,8.0,0.0,8.0,6.26,9.24
1990-12-31 15:00:00+00:00,13.0,0.0,13.0,7.53,8.76
1990-12-31 16:00:00+00:00,0.0,0.0,0.0,6.78,12.9
1990-12-31 17:00:00+00:00,0.0,0.0,0.0,6.51,12.22
1990-12-31 18:00:00+00:00,0.0,0.0,0.0,6.24,11.54
1990-12-31 19:00:00+00:00,0.0,0.0,0.0,5.98,10.86
1990-12-31 20:00:00+00:00,0.0,0.0,0.0,5.71,10.18
1990-12-31 21:00:00+00:00,0.0,0.0,0.0,5.44,9.5
1990-12-31 22:00:00+00:00,0.0,0.0,0.0,5.18,8.82
1990-12-31 23:00:00+00:00,0.0,0.0,0.0,4.91,8.14
