time(UTC),ghi,dni,dhi,temp_air,wind_speed
1990-01-01 00:00:00+00:00,0.0,0.0,0.0,6.3,5.32
1990-01-01 01:00:00+00:00,0.0,0.0,0.0,6.07,5.3
1990-01-01 02:00:00+00:00,0.0,0.0,0.0,5.83,5.28
1990-01-01 03:00:00+00:00,0.0,0.0,0.0,5.59,5.27
1990-01-01 04:00:00+00:00,0.0,0.0,0.0,5.35,5.25
1990-01-01 05:00:00+00:00,0.0,0.0,0.0,5.12,5.24
1990-01-01 06:00:00+00:00,0.0,0.0,0.0,4.88,5.22
1990-01-01 07:00:00+00:00,0.0,0.0,0.0,4.64,5.21
1990-01-01 08:00:00+00:00,0.0,0.0,0.0,5.53,6.07
1990-01-01 09:00:00+00:00,7.0,0.0,7.0,5.82,6.83
1990-01-01 10:00:00+00:00,35.0,0.0,35.0,6.43,7.86
1990-01-01 11:00:00+00:00,80.0,18.74,76.0,6.55,9.45
1990-01-01 12:00:00+00:00,77.0,4.26,76.0,5.99,10.07
1990-01-01 13:00:00+00:00,16.0,0.0,16.0,5.91,9.66
1990-01-01 14:00:00+00:00,42.0,0.0,42.0,7.05,8.9
1990-01-01 15:00:00+00:00,32.0,61.48,27.0,8.63,7.72
1990-01-01 16:00:00+00:00,0.0,0.0,0.0,9.77,7.1
1990-01-01 17:00:00+00:00,0.0,0.0,0.0,10.37,6.83
1990-01-01 18:00:00+00:00,0.0,0.0,0.0,10.4,6.62
1990-01-01 19:00:00+00:00,0.0,0.0,0.0,10.26,7.03
1990-01-01 20:00:00+00:00,0.0,0.0,0.0,10.1,6.34
1990-01-01 21:00:00+00:00,0.0,0.0,0.0,9.55,5.17
1990-01-01 22:00:00+00:00,0.0,0.0,0.0,8.63,4.55
1990-01-01 23:00:00+00:00,0.0,0.0,0.0,7.83,4.83
1990-01-02 00:00:00+00:00,0.0,0.0,0.0,7.17,5.1
1990-01-02 01:00:00+00:00,0.0,0.0,0.0,6.74,5.24
1990-01-02 02:00:00+00:00,0.0,0.0,0.0,6.67,5.52
1990-01-02 03:00:00+00:00,0.0,0.0,0.0,6.68,5.66
1990-01-02 04:00:00+00:00,0.0,0.0,0.0,6.49,5.79
1990-01-02 05:00:00+00:00,0.0,0.0,0.0,6.29,5.52
1990-01-02 06:00:00+00:00,0.0,0.0,0.0,5.99,5.03
1990-01-02 07:00:00+00:00,0.0,0.0,0.0,6.22,5.31
1990-01-02 08:00:00+00:00,0.0,0.0,0.0,6.05,4.69
1990-01-02 09:00:00+00:00,39.0,267.06,21.0,5.82,4.28
1990-01-02 10:00:00+00:00,123.0,484.14,47.0,6.09,4.28
1990-01-02 11:00:00+00:00,157.0,340.25,84.0,6.81,4.55
1990-01-02 12:00:00+00:00,167.0,287.91,99.0,7.52,4.83
1990-01-02 13:00:00+00:00,129.0,145.18,97.0,8.12,4.83
1990-01-02 14:00:00+00:00,129.0,445.6,54.0,8.27,5.1
1990-01-02 15:00:00+00:00,43.0,179.8,28.0,8.0,4.9
1990-01-02 16:00:00+00:00,0.0,0.0,0.0,7.3,4.69
1990-01-02 17:00:00+00:00,0.0,0.0,0.0,6.75,5.1
1990-01-02 18:00:00+00:00,0.0,0.0,0.0,6.62,5.52
1990-01-02 19:00:00+00:00,0.0,0.0,0.0,6.56,5.93
1990-01-02 20:00:00+00:00,0.0,0.0,0.0,6.55,6.83
1990-01-02 21:00:00+00:00,0.0,0.0,0.0,6.67,7.72
1990-01-02 22:00:00+00:00,0.0,0.0,0.0,7.1,8.55
1990-01-02 23:00:00+00:00,0.0,0.0,0.0,7.59,9.03
1990-01-03 00:00:00+00:00,0.0,0.0,0.0,8.25,8.34
1990-01-03 01:00:00+00:00,0.0,0.0,0.0,8.76,7.17
1990-01-03 02:00:00+00:00,0.0,0.0,0.0,8.29,7.03
1990-01-03 03:00:00+00:00,0.0,0.0,0.0,7.69,7.1
1990-01-03 04:00:00+00:00,0.0,0.0,0.0,7.27,7.59
1990-01-03 05:00:00+00:00,0.0,0.0,0.0,7.11,7.93
1990-01-03 06:00:00+00:00,0.0,0.0,0.0,7.0,8.62
1990-01-03 07:00:00+00:00,0.0,0.0,0.0,6.88,8.21
1990-01-03 08:00:00+00:00,0.0,0.0,0.0,6.41,8.14
1990-01-03 09:00:00+00:00,4.0,0.0,4.0,6.26,8.69
1990-01-03 10:00:00+00:00,43.0,0.0,43.0,6.34,8.97
1990-01-03 11:00:00+00:00,133.0,176.07,95.0,6.88,9.1
1990-01-03 12:00:00+00:00,18.0,0.0,18.0,7.04,8.9
1990-01-03 13:00:00+00:00,191.0,580.45,62.0,7.15,8.55
1990-01-03 14:00:00+00:00,137.0,516.56,49.0,6.84,8.9
1990-01-03 15:00:00+00:00,39.0,105.09,30.0,6.67,8.48
1990-01-03 16:00:00+00:00,0.0,0.0,0.0,6.29,8.14
1990-01-03 17:00:00+00:00,0.0,0.0,0.0,6.26,8.62
1990-01-03 18:00:00+00:00,0.0,0.0,0.0,6.67,9.1
1990-01-03 19:00:00+00:00,0.0,0.0,0.0,6.23,7.93
1990-01-03 20:00:00+00:00,0.0,0.0,0.0,6.34,8.28
1990-01-03 21:00:00+00:00,0.0,0.0,0.0,6.35,8.62
1990-01-03 22:00:00+00:00,0.0,0.0,0.0,6.27,8.83
1990-01-03 23:00:00+00:00,0.0,0.0,0.0,6.44,9.03
1990-01-04 00:00:00+00:00,0.0,0.0,0.0,6.47,8.9
1990-01-04 01:00:00+00:00,0.0,0.0,0.0,6.29,8.0
1990-01-04 02:00:00+00:00,0.0,0.0,0.0,5.87,6.55
1990-01-04 03:00:00+00:00,0.0,0.0,0.0,5.42,5.31
1990-01-04 04:00:00+00:00,0.0,0.0,0.0,4.69,4.28
1990-01-04 05:00:00+00:00,0.0,0.0,0.0,4.19,3.93
1990-01-04 06:00:00+00:00,0.0,0.0,0.0,3.86,3.93
1990-01-04 07:00:00+00:00,0.0,0.0,0.0,4.48,4.69
1990-01-04 08:00:00+00:00,0.0,0.0,0.0,4.62,4.55
1990-01-04 09:00:00+00:00,27.0,58.03,23.0,4.77,4.28
1990-01-04 10:00:00+00:00,61.0,25.15,57.0,5.24,3.79
1990-01-04 11:00:00+00:00,61.0,0.0,61.0,5.72,3.31
1990-01-04 12:00:00+00:00,61.0,0.0,61.0,6.02,2.48
1990-01-04 13:00:00+00:00,105.0,49.07,94.0,6.32,2.21
1990-01-04 14:00:00+00:00,88.0,98.54,71.0,6.38,2.55
1990-01-04 15:00:00+00:00,22.0,0.0,22.0,6.2,3.86
1990-01-04 16:00:00+00:00,0.0,0.0,0.0,5.78,4.28
1990-01-04 17:00:00+00:00,0.0,0.0,0.0,5.32,4.0
1990-01-04 18:00:00+00:00,0.0,0.0,0.0,4.93,3.79
1990-01-04 19:00:00+00:00,0.0,0.0,0.0,4.47,2.83
1990-01-04 20:00:00+00:00,0.0,0.0,0.0,3.75,3.1
1990-01-04 21:00:00+00:00,0.0,0.0,0.0,3.18,3.17
1990-01-04 22:00:00+00:00,0.0,0.0,0.0,2.75,3.03
1990-01-04 23:00:00+00:00,0.0,0.0,0.0,2.38,3.17
1990-01-05 00:00:00+00:00,0.0,0.0,0.0,2.4,3.45
1990-01-05 01:00:00+00:00,0.0,0.0,0.0,2.79,4.07
1990-01-05 02:00:00+00:00,0.0,0.0,0.0,2.88,4.34
1990-01-05 03:00:00+00:00,0.0,0.0,0.0,3.18,4.07
1990-01-05 04:00:00+00:00,0.0,0.0,0.0,3.25,3.79
1990-01-05 05:00:00+00:00,0.0,0.0,0.0,3.06,3.59
1990-01-05 06:00:00+00:00,0.0,0.0,0.0,2.58,3.38
1990-01-05 07:00:00+00:00,0.0,0.0,0.0,2.62,3.59
1990-01-05 08:00:00+00:00,0.0,0.0,0.0,2.55,4.07
1990-01-05 09:00:00+00:00,14.0,0.0,14.0,2.56,4.48
1990-01-05 10:00:00+00:00,55.0,12.48,53.0,3.36,5.1
1990-01-05 11:00:00+00:00,42.0,0.0,42.0,4.11,5.72
1990-01-05 12:00:00+00:00,58.0,0.0,58.0,4.65,5.93
1990-01-05 13:00:00+00:00,75.0,4.42,74.0,4.87,6.28
1990-01-05 14:00:00+00:00,16.0,0.0,16.0,5.24,7.59
1990-01-05 15:00:00+00:00,8.0,0.0,8.0,5.84,8.41
1990-01-05 16:00:00+00:00,0.0,0.0,0.0,6.85,9.24
1990-01-05 17:00:00+00:00,0.0,0.0,0.0,7.61,9.38
1990-01-05 18:00:00+00:00,0.0,0.0,0.0,7.92,9.31
1990-01-05 19:00:00+00:00,0.0,0.0,0.0,7.75,9.66
1990-01-05 20:00:00+00:00,0.0,0.0,0.0,8.33,8.9
1990-01-05 21:00:00+00:00,0.0,0.0,0.0,9.54,8.0
1990-01-05 22:00:00+00:00,0.0,0.0,0.0,10.7,8.62
1990-01-05 23:00:00+00:00,0.0,0.0,0.0,9.96,8.14
1990-01-06 00:00:00+00:00,0.0,0.0,0.0,9.1,6.97
1990-01-06 01:00:00+00:00,0.0,0.0,0.0,8.74,6.9
1990-01-06 02:00:00+00:00,0.0,0.0,0.0,8.22,6.97
1990-01-06 03:00:00+00:00,0.0,0.0,0.0,7.88,6.97
1990-01-06 04:00:00+00:00,0.0,0.0,0.0,7.67,6.76
1990-01-06 05:00:00+00:00,0.0,0.0,0.0,7.55,6.97
1990-01-06 06:00:00+00:00,0.0,0.0,0.0,7.57,7.38
1990-01-06 07:00:00+00:00,0.0,0.0,0.0,7.96,7.24
1990-01-06 08:00:00+00:00,0.0,0.0,0.0,8.19,8.0
1990-01-06 09:00:00+00:00,4.0,0.0,4.0,8.34,8.62
1990-01-06 10:00:00+00:00,11.0,0.0,11.0,8.92,9.24
1990-01-06 11:00:00+00:00,98.0,40.83,89.0,9.58,9.72
1990-01-06 12:00:00+00:00,142.0,139.81,108.0,9.88,9.93
1990-01-06 13:00:00+00:00,105.0,48.15,94.0,10.07,10.0
1990-01-06 14:00:00+00:00,43.0,0.0,43.0,10.11,9.72
1990-01-06 15:00:00+00:00,23.0,0.0,23.0,10.07,9.17
1990-01-06 16:00:00+00:00,0.0,0.0,0.0,9.76,8.62
1990-01-06 17:00:00+00:00,0.0,0.0,0.0,9.39,8.34
1990-01-06 18:00:00+00:00,0.0,0.0,0.0,9.15,8.28
1990-01-06 19:00:00+00:00,0.0,0.0,0.0,9.12,8.07
1990-01-06 20:00:00+00:00,0.0,0.0,0.0,8.96,8.07
1990-01-06 21:00:00+00:00,0.0,0.0,0.0,8.89,8.41
1990-01-06 22:00:00+00:00,0.0,0.0,0.0,8.97,8.48
1990-01-06 23:00:00+00:00,0.0,0.0,0.0,8.79,8.41
1990-01-07 00:00:00+00:00,0.0,0.0,0.0,8.68,8.14
1990-01-07 01:00:00+00:00,0.0,0.0,0.0,8.43,7.93
1990-01-07 02:00:00+00:00,0.0,0.0,0.0,8.13,7.93
1990-01-07 03:00:00+00:00,0.0,0.0,0.0,7.9,7.86
1990-01-07 04:00:00+00:00,0.0,0.0,0.0,7.85,7.72
1990-01-07 05:00:00+00:00,0.0,0.0,0.0,7.95,7.66
1990-01-07 06:00:00+00:00,0.0,0.0,0.0,7.94,7.45
1990-01-07 07:00:00+00:00,0.0,0.0,0.0,7.97,6.69
1990-01-07 08:00:00+00:00,0.0,0.0,0.0,7.71,6.41
1990-01-07 09:00:00+00:00,35.0,138.57,25.0,7.67,6.28
1990-01-07 10:00:00+00:00,122.0,416.79,54.0,7.98,6.41
1990-01-07 11:00:00+00:00,176.0,450.08,76.0,8.36,6.97
1990-01-07 12:00:00+00:00,96.0,20.39,91.0,8.86,7.45
1990-01-07 13:00:00+00:00,64.0,0.0,64.0,9.11,7.86
1990-01-07 14:00:00+00:00,102.0,150.25,75.0,9.13,8.0
1990-01-07 15:00:00+00:00,28.0,10.46,27.0,9.0,7.93
1990-01-07 16:00:00+00:00,0.0,0.0,0.0,8.84,7.52
1990-01-07 17:00:00+00:00,0.0,0.0,0.0,8.71,6.97
1990-01-07 18:00:00+00:00,0.0,0.0,0.0,8.46,6.62
1990-01-07 19:00:00+00:00,0.0,0.0,0.0,8.21,6.48
1990-01-07 20:00:00+00:00,0.0,0.0,0.0,8.18,6.28
1990-01-07 21:00:00+00:00,0.0,0.0,0.0,8.23,6.28
1990-01-07 22:00:00+00:00,0.0,0.0,0.0,8.08,6.07
1990-01-07 23:00:00+00:00,0.0,0.0,0.0,7.93,6.07
1990-01-08 00:00:00+00:00,0.0,0.0,0.0,7.92,6.21
1990-01-08 01:00:00+00:00,0.0,0.0,0.0,7.83,6.41
1990-01-08 02:00:00+00:00,0.0,0.0,0.0,7.86,6.69
1990-01-08 03:00:00+00:00,0.0,0.0,0.0,8.08,6.9
1990-01-08 04:00:00+00:00,0.0,0.0,0.0,8.12,7.03
1990-01-08 05:00:00+00:00,0.0,0.0,0.0,8.14,6.9
1990-01-08 06:00:00+00:00,0.0,0.0,0.0,8.08,6.83
1990-01-08 07:00:00+00:00,0.0,0.0,0.0,8.06,6.28
1990-01-08 08:00:00+00:00,0.0,0.0,0.0,7.89,5.93
1990-01-08 09:00:00+00:00,45.0,312.97,22.0,7.49,5.1
1990-01-08 10:00:00+00:00,130.0,491.62,49.0,7.62,4.41
1990-01-08 11:00:00+00:00,127.0,124.95,99.0,8.2,3.59
1990-01-08 12:00:00+00:00,117.0,52.54,104.0,8.71,3.52
1990-01-08 13:00:00+00:00,93.0,21.44,88.0,9.11,3.03
1990-01-08 14:00:00+00:00,41.0,0.0,41.0,9.06,2.21
1990-01-08 15:00:00+00:00,31.0,20.34,29.0,8.79,1.52
1990-01-08 16:00:00+00:00,0.0,0.0,0.0,8.06,2.28
1990-01-08 17:00:00+00:00,0.0,0.0,0.0,7.33,2.41
1990-01-08 18:00:00+00:00,0.0,0.0,0.0,6.99,2.76
1990-01-08 19:00:00+00:00,0.0,0.0,0.0,6.73,2.62
1990-01-08 20:00:00+00:00,0.0,0.0,0.0,5.81,3.17
1990-01-08 21:00:00+00:00,0.0,0.0,0.0,5.27,3.66
1990-01-08 22:00:00+00:00,0.0,0.0,0.0,5.21,4.21
1990-01-08 23:00:00+00:00,0.0,0.0,0.0,5.3,4.0
1990-01-09 00:00:00+00:00,0.0,0.0,0.0,5.56,2.76
1990-01-09 01:00:00+00:00,0.0,0.0,0.0,5.67,1.86
1990-01-09 02:00:00+00:00,0.0,0.0,0.0,5.7,1.38
1990-01-09 03:00:00+00:00,0.0,0.0,0.0,6.15,0.48
1990-01-09 04:00:00+00:00,0.0,0.0,0.0,5.13,1.52
1990-01-09 05:00:00+00:00,0.0,0.0,0.0,5.29,4.21
1990-01-09 06:00:00+00:00,0.0,0.0,0.0,4.71,5.52
1990-01-09 07:00:00+00:00,0.0,0.0,0.0,5.0,6.14
1990-01-09 08:00:00+00:00,0.0,0.0,0.0,5.35,5.24
1990-01-09 09:00:00+00:00,42.0,226.85,25.0,5.64,5.24
1990-01-09 10:00:00+00:00,130.0,474.48,51.0,5.9,6.07
1990-01-09 11:00:00+00:00,38.0,0.0,38.0,6.05,7.1
1990-01-09 12:00:00+00:00,173.0,264.29,107.0,6.19,7.45
1990-01-09 13:00:00+00:00,173.0,335.14,94.0,6.19,7.03
1990-01-09 14:00:00+00:00,66.0,16.21,63.0,6.21,6.76
1990-01-09 15:00:00+00:00,21.0,0.0,21.0,6.02,6.55
1990-01-09 16:00:00+00:00,0.0,0.0,0.0,5.6,6.07
1990-01-09 17:00:00+00:00,0.0,0.0,0.0,5.41,5.93
1990-01-09 18:00:00+00:00,0.0,0.0,0.0,5.44,5.72
1990-01-09 19:00:00+00:00,0.0,0.0,0.0,5.67,5.24
1990-01-09 20:00:00+00:00,0.0,0.0,0.0,5.51,4.97
1990-01-09 21:00:00+00:00,0.0,0.0,0.0,5.19,4.69
1990-01-09 22:00:00+00:00,0.0,0.0,0.0,4.99,4.28
1990-01-09 23:00:00+00:00,0.0,0.0,0.0,4.73,4.0
1990-01-10 00:00:00+00:00,0.0,0.0,0.0,4.75,3.72
1990-01-10 01:00:00+00:00,0.0,0.0,0.0,4.71,3.66
1990-01-10 02:00:00+00:00,0.0,0.0,0.0,4.79,3.59
1990-01-10 03:00:00+00:00,0.0,0.0,0.0,4.99,3.66
1990-01-10 04:00:00+00:00,0.0,0.0,0.0,4.89,3.52
1990-01-10 05:00:00+00:00,0.0,0.0,0.0,4.64,3.45
1990-01-10 06:00:00+00:00,0.0,0.0,0.0,4.2,3.31
1990-01-10 07:00:00+00:00,0.0,0.0,0.0,3.93,3.24
1990-01-10 08:00:00+00:00,0.0,0.0,0.0,3.69,3.52
1990-01-10 09:00:00+00:00,47.0,300.6,24.0,3.89,3.86
1990-01-10 10:00:00+00:00,105.0,213.83,69.0,4.71,4.07
1990-01-10 11:00:00+00:00,190.0,530.09,69.0,5.77,4.07
1990-01-10 12:00:00+00:00,138.0,103.11,112.0,6.86,3.93
1990-01-10 13:00:00+00:00,199.0,528.57,73.0,7.57,4.0
1990-01-10 14:00:00+00:00,83.0,47.9,74.0,8.07,4.14
1990-01-10 15:00:00+00:00,34.0,19.2,32.0,8.12,4.21
1990-01-10 16:00:00+00:00,0.0,0.0,0.0,7.71,4.28
1990-01-10 17:00:00+00:00,0.0,0.0,0.0,7.64,4.55
1990-01-10 18:00:00+00:00,0.0,0.0,0.0,7.62,4.69
1990-01-10 19:00:00+00:00,0.0,0.0,0.0,7.53,4.55
1990-01-10 20:00:00+00:00,0.0,0.0,0.0,7.54,4.21
1990-01-10 21:00:00+00:00,0.0,0.0,0.0,7.57,3.45
1990-01-10 22:00:00+00:00,0.0,0.0,0.0,7.33,3.31
1990-01-10 23:00:00+00:00,0.0,0.0,0.0,6.82,3.66
1990-01-11 00:00:00+00:00,0.0,0.0,0.0,6.27,3.93
1990-01-11 01:00:00+00:00,0.0,0.0,0.0,5.56,3.93
1990-01-11 02:00:00+00:00,0.0,0.0,0.0,5.18,4.0
1990-01-11 03:00:00+00:00,0.0,0.0,0.0,4.74,4.14
1990-01-11 04:00:00+00:00,0.0,0.0,0.0,4.41,4.0
1990-01-11 05:00:00+00:00,0.0,0.0,0.0,4.3,3.59
1990-01-11 06:00:00+00:00,0.0,0.0,0.0,3.82,4.0
1990-01-11 07:00:00+00:00,0.0,0.0,0.0,3.45,4.48
1990-01-11 08:00:00+00:00,0.0,0.0,0.0,3.29,4.55
1990-01-11 09:00:00+00:00,4.0,0.0,4.0,3.26,4.62
1990-01-11 10:00:00+00:00,26.0,0.0,26.0,3.6,5.66
1990-01-11 11:00:00+00:00,177.0,390.39,87.0,4.19,5.1
1990-01-11 12:00:00+00:00,222.0,581.11,74.0,4.99,4.83
1990-01-11 13:00:00+00:00,190.0,422.98,88.0,5.3,4.97
1990-01-11 14:00:00+00:00,133.0,303.92,75.0,5.46,5.24
1990-01-11 15:00:00+00:00,54.0,130.6,40.0,5.21,4.41
1990-01-11 16:00:00+00:00,0.0,0.0,0.0,4.67,3.79
1990-01-11 17:00:00+00:00,0.0,0.0,0.0,4.17,2.76
1990-01-11 18:00:00+00:00,0.0,0.0,0.0,3.72,2.21
1990-01-11 19:00:00+00:00,0.0,0.0,0.0,2.8,2.14
1990-01-11 20:00:00+00:00,0.0,0.0,0.0,2.21,2.28
1990-01-11 21:00:00+00:00,0.0,0.0,0.0,1.62,2.41
1990-01-11 22:00:00+00:00,0.0,0.0,0.0,1.12,2.28
1990-01-11 23:00:00+00:00,0.0,0.0,0.0,0.69,2.48
1990-01-12 00:00:00+00:00,0.0,0.0,0.0,0.48,2.76
1990-01-12 01:00:00+00:00,0.0,0.0,0.0,0.68,3.24
1990-01-12 02:00:00+00:00,0.0,0.0,0.0,0.92,3.79
1990-01-12 03:00:00+00:00,0.0,0.0,0.0,1.04,4.28
1990-01-12 04:00:00+00:00,0.0,0.0,0.0,0.91,4.9
1990-01-12 05:00:00+00:00,0.0,0.0,0.0,0.88,5.45
1990-01-12 06:00:00+00:00,0.0,0.0,0.0,0.76,5.38
1990-01-12 07:00:00+00:00,0.0,0.0,0.0,0.91,5.38
1990-01-12 08:00:00+00:00,0.0,0.0,0.0,0.99,5.66
1990-01-12 09:00:00+00:00,42.0,174.94,28.0,1.29,6.0
1990-01-12 10:00:00+00:00,90.0,104.38,72.0,2.0,6.48
1990-01-12 11:00:00+00:00,126.0,98.74,103.0,2.77,6.34
1990-01-12 12:00:00+00:00,41.0,0.0,41.0,3.35,7.17
1990-01-12 13:00:00+00:00,37.0,0.0,37.0,3.69,7.38
1990-01-12 14:00:00+00:00,50.0,0.0,50.0,3.84,6.9
1990-01-12 15:00:00+00:00,10.0,0.0,10.0,4.09,6.76
1990-01-12 16:00:00+00:00,0.0,0.0,0.0,4.57,7.24
1990-01-12 17:00:00+00:00,0.0,0.0,0.0,5.01,7.1
1990-01-12 18:00:00+00:00,0.0,0.0,0.0,5.37,7.03
1990-01-12 19:00:00+00:00,0.0,0.0,0.0,5.78,7.24
1990-01-12 20:00:00+00:00,0.0,0.0,0.0,6.07,7.31
1990-01-12 21:00:00+00:00,0.0,0.0,0.0,6.43,6.62
1990-01-12 22:00:00+00:00,0.0,0.0,0.0,6.86,5.45
1990-01-12 23:00:00+00:00,0.0,0.0,0.0,7.39,4.69
1990-01-13 00:00:00+00:00,0.0,0.0,0.0,7.19,5.52
1990-01-13 01:00:00+00:00,0.0,0.0,0.0,6.35,4.97
1990-01-13 02:00:00+00:00,0.0,0.0,0.0,5.62,3.93
1990-01-13 03:00:00+00:00,0.0,0.0,0.0,4.82,3.59
1990-01-13 04:00:00+00:00,0.0,0.0,0.0,4.43,3.66
1990-01-13 05:00:00+00:00,0.0,0.0,0.0,4.31,3.59
1990-01-13 06:00:00+00:00,0.0,0.0,0.0,4.11,3.66
1990-01-13 07:00:00+00:00,0.0,0.0,0.0,3.97,3.79
1990-01-13 08:00:00+00:00,0.0,0.0,0.0,3.69,3.72
1990-01-13 09:00:00+00:00,40.0,134.2,29.0,3.44,3.86
1990-01-13 10:00:00+00:00,142.0,520.96,51.0,3.79,4.14
1990-01-13 11:00:00+00:00,211.0,641.35,60.0,4.79,4.14
1990-01-13 12:00:00+00:00,238.0,668.94,64.0,5.65,4.97
1990-01-13 13:00:00+00:00,135.0,101.21,110.0,6.23,5.31
1990-01-13 14:00:00+00:00,112.0,137.02,85.0,6.55,5.38
1990-01-13 15:00:00+00:00,54.0,96.82,43.0,6.52,5.31
1990-01-13 16:00:00+00:00,0.0,0.0,0.0,6.12,5.17
1990-01-13 17:00:00+00:00,0.0,0.0,0.0,5.99,4.69
1990-01-13 18:00:00+00:00,0.0,0.0,0.0,5.71,4.28
1990-01-13 19:00:00+00:00,0.0,0.0,0.0,5.59,4.41
1990-01-13 20:00:00+00:00,0.0,0.0,0.0,5.22,3.86
1990-01-13 21:00:00+00:00,0.0,0.0,0.0,4.73,3.59
1990-01-13 22:00:00+00:00,0.0,0.0,0.0,4.56,3.59
1990-01-13 23:00:00+00:00,0.0,0.0,0.0,4.48,3.79
1990-01-14 00:00:00+00:00,0.0,0.0,0.0,4.58,4.21
1990-01-14 01:00:00+00:00,0.0,0.0,0.0,4.61,4.9
1990-01-14 02:00:00+00:00,0.0,0.0,0.0,4.43,5.31
1990-01-14 03:00:00+00:00,0.0,0.0,0.0,4.17,4.97
1990-01-14 04:00:00+00:00,0.0,0.0,0.0,3.9,4.48
1990-01-14 05:00:00+00:00,0.0,0.0,0.0,3.66,4.21
1990-01-14 06:00:00+00:00,0.0,0.0,0.0,3.53,4.28
1990-01-14 07:00:00+00:00,0.0,0.0,0.0,3.98,4.76
1990-01-14 08:00:00+00:00,0.0,0.0,0.0,3.92,4.21
1990-01-14 09:00:00+00:00,25.0,11.9,24.0,3.8,3.72
1990-01-14 10:00:00+00:00,83.0,62.14,72.0,4.24,3.93
1990-01-14 11:00:00+00:00,195.0,491.46,78.0,4.91,3.59
1990-01-14 12:00:00+00:00,195.0,334.6,107.0,5.28,3.31
1990-01-14 13:00:00+00:00,161.0,203.9,110.0,5.49,3.03
1990-01-14 14:00:00+00:00,112.0,129.8,86.0,5.73,2.69
1990-01-14 15:00:00+00:00,49.0,59.85,42.0,5.48,2.76
1990-01-14 16:00:00+00:00,0.0,0.0,0.0,4.76,3.45
1990-01-14 17:00:00+00:00,0.0,0.0,0.0,4.25,4.28
1990-01-14 18:00:00+00:00,0.0,0.0,0.0,4.25,4.97
1990-01-14 19:00:00+00:00,0.0,0.0,0.0,4.32,6.14
1990-01-14 20:00:00+00:00,0.0,0.0,0.0,4.27,7.03
1990-01-14 21:00:00+00:00,0.0,0.0,0.0,4.41,6.83
1990-01-14 22:00:00+00:00,0.0,0.0,0.0,4.85,5.93
1990-01-14 23:00:00+00:00,0.0,0.0,0.0,5.45,4.97
1990-01-15 00:00:00+00:00,0.0,0.0,0.0,6.11,4.0
1990-01-15 01:00:00+00:00,0.0,0.0,0.0,6.65,3.52
1990-01-15 02:00:00+00:00,0.0,0.0,0.0,7.16,3.38
1990-01-15 03:00:00+00:00,0.0,0.0,0.0,7.52,3.31
1990-01-15 04:00:00+00:00,0.0,0.0,0.0,7.74,3.66
1990-01-15 05:00:00+00:00,0.0,0.0,0.0,7.99,4.14
1990-01-15 06:00:00+00:00,0.0,0.0,0.0,8.3,4.48
1990-01-15 07:00:00+00:00,0.0,0.0,0.0,8.83,5.1
1990-01-15 08:00:00+00:00,0.0,0.0,0.0,9.06,5.31
1990-01-15 09:00:00+00:00,29.0,23.2,27.0,9.08,5.45
1990-01-15 10:00:00+00:00,76.0,44.57,68.0,9.13,5.45
1990-01-15 11:00:00+00:00,72.0,4.15,71.0,9.31,5.59
1990-01-15 12:00:00+00:00,183.0,266.92,112.0,9.76,5.79
1990-01-15 13:00:00+00:00,74.0,0.0,74.0,9.99,5.79
1990-01-15 14:00:00+00:00,38.0,0.0,38.0,10.06,6.07
1990-01-15 15:00:00+00:00,80.0,357.16,37.0,9.88,6.14
1990-01-15 16:00:00+00:00,0.0,0.0,0.0,9.59,6.07
1990-01-15 17:00:00+00:00,0.0,0.0,0.0,9.48,6.07
1990-01-15 18:00:00+00:00,0.0,0.0,0.0,9.18,5.45
1990-01-15 19:00:00+00:00,0.0,0.0,0.0,8.91,4.21
1990-01-15 20:00:00+00:00,0.0,0.0,0.0,8.59,3.45
1990-01-15 21:00:00+00:00,0.0,0.0,0.0,8.05,3.1
1990-01-15 22:00:00+00:00,0.0,0.0,0.0,7.77,3.31
1990-01-15 23:00:00+00:00,0.0,0.0,0.0,7.65,3.59
1990-01-16 00:00:00+00:00,0.0,0.0,0.0,7.38,3.59
1990-01-16 01:00:00+00:00,0.0,0.0,0.0,6.98,3.59
1990-01-16 02:00:00+00:00,0.0,0.0,0.0,6.68,3.52
1990-01-16 03:00:00+00:00,0.0,0.0,0.0,6.52,3.59
1990-01-16 04:00:00+00:00,0.0,0.0,0.0,6.46,3.72
1990-01-16 05:00:00+00:00,0.0,0.0,0.0,6.2,3.93
1990-01-16 06:00:00+00:00,0.0,0.0,0.0,6.02,4.28
1990-01-16 07:00:00+00:00,0.0,0.0,0.0,4.14,4.28
1990-01-16 08:00:00+00:00,0.0,0.0,0.0,4.2,4.62
1990-01-16 09:00:00+00:00,55.0,305.07,28.0,4.51,5.03
1990-01-16 10:00:00+00:00,145.0,499.8,54.0,5.21,5.52
1990-01-16 11:00:00+00:00,191.0,418.59,89.0,5.99,6.07
1990-01-16 12:00:00+00:00,134.0,63.17,117.0,6.81,6.14
1990-01-16 13:00:00+00:00,118.0,46.76,106.0,7.42,6.07
1990-01-16 14:00:00+00:00,137.0,246.23,86.0,7.69,6.14
1990-01-16 15:00:00+00:00,42.0,16.14,40.0,7.71,5.72
1990-01-16 16:00:00+00:00,0.0,0.0,0.0,7.29,5.66
1990-01-16 17:00:00+00:00,0.0,0.0,0.0,6.83,5.72
1990-01-16 18:00:00+00:00,0.0,0.0,0.0,6.52,5.79
1990-01-16 19:00:00+00:00,0.0,0.0,0.0,6.09,5.17
1990-01-16 20:00:00+00:00,0.0,0.0,0.0,5.75,5.17
1990-01-16 21:00:00+00:00,0.0,0.0,0.0,5.79,5.17
1990-01-16 22:00:00+00:00,0.0,0.0,0.0,5.78,5.17
1990-01-16 23:00:00+00:00,0.0,0.0,0.0,5.78,5.1
1990-01-17 00:00:00+00:00,0.0,0.0,0.0,5.64,4.97
1990-01-17 01:00:00+00:00,0.0,0.0,0.0,5.63,4.83
1990-01-17 02:00:00+00:00,0.0,0.0,0.0,5.68,4.83
1990-01-17 03:00:00+00:00,0.0,0.0,0.0,5.81,4.76
1990-01-17 04:00:00+00:00,0.0,0.0,0.0,5.93,4.69
1990-01-17 05:00:00+00:00,0.0,0.0,0.0,5.96,4.62
1990-01-17 06:00:00+00:00,0.0,0.0,0.0,5.83,4.55
1990-01-17 07:00:00+00:00,0.0,0.0,0.0,5.53,4.62
1990-01-17 08:00:00+00:00,0.0,0.0,0.0,5.66,4.62
1990-01-17 09:00:00+00:00,37.0,65.99,31.0,5.73,4.62
1990-01-17 10:00:00+00:00,121.0,248.95,75.0,6.06,4.76
1990-01-17 11:00:00+00:00,164.0,231.1,107.0,6.46,4.9
1990-01-17 12:00:00+00:00,207.0,359.86,109.0,6.74,5.1
1990-01-17 13:00:00+00:00,146.0,115.36,116.0,6.84,4.83
1990-01-17 14:00:00+00:00,141.0,256.32,87.0,6.78,4.48
1990-01-17 15:00:00+00:00,34.0,0.0,34.0,6.73,3.72
1990-01-17 16:00:00+00:00,0.0,0.0,0.0,6.16,2.97
1990-01-17 17:00:00+00:00,0.0,0.0,0.0,5.35,2.76
1990-01-17 18:00:00+00:00,0.0,0.0,0.0,4.72,2.62
1990-01-17 19:00:00+00:00,0.0,0.0,0.0,4.56,2.83
1990-01-17 20:00:00+00:00,0.0,0.0,0.0,4.18,3.1
1990-01-17 21:00:00+00:00,0.0,0.0,0.0,3.86,3.52
1990-01-17 22:00:00+00:00,0.0,0.0,0.0,3.95,3.45
1990-01-17 23:00:00+00:00,0.0,0.0,0.0,3.86,3.38
1990-01-18 00:00:00+00:00,0.0,0.0,0.0,3.62,3.66
1990-01-18 01:00:00+00:00,0.0,0.0,0.0,3.62,3.79
1990-01-18 02:00:00+00:00,0.0,0.0,0.0,3.48,4.0
1990-01-18 03:00:00+00:00,0.0,0.0,0.0,3.35,4.14
1990-01-18 04:00:00+00:00,0.0,0.0,0.0,3.4,4.28
1990-01-18 05:00:00+00:00,0.0,0.0,0.0,3.55,4.48
1990-01-18 06:00:00+00:00,0.0,0.0,0.0,3.57,4.34
1990-01-18 07:00:00+00:00,0.0,0.0,0.0,4.39,4.55
1990-01-18 08:00:00+00:00,0.0,0.0,0.0,5.08,5.03
1990-01-18 09:00:00+00:00,53.0,224.71,32.0,6.47,6.21
1990-01-18 10:00:00+00:00,98.0,101.28,79.0,7.37,7.38
1990-01-18 11:00:00+00:00,120.0,60.06,105.0,7.65,7.59
1990-01-18 12:00:00+00:00,90.0,3.63,89.0,7.85,7.52
1990-01-18 13:00:00+00:00,120.0,41.73,109.0,7.96,7.59
1990-01-18 14:00:00+00:00,83.0,23.33,78.0,7.92,7.59
1990-01-18 15:00:00+00:00,78.0,220.94,49.0,7.89,7.17
1990-01-18 16:00:00+00:00,0.0,0.0,0.0,7.82,6.97
1990-01-18 17:00:00+00:00,0.0,0.0,0.0,7.53,6.9
1990-01-18 18:00:00+00:00,0.0,0.0,0.0,7.39,6.83
1990-01-18 19:00:00+00:00,0.0,0.0,0.0,7.61,6.83
1990-01-18 20:00:00+00:00,0.0,0.0,0.0,7.53,6.69
1990-01-18 21:00:00+00:00,0.0,0.0,0.0,7.37,6.55
1990-01-18 22:00:00+00:00,0.0,0.0,0.0,7.05,6.14
1990-01-18 23:00:00+00:00,0.0,0.0,0.0,6.88,5.66
1990-01-19 00:00:00+00:00,0.0,0.0,0.0,6.76,4.83
1990-01-19 01:00:00+00:00,0.0,0.0,0.0,6.53,3.72
1990-01-19 02:00:00+00:00,0.0,0.0,0.0,6.22,3.03
1990-01-19 03:00:00+00:00,0.0,0.0,0.0,6.05,2.97
1990-01-19 04:00:00+00:00,0.0,0.0,0.0,5.73,2.83
1990-01-19 05:00:00+00:00,0.0,0.0,0.0,5.43,2.62
1990-01-19 06:00:00+00:00,0.0,0.0,0.0,5.2,2.62
1990-01-19 07:00:00+00:00,0.0,0.0,0.0,4.88,2.14
1990-01-19 08:00:00+00:00,0.0,0.0,0.0,4.75,2.0
1990-01-19 09:00:00+00:00,61.0,322.57,30.0,4.59,2.0
1990-01-19 10:00:00+00:00,121.0,215.2,80.0,5.04,2.07
1990-01-19 11:00:00+00:00,216.0,561.42,74.0,5.56,2.34
1990-01-19 12:00:00+00:00,162.0,125.41,127.0,6.08,2.83
1990-01-19 13:00:00+00:00,237.0,625.03,70.0,6.34,2.62
1990-01-19 14:00:00+00:00,181.0,541.14,63.0,6.61,2.34
1990-01-19 15:00:00+00:00,96.0,392.45,43.0,6.45,2.07
1990-01-19 16:00:00+00:00,0.0,0.0,0.0,5.57,2.62
1990-01-19 17:00:00+00:00,0.0,0.0,0.0,4.6,3.1
1990-01-19 18:00:00+00:00,0.0,0.0,0.0,3.79,3.38
1990-01-19 19:00:00+00:00,0.0,0.0,0.0,3.41,3.59
1990-01-19 20:00:00+00:00,0.0,0.0,0.0,3.1,3.86
1990-01-19 21:00:00+00:00,0.0,0.0,0.0,3.03,3.86
1990-01-19 22:00:00+00:00,0.0,0.0,0.0,2.92,3.79
1990-01-19 23:00:00+00:00,0.0,0.0,0.0,2.66,3.79
1990-01-20 00:00:00+00:00,0.0,0.0,0.0,2.64,3.66
1990-01-20 01:00:00+00:00,0.0,0.0,0.0,2.59,3.31
1990-01-20 02:00:00+00:00,0.0,0.0,0.0,2.55,3.03
1990-01-20 03:00:00+00:00,0.0,0.0,0.0,2.31,2.9
1990-01-20 04:00:00+00:00,0.0,0.0,0.0,1.99,2.83
1990-01-20 05:00:00+00:00,0.0,0.0,0.0,1.76,2.62
1990-01-20 06:00:00+00:00,0.0,0.0,0.0,1.55,2.41
1990-01-20 07:00:00+00:00,0.0,0.0,0.0,0.9,2.28
1990-01-20 08:00:00+00:00,0.0,0.0,0.0,0.81,2.14
1990-01-20 09:00:00+00:00,66.0,374.23,29.0,1.04,1.93
1990-01-20 10:00:00+00:00,151.0,454.63,63.0,2.37,1.72
1990-01-20 11:00:00+00:00,220.0,558.08,77.0,3.79,1.59
1990-01-20 12:00:00+00:00,148.0,77.84,126.0,4.95,1.38
1990-01-20 13:00:00+00:00,116.0,29.53,108.0,5.62,1.38
1990-01-20 14:00:00+00:00,131.0,153.23,97.0,6.24,1.38
1990-01-20 15:00:00+00:00,101.0,424.69,42.0,6.37,1.03
1990-01-20 16:00:00+00:00,0.0,0.0,0.0,6.06,0.14
1990-01-20 17:00:00+00:00,0.0,0.0,0.0,4.78,1.03
1990-01-20 18:00:00+00:00,0.0,0.0,0.0,4.04,1.31
1990-01-20 19:00:00+00:00,0.0,0.0,0.0,2.88,2.21
1990-01-20 20:00:00+00:00,0.0,0.0,0.0,2.54,2.28
1990-01-20 21:00:00+00:00,0.0,0.0,0.0,2.45,2.28
1990-01-20 22:00:00+00:00,0.0,0.0,0.0,2.36,2.34
1990-01-20 23:00:00+00:00,0.0,0.0,0.0,2.64,2.21
1990-01-21 00:00:00+00:00,0.0,0.0,0.0,2.39,2.28
1990-01-21 01:00:00+00:00,0.0,0.0,0.0,2.0,2.62
1990-01-21 02:00:00+00:00,0.0,0.0,0.0,1.92,2.9
1990-01-21 03:00:00+00:00,0.0,0.0,0.0,1.86,3.17
1990-01-21 04:00:00+00:00,0.0,0.0,0.0,1.72,3.52
1990-01-21 05:00:00+00:00,0.0,0.0,0.0,1.59,3.86
1990-01-21 06:00:00+00:00,0.0,0.0,0.0,1.33,4.28
1990-01-21 07:00:00+00:00,0.0,0.0,0.0,1.44,4.34
1990-01-21 08:00:00+00:00,0.0,0.0,0.0,1.54,4.69
1990-01-21 09:00:00+00:00,51.0,127.77,38.0,1.75,5.24
1990-01-21 10:00:00+00:00,99.0,81.33,83.0,2.57,5.38
1990-01-21 11:00:00+00:00,176.0,246.49,112.0,3.55,5.86
1990-01-21 12:00:00+00:00,126.0,31.44,117.0,4.24,5.93
1990-01-21 13:00:00+00:00,176.0,192.93,123.0,4.96,6.21
1990-01-21 14:00:00+00:00,127.0,124.0,99.0,5.44,6.14
1990-01-21 15:00:00+00:00,52.0,28.0,48.0,5.81,6.62
1990-01-21 16:00:00+00:00,3.0,0.0,3.0,6.05,6.97
1990-01-21 17:00:00+00:00,0.0,0.0,0.0,6.11,7.17
1990-01-21 18:00:00+00:00,0.0,0.0,0.0,6.08,7.52
1990-01-21 19:00:00+00:00,0.0,0.0,0.0,6.41,7.31
1990-01-21 20:00:00+00:00,0.0,0.0,0.0,6.28,7.1
1990-01-21 21:00:00+00:00,0.0,0.0,0.0,6.23,6.76
1990-01-21 22:00:00+00:00,0.0,0.0,0.0,6.25,6.34
1990-01-21 23:00:00+00:00,0.0,0.0,0.0,6.22,5.93
1990-01-22 00:00:00+00:00,0.0,0.0,0.0,6.22,5.38
1990-01-22 01:00:00+00:00,0.0,0.0,0.0,6.24,4.76
1990-01-22 02:00:00+00:00,0.0,0.0,0.0,6.27,4.34
1990-01-22 03:00:00+00:00,0.0,0.0,0.0,6.17,3.93
1990-01-22 04:00:00+00:00,0.0,0.0,0.0,6.09,3.52
1990-01-22 05:00:00+00:00,0.0,0.0,0.0,5.79,3.38
1990-01-22 06:00:00+00:00,0.0,0.0,0.0,5.41,3.38
1990-01-22 07:00:00+00:00,0.0,0.0,0.0,5.19,3.45
1990-01-22 08:00:00+00:00,0.0,0.0,0.0,5.17,3.45
1990-01-22 09:00:00+00:00,6.0,0.0,6.0,5.25,3.52
1990-01-22 10:00:00+00:00,84.0,35.0,77.0,5.95,4.0
1990-01-22 11:00:00+00:00,137.0,79.8,116.0,6.82,3.66
1990-01-22 12:00:00+00:00,235.0,451.75,104.0,7.65,3.45
1990-01-22 13:00:00+00:00,149.0,89.73,124.0,8.02,3.52
1990-01-22 14:00:00+00:00,150.0,226.28,98.0,8.07,3.86
1990-01-22 15:00:00+00:00,78.0,136.13,58.0,7.91,4.55
1990-01-22 16:00:00+00:00,3.0,0.0,3.0,7.43,4.34
1990-01-22 17:00:00+00:00,0.0,0.0,0.0,6.88,4.14
1990-01-22 18:00:00+00:00,0.0,0.0,0.0,6.75,4.07
1990-01-22 19:00:00+00:00,0.0,0.0,0.0,6.29,4.07
1990-01-22 20:00:00+00:00,0.0,0.0,0.0,6.26,4.41
1990-01-22 21:00:00+00:00,0.0,0.0,0.0,6.41,4.14
1990-01-22 22:00:00+00:00,0.0,0.0,0.0,6.06,3.86
1990-01-22 23:00:00+00:00,0.0,0.0,0.0,5.8,3.72
1990-01-23 00:00:00+00:00,0.0,0.0,0.0,5.19,3.72
1990-01-23 01:00:00+00:00,0.0,0.0,0.0,4.87,3.86
1990-01-23 02:00:00+00:00,0.0,0.0,0.0,4.78,4.07
1990-01-23 03:00:00+00:00,0.0,0.0,0.0,4.48,3.66
1990-01-23 04:00:00+00:00,0.0,0.0,0.0,4.13,3.79
1990-01-23 05:00:00+00:00,0.0,0.0,0.0,3.98,4.14
1990-01-23 06:00:00+00:00,0.0,0.0,0.0,4.09,4.55
1990-01-23 07:00:00+00:00,0.0,0.0,0.0,5.3,6.0
1990-01-23 08:00:00+00:00,0.0,0.0,0.0,5.53,8.34
1990-01-23 09:00:00+00:00,38.0,27.82,35.0,5.08,8.76
1990-01-23 10:00:00+00:00,164.0,501.58,62.0,5.12,8.48
1990-01-23 11:00:00+00:00,232.0,580.98,77.0,5.33,8.28
1990-01-23 12:00:00+00:00,153.0,74.88,131.0,5.64,8.41
1990-01-23 13:00:00+00:00,44.0,0.0,44.0,5.8,8.48
1990-01-23 14:00:00+00:00,176.0,376.24,88.0,5.51,8.14
1990-01-23 15:00:00+00:00,116.0,476.73,44.0,5.4,8.41
1990-01-23 16:00:00+00:00,9.0,0.0,9.0,4.66,8.07
1990-01-23 17:00:00+00:00,0.0,0.0,0.0,4.71,7.1
1990-01-23 18:00:00+00:00,0.0,0.0,0.0,4.54,6.83
1990-01-23 19:00:00+00:00,0.0,0.0,0.0,4.56,6.28
1990-01-23 20:00:00+00:00,0.0,0.0,0.0,4.54,5.31
1990-01-23 21:00:00+00:00,0.0,0.0,0.0,4.37,4.14
1990-01-23 22:00:00+00:00,0.0,0.0,0.0,4.0,3.1
1990-01-23 23:00:00+00:00,0.0,0.0,0.0,3.53,2.48
1990-01-24 00:00:00+00:00,0.0,0.0,0.0,3.03,2.34
1990-01-24 01:00:00+00:00,0.0,0.0,0.0,2.68,2.28
1990-01-24 02:00:00+00:00,0.0,0.0,0.0,2.86,2.28
1990-01-24 03:00:00+00:00,0.0,0.0,0.0,3.0,2.55
1990-01-24 04:00:00+00:00,0.0,0.0,0.0,3.14,3.03
1990-01-24 05:00:00+00:00,0.0,0.0,0.0,3.26,3.52
1990-01-24 06:00:00+00:00,0.0,0.0,0.0,3.43,4.0
1990-01-24 07:00:00+00:00,0.0,0.0,0.0,3.88,4.83
1990-01-24 08:00:00+00:00,0.0,0.0,0.0,4.07,5.38
1990-01-24 09:00:00+00:00,19.0,0.0,19.0,4.18,5.79
1990-01-24 10:00:00+00:00,47.0,0.0,47.0,4.35,6.14
1990-01-24 11:00:00+00:00,73.0,0.0,73.0,4.66,6.28
1990-01-24 12:00:00+00:00,75.0,0.0,75.0,5.04,6.41
1990-01-24 13:00:00+00:00,40.0,0.0,40.0,5.31,6.41
1990-01-24 14:00:00+00:00,54.0,0.0,54.0,5.6,6.21
1990-01-24 15:00:00+00:00,34.0,0.0,34.0,5.67,6.0
1990-01-24 16:00:00+00:00,5.0,0.0,5.0,5.74,6.07
1990-01-24 17:00:00+00:00,0.0,0.0,0.0,5.77,6.07
1990-01-24 18:00:00+00:00,0.0,0.0,0.0,5.97,5.72
1990-01-24 19:00:00+00:00,0.0,0.0,0.0,6.35,4.83
1990-01-24 20:00:00+00:00,0.0,0.0,0.0,6.81,4.07
1990-01-24 21:00:00+00:00,0.0,0.0,0.0,7.49,3.31
1990-01-24 22:00:00+00:00,0.0,0.0,0.0,8.2,3.45
1990-01-24 23:00:00+00:00,0.0,0.0,0.0,8.57,4.21
1990-01-25 00:00:00+00:00,0.0,0.0,0.0,8.71,4.76
1990-01-25 01:00:00+00:00,0.0,0.0,0.0,8.38,4.55
1990-01-25 02:00:00+00:00,0.0,0.0,0.0,7.79,4.21
1990-01-25 03:00:00+00:00,0.0,0.0,0.0,7.23,4.21
1990-01-25 04:00:00+00:00,0.0,0.0,0.0,6.84,4.21
1990-01-25 05:00:00+00:00,0.0,0.0,0.0,6.54,4.21
1990-01-25 06:00:00+00:00,0.0,0.0,0.0,6.28,4.14
1990-01-25 07:00:00+00:00,0.0,0.0,0.0,6.45,4.69
1990-01-25 08:00:00+00:00,0.0,0.0,0.0,6.69,4.9
1990-01-25 09:00:00+00:00,70.0,253.54,41.0,7.02,5.17
1990-01-25 10:00:00+00:00,180.0,589.28,56.0,7.74,5.72
1990-01-25 11:00:00+00:00,253.0,685.28,65.0,8.88,6.21
1990-01-25 12:00:00+00:00,265.0,589.85,87.0,9.48,8.0
1990-01-25 13:00:00+00:00,23.0,0.0,23.0,8.47,11.03
1990-01-25 14:00:00+00:00,109.0,45.4,98.0,6.27,11.52
1990-01-25 15:00:00+00:00,69.0,50.17,61.0,5.71,10.48
1990-01-25 16:00:00+00:00,6.0,0.0,6.0,4.85,11.59
1990-01-25 17:00:00+00:00,0.0,0.0,0.0,5.21,10.07
1990-01-25 18:00:00+00:00,0.0,0.0,0.0,5.53,10.14
1990-01-25 19:00:00+00:00,0.0,0.0,0.0,5.67,9.24
1990-01-25 20:00:00+00:00,0.0,0.0,0.0,5.59,8.62
1990-01-25 21:00:00+00:00,0.0,0.0,0.0,5.45,8.0
1990-01-25 22:00:00+00:00,0.0,0.0,0.0,5.48,7.1
1990-01-25 23:00:00+00:00,0.0,0.0,0.0,5.28,6.21
1990-01-26 00:00:00+00:00,0.0,0.0,0.0,4.92,5.17
1990-01-26 01:00:00+00:00,0.0,0.0,0.0,4.38,4.07
1990-01-26 02:00:00+00:00,0.0,0.0,0.0,3.83,3.79
1990-01-26 03:00:00+00:00,0.0,0.0,0.0,3.4,3.72
1990-01-26 04:00:00+00:00,0.0,0.0,0.0,3.37,4.34
1990-01-26 05:00:00+00:00,0.0,0.0,0.0,3.53,5.31
1990-01-26 06:00:00+00:00,0.0,0.0,0.0,3.95,6.14
1990-01-26 07:00:00+00:00,0.0,0.0,0.0,4.5,6.97
1990-01-26 08:00:00+00:00,0.0,0.0,0.0,4.55,8.28
1990-01-26 09:00:00+00:00,28.0,0.0,28.0,4.41,9.1
1990-01-26 10:00:00+00:00,33.0,0.0,33.0,4.35,9.45
1990-01-26 11:00:00+00:00,153.0,100.62,125.0,5.21,8.76
1990-01-26 12:00:00+00:00,53.0,0.0,53.0,6.53,7.45
1990-01-26 13:00:00+00:00,136.0,40.66,124.0,7.51,7.86
1990-01-26 14:00:00+00:00,120.0,64.87,104.0,6.74,8.21
1990-01-26 15:00:00+00:00,81.0,97.68,65.0,6.26,8.34
1990-01-26 16:00:00+00:00,18.0,57.43,15.0,5.41,8.21
1990-01-26 17:00:00+00:00,0.0,0.0,0.0,4.65,7.86
1990-01-26 18:00:00+00:00,0.0,0.0,0.0,4.56,7.52
1990-01-26 19:00:00+00:00,0.0,0.0,0.0,4.38,7.17
1990-01-26 20:00:00+00:00,0.0,0.0,0.0,3.94,7.24
1990-01-26 21:00:00+00:00,0.0,0.0,0.0,3.71,6.97
1990-01-26 22:00:00+00:00,0.0,0.0,0.0,3.7,7.1
1990-01-26 23:00:00+00:00,0.0,0.0,0.0,3.56,7.03
1990-01-27 00:00:00+00:00,0.0,0.0,0.0,3.24,6.83
1990-01-27 01:00:00+00:00,0.0,0.0,0.0,3.18,6.62
1990-01-27 02:00:00+00:00,0.0,0.0,0.0,3.07,6.14
1990-01-27 03:00:00+00:00,0.0,0.0,0.0,2.89,6.14
1990-01-27 04:00:00+00:00,0.0,0.0,0.0,2.97,6.34
1990-01-27 05:00:00+00:00,0.0,0.0,0.0,3.55,6.21
1990-01-27 06:00:00+00:00,0.0,0.0,0.0,4.13,6.21
1990-01-27 07:00:00+00:00,0.0,0.0,0.0,4.54,6.28
1990-01-27 08:00:00+00:00,0.0,0.0,0.0,4.63,6.28
1990-01-27 09:00:00+00:00,55.0,74.17,46.0,4.7,6.0
1990-01-27 10:00:00+00:00,188.0,596.58,58.0,5.18,6.0
1990-01-27 11:00:00+00:00,231.0,464.07,100.0,5.84,5.38
1990-01-27 12:00:00+00:00,228.0,306.36,133.0,6.48,5.86
1990-01-27 13:00:00+00:00,227.0,347.32,123.0,6.85,6.21
1990-01-27 14:00:00+00:00,197.0,422.25,91.0,6.89,5.45
1990-01-27 15:00:00+00:00,61.0,17.84,58.0,6.66,5.17
1990-01-27 16:00:00+00:00,21.0,70.72,17.0,6.16,5.03
1990-01-27 17:00:00+00:00,0.0,0.0,0.0,5.44,4.76
1990-01-27 18:00:00+00:00,0.0,0.0,0.0,4.98,4.69
1990-01-27 19:00:00+00:00,0.0,0.0,0.0,4.17,4.62
1990-01-27 20:00:00+00:00,0.0,0.0,0.0,4.21,4.34
1990-01-27 21:00:00+00:00,0.0,0.0,0.0,4.22,4.07
1990-01-27 22:00:00+00:00,0.0,0.0,0.0,4.28,4.14
1990-01-27 23:00:00+00:00,0.0,0.0,0.0,4.16,4.41
1990-01-28 00:00:00+00:00,0.0,0.0,0.0,4.01,4.62
1990-01-28 01:00:00+00:00,0.0,0.0,0.0,4.32,4.76
1990-01-28 02:00:00+00:00,0.0,0.0,0.0,4.59,4.69
1990-01-28 03:00:00+00:00,0.0,0.0,0.0,4.53,4.76
1990-01-28 04:00:00+00:00,0.0,0.0,0.0,4.61,4.9
1990-01-28 05:00:00+00:00,0.0,0.0,0.0,4.55,5.24
1990-01-28 06:00:00+00:00,0.0,0.0,0.0,4.53,5.38
1990-01-28 07:00:00+00:00,0.0,0.0,0.0,4.19,5.93
1990-01-28 08:00:00+00:00,0.0,0.0,0.0,4.03,5.38
1990-01-28 09:00:00+00:00,40.0,16.0,38.0,4.26,5.03
1990-01-28 10:00:00+00:00,27.0,0.0,27.0,4.81,4.62
1990-01-28 11:00:00+00:00,70.0,0.0,70.0,5.52,4.83
1990-01-28 12:00:00+00:00,70.0,0.0,70.0,6.18,4.83
1990-01-28 13:00:00+00:00,94.0,3.29,93.0,6.67,4.83
1990-01-28 14:00:00+00:00,70.0,0.0,70.0,7.05,4.07
1990-01-28 15:00:00+00:00,113.0,272.21,66.0,6.81,4.07
1990-01-28 16:00:00+00:00,14.0,16.41,13.0,6.3,3.86
1990-01-28 17:00:00+00:00,0.0,0.0,0.0,5.65,4.0
1990-01-28 18:00:00+00:00,0.0,0.0,0.0,5.48,4.28
1990-01-28 19:00:00+00:00,0.0,0.0,0.0,5.59,4.48
1990-01-28 20:00:00+00:00,0.0,0.0,0.0,5.46,4.62
1990-01-28 21:00:00+00:00,0.0,0.0,0.0,5.35,4.69
1990-01-28 22:00:00+00:00,0.0,0.0,0.0,5.3,4.9
1990-01-28 23:00:00+00:00,0.0,0.0,0.0,5.23,5.03
1990-01-29 00:00:00+00:00,0.0,0.0,0.0,5.2,5.1
1990-01-29 01:00:00+00:00,0.0,0.0,0.0,5.15,5.24
1990-01-29 02:00:00+00:00,0.0,0.0,0.0,5.12,5.38
1990-01-29 03:00:00+00:00,0.0,0.0,0.0,5.06,5.52
1990-01-29 04:00:00+00:00,0.0,0.0,0.0,4.97,5.66
1990-01-29 05:00:00+00:00,0.0,0.0,0.0,4.86,5.66
1990-01-29 06:00:00+00:00,0.0,0.0,0.0,4.87,5.59
1990-01-29 07:00:00+00:00,0.0,0.0,0.0,4.66,5.93
1990-01-29 08:00:00+00:00,0.0,0.0,0.0,4.45,5.79
1990-01-29 09:00:00+00:00,57.0,69.91,48.0,4.45,5.79
1990-01-29 10:00:00+00:00,116.0,84.15,97.0,4.66,6.14
1990-01-29 11:00:00+00:00,60.0,0.0,60.0,4.92,6.34
1990-01-29 12:00:00+00:00,26.0,0.0,26.0,5.3,6.83
1990-01-29 13:00:00+00:00,142.0,38.92,130.0,5.53,5.59
1990-01-29 14:00:00+00:00,60.0,0.0,60.0,5.46,5.24
1990-01-29 15:00:00+00:00,85.0,79.01,71.0,5.48,4.97
1990-01-29 16:00:00+00:00,13.0,0.0,13.0,5.0,4.9
1990-01-29 17:00:00+00:00,0.0,0.0,0.0,4.59,5.17
1990-01-29 18:00:00+00:00,0.0,0.0,0.0,4.08,5.59
1990-01-29 19:00:00+00:00,0.0,0.0,0.0,3.21,6.07
1990-01-29 20:00:00+00:00,0.0,0.0,0.0,2.76,5.79
1990-01-29 21:00:00+00:00,0.0,0.0,0.0,2.61,5.31
1990-01-29 22:00:00+00:00,0.0,0.0,0.0,2.62,4.9
1990-01-29 23:00:00+00:00,0.0,0.0,0.0,2.58,4.48
1990-01-30 00:00:00+00:00,0.0,0.0,0.0,2.56,4.14
1990-01-30 01:00:00+00:00,0.0,0.0,0.0,2.38,3.86
1990-01-30 02:00:00+00:00,0.0,0.0,0.0,2.22,3.72
1990-01-30 03:00:00+00:00,0.0,0.0,0.0,2.06,3.52
1990-01-30 04:00:00+00:00,0.0,0.0,0.0,1.86,3.52
1990-01-30 05:00:00+00:00,0.0,0.0,0.0,1.88,3.79
1990-01-30 06:00:00+00:00,0.0,0.0,0.0,1.75,3.79
1990-01-30 07:00:00+00:00,0.0,0.0,0.0,1.53,3.31
1990-01-30 08:00:00+00:00,0.0,0.0,0.0,1.43,3.1
1990-01-30 09:00:00+00:00,28.0,0.0,28.0,1.45,3.03
1990-01-30 10:00:00+00:00,25.0,0.0,25.0,1.86,3.93
1990-01-30 11:00:00+00:00,61.0,0.0,61.0,2.57,5.03
1990-01-30 12:00:00+00:00,96.0,0.0,96.0,3.11,4.69
1990-01-30 13:00:00+00:00,114.0,9.59,111.0,3.53,4.21
1990-01-30 14:00:00+00:00,66.0,0.0,66.0,3.76,3.72
1990-01-30 15:00:00+00:00,42.0,0.0,42.0,3.79,3.45
1990-01-30 16:00:00+00:00,13.0,0.0,13.0,3.72,3.38
1990-01-30 17:00:00+00:00,0.0,0.0,0.0,3.39,3.38
1990-01-30 18:00:00+00:00,0.0,0.0,0.0,2.9,3.52
1990-01-30 19:00:00+00:00,0.0,0.0,0.0,3.1,3.38
1990-01-30 20:00:00+00:00,0.0,0.0,0.0,2.86,2.83
1990-01-30 21:00:00+00:00,0.0,0.0,0.0,2.69,2.21
1990-01-30 22:00:00+00:00,0.0,0.0,0.0,2.6,2.28
1990-01-30 23:00:00+00:00,0.0,0.0,0.0,2.55,2.62
1990-01-31 00:00:00+00:00,0.0,0.0,0.0,2.45,2.41
1990-01-31 01:00:00+00:00,0.0,0.0,0.0,2.75,2.14
1990-01-31 02:00:00+00:00,0.0,0.0,0.0,2.97,2.9
1990-01-31 03:00:00+00:00,0.0,0.0,0.0,3.08,3.03
1990-01-31 04:00:00+00:00,0.0,0.0,0.0,3.05,3.59
1990-01-31 05:00:00+00:00,0.0,0.0,0.0,2.95,4.21
1990-01-31 06:00:00+00:00,0.0,0.0,0.0,2.78,5.03
1990-01-31 07:00:00+00:00,0.0,0.0,0.0,2.38,5.79
1990-01-31 08:00:00+00:00,0.0,0.0,0.0,2.21,6.62
1990-01-31 09:00:00+00:00,35.0,0.0,35.0,2.27,7.24
1990-01-31 10:00:00+00:00,52.0,0.0,52.0,2.58,7.24
1990-01-31 11:00:00+00:00,46.0,0.0,46.0,2.8,8.69
1990-01-31 12:00:00+00:00,48.0,0.0,48.0,3.06,9.03
1990-01-31 13:00:00+00:00,68.0,0.0,68.0,3.77,10.28
1990-01-31 14:00:00+00:00,58.0,0.0,58.0,4.2,10.28
1990-01-31 15:00:00+00:00,44.0,0.0,44.0,4.28,9.59
1990-01-31 16:00:00+00:00,14.0,0.0,14.0,7.45,8.04
1990-01-31 17:00:00+00:00,0.0,0.0,0.0,6.77,7.48
1990-01-31 18:00:00+00:00,0.0,0.0,0.0,6.09,6.91
1990-01-31 19:00:00+00:00,0.0,0.0,0.0,5.41,6.35
1990-01-31 20:00:00+00:00,0.0,0.0,0.0,4.73,5.78
1990-01-31 21:00:00+00:00,0.0,0.0,0.0,4.04,5.22
1990-01-31 22:00:00+00:00,0.0,0.0,0.0,3.36,4.65
1990-01-31 23:00:00+00:00,0.0,0.0,0.0,2.68,4.09
1990-02-01 00:00:00+00:00,0.0,0.0,0.0,2.0,3.52
1990-02-01 01:00:00+00:00,0.0,0.0,0.0,1.32,2.96
1990-02-01 02:00:00+00:00,0.0,0.0,0.0,0.64,2.39
1990-02-01 03:00:00+00:00,0.0,0.0,0.0,-0.05,1.83
1990-02-01 04:00:00+00:00,0.0,0.0,0.0,-0.73,1.26
1990-02-01 05:00:00+00:00,0.0,0.0,0.0,-1.41,0.7
1990-02-01 06:00:00+00:00,0.0,0.0,0.0,-2.09,0.13
1990-02-01 07:00:00+00:00,0.0,0.0,0.0,-2.77,-0.43
1990-02-01 08:00:00+00:00,0.0,0.0,0.0,-1.09,0.48
1990-02-01 09:00:00+00:00,35.0,0.0,35.0,-1.09,0.62
1990-02-01 10:00:00+00:00,36.0,0.0,36.0,-0.79,0.76
1990-02-01 11:00:00+00:00,47.0,0.0,47.0,-0.36,0.76
1990-02-01 12:00:00+00:00,51.0,0.0,51.0,0.17,0.55
1990-02-01 13:00:00+00:00,55.0,0.0,55.0,0.77,0.34
1990-02-01 14:00:00+00:00,52.0,0.0,52.0,1.27,0.34
1990-02-01 15:00:00+00:00,36.0,0.0,36.0,1.4,0.62
1990-02-01 16:00:00+00:00,19.0,0.0,19.0,1.33,0.83
1990-02-01 17:00:00+00:00,0.0,0.0,0.0,0.66,0.76
1990-02-01 18:00:00+00:00,0.0,0.0,0.0,0.8,0.48
1990-02-01 19:00:00+00:00,0.0,0.0,0.0,0.8,0.48
1990-02-01 20:00:00+00:00,0.0,0.0,0.0,0.35,0.69
1990-02-01 21:00:00+00:00,0.0,0.0,0.0,-0.17,0.9
1990-02-01 22:00:00+00:00,0.0,0.0,0.0,-0.53,0.97
1990-02-01 23:00:00+00:00,0.0,0.0,0.0,-0.9,1.24
1990-02-02 00:00:00+00:00,0.0,0.0,0.0,-1.21,1.31
1990-02-02 01:00:00+00:00,0.0,0.0,0.0,-0.83,1.17
1990-02-02 02:00:00+00:00,0.0,0.0,0.0,-1.26,1.17
1990-02-02 03:00:00+00:00,0.0,0.0,0.0,-1.27,1.17
1990-02-02 04:00:00+00:00,0.0,0.0,0.0,-1.27,1.1
1990-02-02 05:00:00+00:00,0.0,0.0,0.0,-0.7,1.1
1990-02-02 06:00:00+00:00,0.0,0.0,0.0,-1.09,1.17
1990-02-02 07:00:00+00:00,0.0,0.0,0.0,-0.85,1.31
1990-02-02 08:00:00+00:00,0.0,0.0,0.0,-1.28,1.31
1990-02-02 09:00:00+00:00,48.0,13.82,46.0,-0.63,1.03
1990-02-02 10:00:00+00:00,131.0,98.89,107.0,0.53,0.9
1990-02-02 11:00:00+00:00,63.0,0.0,63.0,1.14,0.69
1990-02-02 12:00:00+00:00,59.0,0.0,59.0,1.71,0.76
1990-02-02 13:00:00+00:00,68.0,0.0,68.0,2.49,0.9
1990-02-02 14:00:00+00:00,56.0,0.0,56.0,2.98,1.1
1990-02-02 15:00:00+00:00,37.0,0.0,37.0,3.12,0.97
1990-02-02 16:00:00+00:00,16.0,0.0,16.0,3.02,0.62
1990-02-02 17:00:00+00:00,0.0,0.0,0.0,2.82,0.14
1990-02-02 18:00:00+00:00,0.0,0.0,0.0,2.43,0.28
1990-02-02 19:00:00+00:00,0.0,0.0,0.0,1.49,0.69
1990-02-02 20:00:00+00:00,0.0,0.0,0.0,1.26,0.41
1990-02-02 21:00:00+00:00,0.0,0.0,0.0,1.19,0.07
1990-02-02 22:00:00+00:00,0.0,0.0,0.0,1.18,0.28
1990-02-02 23:00:00+00:00,0.0,0.0,0.0,1.3,0.69
1990-02-03 00:00:00+00:00,0.0,0.0,0.0,1.26,0.83
1990-02-03 01:00:00+00:00,0.0,0.0,0.0,1.77,0.55
1990-02-03 02:00:00+00:00,0.0,0.0,0.0,1.88,0.28
1990-02-03 03:00:00+00:00,0.0,0.0,0.0,1.9,0.14
1990-02-03 04:00:00+00:00,0.0,0.0,0.0,1.87,0.34
1990-02-03 05:00:00+00:00,0.0,0.0,0.0,1.97,0.55
1990-02-03 06:00:00+00:00,0.0,0.0,0.0,1.69,0.83
1990-02-03 07:00:00+00:00,0.0,0.0,0.0,0.91,1.1
1990-02-03 08:00:00+00:00,0.0,0.0,0.0,1.2,1.1
1990-02-03 09:00:00+00:00,27.0,0.0,27.0,2.67,0.48
1990-02-03 10:00:00+00:00,33.0,0.0,33.0,2.99,0.28
1990-02-03 11:00:00+00:00,46.0,0.0,46.0,4.29,0.9
1990-02-03 12:00:00+00:00,79.0,0.0,79.0,4.56,1.38
1990-02-03 13:00:00+00:00,111.0,3.01,110.0,4.8,1.52
1990-02-03 14:00:00+00:00,91.0,3.52,90.0,4.85,1.52
1990-02-03 15:00:00+00:00,32.0,0.0,32.0,4.93,1.59
1990-02-03 16:00:00+00:00,22.0,0.0,22.0,4.76,1.38
1990-02-03 17:00:00+00:00,0.0,0.0,0.0,4.4,1.59
1990-02-03 18:00:00+00:00,0.0,0.0,0.0,4.04,1.72
1990-02-03 19:00:00+00:00,0.0,0.0,0.0,3.64,1.24
1990-02-03 20:00:00+00:00,0.0,0.0,0.0,3.12,1.31
1990-02-03 21:00:00+00:00,0.0,0.0,0.0,2.92,1.31
1990-02-03 22:00:00+00:00,0.0,0.0,0.0,2.65,1.31
1990-02-03 23:00:00+00:00,0.0,0.0,0.0,2.62,1.24
1990-02-04 00:00:00+00:00,0.0,0.0,0.0,2.62,1.31
1990-02-04 01:00:00+00:00,0.0,0.0,0.0,2.78,1.17
1990-02-04 02:00:00+00:00,0.0,0.0,0.0,3.98,0.76
1990-02-04 03:00:00+00:00,0.0,0.0,0.0,3.82,0.28
1990-02-04 04:00:00+00:00,0.0,0.0,0.0,3.64,0.21
1990-02-04 05:00:00+00:00,0.0,0.0,0.0,3.51,0.48
1990-02-04 06:00:00+00:00,0.0,0.0,0.0,3.5,0.62
1990-02-04 07:00:00+00:00,0.0,0.0,0.0,3.21,1.17
1990-02-04 08:00:00+00:00,3.0,0.0,3.0,3.57,1.03
1990-02-04 09:00:00+00:00,39.0,0.0,39.0,3.86,0.97
1990-02-04 10:00:00+00:00,105.0,27.81,98.0,4.75,0.97
1990-02-04 11:00:00+00:00,96.0,0.0,96.0,6.07,1.1
1990-02-04 12:00:00+00:00,119.0,5.77,117.0,6.77,1.24
1990-02-04 13:00:00+00:00,75.0,0.0,75.0,7.37,1.31
1990-02-04 14:00:00+00:00,66.0,0.0,66.0,7.64,1.59
1990-02-04 15:00:00+00:00,38.0,0.0,38.0,7.62,1.79
1990-02-04 16:00:00+00:00,15.0,0.0,15.0,7.38,1.59
1990-02-04 17:00:00+00:00,0.0,0.0,0.0,6.68,1.66
1990-02-04 18:00:00+00:00,0.0,0.0,0.0,5.83,1.66
1990-02-04 19:00:00+00:00,0.0,0.0,0.0,5.16,1.86
1990-02-04 20:00:00+00:00,0.0,0.0,0.0,4.89,1.93
1990-02-04 21:00:00+00:00,0.0,0.0,0.0,4.94,2.0
1990-02-04 22:00:00+00:00,0.0,0.0,0.0,4.97,1.79
1990-02-04 23:00:00+00:00,0.0,0.0,0.0,4.68,1.38
1990-02-05 00:00:00+00:00,0.0,0.0,0.0,4.27,1.38
1990-02-05 01:00:00+00:00,0.0,0.0,0.0,4.22,1.52
1990-02-05 02:00:00+00:00,0.0,0.0,0.0,4.15,1.66
1990-02-05 03:00:00+00:00,0.0,0.0,0.0,4.02,1.52
1990-02-05 04:00:00+00:00,0.0,0.0,0.0,3.88,1.31
1990-02-05 05:00:00+00:00,0.0,0.0,0.0,3.7,1.31
1990-02-05 06:00:00+00:00,0.0,0.0,0.0,3.68,1.45
1990-02-05 07:00:00+00:00,0.0,0.0,0.0,4.06,1.31
1990-02-05 08:00:00+00:00,2.0,0.0,2.0,4.14,1.59
1990-02-05 09:00:00+00:00,40.0,0.0,40.0,4.53,1.86
1990-02-05 10:00:00+00:00,53.0,0.0,53.0,5.19,2.21
1990-02-05 11:00:00+00:00,97.0,0.0,97.0,5.98,2.9
1990-02-05 12:00:00+00:00,149.0,22.75,141.0,6.78,3.59
1990-02-05 13:00:00+00:00,123.0,8.78,120.0,6.97,3.72
1990-02-05 14:00:00+00:00,69.0,0.0,69.0,6.98,3.45
1990-02-05 15:00:00+00:00,32.0,0.0,32.0,6.9,3.03
1990-02-05 16:00:00+00:00,16.0,0.0,16.0,6.71,3.1
1990-02-05 17:00:00+00:00,0.0,0.0,0.0,6.26,3.17
1990-02-05 18:00:00+00:00,0.0,0.0,0.0,5.58,3.17
1990-02-05 19:00:00+00:00,0.0,0.0,0.0,5.46,3.03
1990-02-05 20:00:00+00:00,0.0,0.0,0.0,5.14,3.1
1990-02-05 21:00:00+00:00,0.0,0.0,0.0,4.93,3.31
1990-02-05 22:00:00+00:00,0.0,0.0,0.0,4.83,3.52
1990-02-05 23:00:00+00:00,0.0,0.0,0.0,4.76,3.66
1990-02-06 00:00:00+00:00,0.0,0.0,0.0,4.63,3.72
1990-02-06 01:00:00+00:00,0.0,0.0,0.0,4.39,3.79
1990-02-06 02:00:00+00:00,0.0,0.0,0.0,4.36,3.93
1990-02-06 03:00:00+00:00,0.0,0.0,0.0,4.31,4.21
1990-02-06 04:00:00+00:00,0.0,0.0,0.0,4.4,4.34
1990-02-06 05:00:00+00:00,0.0,0.0,0.0,4.61,4.28
1990-02-06 06:00:00+00:00,0.0,0.0,0.0,4.83,3.86
1990-02-06 07:00:00+00:00,0.0,0.0,0.0,5.17,4.28
1990-02-06 08:00:00+00:00,3.0,0.0,3.0,5.47,4.62
1990-02-06 09:00:00+00:00,82.0,98.64,66.0,5.95,4.83
1990-02-06 10:00:00+00:00,38.0,0.0,38.0,6.78,4.48
1990-02-06 11:00:00+00:00,47.0,0.0,47.0,7.32,4.9
1990-02-06 12:00:00+00:00,58.0,0.0,58.0,7.86,5.93
1990-02-06 13:00:00+00:00,58.0,0.0,58.0,8.17,6.34
1990-02-06 14:00:00+00:00,48.0,0.0,48.0,8.11,5.72
1990-02-06 15:00:00+00:00,34.0,0.0,34.0,8.1,5.66
1990-02-06 16:00:00+00:00,23.0,0.0,23.0,7.73,5.59
1990-02-06 17:00:00+00:00,0.0,0.0,0.0,7.28,5.38
1990-02-06 18:00:00+00:00,0.0,0.0,0.0,6.69,5.38
1990-02-06 19:00:00+00:00,0.0,0.0,0.0,7.09,6.14
1990-02-06 20:00:00+00:00,0.0,0.0,0.0,7.01,6.14
1990-02-06 21:00:00+00:00,0.0,0.0,0.0,7.04,6.14
1990-02-06 22:00:00+00:00,0.0,0.0,0.0,7.11,6.21
1990-02-06 23:00:00+00:00,0.0,0.0,0.0,7.05,6.14
1990-02-07 00:00:00+00:00,0.0,0.0,0.0,7.04,6.0
1990-02-07 01:00:00+00:00,0.0,0.0,0.0,6.9,5.86
1990-02-07 02:00:00+00:00,0.0,0.0,0.0,6.85,5.86
1990-02-07 03:00:00+00:00,0.0,0.0,0.0,6.85,5.93
1990-02-07 04:00:00+00:00,0.0,0.0,0.0,6.87,6.07
1990-02-07 05:00:00+00:00,0.0,0.0,0.0,6.82,6.28
1990-02-07 06:00:00+00:00,0.0,0.0,0.0,6.83,6.41
1990-02-07 07:00:00+00:00,0.0,0.0,0.0,7.29,6.9
1990-02-07 08:00:00+00:00,4.0,0.0,4.0,7.19,6.69
1990-02-07 09:00:00+00:00,43.0,0.0,43.0,7.25,6.41
1990-02-07 10:00:00+00:00,32.0,0.0,32.0,7.77,5.93
1990-02-07 11:00:00+00:00,42.0,0.0,42.0,8.44,6.28
1990-02-07 12:00:00+00:00,50.0,0.0,50.0,8.98,6.9
1990-02-07 13:00:00+00:00,97.0,0.0,97.0,9.24,7.17
1990-02-07 14:00:00+00:00,39.0,0.0,39.0,9.33,6.62
1990-02-07 15:00:00+00:00,98.0,45.38,88.0,9.32,6.76
1990-02-07 16:00:00+00:00,18.0,0.0,18.0,8.98,7.31
1990-02-07 17:00:00+00:00,0.0,0.0,0.0,8.55,7.59
1990-02-07 18:00:00+00:00,0.0,0.0,0.0,8.33,8.21
1990-02-07 19:00:00+00:00,0.0,0.0,0.0,8.28,8.97
1990-02-07 20:00:00+00:00,0.0,0.0,0.0,8.1,9.31
1990-02-07 21:00:00+00:00,0.0,0.0,0.0,7.72,9.24
1990-02-07 22:00:00+00:00,0.0,0.0,0.0,7.25,8.83
1990-02-07 23:00:00+00:00,0.0,0.0,0.0,6.55,9.59
1990-02-08 00:00:00+00:00,0.0,0.0,0.0,6.06,9.38
1990-02-08 01:00:00+00:00,0.0,0.0,0.0,5.84,8.97
1990-02-08 02:00:00+00:00,0.0,0.0,0.0,5.63,8.76
1990-02-08 03:00:00+00:00,0.0,0.0,0.0,5.57,8.9
1990-02-08 04:00:00+00:00,0.0,0.0,0.0,5.43,8.69
1990-02-08 05:00:00+00:00,0.0,0.0,0.0,5.4,8.76
1990-02-08 06:00:00+00:00,0.0,0.0,0.0,5.43,8.55
1990-02-08 07:00:00+00:00,0.0,0.0,0.0,5.36,8.34
1990-02-08 08:00:00+00:00,17.0,86.12,13.0,5.42,8.0
1990-02-08 09:00:00+00:00,76.0,52.48,67.0,5.66,7.86
1990-02-08 10:00:00+00:00,175.0,199.49,121.0,6.03,7.72
1990-02-08 11:00:00+00:00,229.0,219.4,155.0,6.42,7.66
1990-02-08 12:00:00+00:00,203.0,87.26,171.0,6.78,7.79
1990-02-08 13:00:00+00:00,300.0,476.18,130.0,6.89,7.79
1990-02-08 14:00:00+00:00,186.0,142.48,142.0,6.87,7.72
1990-02-08 15:00:00+00:00,115.0,84.3,96.0,6.72,7.52
1990-02-08 16:00:00+00:00,73.0,346.78,34.0,6.43,7.24
1990-02-08 17:00:00+00:00,0.0,0.0,0.0,5.91,6.76
1990-02-08 18:00:00+00:00,0.0,0.0,0.0,5.49,6.41
1990-02-08 19:00:00+00:00,0.0,0.0,0.0,5.26,6.34
1990-02-08 20:00:00+00:00,0.0,0.0,0.0,5.05,5.86
1990-02-08 21:00:00+00:00,0.0,0.0,0.0,4.87,5.38
1990-02-08 22:00:00+00:00,0.0,0.0,0.0,4.58,4.97
1990-02-08 23:00:00+00:00,0.0,0.0,0.0,4.51,4.9
1990-02-09 00:00:00+00:00,0.0,0.0,0.0,3.99,4.76
1990-02-09 01:00:00+00:00,0.0,0.0,0.0,3.65,4.83
1990-02-09 02:00:00+00:00,0.0,0.0,0.0,3.22,4.83
1990-02-09 03:00:00+00:00,0.0,0.0,0.0,2.76,4.83
1990-02-09 04:00:00+00:00,0.0,0.0,0.0,2.28,4.83
1990-02-09 05:00:00+00:00,0.0,0.0,0.0,1.96,4.69
1990-02-09 06:00:00+00:00,0.0,0.0,0.0,1.61,4.69
1990-02-09 07:00:00+00:00,0.0,0.0,0.0,1.6,5.45
1990-02-09 08:00:00+00:00,23.0,156.84,15.0,1.2,5.1
1990-02-09 09:00:00+00:00,145.0,555.99,47.0,1.42,4.9
1990-02-09 10:00:00+00:00,254.0,678.43,67.0,2.12,5.24
1990-02-09 11:00:00+00:00,330.0,741.91,76.0,2.75,5.45
1990-02-09 12:00:00+00:00,363.0,755.61,82.0,3.29,5.45
1990-02-09 13:00:00+00:00,351.0,745.45,81.0,3.67,5.38
1990-02-09 14:00:00+00:00,293.0,694.35,75.0,3.85,5.17
1990-02-09 15:00:00+00:00,202.0,624.83,58.0,3.8,4.9
1990-02-09 16:00:00+00:00,81.0,391.86,35.0,3.55,4.34
1990-02-09 17:00:00+00:00,0.0,0.0,0.0,2.79,3.86
1990-02-09 18:00:00+00:00,0.0,0.0,0.0,2.05,3.66
1990-02-09 19:00:00+00:00,0.0,0.0,0.0,1.8,3.17
1990-02-09 20:00:00+00:00,0.0,0.0,0.0,1.48,2.9
1990-02-09 21:00:00+00:00,0.0,0.0,0.0,1.0,2.76
1990-02-09 22:00:00+00:00,0.0,0.0,0.0,0.57,2.62
1990-02-09 23:00:00+00:00,0.0,0.0,0.0,0.09,2.55
1990-02-10 00:00:00+00:00,0.0,0.0,0.0,-0.6,2.34
1990-02-10 01:00:00+00:00,0.0,0.0,0.0,-1.45,2.14
1990-02-10 02:00:00+00:00,0.0,0.0,0.0,-1.68,1.93
1990-02-10 03:00:00+00:00,0.0,0.0,0.0,-1.26,1.66
1990-02-10 04:00:00+00:00,0.0,0.0,0.0,0.49,1.1
1990-02-10 05:00:00+00:00,0.0,0.0,0.0,0.7,0.76
1990-02-10 06:00:00+00:00,0.0,0.0,0.0,0.43,0.69
1990-02-10 07:00:00+00:00,0.0,0.0,0.0,0.38,1.03
1990-02-10 08:00:00+00:00,27.0,197.64,16.0,0.34,0.62
1990-02-10 09:00:00+00:00,147.0,535.58,50.0,0.43,0.28
1990-02-10 10:00:00+00:00,259.0,691.24,65.0,1.71,0.21
1990-02-10 11:00:00+00:00,329.0,713.66,81.0,2.7,0.21
1990-02-10 12:00:00+00:00,371.0,779.62,77.0,3.36,0.14
1990-02-10 13:00:00+00:00,340.0,650.45,101.0,3.79,0.28
1990-02-10 14:00:00+00:00,288.0,626.65,88.0,4.03,0.41
1990-02-10 15:00:00+00:00,208.0,645.26,56.0,4.05,0.69
1990-02-10 16:00:00+00:00,72.0,228.86,44.0,3.88,0.9
1990-02-10 17:00:00+00:00,0.0,0.0,0.0,3.01,1.17
1990-02-10 18:00:00+00:00,0.0,0.0,0.0,1.08,1.59
1990-02-10 19:00:00+00:00,0.0,0.0,0.0,0.01,2.21
1990-02-10 20:00:00+00:00,0.0,0.0,0.0,-0.68,2.48
1990-02-10 21:00:00+00:00,0.0,0.0,0.0,-0.55,2.62
1990-02-10 22:00:00+00:00,0.0,0.0,0.0,-0.39,2.69
1990-02-10 23:00:00+00:00,0.0,0.0,0.0,-0.17,2.76
1990-02-11 00:00:00+00:00,0.0,0.0,0.0,0.0,2.76
1990-02-11 01:00:00+00:00,0.0,0.0,0.0,0.09,2.83
1990-02-11 02:00:00+00:00,0.0,0.0,0.0,0.25,2.9
1990-02-11 03:00:00+00:00,0.0,0.0,0.0,0.27,2.97
1990-02-11 04:00:00+00:00,0.0,0.0,0.0,0.32,3.03
1990-02-11 05:00:00+00:00,0.0,0.0,0.0,0.47,3.17
1990-02-11 06:00:00+00:00,0.0,0.0,0.0,0.58,3.45
1990-02-11 07:00:00+00:00,0.0,0.0,0.0,0.88,3.86
1990-02-11 08:00:00+00:00,10.0,0.0,10.0,1.05,4.14
1990-02-11 09:00:00+00:00,25.0,0.0,25.0,1.61,4.34
1990-02-11 10:00:00+00:00,30.0,0.0,30.0,2.32,4.48
1990-02-11 11:00:00+00:00,52.0,0.0,52.0,3.32,4.76
1990-02-11 12:00:00+00:00,95.0,0.0,95.0,4.44,4.9
1990-02-11 13:00:00+00:00,352.0,713.67,86.0,5.63,4.83
1990-02-11 14:00:00+00:00,270.0,490.14,111.0,6.67,5.1
1990-02-11 15:00:00+00:00,159.0,240.96,101.0,7.05,4.9
1990-02-11 16:00:00+00:00,68.0,157.07,48.0,6.92,5.17
1990-02-11 17:00:00+00:00,0.0,0.0,0.0,6.49,5.52
1990-02-11 18:00:00+00:00,0.0,0.0,0.0,6.13,5.52
1990-02-11 19:00:00+00:00,0.0,0.0,0.0,5.76,5.45
1990-02-11 20:00:00+00:00,0.0,0.0,0.0,5.83,5.38
1990-02-11 21:00:00+00:00,0.0,0.0,0.0,5.95,5.38
1990-02-11 22:00:00+00:00,0.0,0.0,0.0,6.29,5.24
1990-02-11 23:00:00+00:00,0.0,0.0,0.0,6.54,4.9
1990-02-12 00:00:00+00:00,0.0,0.0,0.0,6.66,4.34
1990-02-12 01:00:00+00:00,0.0,0.0,0.0,6.69,3.93
1990-02-12 02:00:00+00:00,0.0,0.0,0.0,6.55,3.24
1990-02-12 03:00:00+00:00,0.0,0.0,0.0,6.3,3.1
1990-02-12 04:00:00+00:00,0.0,0.0,0.0,6.5,3.31
1990-02-12 05:00:00+00:00,0.0,0.0,0.0,7.15,3.72
1990-02-12 06:00:00+00:00,0.0,0.0,0.0,7.66,3.66
1990-02-12 07:00:00+00:00,0.0,0.0,0.0,7.75,3.72
1990-02-12 08:00:00+00:00,12.0,0.0,12.0,8.13,3.86
1990-02-12 09:00:00+00:00,32.0,0.0,32.0,8.65,4.55
1990-02-12 10:00:00+00:00,44.0,0.0,44.0,9.04,5.31
1990-02-12 11:00:00+00:00,76.0,0.0,76.0,9.28,5.79
1990-02-12 12:00:00+00:00,85.0,0.0,85.0,9.4,6.0
1990-02-12 13:00:00+00:00,90.0,0.0,90.0,9.35,5.93
1990-02-12 14:00:00+00:00,150.0,39.43,137.0,9.17,5.72
1990-02-12 15:00:00+00:00,97.0,24.4,91.0,9.1,5.38
1990-02-12 16:00:00+00:00,52.0,45.33,46.0,9.07,5.17
1990-02-12 17:00:00+00:00,0.0,0.0,0.0,9.09,5.17
1990-02-12 18:00:00+00:00,0.0,0.0,0.0,9.12,4.97
1990-02-12 19:00:00+00:00,0.0,0.0,0.0,9.13,4.62
1990-02-12 20:00:00+00:00,0.0,0.0,0.0,9.17,4.07
1990-02-12 21:00:00+00:00,0.0,0.0,0.0,9.11,3.38
1990-02-12 22:00:00+00:00,0.0,0.0,0.0,8.92,2.97
1990-02-12 23:00:00+00:00,0.0,0.0,0.0,8.83,2.9
1990-02-13 00:00:00+00:00,0.0,0.0,0.0,8.77,2.97
1990-02-13 01:00:00+00:00,0.0,0.0,0.0,8.73,3.17
1990-02-13 02:00:00+00:00,0.0,0.0,0.0,8.58,3.31
1990-02-13 03:00:00+00:00,0.0,0.0,0.0,8.42,3.1
1990-02-13 04:00:00+00:00,0.0,0.0,0.0,8.23,2.83
1990-02-13 05:00:00+00:00,0.0,0.0,0.0,8.0,2.76
1990-02-13 06:00:00+00:00,0.0,0.0,0.0,7.9,2.76
1990-02-13 07:00:00+00:00,0.0,0.0,0.0,7.84,2.41
1990-02-13 08:00:00+00:00,14.0,0.0,14.0,7.43,2.48
1990-02-13 09:00:00+00:00,14.0,0.0,14.0,7.78,2.62
1990-02-13 10:00:00+00:00,74.0,0.0,74.0,8.49,2.76
1990-02-13 11:00:00+00:00,92.0,0.0,92.0,9.27,3.17
1990-02-13 12:00:00+00:00,93.0,0.0,93.0,9.97,3.79
1990-02-13 13:00:00+00:00,92.0,0.0,92.0,10.42,4.14
1990-02-13 14:00:00+00:00,75.0,0.0,75.0,10.45,3.72
1990-02-13 15:00:00+00:00,78.0,3.98,77.0,10.39,3.72
1990-02-13 16:00:00+00:00,63.0,87.34,51.0,10.03,4.0
1990-02-13 17:00:00+00:00,0.0,0.0,0.0,9.57,4.21
1990-02-13 18:00:00+00:00,0.0,0.0,0.0,9.18,4.14
1990-02-13 19:00:00+00:00,0.0,0.0,0.0,9.19,4.34
1990-02-13 20:00:00+00:00,0.0,0.0,0.0,8.92,4.48
1990-02-13 21:00:00+00:00,0.0,0.0,0.0,8.59,4.69
1990-02-13 22:00:00+00:00,0.0,0.0,0.0,8.23,4.83
1990-02-13 23:00:00+00:00,0.0,0.0,0.0,8.03,5.03
1990-02-14 00:00:00+00:00,0.0,0.0,0.0,7.81,5.24
1990-02-14 01:00:00+00:00,0.0,0.0,0.0,7.75,5.52
1990-02-14 02:00:00+00:00,0.0,0.0,0.0,7.6,5.86
1990-02-14 03:00:00+00:00,0.0,0.0,0.0,7.51,6.14
1990-02-14 04:00:00+00:00,0.0,0.0,0.0,7.3,6.07
1990-02-14 05:00:00+00:00,0.0,0.0,0.0,7.17,6.07
1990-02-14 06:00:00+00:00,0.0,0.0,0.0,7.06,6.0
1990-02-14 07:00:00+00:00,0.0,0.0,0.0,7.09,5.45
1990-02-14 08:00:00+00:00,28.0,66.59,23.0,6.98,5.38
1990-02-14 09:00:00+00:00,120.0,178.85,84.0,6.86,4.69
1990-02-14 10:00:00+00:00,199.0,218.96,133.0,7.45,4.14
1990-02-14 11:00:00+00:00,178.0,48.82,160.0,8.3,5.72
1990-02-14 12:00:00+00:00,313.0,376.41,163.0,8.87,5.52
1990-02-14 13:00:00+00:00,62.0,0.0,62.0,9.13,5.72
1990-02-14 14:00:00+00:00,80.0,0.0,80.0,9.5,6.07
1990-02-14 15:00:00+00:00,225.0,639.92,61.0,9.19,5.45
1990-02-14 16:00:00+00:00,88.0,259.73,51.0,8.77,4.97
1990-02-14 17:00:00+00:00,0.0,0.0,0.0,8.07,4.48
1990-02-14 18:00:00+00:00,0.0,0.0,0.0,7.33,4.62
1990-02-14 19:00:00+00:00,0.0,0.0,0.0,7.63,5.66
1990-02-14 20:00:00+00:00,0.0,0.0,0.0,7.59,6.28
1990-02-14 21:00:00+00:00,0.0,0.0,0.0,7.59,6.69
1990-02-14 22:00:00+00:00,0.0,0.0,0.0,7.23,7.52
1990-02-14 23:00:00+00:00,0.0,0.0,0.0,7.11,8.69
1990-02-15 00:00:00+00:00,0.0,0.0,0.0,6.97,9.31
1990-02-15 01:00:00+00:00,0.0,0.0,0.0,7.29,8.76
1990-02-15 02:00:00+00:00,0.0,0.0,0.0,7.96,6.97
1990-02-15 03:00:00+00:00,0.0,0.0,0.0,8.32,5.86
1990-02-15 04:00:00+00:00,0.0,0.0,0.0,8.22,6.21
1990-02-15 05:00:00+00:00,0.0,0.0,0.0,7.84,6.14
1990-02-15 06:00:00+00:00,0.0,0.0,0.0,7.59,6.48
1990-02-15 07:00:00+00:00,0.0,0.0,0.0,7.3,7.03
1990-02-15 08:00:00+00:00,48.0,324.4,22.0,6.97,6.83
1990-02-15 09:00:00+00:00,143.0,305.08,80.0,7.17,6.9
1990-02-15 10:00:00+00:00,243.0,420.5,114.0,7.62,7.1
1990-02-15 11:00:00+00:00,216.0,109.59,175.0,8.02,7.03
1990-02-15 12:00:00+00:00,371.0,641.13,112.0,8.51,7.38
1990-02-15 13:00:00+00:00,331.0,474.29,144.0,9.15,8.07
1990-02-15 14:00:00+00:00,308.0,613.27,96.0,9.31,7.59
1990-02-15 15:00:00+00:00,177.0,256.19,110.0,9.23,7.1
1990-02-15 16:00:00+00:00,86.0,203.34,56.0,8.81,6.69
1990-02-15 17:00:00+00:00,0.0,0.0,0.0,8.15,6.0
1990-02-15 18:00:00+00:00,0.0,0.0,0.0,7.06,5.72
1990-02-15 19:00:00+00:00,0.0,0.0,0.0,7.02,5.03
1990-02-15 20:00:00+00:00,0.0,0.0,0.0,6.67,4.83
1990-02-15 21:00:00+00:00,0.0,0.0,0.0,6.5,4.76
1990-02-15 22:00:00+00:00,0.0,0.0,0.0,6.22,4.62
1990-02-15 23:00:00+00:00,0.0,0.0,0.0,5.8,4.62
1990-02-16 00:00:00+00:00,0.0,0.0,0.0,5.45,4.55
1990-02-16 01:00:00+00:00,0.0,0.0,0.0,5.05,4.55
1990-02-16 02:00:00+00:00,0.0,0.0,0.0,4.88,4.62
1990-02-16 03:00:00+00:00,0.0,0.0,0.0,4.74,4.41
1990-02-16 04:00:00+00:00,0.0,0.0,0.0,4.69,4.62
1990-02-16 05:00:00+00:00,0.0,0.0,0.0,4.89,4.69
1990-02-16 06:00:00+00:00,0.0,0.0,0.0,5.01,5.1
1990-02-16 07:00:00+00:00,0.0,0.0,0.0,5.04,5.03
1990-02-16 08:00:00+00:00,51.0,304.87,25.0,4.94,4.76
1990-02-16 09:00:00+00:00,177.0,571.3,56.0,5.23,4.76
1990-02-16 10:00:00+00:00,272.0,570.16,94.0,6.0,5.24
1990-02-16 11:00:00+00:00,242.0,163.32,180.0,6.91,6.28
1990-02-16 12:00:00+00:00,380.0,647.16,115.0,7.59,7.59
1990-02-16 13:00:00+00:00,344.0,505.32,142.0,7.94,7.59
1990-02-16 14:00:00+00:00,254.0,281.99,155.0,7.92,6.76
1990-02-16 15:00:00+00:00,224.0,539.73,80.0,7.74,6.48
1990-02-16 16:00:00+00:00,37.0,0.0,37.0,7.43,5.79
1990-02-16 17:00:00+00:00,0.0,0.0,0.0,6.91,5.72
1990-02-16 18:00:00+00:00,0.0,0.0,0.0,6.48,5.59
1990-02-16 19:00:00+00:00,0.0,0.0,0.0,5.82,5.38
1990-02-16 20:00:00+00:00,0.0,0.0,0.0,5.59,5.31
1990-02-16 21:00:00+00:00,0.0,0.0,0.0,5.21,5.38
1990-02-16 22:00:00+00:00,0.0,0.0,0.0,4.93,4.83
1990-02-16 23:00:00+00:00,0.0,0.0,0.0,4.8,4.07
1990-02-17 00:00:00+00:00,0.0,0.0,0.0,4.65,3.52
1990-02-17 01:00:00+00:00,0.0,0.0,0.0,4.72,3.24
1990-02-17 02:00:00+00:00,0.0,0.0,0.0,4.71,3.1
1990-02-17 03:00:00+00:00,0.0,0.0,0.0,4.66,3.1
1990-02-17 04:00:00+00:00,0.0,0.0,0.0,4.55,3.31
1990-02-17 05:00:00+00:00,0.0,0.0,0.0,4.83,3.79
1990-02-17 06:00:00+00:00,0.0,0.0,0.0,4.94,4.14
1990-02-17 07:00:00+00:00,0.0,0.0,0.0,5.08,4.55
1990-02-17 08:00:00+00:00,52.0,243.12,30.0,4.83,4.41
1990-02-17 09:00:00+00:00,184.0,589.43,56.0,5.23,4.55
1990-02-17 10:00:00+00:00,292.0,679.97,76.0,6.01,4.76
1990-02-17 11:00:00+00:00,353.0,633.51,109.0,6.85,5.59
1990-02-17 12:00:00+00:00,371.0,568.63,135.0,7.33,5.24
1990-02-17 13:00:00+00:00,353.0,520.66,142.0,7.58,4.9
1990-02-17 14:00:00+00:00,333.0,698.45,84.0,7.76,4.41
1990-02-17 15:00:00+00:00,224.0,496.17,89.0,7.73,3.59
1990-02-17 16:00:00+00:00,77.0,88.74,63.0,7.47,2.55
1990-02-17 17:00:00+00:00,0.0,0.0,0.0,6.8,1.52
1990-02-17 18:00:00+00:00,0.0,0.0,0.0,5.58,0.9
1990-02-17 19:00:00+00:00,0.0,0.0,0.0,4.93,1.03
1990-02-17 20:00:00+00:00,0.0,0.0,0.0,3.02,1.52
1990-02-17 21:00:00+00:00,0.0,0.0,0.0,2.04,1.66
1990-02-17 22:00:00+00:00,0.0,0.0,0.0,1.07,1.93
1990-02-17 23:00:00+00:00,0.0,0.0,0.0,0.54,2.07
1990-02-18 00:00:00+00:00,0.0,0.0,0.0,0.13,2.14
1990-02-18 01:00:00+00:00,0.0,0.0,0.0,0.09,1.86
1990-02-18 02:00:00+00:00,0.0,0.0,0.0,-0.52,1.86
1990-02-18 03:00:00+00:00,0.0,0.0,0.0,-0.82,1.86
1990-02-18 04:00:00+00:00,0.0,0.0,0.0,-1.11,1.79
1990-02-18 05:00:00+00:00,0.0,0.0,0.0,-1.04,1.72
1990-02-18 06:00:00+00:00,0.0,0.0,0.0,-1.16,1.66
1990-02-18 07:00:00+00:00,0.0,0.0,0.0,-0.9,1.17
1990-02-18 08:00:00+00:00,58.0,281.93,31.0,-0.43,1.24
1990-02-18 09:00:00+00:00,183.0,530.14,65.0,0.32,1.03
1990-02-18 10:00:00+00:00,305.0,724.04,71.0,1.72,1.1
1990-02-18 11:00:00+00:00,386.0,790.82,77.0,3.15,1.1
1990-02-18 12:00:00+00:00,430.0,853.51,71.0,4.75,0.9
1990-02-18 13:00:00+00:00,410.0,805.75,79.0,6.1,0.76
1990-02-18 14:00:00+00:00,341.0,704.53,86.0,6.74,0.34
1990-02-18 15:00:00+00:00,241.0,594.83,76.0,6.95,0.14
1990-02-18 16:00:00+00:00,110.0,313.08,59.0,6.8,0.62
1990-02-18 17:00:00+00:00,0.0,0.0,0.0,6.31,1.1
1990-02-18 18:00:00+00:00,0.0,0.0,0.0,5.11,1.59
1990-02-18 19:00:00+00:00,0.0,0.0,0.0,3.96,2.14
1990-02-18 20:00:00+00:00,0.0,0.0,0.0,3.6,2.07
1990-02-18 21:00:00+00:00,0.0,0.0,0.0,3.33,1.72
1990-02-18 22:00:00+00:00,0.0,0.0,0.0,2.52,1.31
1990-02-18 23:00:00+00:00,0.0,0.0,0.0,2.22,1.24
1990-02-19 00:00:00+00:00,0.0,0.0,0.0,1.46,1.52
1990-02-19 01:00:00+00:00,0.0,0.0,0.0,0.94,2.0
1990-02-19 02:00:00+00:00,0.0,0.0,0.0,1.39,2.28
1990-02-19 03:00:00+00:00,0.0,0.0,0.0,1.5,2.34
1990-02-19 04:00:00+00:00,0.0,0.0,0.0,1.59,2.41
1990-02-19 05:00:00+00:00,0.0,0.0,0.0,1.59,2.41
1990-02-19 06:00:00+00:00,0.0,0.0,0.0,1.56,2.41
1990-02-19 07:00:00+00:00,0.0,0.0,0.0,1.41,2.48
1990-02-19 08:00:00+00:00,59.0,237.35,35.0,1.51,2.76
1990-02-19 09:00:00+00:00,195.0,587.55,61.0,2.17,3.38
1990-02-19 10:00:00+00:00,301.0,647.88,88.0,3.07,4.62
1990-02-19 11:00:00+00:00,381.0,726.61,93.0,4.08,4.69
1990-02-19 12:00:00+00:00,367.0,483.3,161.0,4.81,4.48
1990-02-19 13:00:00+00:00,352.0,458.73,161.0,5.57,4.48
1990-02-19 14:00:00+00:00,266.0,269.45,167.0,6.12,4.62
1990-02-19 15:00:00+00:00,187.0,219.3,125.0,6.4,4.62
1990-02-19 16:00:00+00:00,78.0,65.46,67.0,6.21,4.28
1990-02-19 17:00:00+00:00,3.0,0.0,3.0,5.6,3.86
1990-02-19 18:00:00+00:00,0.0,0.0,0.0,4.6,3.66
1990-02-19 19:00:00+00:00,0.0,0.0,0.0,4.8,3.52
1990-02-19 20:00:00+00:00,0.0,0.0,0.0,4.26,3.52
1990-02-19 21:00:00+00:00,0.0,0.0,0.0,3.87,3.52
1990-02-19 22:00:00+00:00,0.0,0.0,0.0,3.61,3.52
1990-02-19 23:00:00+00:00,0.0,0.0,0.0,3.71,3.66
1990-02-20 00:00:00+00:00,0.0,0.0,0.0,3.83,3.79
1990-02-20 01:00:00+00:00,0.0,0.0,0.0,3.92,4.0
1990-02-20 02:00:00+00:00,0.0,0.0,0.0,3.99,4.0
1990-02-20 03:00:00+00:00,0.0,0.0,0.0,3.83,4.28
1990-02-20 04:00:00+00:00,0.0,0.0,0.0,3.88,4.55
1990-02-20 05:00:00+00:00,0.0,0.0,0.0,4.01,4.55
1990-02-20 06:00:00+00:00,0.0,0.0,0.0,4.28,4.41
1990-02-20 07:00:00+00:00,0.0,0.0,0.0,4.26,4.48
1990-02-20 08:00:00+00:00,76.0,450.57,28.0,4.37,4.55
1990-02-20 09:00:00+00:00,203.0,616.42,59.0,4.74,4.69
1990-02-20 10:00:00+00:00,75.0,0.0,75.0,5.43,6.41
1990-02-20 11:00:00+00:00,233.0,101.98,192.0,6.17,6.34
1990-02-20 12:00:00+00:00,153.0,4.63,151.0,6.82,6.28
1990-02-20 13:00:00+00:00,135.0,2.37,134.0,7.15,5.93
1990-02-20 14:00:00+00:00,321.0,509.53,131.0,7.35,5.79
1990-02-20 15:00:00+00:00,267.0,701.27,65.0,7.31,5.86
1990-02-20 16:00:00+00:00,124.0,363.72,61.0,6.92,5.24
1990-02-20 17:00:00+00:00,7.0,0.0,7.0,6.18,4.83
1990-02-20 18:00:00+00:00,0.0,0.0,0.0,5.43,4.83
1990-02-20 19:00:00+00:00,0.0,0.0,0.0,4.69,5.03
1990-02-20 20:00:00+00:00,0.0,0.0,0.0,4.22,5.03
1990-02-20 21:00:00+00:00,0.0,0.0,0.0,3.75,5.24
1990-02-20 22:00:00+00:00,0.0,0.0,0.0,3.63,5.38
1990-02-20 23:00:00+00:00,0.0,0.0,0.0,3.4,5.31
1990-02-21 00:00:00+00:00,0.0,0.0,0.0,3.33,5.24
1990-02-21 01:00:00+00:00,0.0,0.0,0.0,3.35,5.1
1990-02-21 02:00:00+00:00,0.0,0.0,0.0,3.38,4.9
1990-02-21 03:00:00+00:00,0.0,0.0,0.0,3.31,4.69
1990-02-21 04:00:00+00:00,0.0,0.0,0.0,3.31,4.62
1990-02-21 05:00:00+00:00,0.0,0.0,0.0,3.11,4.62
1990-02-21 06:00:00+00:00,0.0,0.0,0.0,3.05,4.69
1990-02-21 07:00:00+00:00,0.0,0.0,0.0,3.07,4.9
1990-02-21 08:00:00+00:00,58.0,151.77,41.0,3.11,4.83
1990-02-21 09:00:00+00:00,181.0,380.42,90.0,3.76,4.9
1990-02-21 10:00:00+00:00,213.0,158.79,159.0,4.7,6.21
1990-02-21 11:00:00+00:00,307.0,304.12,183.0,5.32,6.34
1990-02-21 12:00:00+00:00,83.0,0.0,83.0,5.89,6.69
1990-02-21 13:00:00+00:00,146.0,2.34,145.0,5.77,7.03
1990-02-21 14:00:00+00:00,372.0,784.91,75.0,5.86,6.69
1990-02-21 15:00:00+00:00,169.0,122.7,133.0,5.41,6.28
1990-02-21 16:00:00+00:00,110.0,207.42,73.0,5.13,6.28
1990-02-21 17:00:00+00:00,3.0,0.0,3.0,4.32,5.38
1990-02-21 18:00:00+00:00,0.0,0.0,0.0,3.58,4.83
1990-02-21 19:00:00+00:00,0.0,0.0,0.0,3.15,4.83
1990-02-21 20:00:00+00:00,0.0,0.0,0.0,2.77,4.62
1990-02-21 21:00:00+00:00,0.0,0.0,0.0,2.48,4.41
1990-02-21 22:00:00+00:00,0.0,0.0,0.0,2.36,4.48
1990-02-21 23:00:00+00:00,0.0,0.0,0.0,2.26,4.41
1990-02-22 00:00:00+00:00,0.0,0.0,0.0,2.3,4.48
1990-02-22 01:00:00+00:00,0.0,0.0,0.0,2.37,4.48
1990-02-22 02:00:00+00:00,0.0,0.0,0.0,2.39,4.48
1990-02-22 03:00:00+00:00,0.0,0.0,0.0,2.42,4.62
1990-02-22 04:00:00+00:00,0.0,0.0,0.0,2.32,4.62
1990-02-22 05:00:00+00:00,0.0,0.0,0.0,2.21,4.62
1990-02-22 06:00:00+00:00,0.0,0.0,0.0,1.97,4.62
1990-02-22 07:00:00+00:00,0.0,0.0,0.0,1.98,5.1
1990-02-22 08:00:00+00:00,76.0,314.75,39.0,1.94,5.24
1990-02-22 09:00:00+00:00,194.0,445.15,85.0,2.62,5.38
1990-02-22 10:00:00+00:00,78.0,0.0,78.0,3.45,7.79
1990-02-22 11:00:00+00:00,68.0,0.0,68.0,4.13,7.38
1990-02-22 12:00:00+00:00,42.0,0.0,42.0,4.71,8.14
1990-02-22 13:00:00+00:00,167.0,9.23,163.0,5.31,7.86
1990-02-22 14:00:00+00:00,60.0,0.0,60.0,5.5,7.03
1990-02-22 15:00:00+00:00,61.0,0.0,61.0,5.34,6.62
1990-02-22 16:00:00+00:00,48.0,0.0,48.0,5.02,5.66
1990-02-22 17:00:00+00:00,6.0,0.0,6.0,4.46,5.45
1990-02-22 18:00:00+00:00,0.0,0.0,0.0,3.65,5.17
1990-02-22 19:00:00+00:00,0.0,0.0,0.0,2.45,4.62
1990-02-22 20:00:00+00:00,0.0,0.0,0.0,2.02,4.48
1990-02-22 21:00:00+00:00,0.0,0.0,0.0,1.65,4.07
1990-02-22 22:00:00+00:00,0.0,0.0,0.0,1.5,3.72
1990-02-22 23:00:00+00:00,0.0,0.0,0.0,1.4,3.31
1990-02-23 00:00:00+00:00,0.0,0.0,0.0,1.34,2.83
1990-02-23 01:00:00+00:00,0.0,0.0,0.0,1.23,2.28
1990-02-23 02:00:00+00:00,0.0,0.0,0.0,0.94,1.86
1990-02-23 03:00:00+00:00,0.0,0.0,0.0,0.7,1.59
1990-02-23 04:00:00+00:00,0.0,0.0,0.0,0.66,1.66
1990-02-23 05:00:00+00:00,0.0,0.0,0.0,0.86,2.07
1990-02-23 06:00:00+00:00,0.0,0.0,0.0,1.06,2.48
1990-02-23 07:00:00+00:00,0.0,0.0,0.0,1.25,2.83
1990-02-23 08:00:00+00:00,32.0,0.0,32.0,1.58,2.9
1990-02-23 09:00:00+00:00,57.0,0.0,57.0,2.25,3.1
1990-02-23 10:00:00+00:00,89.0,0.0,89.0,3.04,3.86
1990-02-23 11:00:00+00:00,80.0,0.0,80.0,3.6,4.48
1990-02-23 12:00:00+00:00,87.0,0.0,87.0,4.03,5.03
1990-02-23 13:00:00+00:00,103.0,0.0,103.0,3.99,5.45
1990-02-23 14:00:00+00:00,85.0,0.0,85.0,4.09,5.72
1990-02-23 15:00:00+00:00,95.0,3.29,94.0,4.24,5.52
1990-02-23 16:00:00+00:00,79.0,42.39,71.0,4.68,4.97
1990-02-23 17:00:00+00:00,12.0,19.55,11.0,5.2,4.28
1990-02-23 18:00:00+00:00,0.0,0.0,0.0,5.08,4.48
1990-02-23 19:00:00+00:00,0.0,0.0,0.0,4.82,4.55
1990-02-23 20:00:00+00:00,0.0,0.0,0.0,4.38,4.07
1990-02-23 21:00:00+00:00,0.0,0.0,0.0,4.13,3.86
1990-02-23 22:00:00+00:00,0.0,0.0,0.0,4.06,3.45
1990-02-23 23:00:00+00:00,0.0,0.0,0.0,4.14,2.97
1990-02-24 00:00:00+00:00,0.0,0.0,0.0,4.31,2.83
1990-02-24 01:00:00+00:00,0.0,0.0,0.0,4.54,2.9
1990-02-24 02:00:00+00:00,0.0,0.0,0.0,4.76,3.45
1990-02-24 03:00:00+00:00,0.0,0.0,0.0,4.83,4.0
1990-02-24 04:00:00+00:00,0.0,0.0,0.0,4.73,4.28
1990-02-24 05:00:00+00:00,0.0,0.0,0.0,4.51,4.69
1990-02-24 06:00:00+00:00,0.0,0.0,0.0,4.28,4.83
1990-02-24 07:00:00+00:00,0.0,0.0,0.0,3.93,5.24
1990-02-24 08:00:00+00:00,29.0,0.0,29.0,3.26,6.41
1990-02-24 09:00:00+00:00,69.0,0.0,69.0,2.88,6.62
1990-02-24 10:00:00+00:00,39.0,0.0,39.0,2.87,6.55
1990-02-24 11:00:00+00:00,47.0,0.0,47.0,3.34,6.14
1990-02-24 12:00:00+00:00,86.0,0.0,86.0,3.6,6.76
1990-02-24 13:00:00+00:00,39.0,0.0,39.0,4.02,8.0
1990-02-24 14:00:00+00:00,53.0,0.0,53.0,3.88,7.79
1990-02-24 15:00:00+00:00,89.0,0.0,89.0,3.61,7.66
1990-02-24 16:00:00+00:00,137.0,340.32,71.0,3.63,7.31
1990-02-24 17:00:00+00:00,20.0,71.22,16.0,3.38,5.86
1990-02-24 18:00:00+00:00,0.0,0.0,0.0,2.78,5.24
1990-02-24 19:00:00+00:00,0.0,0.0,0.0,2.21,5.03
1990-02-24 20:00:00+00:00,0.0,0.0,0.0,1.9,4.69
1990-02-24 21:00:00+00:00,0.0,0.0,0.0,1.88,4.62
1990-02-24 22:00:00+00:00,0.0,0.0,0.0,1.88,4.69
1990-02-24 23:00:00+00:00,0.0,0.0,0.0,1.85,4.83
1990-02-25 00:00:00+00:00,0.0,0.0,0.0,2.02,5.03
1990-02-25 01:00:00+00:00,0.0,0.0,0.0,2.27,5.31
1990-02-25 02:00:00+00:00,0.0,0.0,0.0,2.38,5.38
1990-02-25 03:00:00+00:00,0.0,0.0,0.0,2.51,5.52
1990-02-25 04:00:00+00:00,0.0,0.0,0.0,2.61,5.86
1990-02-25 05:00:00+00:00,0.0,0.0,0.0,2.66,6.0
1990-02-25 06:00:00+00:00,0.0,0.0,0.0,2.61,6.0
1990-02-25 07:00:00+00:00,0.0,0.0,0.0,2.37,6.07
1990-02-25 08:00:00+00:00,70.0,126.36,53.0,2.52,6.07
1990-02-25 09:00:00+00:00,228.0,595.14,72.0,3.24,5.59
1990-02-25 10:00:00+00:00,171.0,38.55,157.0,4.2,7.24
1990-02-25 11:00:00+00:00,370.0,478.09,164.0,5.14,8.48
1990-02-25 12:00:00+00:00,292.0,141.14,227.0,5.72,7.59
1990-02-25 13:00:00+00:00,324.0,242.12,215.0,6.22,7.52
1990-02-25 14:00:00+00:00,188.0,34.96,174.0,6.32,7.1
1990-02-25 15:00:00+00:00,279.0,597.09,91.0,6.26,6.69
1990-02-25 16:00:00+00:00,133.0,266.16,80.0,6.22,5.93
1990-02-25 17:00:00+00:00,16.0,16.35,15.0,5.97,4.69
1990-02-25 18:00:00+00:00,0.0,0.0,0.0,5.61,4.9
1990-02-25 19:00:00+00:00,0.0,0.0,0.0,4.94,5.66
1990-02-25 20:00:00+00:00,0.0,0.0,0.0,4.66,6.28
1990-02-25 21:00:00+00:00,0.0,0.0,0.0,4.2,5.86
1990-02-25 22:00:00+00:00,0.0,0.0,0.0,4.09,5.52
1990-02-25 23:00:00+00:00,0.0,0.0,0.0,4.01,5.24
1990-02-26 00:00:00+00:00,0.0,0.0,0.0,3.93,5.1
1990-02-26 01:00:00+00:00,0.0,0.0,0.0,3.92,5.03
1990-02-26 02:00:00+00:00,0.0,0.0,0.0,3.57,4.83
1990-02-26 03:00:00+00:00,0.0,0.0,0.0,3.45,4.76
1990-02-26 04:00:00+00:00,0.0,0.0,0.0,3.2,4.62
1990-02-26 05:00:00+00:00,0.0,0.0,0.0,2.98,4.48
1990-02-26 06:00:00+00:00,0.0,0.0,0.0,2.77,4.21
1990-02-26 07:00:00+00:00,0.0,0.0,0.0,3.05,4.48
1990-02-26 08:00:00+00:00,100.0,406.26,43.0,3.13,4.21
1990-02-26 09:00:00+00:00,117.0,33.59,108.0,4.0,4.21
1990-02-26 10:00:00+00:00,67.0,0.0,67.0,4.81,5.86
1990-02-26 11:00:00+00:00,66.0,0.0,66.0,5.7,6.41
1990-02-26 12:00:00+00:00,122.0,0.0,122.0,6.07,6.34
1990-02-26 13:00:00+00:00,126.0,0.0,126.0,6.42,5.72
1990-02-26 14:00:00+00:00,49.0,0.0,49.0,6.48,5.31
1990-02-26 15:00:00+00:00,93.0,0.0,93.0,6.28,4.9
1990-02-26 16:00:00+00:00,61.0,4.89,60.0,6.03,4.48
1990-02-26 17:00:00+00:00,14.0,0.0,14.0,5.5,3.86
1990-02-26 18:00:00+00:00,0.0,0.0,0.0,4.67,3.52
1990-02-26 19:00:00+00:00,0.0,0.0,0.0,3.6,3.38
1990-02-26 20:00:00+00:00,0.0,0.0,0.0,2.72,3.31
1990-02-26 21:00:00+00:00,0.0,0.0,0.0,2.2,3.31
1990-02-26 22:00:00+00:00,0.0,0.0,0.0,1.92,3.45
1990-02-26 23:00:00+00:00,0.0,0.0,0.0,1.68,3.52
1990-02-27 00:00:00+00:00,0.0,0.0,0.0,1.55,3.59
1990-02-27 01:00:00+00:00,0.0,0.0,0.0,1.44,3.59
1990-02-27 02:00:00+00:00,0.0,0.0,0.0,1.34,3.59
1990-02-27 03:00:00+00:00,0.0,0.0,0.0,1.23,3.38
1990-02-27 04:00:00+00:00,0.0,0.0,0.0,1.17,3.1
1990-02-27 05:00:00+00:00,0.0,0.0,0.0,1.08,2.69
1990-02-27 06:00:00+00:00,0.0,0.0,0.0,0.78,2.41
1990-02-27 07:00:00+00:00,0.0,0.0,0.0,1.51,3.17
1990-02-27 08:00:00+00:00,51.0,20.53,48.0,1.94,3.17
1990-02-27 09:00:00+00:00,191.0,277.52,115.0,3.31,3.24
1990-02-27 10:00:00+00:00,358.0,738.7,81.0,4.65,4.62
1990-02-27 11:00:00+00:00,285.0,162.67,213.0,5.53,5.59
1990-02-27 12:00:00+00:00,225.0,36.01,208.0,6.07,5.86
1990-02-27 13:00:00+00:00,247.0,69.33,215.0,6.33,6.76
1990-02-27 14:00:00+00:00,153.0,7.29,150.0,5.96,7.31
1990-02-27 15:00:00+00:00,62.0,0.0,62.0,5.72,8.07
1990-02-27 16:00:00+00:00,119.0,143.19,89.0,5.66,7.52
1990-02-27 17:00:00+00:00,27.0,70.23,22.0,5.57,7.17
1990-02-27 18:00:00+00:00,0.0,0.0,0.0,5.16,6.97
1990-02-27 19:00:00+00:00,0.0,0.0,0.0,4.8,6.62
1990-02-27 20:00:00+00:00,0.0,0.0,0.0,4.8,7.38
1990-02-27 21:00:00+00:00,0.0,0.0,0.0,5.0,7.52
1990-02-27 22:00:00+00:00,0.0,0.0,0.0,4.72,7.45
1990-02-27 23:00:00+00:00,0.0,0.0,0.0,4.15,7.24
1990-02-28 00:00:00+00:00,0.0,0.0,0.0,3.44,6.34
1990-02-28 01:00:00+00:00,0.0,0.0,0.0,2.88,5.79
1990-02-28 02:00:00+00:00,0.0,0.0,0.0,2.52,5.86
1990-02-28 03:00:00+00:00,0.0,0.0,0.0,2.06,5.93
1990-02-28 04:00:00+00:00,0.0,0.0,0.0,1.66,5.79
1990-02-28 05:00:00+00:00,0.0,0.0,0.0,1.34,5.79
1990-02-28 06:00:00+00:00,0.0,0.0,0.0,1.14,5.72
1990-02-28 07:00:00+00:00,0.0,0.0,0.0,0.97,5.66
1990-02-28 08:00:00+00:00,53.0,19.74,50.0,1.2,5.72
1990-02-28 09:00:00+00:00,88.0,3.57,87.0,2.1,5.79
1990-02-28 10:00:00+00:00,247.0,170.64,182.0,2.73,7.17
1990-02-28 11:00:00+00:00,455.0,818.25,88.0,3.04,7.52
1990-02-28 12:00:00+00:00,434.0,554.43,169.0,3.4,7.79
1990-02-28 13:00:00+00:00,442.0,646.32,140.0,3.56,8.07
1990-02-28 14:00:00+00:00,428.0,853.45,72.0,3.63,8.41
1990-02-28 15:00:00+00:00,280.0,495.49,116.0,3.52,8.28
1990-02-28 16:00:00+00:00,191.0,661.37,49.0,1.93,6.65
1990-02-28 17:00:00+00:00,46.0,341.16,20.0,2.12,6.76
1990-02-28 18:00:00+00:00,0.0,0.0,0.0,2.3,6.87
1990-02-28 19:00:00+00:00,0.0,0.0,0.0,2.48,6.98
1990-02-28 20:00:00+00:00,0.0,0.0,0.0,2.67,7.09
1990-02-28 21:00:00+00:00,0.0,0.0,0.0,2.85,7.2
1990-02-28 22:00:00+00:00,0.0,0.0,0.0,3.04,7.31
1990-02-28 23:00:00+00:00,0.0,0.0,0.0,3.22,7.42
1990-03-01 00:00:00+00:00,0.0,0.0,0.0,3.41,7.53
1990-03-01 01:00:00+00:00,0.0,0.0,0.0,3.59,7.64
1990-03-01 02:00:00+00:00,0.0,0.0,0.0,3.78,7.76
1990-03-01 03:00:00+00:00,0.0,0.0,0.0,3.96,7.87
1990-03-01 04:00:00+00:00,0.0,0.0,0.0,4.15,7.98
1990-03-01 05:00:00+00:00,0.0,0.0,0.0,4.33,8.09
1990-03-01 06:00:00+00:00,0.0,0.0,0.0,4.51,8.2
1990-03-01 07:00:00+00:00,0.0,0.0,0.0,4.7,8.31
1990-03-01 08:00:00+00:00,111.0,305.15,61.0,4.16,7.1
1990-03-01 09:00:00+00:00,236.0,449.04,105.0,4.78,6.48
1990-03-01 10:00:00+00:00,355.0,590.52,123.0,5.5,8.28
1990-03-01 11:00:00+00:00,420.0,582.14,152.0,6.13,8.69
1990-03-01 12:00:00+00:00,373.0,296.14,228.0,6.56,8.55
1990-03-01 13:00:00+00:00,365.0,300.83,221.0,6.59,8.28
1990-03-01 14:00:00+00:00,263.0,133.11,206.0,6.52,8.0
1990-03-01 15:00:00+00:00,270.0,392.13,136.0,6.39,7.45
1990-03-01 16:00:00+00:00,161.0,324.33,88.0,6.29,6.69
1990-03-01 17:00:00+00:00,13.0,0.0,13.0,5.71,5.59
1990-03-01 18:00:00+00:00,0.0,0.0,0.0,4.87,4.83
1990-03-01 19:00:00+00:00,0.0,0.0,0.0,4.59,4.55
1990-03-01 20:00:00+00:00,0.0,0.0,0.0,4.12,4.14
1990-03-01 21:00:00+00:00,0.0,0.0,0.0,3.66,3.72
1990-03-01 22:00:00+00:00,0.0,0.0,0.0,3.17,3.24
1990-03-01 23:00:00+00:00,0.0,0.0,0.0,2.74,2.76
1990-03-02 00:00:00+00:00,0.0,0.0,0.0,1.96,2.48
1990-03-02 01:00:00+00:00,0.0,0.0,0.0,1.52,2.34
1990-03-02 02:00:00+00:00,0.0,0.0,0.0,0.94,2.21
1990-03-02 03:00:00+00:00,0.0,0.0,0.0,0.55,2.21
1990-03-02 04:00:00+00:00,0.0,0.0,0.0,0.32,2.34
1990-03-02 05:00:00+00:00,0.0,0.0,0.0,0.5,2.55
1990-03-02 06:00:00+00:00,0.0,0.0,0.0,0.97,2.69
1990-03-02 07:00:00+00:00,0.0,0.0,0.0,1.23,2.76
1990-03-02 08:00:00+00:00,123.0,388.58,57.0,2.16,3.1
1990-03-02 09:00:00+00:00,263.0,601.15,84.0,3.81,3.59
1990-03-02 10:00:00+00:00,369.0,636.78,115.0,4.83,5.52
1990-03-02 11:00:00+00:00,412.0,518.96,170.0,5.38,6.0
1990-03-02 12:00:00+00:00,316.0,145.31,244.0,5.8,6.0
1990-03-02 13:00:00+00:00,444.0,582.19,162.0,6.02,5.79
1990-03-02 14:00:00+00:00,366.0,451.86,170.0,6.22,5.59
1990-03-02 15:00:00+00:00,309.0,584.87,106.0,6.11,5.52
1990-03-02 16:00:00+00:00,183.0,464.7,76.0,5.74,5.38
1990-03-02 17:00:00+00:00,54.0,284.97,28.0,5.32,4.62
1990-03-02 18:00:00+00:00,0.0,0.0,0.0,4.29,4.28
1990-03-02 19:00:00+00:00,0.0,0.0,0.0,4.22,4.0
1990-03-02 20:00:00+00:00,0.0,0.0,0.0,3.88,4.14
1990-03-02 21:00:00+00:00,0.0,0.0,0.0,3.68,4.07
1990-03-02 22:00:00+00:00,0.0,0.0,0.0,3.49,4.41
1990-03-02 23:00:00+00:00,0.0,0.0,0.0,3.54,4.69
1990-03-03 00:00:00+00:00,0.0,0.0,0.0,3.44,4.97
1990-03-03 01:00:00+00:00,0.0,0.0,0.0,3.23,4.69
1990-03-03 02:00:00+00:00,0.0,0.0,0.0,2.92,4.41
1990-03-03 03:00:00+00:00,0.0,0.0,0.0,2.92,4.55
1990-03-03 04:00:00+00:00,0.0,0.0,0.0,2.96,4.41
1990-03-03 05:00:00+00:00,0.0,0.0,0.0,3.16,4.28
1990-03-03 06:00:00+00:00,0.0,0.0,0.0,3.13,4.28
1990-03-03 07:00:00+00:00,1.0,0.0,1.0,3.14,3.72
1990-03-03 08:00:00+00:00,25.0,0.0,25.0,3.45,4.0
1990-03-03 09:00:00+00:00,82.0,0.0,82.0,4.08,4.69
1990-03-03 10:00:00+00:00,146.0,7.41,143.0,4.9,5.17
1990-03-03 11:00:00+00:00,101.0,0.0,101.0,5.6,6.48
1990-03-03 12:00:00+00:00,72.0,0.0,72.0,6.29,6.34
1990-03-03 13:00:00+00:00,171.0,4.08,169.0,6.8,6.69
1990-03-03 14:00:00+00:00,380.0,498.53,161.0,6.95,7.24
1990-03-03 15:00:00+00:00,319.0,627.07,98.0,7.05,7.31
1990-03-03 16:00:00+00:00,191.0,505.47,72.0,6.86,6.07
1990-03-03 17:00:00+00:00,54.0,228.6,32.0,6.38,5.38
1990-03-03 18:00:00+00:00,0.0,0.0,0.0,5.49,4.48
1990-03-03 19:00:00+00:00,0.0,0.0,0.0,5.06,3.66
1990-03-03 20:00:00+00:00,0.0,0.0,0.0,4.41,3.17
1990-03-03 21:00:00+00:00,0.0,0.0,0.0,3.75,3.03
1990-03-03 22:00:00+00:00,0.0,0.0,0.0,3.39,2.9
1990-03-03 23:00:00+00:00,0.0,0.0,0.0,3.12,2.55
1990-03-04 00:00:00+00:00,0.0,0.0,0.0,2.92,2.28
1990-03-04 01:00:00+00:00,0.0,0.0,0.0,2.51,2.0
1990-03-04 02:00:00+00:00,0.0,0.0,0.0,1.87,1.93
1990-03-04 03:00:00+00:00,0.0,0.0,0.0,1.06,1.93
1990-03-04 04:00:00+00:00,0.0,0.0,0.0,0.62,1.93
1990-03-04 05:00:00+00:00,0.0,0.0,0.0,0.5,1.93
1990-03-04 06:00:00+00:00,0.0,0.0,0.0,0.62,1.93
1990-03-04 07:00:00+00:00,2.0,0.0,2.0,0.47,2.07
1990-03-04 08:00:00+00:00,93.0,104.43,74.0,0.98,1.86
1990-03-04 09:00:00+00:00,146.0,48.4,131.0,3.32,2.0
1990-03-04 10:00:00+00:00,231.0,94.9,192.0,5.27,2.21
1990-03-04 11:00:00+00:00,251.0,62.73,221.0,6.53,2.28
1990-03-04 12:00:00+00:00,259.0,53.24,232.0,6.87,2.55
1990-03-04 13:00:00+00:00,320.0,157.33,242.0,7.24,2.28
1990-03-04 14:00:00+00:00,93.0,0.0,93.0,7.28,1.79
1990-03-04 15:00:00+00:00,184.0,69.88,159.0,7.1,1.45
1990-03-04 16:00:00+00:00,92.0,20.78,87.0,6.82,1.03
1990-03-04 17:00:00+00:00,31.0,19.76,29.0,6.38,0.62
1990-03-04 18:00:00+00:00,0.0,0.0,0.0,5.59,1.17
1990-03-04 19:00:00+00:00,0.0,0.0,0.0,4.49,1.1
1990-03-04 20:00:00+00:00,0.0,0.0,0.0,4.24,0.9
1990-03-04 21:00:00+00:00,0.0,0.0,0.0,3.35,1.31
1990-03-04 22:00:00+00:00,0.0,0.0,0.0,3.0,1.38
1990-03-04 23:00:00+00:00,0.0,0.0,0.0,2.59,1.38
1990-03-05 00:00:00+00:00,0.0,0.0,0.0,1.74,1.31
1990-03-05 01:00:00+00:00,0.0,0.0,0.0,0.83,1.45
1990-03-05 02:00:00+00:00,0.0,0.0,0.0,0.55,1.52
1990-03-05 03:00:00+00:00,0.0,0.0,0.0,0.9,1.59
1990-03-05 04:00:00+00:00,0.0,0.0,0.0,0.94,1.59
1990-03-05 05:00:00+00:00,0.0,0.0,0.0,1.17,1.52
1990-03-05 06:00:00+00:00,0.0,0.0,0.0,1.5,1.66
1990-03-05 07:00:00+00:00,11.0,23.88,10.0,1.55,2.0
1990-03-05 08:00:00+00:00,128.0,297.81,72.0,1.71,1.72
1990-03-05 09:00:00+00:00,242.0,363.93,127.0,2.96,2.14
1990-03-05 10:00:00+00:00,372.0,563.53,137.0,4.39,2.97
1990-03-05 11:00:00+00:00,465.0,693.9,129.0,5.47,3.31
1990-03-05 12:00:00+00:00,456.0,522.4,188.0,6.27,3.45
1990-03-05 13:00:00+00:00,366.0,253.26,239.0,6.84,3.24
1990-03-05 14:00:00+00:00,294.0,168.77,218.0,6.95,3.17
1990-03-05 15:00:00+00:00,233.0,173.5,170.0,6.95,3.31
1990-03-05 16:00:00+00:00,117.0,61.04,102.0,6.52,3.17
1990-03-05 17:00:00+00:00,42.0,56.48,36.0,5.87,2.62
1990-03-05 18:00:00+00:00,0.0,0.0,0.0,4.56,2.28
1990-03-05 19:00:00+00:00,0.0,0.0,0.0,3.84,2.28
1990-03-05 20:00:00+00:00,0.0,0.0,0.0,3.13,1.86
1990-03-05 21:00:00+00:00,0.0,0.0,0.0,2.26,1.31
1990-03-05 22:00:00+00:00,0.0,0.0,0.0,2.05,1.03
1990-03-05 23:00:00+00:00,0.0,0.0,0.0,2.62,0.76
1990-03-06 00:00:00+00:00,0.0,0.0,0.0,2.35,0.41
1990-03-06 01:00:00+00:00,0.0,0.0,0.0,2.03,0.34
1990-03-06 02:00:00+00:00,0.0,0.0,0.0,1.05,0.9
1990-03-06 03:00:00+00:00,0.0,0.0,0.0,0.2,1.03
1990-03-06 04:00:00+00:00,0.0,0.0,0.0,-0.27,1.1
1990-03-06 05:00:00+00:00,0.0,0.0,0.0,-0.71,1.17
1990-03-06 06:00:00+00:00,0.0,0.0,0.0,-1.22,1.38
1990-03-06 07:00:00+00:00,15.0,41.71,13.0,-2.08,1.38
1990-03-06 08:00:00+00:00,119.0,200.86,80.0,-0.92,0.9
1990-03-06 09:00:00+00:00,281.0,571.22,97.0,1.73,0.69
1990-03-06 10:00:00+00:00,404.0,706.71,105.0,3.93,0.69
1990-03-06 11:00:00+00:00,480.0,738.48,118.0,5.85,1.03
1990-03-06 12:00:00+00:00,437.0,429.79,214.0,7.01,1.38
1990-03-06 13:00:00+00:00,483.0,664.51,146.0,7.41,1.24
1990-03-06 14:00:00+00:00,409.0,561.61,153.0,7.62,1.45
1990-03-06 15:00:00+00:00,299.0,426.14,142.0,7.83,2.21
1990-03-06 16:00:00+00:00,183.0,338.81,98.0,7.23,2.76
1990-03-06 17:00:00+00:00,66.0,251.79,38.0,6.22,2.76
1990-03-06 18:00:00+00:00,0.0,0.0,0.0,5.09,2.55
1990-03-06 19:00:00+00:00,0.0,0.0,0.0,4.91,2.48
1990-03-06 20:00:00+00:00,0.0,0.0,0.0,4.47,2.9
1990-03-06 21:00:00+00:00,0.0,0.0,0.0,4.2,3.31
1990-03-06 22:00:00+00:00,0.0,0.0,0.0,4.41,3.45
1990-03-06 23:00:00+00:00,0.0,0.0,0.0,4.1,2.97
1990-03-07 00:00:00+00:00,0.0,0.0,0.0,3.64,2.62
1990-03-07 01:00:00+00:00,0.0,0.0,0.0,3.79,2.41
1990-03-07 02:00:00+00:00,0.0,0.0,0.0,3.99,2.55
1990-03-07 03:00:00+00:00,0.0,0.0,0.0,4.1,2.83
1990-03-07 04:00:00+00:00,0.0,0.0,0.0,4.32,3.03
1990-03-07 05:00:00+00:00,0.0,0.0,0.0,4.63,3.31
1990-03-07 06:00:00+00:00,0.0,0.0,0.0,5.16,3.66
1990-03-07 07:00:00+00:00,2.0,0.0,2.0,5.77,4.0
1990-03-07 08:00:00+00:00,84.0,39.94,76.0,6.46,4.14
1990-03-07 09:00:00+00:00,260.0,426.49,120.0,7.73,4.28
1990-03-07 10:00:00+00:00,199.0,37.28,183.0,9.15,4.48
1990-03-07 11:00:00+00:00,317.0,157.2,239.0,10.38,6.48
1990-03-07 12:00:00+00:00,115.0,0.0,115.0,10.94,6.28
1990-03-07 13:00:00+00:00,107.0,0.0,107.0,10.87,5.93
1990-03-07 14:00:00+00:00,105.0,0.0,105.0,10.94,5.93
1990-03-07 15:00:00+00:00,134.0,8.03,131.0,11.35,6.62
1990-03-07 16:00:00+00:00,105.0,31.25,97.0,11.09,6.62
1990-03-07 17:00:00+00:00,13.0,0.0,13.0,10.66,6.55
1990-03-07 18:00:00+00:00,0.0,0.0,0.0,10.1,6.55
1990-03-07 19:00:00+00:00,0.0,0.0,0.0,10.08,7.17
1990-03-07 20:00:00+00:00,0.0,0.0,0.0,9.84,7.1
1990-03-07 21:00:00+00:00,0.0,0.0,0.0,9.6,7.38
1990-03-07 22:00:00+00:00,0.0,0.0,0.0,9.44,7.66
1990-03-07 23:00:00+00:00,0.0,0.0,0.0,9.23,7.66
1990-03-08 00:00:00+00:00,0.0,0.0,0.0,9.32,7.59
1990-03-08 01:00:00+00:00,0.0,0.0,0.0,9.47,7.38
1990-03-08 02:00:00+00:00,0.0,0.0,0.0,9.51,6.97
1990-03-08 03:00:00+00:00,0.0,0.0,0.0,8.88,6.69
1990-03-08 04:00:00+00:00,0.0,0.0,0.0,8.11,5.93
1990-03-08 05:00:00+00:00,0.0,0.0,0.0,7.39,5.66
1990-03-08 06:00:00+00:00,0.0,0.0,0.0,6.88,5.52
1990-03-08 07:00:00+00:00,18.0,33.21,16.0,6.78,5.38
1990-03-08 08:00:00+00:00,119.0,159.81,86.0,7.05,5.17
1990-03-08 09:00:00+00:00,258.0,382.76,130.0,7.66,4.69
1990-03-08 10:00:00+00:00,338.0,353.82,184.0,8.38,5.45
1990-03-08 11:00:00+00:00,349.0,219.06,239.0,8.92,5.72
1990-03-08 12:00:00+00:00,126.0,0.0,126.0,9.22,5.59
1990-03-08 13:00:00+00:00,386.0,283.53,239.0,9.42,5.38
1990-03-08 14:00:00+00:00,141.0,0.0,141.0,9.55,5.24
1990-03-08 15:00:00+00:00,265.0,253.29,169.0,9.46,5.24
1990-03-08 16:00:00+00:00,183.0,302.55,104.0,9.12,4.97
1990-03-08 17:00:00+00:00,59.0,115.57,45.0,7.67,5.38
1990-03-08 18:00:00+00:00,0.0,0.0,0.0,7.07,4.21
1990-03-08 19:00:00+00:00,0.0,0.0,0.0,6.37,4.48
1990-03-08 20:00:00+00:00,0.0,0.0,0.0,6.14,4.41
1990-03-08 21:00:00+00:00,0.0,0.0,0.0,5.75,4.55
1990-03-08 22:00:00+00:00,0.0,0.0,0.0,5.5,4.83
1990-03-08 23:00:00+00:00,0.0,0.0,0.0,5.34,5.17
1990-03-09 00:00:00+00:00,0.0,0.0,0.0,5.3,5.66
1990-03-09 01:00:00+00:00,0.0,0.0,0.0,5.61,6.48
1990-03-09 02:00:00+00:00,0.0,0.0,0.0,5.82,7.24
1990-03-09 03:00:00+00:00,0.0,0.0,0.0,5.95,7.03
1990-03-09 04:00:00+00:00,0.0,0.0,0.0,5.8,6.62
1990-03-09 05:00:00+00:00,0.0,0.0,0.0,5.63,6.41
1990-03-09 06:00:00+00:00,0.0,0.0,0.0,5.91,6.55
1990-03-09 07:00:00+00:00,19.0,30.12,17.0,6.04,6.55
1990-03-09 08:00:00+00:00,136.0,239.78,85.0,6.31,6.97
1990-03-09 09:00:00+00:00,163.0,52.85,145.0,6.67,6.48
1990-03-09 10:00:00+00:00,377.0,500.74,156.0,7.3,6.41
1990-03-09 11:00:00+00:00,186.0,5.9,183.0,7.88,6.21
1990-03-09 12:00:00+00:00,198.0,5.59,195.0,8.12,5.59
1990-03-09 13:00:00+00:00,159.0,0.0,159.0,8.07,5.24
1990-03-09 14:00:00+00:00,97.0,0.0,97.0,7.66,5.17
1990-03-09 15:00:00+00:00,96.0,0.0,96.0,7.16,5.03
1990-03-09 16:00:00+00:00,41.0,0.0,41.0,6.48,5.93
1990-03-09 17:00:00+00:00,21.0,0.0,21.0,6.55,6.55
1990-03-09 18:00:00+00:00,0.0,0.0,0.0,7.28,6.41
1990-03-09 19:00:00+00:00,0.0,0.0,0.0,8.17,6.9
1990-03-09 20:00:00+00:00,0.0,0.0,0.0,9.12,6.48
1990-03-09 21:00:00+00:00,0.0,0.0,0.0,10.0,6.83
1990-03-09 22:00:00+00:00,0.0,0.0,0.0,10.58,7.38
1990-03-09 23:00:00+00:00,0.0,0.0,0.0,10.76,7.24
1990-03-10 00:00:00+00:00,0.0,0.0,0.0,10.58,6.69
1990-03-10 01:00:00+00:00,0.0,0.0,0.0,10.53,6.28
1990-03-10 02:00:00+00:00,0.0,0.0,0.0,10.59,6.34
1990-03-10 03:00:00+00:00,0.0,0.0,0.0,10.88,7.31
1990-03-10 04:00:00+00:00,0.0,0.0,0.0,10.99,7.31
1990-03-10 05:00:00+00:00,0.0,0.0,0.0,10.88,6.62
1990-03-10 06:00:00+00:00,0.0,0.0,0.0,10.72,6.28
1990-03-10 07:00:00+00:00,5.0,0.0,5.0,10.71,6.0
1990-03-10 08:00:00+00:00,32.0,0.0,32.0,10.73,5.72
1990-03-10 09:00:00+00:00,75.0,0.0,75.0,10.8,6.28
1990-03-10 10:00:00+00:00,145.0,2.23,144.0,10.97,7.31
1990-03-10 11:00:00+00:00,140.0,0.0,140.0,11.09,7.59
1990-03-10 12:00:00+00:00,98.0,0.0,98.0,11.34,8.0
1990-03-10 13:00:00+00:00,159.0,0.0,159.0,11.47,8.83
1990-03-10 14:00:00+00:00,233.0,48.15,210.0,11.53,8.55
1990-03-10 15:00:00+00:00,252.0,192.54,177.0,11.45,9.1
1990-03-10 16:00:00+00:00,159.0,154.81,117.0,11.08,8.07
1990-03-10 17:00:00+00:00,40.0,15.26,38.0,10.42,7.79
1990-03-10 18:00:00+00:00,0.0,0.0,0.0,9.66,6.76
1990-03-10 19:00:00+00:00,0.0,0.0,0.0,9.35,4.97
1990-03-10 20:00:00+00:00,0.0,0.0,0.0,8.67,4.62
1990-03-10 21:00:00+00:00,0.0,0.0,0.0,7.97,4.48
1990-03-10 22:00:00+00:00,0.0,0.0,0.0,7.44,4.21
1990-03-10 23:00:00+00:00,0.0,0.0,0.0,7.06,4.07
1990-03-11 00:00:00+00:00,0.0,0.0,0.0,6.7,4.0
1990-03-11 01:00:00+00:00,0.0,0.0,0.0,6.09,3.79
1990-03-11 02:00:00+00:00,0.0,0.0,0.0,5.75,3.59
1990-03-11 03:00:00+00:00,0.0,0.0,0.0,5.53,3.38
1990-03-11 04:00:00+00:00,0.0,0.0,0.0,5.29,3.17
1990-03-11 05:00:00+00:00,0.0,0.0,0.0,5.02,3.31
1990-03-11 06:00:00+00:00,0.0,0.0,0.0,4.88,3.86
1990-03-11 07:00:00+00:00,39.0,164.9,26.0,5.29,4.55
1990-03-11 08:00:00+00:00,180.0,493.02,69.0,6.54,5.03
1990-03-11 09:00:00+00:00,156.0,31.17,145.0,8.16,4.69
1990-03-11 10:00:00+00:00,205.0,28.66,192.0,9.43,7.03
1990-03-11 11:00:00+00:00,260.0,48.07,235.0,10.32,7.86
1990-03-11 12:00:00+00:00,93.0,0.0,93.0,10.66,8.21
1990-03-11 13:00:00+00:00,237.0,22.42,225.0,10.72,7.79
1990-03-11 14:00:00+00:00,279.0,101.43,230.0,10.64,7.86
1990-03-11 15:00:00+00:00,354.0,600.37,117.0,10.46,7.38
1990-03-11 16:00:00+00:00,221.0,463.17,93.0,9.71,7.66
1990-03-11 17:00:00+00:00,78.0,205.94,50.0,9.1,7.59
1990-03-11 18:00:00+00:00,0.0,0.0,0.0,8.51,7.59
1990-03-11 19:00:00+00:00,0.0,0.0,0.0,8.42,7.38
1990-03-11 20:00:00+00:00,0.0,0.0,0.0,8.14,8.28
1990-03-11 21:00:00+00:00,0.0,0.0,0.0,7.4,8.83
1990-03-11 22:00:00+00:00,0.0,0.0,0.0,5.83,9.72
1990-03-11 23:00:00+00:00,0.0,0.0,0.0,4.69,9.45
1990-03-12 00:00:00+00:00,0.0,0.0,0.0,4.25,9.17
1990-03-12 01:00:00+00:00,0.0,0.0,0.0,3.87,8.97
1990-03-12 02:00:00+00:00,0.0,0.0,0.0,3.53,8.76
1990-03-12 03:00:00+00:00,0.0,0.0,0.0,2.84,8.41
1990-03-12 04:00:00+00:00,0.0,0.0,0.0,2.93,7.86
1990-03-12 05:00:00+00:00,0.0,0.0,0.0,3.08,7.03
1990-03-12 06:00:00+00:00,0.0,0.0,0.0,3.05,6.28
1990-03-12 07:00:00+00:00,46.0,223.29,27.0,3.74,5.31
1990-03-12 08:00:00+00:00,192.0,535.9,68.0,4.39,5.45
1990-03-12 09:00:00+00:00,318.0,579.18,110.0,5.42,6.0
1990-03-12 10:00:00+00:00,447.0,735.41,109.0,6.4,7.17
1990-03-12 11:00:00+00:00,511.0,705.36,140.0,7.28,7.72
1990-03-12 12:00:00+00:00,476.0,453.31,225.0,8.08,8.48
1990-03-12 13:00:00+00:00,503.0,602.67,177.0,8.59,9.1
1990-03-12 14:00:00+00:00,417.0,460.61,192.0,8.38,11.1
1990-03-12 15:00:00+00:00,367.0,630.05,115.0,8.41,10.62
1990-03-12 16:00:00+00:00,186.0,223.88,123.0,8.38,10.48
1990-03-12 17:00:00+00:00,37.0,0.0,37.0,7.69,9.31
1990-03-12 18:00:00+00:00,0.0,0.0,0.0,6.69,8.48
1990-03-12 19:00:00+00:00,0.0,0.0,0.0,6.26,8.07
1990-03-12 20:00:00+00:00,0.0,0.0,0.0,5.7,7.59
1990-03-12 21:00:00+00:00,0.0,0.0,0.0,5.18,7.86
1990-03-12 22:00:00+00:00,0.0,0.0,0.0,5.17,7.52
1990-03-12 23:00:00+00:00,0.0,0.0,0.0,5.39,7.31
1990-03-13 00:00:00+00:00,0.0,0.0,0.0,5.4,7.03
1990-03-13 01:00:00+00:00,0.0,0.0,0.0,5.45,6.97
1990-03-13 02:00:00+00:00,0.0,0.0,0.0,5.28,6.69
1990-03-13 03:00:00+00:00,0.0,0.0,0.0,5.45,6.41
1990-03-13 04:00:00+00:00,0.0,0.0,0.0,5.43,6.21
1990-03-13 05:00:00+00:00,0.0,0.0,0.0,5.04,6.07
1990-03-13 06:00:00+00:00,0.0,0.0,0.0,4.95,5.31
1990-03-13 07:00:00+00:00,50.0,218.92,30.0,5.29,5.1
1990-03-13 08:00:00+00:00,200.0,559.66,67.0,5.79,4.28
1990-03-13 09:00:00+00:00,338.0,667.91,94.0,6.5,4.28
1990-03-13 10:00:00+00:00,436.0,652.8,132.0,7.08,3.17
1990-03-13 11:00:00+00:00,499.0,629.81,164.0,7.75,2.14
1990-03-13 12:00:00+00:00,509.0,557.67,197.0,8.25,1.24
1990-03-13 13:00:00+00:00,337.0,124.43,269.0,8.73,0.48
1990-03-13 14:00:00+00:00,172.0,4.05,170.0,8.91,0.41
1990-03-13 15:00:00+00:00,77.0,0.0,77.0,9.22,1.03
1990-03-13 16:00:00+00:00,93.0,3.49,92.0,8.97,1.59
1990-03-13 17:00:00+00:00,47.0,13.72,45.0,8.33,1.66
1990-03-13 18:00:00+00:00,0.0,0.0,0.0,7.37,1.86
1990-03-13 19:00:00+00:00,0.0,0.0,0.0,6.19,2.83
1990-03-13 20:00:00+00:00,0.0,0.0,0.0,5.55,3.24
1990-03-13 21:00:00+00:00,0.0,0.0,0.0,5.29,3.72
1990-03-13 22:00:00+00:00,0.0,0.0,0.0,5.21,4.07
1990-03-13 23:00:00+00:00,0.0,0.0,0.0,4.84,4.28
1990-03-14 00:00:00+00:00,0.0,0.0,0.0,4.63,4.41
1990-03-14 01:00:00+00:00,0.0,0.0,0.0,4.66,4.55
1990-03-14 02:00:00+00:00,0.0,0.0,0.0,4.81,4.76
1990-03-14 03:00:00+00:00,0.0,0.0,0.0,4.93,4.97
1990-03-14 04:00:00+00:00,0.0,0.0,0.0,5.07,5.03
1990-03-14 05:00:00+00:00,0.0,0.0,0.0,5.16,4.69
1990-03-14 06:00:00+00:00,0.0,0.0,0.0,5.35,4.28
1990-03-14 07:00:00+00:00,45.0,112.65,34.0,5.94,3.59
1990-03-14 08:00:00+00:00,107.0,45.1,96.0,6.52,3.17
1990-03-14 09:00:00+00:00,149.0,18.84,142.0,7.6,4.0
1990-03-14 10:00:00+00:00,262.0,86.91,221.0,8.97,4.41
1990-03-14 11:00:00+00:00,466.0,492.73,201.0,9.84,4.14
1990-03-14 12:00:00+00:00,205.0,5.31,202.0,10.75,4.69
1990-03-14 13:00:00+00:00,291.0,61.59,257.0,11.31,5.17
1990-03-14 14:00:00+00:00,187.0,8.01,183.0,11.49,5.66
1990-03-14 15:00:00+00:00,94.0,0.0,94.0,10.75,5.1
1990-03-14 16:00:00+00:00,45.0,0.0,45.0,10.0,4.21
1990-03-14 17:00:00+00:00,26.0,0.0,26.0,9.51,5.59
1990-03-14 18:00:00+00:00,0.0,0.0,0.0,9.42,5.79
1990-03-14 19:00:00+00:00,0.0,0.0,0.0,9.58,6.07
1990-03-14 20:00:00+00:00,0.0,0.0,0.0,9.66,6.21
1990-03-14 21:00:00+00:00,0.0,0.0,0.0,9.72,6.48
1990-03-14 22:00:00+00:00,0.0,0.0,0.0,9.87,6.62
1990-03-14 23:00:00+00:00,0.0,0.0,0.0,9.93,6.9
1990-03-15 00:00:00+00:00,0.0,0.0,0.0,9.91,6.9
1990-03-15 01:00:00+00:00,0.0,0.0,0.0,9.83,6.55
1990-03-15 02:00:00+00:00,0.0,0.0,0.0,9.62,6.07
1990-03-15 03:00:00+00:00,0.0,0.0,0.0,9.16,5.79
1990-03-15 04:00:00+00:00,0.0,0.0,0.0,8.74,5.59
1990-03-15 05:00:00+00:00,0.0,0.0,0.0,7.96,5.17
1990-03-15 06:00:00+00:00,0.0,0.0,0.0,7.2,5.03
1990-03-15 07:00:00+00:00,23.0,0.0,23.0,6.92,5.17
1990-03-15 08:00:00+00:00,132.0,99.93,107.0,7.16,4.97
1990-03-15 09:00:00+00:00,67.0,0.0,67.0,7.57,4.69
1990-03-15 10:00:00+00:00,178.0,8.37,174.0,8.05,4.69
1990-03-15 11:00:00+00:00,141.0,0.0,141.0,8.1,4.97
1990-03-15 12:00:00+00:00,101.0,0.0,101.0,8.17,5.52
1990-03-15 13:00:00+00:00,166.0,0.0,166.0,8.33,5.52
1990-03-15 14:00:00+00:00,419.0,432.1,201.0,8.63,5.52
1990-03-15 15:00:00+00:00,241.0,113.13,194.0,8.83,5.59
1990-03-15 16:00:00+00:00,254.0,576.89,83.0,8.67,5.93
1990-03-15 17:00:00+00:00,105.0,334.35,53.0,8.18,5.52
1990-03-15 18:00:00+00:00,0.0,0.0,0.0,7.53,5.45
1990-03-15 19:00:00+00:00,0.0,0.0,0.0,6.79,5.24
1990-03-15 20:00:00+00:00,0.0,0.0,0.0,6.59,5.24
1990-03-15 21:00:00+00:00,0.0,0.0,0.0,6.32,5.24
1990-03-15 22:00:00+00:00,0.0,0.0,0.0,5.99,5.17
1990-03-15 23:00:00+00:00,0.0,0.0,0.0,5.83,5.1
1990-03-16 00:00:00+00:00,0.0,0.0,0.0,5.61,4.83
1990-03-16 01:00:00+00:00,0.0,0.0,0.0,5.4,4.07
1990-03-16 02:00:00+00:00,0.0,0.0,0.0,5.22,3.72
1990-03-16 03:00:00+00:00,0.0,0.0,0.0,5.09,3.59
1990-03-16 04:00:00+00:00,0.0,0.0,0.0,4.86,3.1
1990-03-16 05:00:00+00:00,0.0,0.0,0.0,4.6,2.55
1990-03-16 06:00:00+00:00,0.0,0.0,0.0,4.19,2.62
1990-03-16 07:00:00+00:00,60.0,190.47,39.0,4.33,2.48
1990-03-16 08:00:00+00:00,208.0,499.15,80.0,5.12,2.62
1990-03-16 09:00:00+00:00,356.0,674.71,97.0,6.22,2.83
1990-03-16 10:00:00+00:00,477.0,764.68,107.0,7.09,3.24
1990-03-16 11:00:00+00:00,492.0,538.58,196.0,8.02,4.0
1990-03-16 12:00:00+00:00,556.0,688.52,159.0,8.64,3.72
1990-03-16 13:00:00+00:00,500.0,520.4,207.0,9.28,3.86
1990-03-16 14:00:00+00:00,439.0,480.57,194.0,9.77,4.41
1990-03-16 15:00:00+00:00,408.0,751.37,92.0,9.79,4.55
1990-03-16 16:00:00+00:00,205.0,248.86,130.0,9.43,4.9
1990-03-16 17:00:00+00:00,82.0,118.47,63.0,8.71,4.69
1990-03-16 18:00:00+00:00,0.0,0.0,0.0,8.04,4.69
1990-03-16 19:00:00+00:00,0.0,0.0,0.0,7.8,4.97
1990-03-16 20:00:00+00:00,0.0,0.0,0.0,7.67,5.31
1990-03-16 21:00:00+00:00,0.0,0.0,0.0,7.69,5.59
1990-03-16 22:00:00+00:00,0.0,0.0,0.0,7.75,5.66
1990-03-16 23:00:00+00:00,0.0,0.0,0.0,7.91,5.66
1990-03-17 00:00:00+00:00,0.0,0.0,0.0,8.18,5.72
1990-03-17 01:00:00+00:00,0.0,0.0,0.0,8.45,5.79
1990-03-17 02:00:00+00:00,0.0,0.0,0.0,8.68,5.72
1990-03-17 03:00:00+00:00,0.0,0.0,0.0,8.85,5.52
1990-03-17 04:00:00+00:00,0.0,0.0,0.0,8.97,5.1
1990-03-17 05:00:00+00:00,0.0,0.0,0.0,9.04,4.55
1990-03-17 06:00:00+00:00,0.0,0.0,0.0,8.98,4.0
1990-03-17 07:00:00+00:00,50.0,77.21,41.0,9.07,3.93
1990-03-17 08:00:00+00:00,160.0,182.71,112.0,9.42,3.86
1990-03-17 09:00:00+00:00,197.0,64.1,172.0,9.88,3.66
1990-03-17 10:00:00+00:00,277.0,95.94,230.0,10.75,4.76
1990-03-17 11:00:00+00:00,353.0,151.23,269.0,11.67,5.72
1990-03-17 12:00:00+00:00,216.0,6.87,212.0,11.95,5.59
1990-03-17 13:00:00+00:00,99.0,0.0,99.0,12.25,6.21
1990-03-17 14:00:00+00:00,86.0,0.0,86.0,11.76,4.69
1990-03-17 15:00:00+00:00,46.0,0.0,46.0,12.04,5.52
1990-03-17 16:00:00+00:00,159.0,84.88,133.0,12.0,7.1
1990-03-17 17:00:00+00:00,79.0,90.79,64.0,11.82,7.79
1990-03-17 18:00:00+00:00,0.0,0.0,0.0,11.62,7.93
1990-03-17 19:00:00+00:00,0.0,0.0,0.0,11.33,7.17
1990-03-17 20:00:00+00:00,0.0,0.0,0.0,11.18,7.38
1990-03-17 21:00:00+00:00,0.0,0.0,0.0,11.17,7.38
1990-03-17 22:00:00+00:00,0.0,0.0,0.0,11.28,7.24
1990-03-17 23:00:00+00:00,0.0,0.0,0.0,11.16,6.83
1990-03-18 00:00:00+00:00,0.0,0.0,0.0,10.92,6.21
1990-03-18 01:00:00+00:00,0.0,0.0,0.0,10.04,4.69
1990-03-18 02:00:00+00:00,0.0,0.0,0.0,8.99,3.72
1990-03-18 03:00:00+00:00,0.0,0.0,0.0,7.88,3.86
1990-03-18 04:00:00+00:00,0.0,0.0,0.0,6.94,3.52
1990-03-18 05:00:00+00:00,0.0,0.0,0.0,6.42,3.31
1990-03-18 06:00:00+00:00,0.0,0.0,0.0,5.94,3.17
1990-03-18 07:00:00+00:00,58.0,105.79,45.0,5.69,2.76
1990-03-18 08:00:00+00:00,100.0,18.59,95.0,5.6,2.76
1990-03-18 09:00:00+00:00,173.0,30.29,161.0,5.48,2.69
1990-03-18 10:00:00+00:00,176.0,6.05,173.0,5.56,2.9
1990-03-18 11:00:00+00:00,91.0,0.0,91.0,5.49,3.1
1990-03-18 12:00:00+00:00,149.0,0.0,149.0,5.77,3.52
1990-03-18 13:00:00+00:00,188.0,1.74,187.0,5.94,3.59
1990-03-18 14:00:00+00:00,159.0,0.0,159.0,6.17,3.72
1990-03-18 15:00:00+00:00,276.0,176.45,200.0,6.36,3.72
1990-03-18 16:00:00+00:00,124.0,22.49,117.0,6.62,3.66
1990-03-18 17:00:00+00:00,41.0,0.0,41.0,6.54,3.52
1990-03-18 18:00:00+00:00,0.0,0.0,0.0,6.29,3.03
1990-03-18 19:00:00+00:00,0.0,0.0,0.0,5.94,2.83
1990-03-18 20:00:00+00:00,0.0,0.0,0.0,5.76,2.48
1990-03-18 21:00:00+00:00,0.0,0.0,0.0,5.56,2.14
1990-03-18 22:00:00+00:00,0.0,0.0,0.0,5.39,1.93
1990-03-18 23:00:00+00:00,0.0,0.0,0.0,5.07,1.93
1990-03-19 00:00:00+00:00,0.0,0.0,0.0,4.5,1.93
1990-03-19 01:00:00+00:00,0.0,0.0,0.0,3.28,1.72
1990-03-19 02:00:00+00:00,0.0,0.0,0.0,2.96,1.59
1990-03-19 03:00:00+00:00,0.0,0.0,0.0,2.66,1.66
1990-03-19 04:00:00+00:00,0.0,0.0,0.0,2.42,1.72
1990-03-19 05:00:00+00:00,0.0,0.0,0.0,2.11,1.72
1990-03-19 06:00:00+00:00,0.0,0.0,0.0,1.9,1.72
1990-03-19 07:00:00+00:00,43.0,23.22,40.0,2.4,1.45
1990-03-19 08:00:00+00:00,69.0,0.0,69.0,4.39,1.03
1990-03-19 09:00:00+00:00,212.0,72.08,183.0,5.7,1.59
1990-03-19 10:00:00+00:00,366.0,263.01,234.0,6.32,1.72
1990-03-19 11:00:00+00:00,382.0,181.63,279.0,7.0,1.72
1990-03-19 12:00:00+00:00,388.0,156.7,295.0,7.52,1.86
1990-03-19 13:00:00+00:00,477.0,393.57,249.0,7.88,2.41
1990-03-19 14:00:00+00:00,427.0,388.2,223.0,8.03,3.1
1990-03-19 15:00:00+00:00,373.0,500.31,155.0,7.56,3.72
1990-03-19 16:00:00+00:00,218.0,256.23,137.0,7.12,3.93
1990-03-19 17:00:00+00:00,84.0,85.8,69.0,6.67,3.79
1990-03-19 18:00:00+00:00,0.0,0.0,0.0,6.04,3.38
1990-03-19 19:00:00+00:00,0.0,0.0,0.0,5.62,3.1
1990-03-19 20:00:00+00:00,0.0,0.0,0.0,5.34,2.83
1990-03-19 21:00:00+00:00,0.0,0.0,0.0,4.95,2.55
1990-03-19 22:00:00+00:00,0.0,0.0,0.0,4.71,2.41
1990-03-19 23:00:00+00:00,0.0,0.0,0.0,4.23,2.34
1990-03-20 00:00:00+00:00,0.0,0.0,0.0,3.55,2.21
1990-03-20 01:00:00+00:00,0.0,0.0,0.0,2.95,2.14
1990-03-20 02:00:00+00:00,0.0,0.0,0.0,2.24,2.07
1990-03-20 03:00:00+00:00,0.0,0.0,0.0,1.39,2.07
1990-03-20 04:00:00+00:00,0.0,0.0,0.0,1.0,2.07
1990-03-20 05:00:00+00:00,0.0,0.0,0.0,0.7,2.21
1990-03-20 06:00:00+00:00,0.0,0.0,0.0,0.5,2.41
1990-03-20 07:00:00+00:00,97.0,413.19,41.0,1.32,3.03
1990-03-20 08:00:00+00:00,253.0,639.49,73.0,3.19,3.38
1990-03-20 09:00:00+00:00,395.0,734.46,95.0,5.11,4.9
1990-03-20 10:00:00+00:00,468.0,592.69,167.0,6.42,5.79
1990-03-20 11:00:00+00:00,488.0,431.17,241.0,7.41,5.72
1990-03-20 12:00:00+00:00,411.0,183.62,301.0,8.24,5.79
1990-03-20 13:00:00+00:00,437.0,261.68,284.0,8.82,5.86
1990-03-20 14:00:00+00:00,336.0,139.45,262.0,8.96,5.86
1990-03-20 15:00:00+00:00,414.0,660.26,123.0,8.98,6.14
1990-03-20 16:00:00+00:00,300.0,694.72,77.0,8.6,6.0
1990-03-20 17:00:00+00:00,141.0,489.96,53.0,7.88,5.31
1990-03-20 18:00:00+00:00,0.0,0.0,0.0,6.72,4.9
1990-03-20 19:00:00+00:00,0.0,0.0,0.0,5.43,4.76
1990-03-20 20:00:00+00:00,0.0,0.0,0.0,4.52,4.83
1990-03-20 21:00:00+00:00,0.0,0.0,0.0,3.78,4.83
1990-03-20 22:00:00+00:00,0.0,0.0,0.0,3.24,4.76
1990-03-20 23:00:00+00:00,0.0,0.0,0.0,3.11,4.83
1990-03-21 00:00:00+00:00,0.0,0.0,0.0,3.14,4.76
1990-03-21 01:00:00+00:00,0.0,0.0,0.0,3.22,4.69
1990-03-21 02:00:00+00:00,0.0,0.0,0.0,3.06,4.55
1990-03-21 03:00:00+00:00,0.0,0.0,0.0,2.91,4.62
1990-03-21 04:00:00+00:00,0.0,0.0,0.0,2.78,4.83
1990-03-21 05:00:00+00:00,0.0,0.0,0.0,2.79,5.03
1990-03-21 06:00:00+00:00,0.0,0.0,0.0,2.78,5.1
1990-03-21 07:00:00+00:00,60.0,56.4,52.0,3.31,5.03
1990-03-21 08:00:00+00:00,148.0,76.47,126.0,4.26,4.41
1990-03-21 09:00:00+00:00,293.0,233.98,196.0,5.7,5.93
1990-03-21 10:00:00+00:00,459.0,513.82,195.0,7.04,7.24
1990-03-21 11:00:00+00:00,503.0,451.08,242.0,7.94,7.17
1990-03-21 12:00:00+00:00,546.0,511.08,237.0,8.81,7.38
1990-03-21 13:00:00+00:00,469.0,323.73,278.0,9.36,7.38
1990-03-21 14:00:00+00:00,384.0,223.96,264.0,9.57,7.31
1990-03-21 15:00:00+00:00,287.0,157.06,217.0,9.37,6.97
1990-03-21 16:00:00+00:00,159.0,52.17,142.0,8.73,6.48
1990-03-21 17:00:00+00:00,26.0,0.0,26.0,7.71,5.86
1990-03-21 18:00:00+00:00,2.0,0.0,2.0,6.27,5.45
1990-03-21 19:00:00+00:00,0.0,0.0,0.0,4.89,5.17
1990-03-21 20:00:00+00:00,0.0,0.0,0.0,3.95,4.83
1990-03-21 21:00:00+00:00,0.0,0.0,0.0,3.26,4.69
1990-03-21 22:00:00+00:00,0.0,0.0,0.0,2.86,4.41
1990-03-21 23:00:00+00:00,0.0,0.0,0.0,2.87,4.07
1990-03-22 00:00:00+00:00,0.0,0.0,0.0,2.94,3.66
1990-03-22 01:00:00+00:00,0.0,0.0,0.0,3.09,3.38
1990-03-22 02:00:00+00:00,0.0,0.0,0.0,3.07,3.1
1990-03-22 03:00:00+00:00,0.0,0.0,0.0,3.07,3.03
1990-03-22 04:00:00+00:00,0.0,0.0,0.0,3.06,3.1
1990-03-22 05:00:00+00:00,0.0,0.0,0.0,2.82,3.24
1990-03-22 06:00:00+00:00,0.0,0.0,0.0,2.65,3.52
1990-03-22 07:00:00+00:00,64.0,54.0,56.0,2.1,3.24
1990-03-22 08:00:00+00:00,217.0,316.4,124.0,3.21,3.59
1990-03-22 09:00:00+00:00,364.0,489.71,158.0,4.51,4.34
1990-03-22 10:00:00+00:00,460.0,496.43,202.0,5.75,4.34
1990-03-22 11:00:00+00:00,558.0,624.65,193.0,6.86,4.28
1990-03-22 12:00:00+00:00,550.0,503.19,243.0,8.08,4.21
1990-03-22 13:00:00+00:00,547.0,544.27,223.0,9.07,4.21
1990-03-22 14:00:00+00:00,453.0,403.03,235.0,9.82,4.28
1990-03-22 15:00:00+00:00,456.0,803.31,94.0,10.16,4.14
1990-03-22 16:00:00+00:00,312.0,698.63,81.0,10.12,3.86
1990-03-22 17:00:00+00:00,152.0,512.94,55.0,9.59,3.24
1990-03-22 18:00:00+00:00,3.0,0.0,3.0,8.22,3.24
1990-03-22 19:00:00+00:00,0.0,0.0,0.0,6.71,3.52
1990-03-22 20:00:00+00:00,0.0,0.0,0.0,5.47,4.28
1990-03-22 21:00:00+00:00,0.0,0.0,0.0,4.37,4.62
1990-03-22 22:00:00+00:00,0.0,0.0,0.0,3.53,4.83
1990-03-22 23:00:00+00:00,0.0,0.0,0.0,3.02,4.62
1990-03-23 00:00:00+00:00,0.0,0.0,0.0,2.69,4.34
1990-03-23 01:00:00+00:00,0.0,0.0,0.0,2.48,4.14
1990-03-23 02:00:00+00:00,0.0,0.0,0.0,2.3,3.86
1990-03-23 03:00:00+00:00,0.0,0.0,0.0,2.06,3.59
1990-03-23 04:00:00+00:00,0.0,0.0,0.0,1.78,3.17
1990-03-23 05:00:00+00:00,0.0,0.0,0.0,1.46,3.31
1990-03-23 06:00:00+00:00,0.0,0.0,0.0,1.29,3.86
1990-03-23 07:00:00+00:00,34.0,0.0,34.0,1.22,3.93
1990-03-23 08:00:00+00:00,264.0,586.4,88.0,2.56,4.0
1990-03-23 09:00:00+00:00,420.0,752.25,99.0,4.49,4.97
1990-03-23 10:00:00+00:00,541.0,825.74,107.0,6.24,5.52
1990-03-23 11:00:00+00:00,621.0,861.01,113.0,7.68,5.59
1990-03-23 12:00:00+00:00,631.0,792.76,143.0,8.94,5.03
1990-03-23 13:00:00+00:00,624.0,830.9,125.0,9.94,4.62
1990-03-23 14:00:00+00:00,501.0,558.64,196.0,10.63,4.9
1990-03-23 15:00:00+00:00,330.0,250.25,216.0,10.91,5.17
1990-03-23 16:00:00+00:00,302.0,614.14,96.0,10.78,5.17
1990-03-23 17:00:00+00:00,0.0,0.0,0.0,10.2,4.41
1990-03-23 18:00:00+00:00,5.0,0.0,5.0,9.07,4.14
1990-03-23 19:00:00+00:00,0.0,0.0,0.0,8.59,4.69
1990-03-23 20:00:00+00:00,0.0,0.0,0.0,7.87,4.48
1990-03-23 21:00:00+00:00,0.0,0.0,0.0,7.05,3.93
1990-03-23 22:00:00+00:00,0.0,0.0,0.0,6.12,3.72
1990-03-23 23:00:00+00:00,0.0,0.0,0.0,5.31,3.93
1990-03-24 00:00:00+00:00,0.0,0.0,0.0,4.61,4.14
1990-03-24 01:00:00+00:00,0.0,0.0,0.0,4.03,4.21
1990-03-24 02:00:00+00:00,0.0,0.0,0.0,3.52,4.07
1990-03-24 03:00:00+00:00,0.0,0.0,0.0,3.11,3.86
1990-03-24 04:00:00+00:00,0.0,0.0,0.0,2.84,3.79
1990-03-24 05:00:00+00:00,0.0,0.0,0.0,2.75,3.93
1990-03-24 06:00:00+00:00,0.0,0.0,0.0,2.81,4.07
1990-03-24 07:00:00+00:00,97.0,223.95,61.0,3.48,3.79
1990-03-24 08:00:00+00:00,220.0,303.6,127.0,5.04,3.66
1990-03-24 09:00:00+00:00,396.0,635.46,121.0,7.31,3.93
1990-03-24 10:00:00+00:00,513.0,716.92,132.0,9.56,4.07
1990-03-24 11:00:00+00:00,573.0,684.97,165.0,11.62,4.41
1990-03-24 12:00:00+00:00,585.0,631.24,193.0,13.28,4.76
1990-03-24 13:00:00+00:00,536.0,510.1,227.0,14.55,5.38
1990-03-24 14:00:00+00:00,402.0,255.9,261.0,15.68,5.93
1990-03-24 15:00:00+00:00,298.0,171.59,219.0,15.86,5.24
1990-03-24 16:00:00+00:00,166.0,58.79,146.0,15.77,4.34
1990-03-24 17:00:00+00:00,61.0,5.04,60.0,15.18,3.93
1990-03-24 18:00:00+00:00,3.0,0.0,3.0,13.97,3.59
1990-03-24 19:00:00+00:00,0.0,0.0,0.0,12.54,3.24
1990-03-24 20:00:00+00:00,0.0,0.0,0.0,11.57,3.1
1990-03-24 21:00:00+00:00,0.0,0.0,0.0,10.45,3.17
1990-03-24 22:00:00+00:00,0.0,0.0,0.0,9.55,3.38
1990-03-24 23:00:00+00:00,0.0,0.0,0.0,8.81,3.59
1990-03-25 00:00:00+00:00,0.0,0.0,0.0,8.04,3.45
1990-03-25 01:00:00+00:00,0.0,0.0,0.0,7.34,3.24
1990-03-25 02:00:00+00:00,0.0,0.0,0.0,6.69,3.03
1990-03-25 03:00:00+00:00,0.0,0.0,0.0,6.07,2.9
1990-03-25 04:00:00+00:00,0.0,0.0,0.0,5.48,2.9
1990-03-25 05:00:00+00:00,0.0,0.0,0.0,4.93,2.97
1990-03-25 06:00:00+00:00,0.0,0.0,0.0,4.43,2.97
1990-03-25 07:00:00+00:00,119.0,389.17,54.0,4.7,2.48
1990-03-25 08:00:00+00:00,265.0,540.83,96.0,6.46,2.34
1990-03-25 09:00:00+00:00,417.0,706.53,107.0,8.66,2.41
1990-03-25 10:00:00+00:00,546.0,820.83,105.0,10.69,2.34
1990-03-25 11:00:00+00:00,624.0,856.55,109.0,12.37,2.07
1990-03-25 12:00:00+00:00,651.0,857.3,114.0,13.67,1.79
1990-03-25 13:00:00+00:00,629.0,838.05,117.0,14.64,1.79
1990-03-25 14:00:00+00:00,550.0,764.41,125.0,15.18,1.86
1990-03-25 15:00:00+00:00,456.0,763.03,101.0,15.32,1.72
1990-03-25 16:00:00+00:00,312.0,643.63,90.0,15.13,1.59
1990-03-25 17:00:00+00:00,160.0,497.05,59.0,14.57,1.38
1990-03-25 18:00:00+00:00,8.0,0.0,8.0,13.42,1.24
1990-03-25 19:00:00+00:00,0.0,0.0,0.0,11.47,0.97
1990-03-25 20:00:00+00:00,0.0,0.0,0.0,9.95,1.1
1990-03-25 21:00:00+00:00,0.0,0.0,0.0,8.1,1.38
1990-03-25 22:00:00+00:00,0.0,0.0,0.0,6.41,1.52
1990-03-25 23:00:00+00:00,0.0,0.0,0.0,4.93,1.72
1990-03-26 00:00:00+00:00,0.0,0.0,0.0,3.88,1.79
1990-03-26 01:00:00+00:00,0.0,0.0,0.0,3.03,2.14
1990-03-26 02:00:00+00:00,0.0,0.0,0.0,2.85,2.48
1990-03-26 03:00:00+00:00,0.0,0.0,0.0,2.61,2.48
1990-03-26 04:00:00+00:00,0.0,0.0,0.0,2.19,2.34
1990-03-26 05:00:00+00:00,0.0,0.0,0.0,1.58,2.14
1990-03-26 06:00:00+00:00,0.0,0.0,0.0,0.84,1.79
1990-03-26 07:00:00+00:00,134.0,479.0,51.0,1.69,1.38
1990-03-26 08:00:00+00:00,293.0,668.5,80.0,4.98,1.1
1990-03-26 09:00:00+00:00,438.0,759.99,100.0,7.49,1.1
1990-03-26 10:00:00+00:00,561.0,845.24,102.0,9.48,1.31
1990-03-26 11:00:00+00:00,637.0,866.82,111.0,10.99,1.72
1990-03-26 12:00:00+00:00,665.0,865.87,118.0,12.05,2.21
1990-03-26 13:00:00+00:00,645.0,858.65,116.0,12.7,2.41
1990-03-26 14:00:00+00:00,571.0,807.58,118.0,13.05,2.28
1990-03-26 15:00:00+00:00,470.0,787.15,100.0,13.08,2.14
1990-03-26 16:00:00+00:00,323.0,666.44,90.0,12.84,2.14
1990-03-26 17:00:00+00:00,171.0,538.85,59.0,12.27,1.79
1990-03-26 18:00:00+00:00,12.0,18.38,11.0,10.98,1.93
1990-03-26 19:00:00+00:00,0.0,0.0,0.0,9.49,2.28
1990-03-26 20:00:00+00:00,0.0,0.0,0.0,7.56,2.41
1990-03-26 21:00:00+00:00,0.0,0.0,0.0,5.91,2.41
1990-03-26 22:00:00+00:00,0.0,0.0,0.0,4.64,2.55
1990-03-26 23:00:00+00:00,0.0,0.0,0.0,3.45,2.48
1990-03-27 00:00:00+00:00,0.0,0.0,0.0,2.29,2.28
1990-03-27 01:00:00+00:00,0.0,0.0,0.0,1.16,2.14
1990-03-27 02:00:00+00:00,0.0,0.0,0.0,0.52,1.86
1990-03-27 03:00:00+00:00,0.0,0.0,0.0,0.01,1.79
1990-03-27 04:00:00+00:00,0.0,0.0,0.0,-0.58,1.79
1990-03-27 05:00:00+00:00,0.0,0.0,0.0,-0.85,1.72
1990-03-27 06:00:00+00:00,0.0,0.0,0.0,-0.96,1.66
1990-03-27 07:00:00+00:00,142.0,501.35,52.0,-0.14,1.38
1990-03-27 08:00:00+00:00,303.0,686.72,80.0,3.05,1.31
1990-03-27 09:00:00+00:00,448.0,774.38,99.0,5.19,1.72
1990-03-27 10:00:00+00:00,573.0,856.44,103.0,6.82,2.21
1990-03-27 11:00:00+00:00,649.0,878.59,111.0,8.15,2.41
1990-03-27 12:00:00+00:00,676.0,879.07,116.0,9.26,2.62
1990-03-27 13:00:00+00:00,650.0,848.39,123.0,10.07,3.03
1990-03-27 14:00:00+00:00,576.0,795.27,126.0,10.58,3.45
1990-03-27 15:00:00+00:00,479.0,800.31,99.0,10.74,3.66
1990-03-27 16:00:00+00:00,329.0,671.77,91.0,10.64,3.66
1990-03-27 17:00:00+00:00,176.0,541.23,61.0,10.08,3.17
1990-03-27 18:00:00+00:00,15.0,16.93,14.0,8.91,3.1
1990-03-27 19:00:00+00:00,0.0,0.0,0.0,7.61,3.24
1990-03-27 20:00:00+00:00,0.0,0.0,0.0,6.41,3.66
1990-03-27 21:00:00+00:00,0.0,0.0,0.0,5.25,3.45
1990-03-27 22:00:00+00:00,0.0,0.0,0.0,4.25,3.1
1990-03-27 23:00:00+00:00,0.0,0.0,0.0,3.66,3.03
1990-03-28 00:00:00+00:00,0.0,0.0,0.0,3.39,2.97
1990-03-28 01:00:00+00:00,0.0,0.0,0.0,3.33,2.97
1990-03-28 02:00:00+00:00,0.0,0.0,0.0,3.53,3.1
1990-03-28 03:00:00+00:00,0.0,0.0,0.0,3.7,3.24
1990-03-28 04:00:00+00:00,0.0,0.0,0.0,3.84,3.38
1990-03-28 05:00:00+00:00,0.0,0.0,0.0,3.82,3.24
1990-03-28 06:00:00+00:00,2.0,0.0,2.0,3.88,3.31
1990-03-28 07:00:00+00:00,127.0,317.67,68.0,4.55,3.59
1990-03-28 08:00:00+00:00,204.0,160.21,151.0,5.7,3.72
1990-03-28 09:00:00+00:00,332.0,267.2,210.0,6.84,5.45
1990-03-28 10:00:00+00:00,321.0,93.78,269.0,7.76,5.45
1990-03-28 11:00:00+00:00,310.0,43.7,283.0,8.56,5.31
1990-03-28 12:00:00+00:00,345.0,60.72,306.0,9.26,5.45
1990-03-28 13:00:00+00:00,247.0,7.98,242.0,9.42,5.86
1990-03-28 14:00:00+00:00,311.0,70.09,271.0,9.17,6.28
1990-03-28 15:00:00+00:00,182.0,8.34,178.0,8.53,6.28
1990-03-28 16:00:00+00:00,225.0,167.16,165.0,7.8,6.48
1990-03-28 17:00:00+00:00,84.0,23.03,79.0,7.01,5.79
1990-03-28 18:00:00+00:00,7.0,0.0,7.0,6.31,5.59
1990-03-28 19:00:00+00:00,0.0,0.0,0.0,5.68,5.59
1990-03-28 20:00:00+00:00,0.0,0.0,0.0,4.74,5.24
1990-03-28 21:00:00+00:00,0.0,0.0,0.0,3.97,5.1
1990-03-28 22:00:00+00:00,0.0,0.0,0.0,3.39,4.97
1990-03-28 23:00:00+00:00,0.0,0.0,0.0,2.95,4.9
1990-03-29 00:00:00+00:00,0.0,0.0,0.0,2.75,4.97
1990-03-29 01:00:00+00:00,0.0,0.0,0.0,2.48,5.03
1990-03-29 02:00:00+00:00,0.0,0.0,0.0,2.16,5.03
1990-03-29 03:00:00+00:00,0.0,0.0,0.0,1.85,4.9
1990-03-29 04:00:00+00:00,0.0,0.0,0.0,1.63,4.83
1990-03-29 05:00:00+00:00,0.0,0.0,0.0,1.36,4.83
1990-03-29 06:00:00+00:00,3.0,0.0,3.0,1.17,4.83
1990-03-29 07:00:00+00:00,94.0,83.37,78.0,1.94,4.69
1990-03-29 08:00:00+00:00,317.0,709.49,78.0,2.91,5.17
1990-03-29 09:00:00+00:00,393.0,462.74,179.0,4.16,7.31
1990-03-29 10:00:00+00:00,536.0,660.55,166.0,5.16,6.97
1990-03-29 11:00:00+00:00,352.0,77.01,304.0,5.97,6.55
1990-03-29 12:00:00+00:00,241.0,4.63,238.0,6.42,6.14
1990-03-29 13:00:00+00:00,163.0,0.0,163.0,6.76,6.07
1990-03-29 14:00:00+00:00,445.0,305.8,269.0,6.74,5.79
1990-03-29 15:00:00+00:00,94.0,0.0,94.0,6.7,5.72
1990-03-29 16:00:00+00:00,161.0,30.26,150.0,6.48,5.59
1990-03-29 17:00:00+00:00,138.0,198.49,94.0,6.1,5.66
1990-03-29 18:00:00+00:00,9.0,0.0,9.0,5.32,4.76
1990-03-29 19:00:00+00:00,0.0,0.0,0.0,4.3,4.0
1990-03-29 20:00:00+00:00,0.0,0.0,0.0,3.54,3.45
1990-03-29 21:00:00+00:00,0.0,0.0,0.0,2.79,2.9
1990-03-29 22:00:00+00:00,0.0,0.0,0.0,2.36,2.76
1990-03-29 23:00:00+00:00,0.0,0.0,0.0,2.0,2.83
1990-03-30 00:00:00+00:00,0.0,0.0,0.0,1.98,3.03
1990-03-30 01:00:00+00:00,0.0,0.0,0.0,2.25,3.24
1990-03-30 02:00:00+00:00,0.0,0.0,0.0,2.51,3.31
1990-03-30 03:00:00+00:00,0.0,0.0,0.0,2.74,3.03
1990-03-30 04:00:00+00:00,0.0,0.0,0.0,2.6,2.83
1990-03-30 05:00:00+00:00,0.0,0.0,0.0,2.57,2.9
1990-03-30 06:00:00+00:00,3.0,0.0,3.0,2.55,2.97
1990-03-30 07:00:00+00:00,106.0,126.22,81.0,3.23,2.9
1990-03-30 08:00:00+00:00,185.0,93.33,153.0,4.86,3.59
1990-03-30 09:00:00+00:00,214.0,32.03,199.0,5.95,4.07
1990-03-30 10:00:00+00:00,280.0,44.19,255.0,7.0,4.76
1990-03-30 11:00:00+00:00,167.0,0.0,167.0,7.36,4.21
1990-03-30 12:00:00+00:00,204.0,0.0,204.0,7.94,4.07
1990-03-30 13:00:00+00:00,84.0,0.0,84.0,8.29,4.0
1990-03-30 14:00:00+00:00,102.0,0.0,102.0,8.6,4.0
1990-03-30 15:00:00+00:00,98.0,0.0,98.0,8.71,4.07
1990-03-30 16:00:00+00:00,73.0,0.0,73.0,8.66,4.14
1990-03-30 17:00:00+00:00,107.0,66.3,92.0,8.27,3.31
1990-03-30 18:00:00+00:00,9.0,0.0,9.0,7.73,2.83
1990-03-30 19:00:00+00:00,0.0,0.0,0.0,6.73,2.62
1990-03-30 20:00:00+00:00,0.0,0.0,0.0,6.23,2.48
1990-03-30 21:00:00+00:00,0.0,0.0,0.0,5.77,2.41
1990-03-30 22:00:00+00:00,0.0,0.0,0.0,5.2,2.55
1990-03-30 23:00:00+00:00,0.0,0.0,0.0,5.08,2.69
1990-03-31 00:00:00+00:00,0.0,0.0,0.0,4.72,2.62
1990-03-31 01:00:00+00:00,0.0,0.0,0.0,4.35,2.41
1990-03-31 02:00:00+00:00,0.0,0.0,0.0,4.12,2.34
1990-03-31 03:00:00+00:00,0.0,0.0,0.0,3.95,2.41
1990-03-31 04:00:00+00:00,0.0,0.0,0.0,4.0,2.41
1990-03-31 05:00:00+00:00,0.0,0.0,0.0,4.14,2.34
1990-03-31 06:00:00+00:00,5.0,0.0,5.0,4.21,2.21
1990-03-31 07:00:00+00:00,105.0,102.84,84.0,4.67,2.07
1990-03-31 08:00:00+00:00,184.0,80.26,156.0,5.72,3.38
1990-03-31 09:00:00+00:00,159.0,2.11,158.0,6.59,3.1
1990-03-31 10:00:00+00:00,165.0,0.0,165.0,7.25,2.83
1990-03-31 11:00:00+00:00,145.0,0.0,145.0,7.73,2.41
1990-03-31 12:00:00+00:00,130.0,0.0,130.0,8.29,2.48
1990-03-31 13:00:00+00:00,175.0,0.0,175.0,8.42,2.69
1990-03-31 14:00:00+00:00,271.0,29.06,254.0,8.33,3.1
1990-03-31 15:00:00+00:00,159.0,2.03,158.0,8.14,3.45
1990-03-31 16:00:00+00:00,243.0,195.89,170.0,6.78,2.62
1990-03-31 17:00:00+00:00,72.0,4.33,71.0,6.58,2.76
1990-03-31 18:00:00+00:00,15.0,0.0,15.0,6.38,2.91
1990-03-31 19:00:00+00:00,0.0,0.0,0.0,6.18,3.05
1990-03-31 20:00:00+00:00,0.0,0.0,0.0,5.98,3.2
1990-03-31 21:00:00+00:00,0.0,0.0,0.0,5.78,3.34
1990-03-31 22:00:00+00:00,0.0,0.0,0.0,5.59,3.48
1990-03-31 23:00:00+00:00,0.0,0.0,0.0,5.39,3.63
1990-04-01 00:00:00+00:00,0.0,0.0,0.0,5.19,3.77
1990-04-01 01:00:00+00:00,0.0,0.0,0.0,4.99,3.91
1990-04-01 02:00:00+00:00,0.0,0.0,0.0,4.79,4.06
1990-04-01 03:00:00+00:00,0.0,0.0,0.0,4.59,4.2
1990-04-01 04:00:00+00:00,0.0,0.0,0.0,4.39,4.34
1990-04-01 05:00:00+00:00,0.0,0.0,0.0,4.19,4.49
1990-04-01 06:00:00+00:00,18.0,100.05,13.0,3.99,4.63
1990-04-01 07:00:00+00:00,153.0,401.57,71.0,3.79,4.78
1990-04-01 08:00:00+00:00,316.0,636.37,94.0,6.06,5.31
1990-04-01 09:00:00+00:00,462.0,736.17,113.0,7.5,5.79
1990-04-01 10:00:00+00:00,578.0,792.89,125.0,9.04,5.86
1990-04-01 11:00:00+00:00,668.0,869.1,117.0,10.46,6.0
1990-04-01 12:00:00+00:00,686.0,846.77,129.0,11.65,5.93
1990-04-01 13:00:00+00:00,655.0,801.73,141.0,12.52,6.0
1990-04-01 14:00:00+00:00,584.0,760.58,139.0,12.98,6.0
1990-04-01 15:00:00+00:00,474.0,699.06,129.0,13.1,5.93
1990-04-01 16:00:00+00:00,333.0,595.71,111.0,12.79,5.79
1990-04-01 17:00:00+00:00,179.0,437.68,78.0,12.29,5.38
1990-04-01 18:00:00+00:00,37.0,167.8,24.0,11.14,5.31
1990-04-01 19:00:00+00:00,0.0,0.0,0.0,9.47,5.24
1990-04-01 20:00:00+00:00,0.0,0.0,0.0,8.28,5.03
1990-04-01 21:00:00+00:00,0.0,0.0,0.0,7.28,4.48
1990-04-01 22:00:00+00:00,0.0,0.0,0.0,6.54,4.14
1990-04-01 23:00:00+00:00,0.0,0.0,0.0,6.06,3.86
1990-04-02 00:00:00+00:00,0.0,0.0,0.0,5.66,3.72
1990-04-02 01:00:00+00:00,0.0,0.0,0.0,5.33,3.72
1990-04-02 02:00:00+00:00,0.0,0.0,0.0,5.09,3.72
1990-04-02 03:00:00+00:00,0.0,0.0,0.0,4.88,3.79
1990-04-02 04:00:00+00:00,0.0,0.0,0.0,4.81,4.0
1990-04-02 05:00:00+00:00,0.0,0.0,0.0,4.73,4.0
1990-04-02 06:00:00+00:00,20.0,71.2,16.0,4.68,3.86
1990-04-02 07:00:00+00:00,153.0,366.15,76.0,5.38,3.72
1990-04-02 08:00:00+00:00,316.0,594.72,105.0,7.05,3.86
1990-04-02 09:00:00+00:00,461.0,704.44,123.0,8.86,4.28
1990-04-02 10:00:00+00:00,582.0,785.3,129.0,10.45,4.41
1990-04-02 11:00:00+00:00,631.0,713.3,175.0,11.71,4.48
1990-04-02 12:00:00+00:00,595.0,506.89,259.0,12.64,4.48
1990-04-02 13:00:00+00:00,549.0,419.52,278.0,13.31,4.34
1990-04-02 14:00:00+00:00,577.0,707.04,160.0,13.65,4.41
1990-04-02 15:00:00+00:00,471.0,662.52,141.0,13.62,4.41
1990-04-02 16:00:00+00:00,267.0,257.17,170.0,13.31,4.34
1990-04-02 17:00:00+00:00,132.0,127.51,102.0,12.68,3.86
1990-04-02 18:00:00+00:00,39.0,158.46,26.0,11.48,3.72
1990-04-02 19:00:00+00:00,0.0,0.0,0.0,9.92,3.52
1990-04-02 20:00:00+00:00,0.0,0.0,0.0,8.57,3.93
1990-04-02 21:00:00+00:00,0.0,0.0,0.0,7.28,4.28
1990-04-02 22:00:00+00:00,0.0,0.0,0.0,6.11,4.14
1990-04-02 23:00:00+00:00,0.0,0.0,0.0,5.29,3.72
1990-04-03 00:00:00+00:00,0.0,0.0,0.0,4.8,3.17
1990-04-03 01:00:00+00:00,0.0,0.0,0.0,4.57,2.34
1990-04-03 02:00:00+00:00,0.0,0.0,0.0,4.49,1.38
1990-04-03 03:00:00+00:00,0.0,0.0,0.0,4.88,1.1
1990-04-03 04:00:00+00:00,0.0,0.0,0.0,5.53,1.93
1990-04-03 05:00:00+00:00,0.0,0.0,0.0,6.07,2.9
1990-04-03 06:00:00+00:00,14.0,0.0,14.0,6.57,3.72
1990-04-03 07:00:00+00:00,66.0,4.62,65.0,7.36,4.28
1990-04-03 08:00:00+00:00,171.0,47.13,154.0,7.67,4.83
1990-04-03 09:00:00+00:00,331.0,205.97,231.0,7.79,5.45
1990-04-03 10:00:00+00:00,209.0,3.43,207.0,8.04,5.52
1990-04-03 11:00:00+00:00,110.0,0.0,110.0,8.23,5.03
1990-04-03 12:00:00+00:00,129.0,0.0,129.0,8.52,4.97
1990-04-03 13:00:00+00:00,142.0,0.0,142.0,8.77,5.03
1990-04-03 14:00:00+00:00,133.0,0.0,133.0,8.94,4.97
1990-04-03 15:00:00+00:00,148.0,0.0,148.0,8.87,4.83
1990-04-03 16:00:00+00:00,104.0,0.0,104.0,8.66,4.97
1990-04-03 17:00:00+00:00,94.0,25.03,88.0,8.31,4.83
1990-04-03 18:00:00+00:00,22.0,11.55,21.0,7.92,4.21
1990-04-03 19:00:00+00:00,0.0,0.0,0.0,6.88,3.86
1990-04-03 20:00:00+00:00,0.0,0.0,0.0,6.4,3.45
1990-04-03 21:00:00+00:00,0.0,0.0,0.0,5.96,3.17
1990-04-03 22:00:00+00:00,0.0,0.0,0.0,5.55,3.1
1990-04-03 23:00:00+00:00,0.0,0.0,0.0,5.06,2.76
1990-04-04 00:00:00+00:00,0.0,0.0,0.0,4.6,2.62
1990-04-04 01:00:00+00:00,0.0,0.0,0.0,4.11,2.55
1990-04-04 02:00:00+00:00,0.0,0.0,0.0,3.88,2.41
1990-04-04 03:00:00+00:00,0.0,0.0,0.0,3.52,2.34
1990-04-04 04:00:00+00:00,0.0,0.0,0.0,3.08,2.28
1990-04-04 05:00:00+00:00,0.0,0.0,0.0,2.96,2.34
1990-04-04 06:00:00+00:00,31.0,145.99,21.0,2.95,2.34
1990-04-04 07:00:00+00:00,175.0,485.67,67.0,3.81,1.79
1990-04-04 08:00:00+00:00,336.0,665.69,92.0,5.69,1.72
1990-04-04 09:00:00+00:00,476.0,741.11,112.0,6.82,1.38
1990-04-04 10:00:00+00:00,593.0,808.17,118.0,7.91,1.38
1990-04-04 11:00:00+00:00,672.0,851.14,119.0,8.85,2.0
1990-04-04 12:00:00+00:00,693.0,838.23,129.0,9.69,2.69
1990-04-04 13:00:00+00:00,665.0,808.46,135.0,10.18,3.1
1990-04-04 14:00:00+00:00,600.0,791.26,126.0,10.41,3.52
1990-04-04 15:00:00+00:00,489.0,729.58,119.0,10.29,3.79
1990-04-04 16:00:00+00:00,350.0,647.47,100.0,9.93,4.0
1990-04-04 17:00:00+00:00,194.0,483.19,76.0,9.3,3.93
1990-04-04 18:00:00+00:00,52.0,263.43,28.0,8.56,3.38
1990-04-04 19:00:00+00:00,0.0,0.0,0.0,7.77,2.9
1990-04-04 20:00:00+00:00,0.0,0.0,0.0,7.08,2.83
1990-04-04 21:00:00+00:00,0.0,0.0,0.0,6.59,2.55
1990-04-04 22:00:00+00:00,0.0,0.0,0.0,6.31,2.34
1990-04-04 23:00:00+00:00,0.0,0.0,0.0,5.88,2.28
1990-04-05 00:00:00+00:00,0.0,0.0,0.0,5.31,2.07
1990-04-05 01:00:00+00:00,0.0,0.0,0.0,5.09,2.07
1990-04-05 02:00:00+00:00,0.0,0.0,0.0,5.11,2.21
1990-04-05 03:00:00+00:00,0.0,0.0,0.0,5.19,2.28
1990-04-05 04:00:00+00:00,0.0,0.0,0.0,5.46,2.34
1990-04-05 05:00:00+00:00,0.0,0.0,0.0,5.6,2.55
1990-04-05 06:00:00+00:00,19.0,13.4,18.0,5.82,2.62
1990-04-05 07:00:00+00:00,73.0,8.76,71.0,5.46,1.66
1990-04-05 08:00:00+00:00,121.0,2.69,120.0,6.64,2.34
1990-04-05 09:00:00+00:00,170.0,4.03,168.0,7.56,3.38
1990-04-05 10:00:00+00:00,178.0,0.0,178.0,8.36,3.79
1990-04-05 11:00:00+00:00,308.0,29.01,289.0,8.9,4.0
1990-04-05 12:00:00+00:00,627.0,579.85,234.0,9.41,4.14
1990-04-05 13:00:00+00:00,661.0,764.82,156.0,9.86,4.28
1990-04-05 14:00:00+00:00,594.0,738.88,148.0,10.06,4.34
1990-04-05 15:00:00+00:00,492.0,719.3,124.0,10.05,4.41
1990-04-05 16:00:00+00:00,356.0,650.39,102.0,9.8,4.41
1990-04-05 17:00:00+00:00,205.0,530.88,73.0,9.34,4.41
1990-04-05 18:00:00+00:00,54.0,240.56,31.0,8.62,4.14
1990-04-05 19:00:00+00:00,0.0,0.0,0.0,8.07,3.86
1990-04-05 20:00:00+00:00,0.0,0.0,0.0,7.41,3.86
1990-04-05 21:00:00+00:00,0.0,0.0,0.0,7.06,3.79
1990-04-05 22:00:00+00:00,0.0,0.0,0.0,6.8,3.66
1990-04-05 23:00:00+00:00,0.0,0.0,0.0,6.61,3.52
1990-04-06 00:00:00+00:00,0.0,0.0,0.0,6.43,3.38
1990-04-06 01:00:00+00:00,0.0,0.0,0.0,6.26,3.38
1990-04-06 02:00:00+00:00,0.0,0.0,0.0,6.14,3.52
1990-04-06 03:00:00+00:00,0.0,0.0,0.0,6.02,3.52
1990-04-06 04:00:00+00:00,0.0,0.0,0.0,5.89,3.52
1990-04-06 05:00:00+00:00,0.0,0.0,0.0,5.79,3.45
1990-04-06 06:00:00+00:00,38.0,148.74,26.0,5.74,3.45
1990-04-06 07:00:00+00:00,175.0,392.67,83.0,6.62,3.52
1990-04-06 08:00:00+00:00,313.0,473.42,134.0,7.94,4.34
1990-04-06 09:00:00+00:00,458.0,603.23,155.0,8.79,4.21
1990-04-06 10:00:00+00:00,559.0,621.63,187.0,9.52,4.07
1990-04-06 11:00:00+00:00,631.0,657.64,197.0,10.07,4.0
1990-04-06 12:00:00+00:00,631.0,580.11,235.0,10.51,4.07
1990-04-06 13:00:00+00:00,647.0,699.29,182.0,10.66,4.14
1990-04-06 14:00:00+00:00,584.0,684.06,168.0,10.78,4.28
1990-04-06 15:00:00+00:00,502.0,742.21,119.0,10.62,4.34
1990-04-06 16:00:00+00:00,358.0,640.64,105.0,10.26,4.48
1990-04-06 17:00:00+00:00,205.0,513.74,75.0,9.7,4.48
1990-04-06 18:00:00+00:00,58.0,259.75,32.0,8.96,3.93
1990-04-06 19:00:00+00:00,0.0,0.0,0.0,8.07,3.45
1990-04-06 20:00:00+00:00,0.0,0.0,0.0,7.45,3.31
1990-04-06 21:00:00+00:00,0.0,0.0,0.0,7.06,3.03
1990-04-06 22:00:00+00:00,0.0,0.0,0.0,6.71,2.76
1990-04-06 23:00:00+00:00,0.0,0.0,0.0,6.4,2.69
1990-04-07 00:00:00+00:00,0.0,0.0,0.0,5.99,2.48
1990-04-07 01:00:00+00:00,0.0,0.0,0.0,5.54,2.28
1990-04-07 02:00:00+00:00,0.0,0.0,0.0,5.03,2.28
1990-04-07 03:00:00+00:00,0.0,0.0,0.0,4.77,2.62
1990-04-07 04:00:00+00:00,0.0,0.0,0.0,4.74,2.62
1990-04-07 05:00:00+00:00,0.0,0.0,0.0,4.6,2.41
1990-04-07 06:00:00+00:00,43.0,161.46,29.0,4.41,2.21
1990-04-07 07:00:00+00:00,190.0,474.64,76.0,5.57,1.79
1990-04-07 08:00:00+00:00,359.0,690.46,94.0,8.02,2.0
1990-04-07 09:00:00+00:00,499.0,760.16,113.0,9.29,2.14
1990-04-07 10:00:00+00:00,617.0,824.94,119.0,10.26,2.0
1990-04-07 11:00:00+00:00,674.0,797.04,144.0,11.01,1.52
1990-04-07 12:00:00+00:00,675.0,708.43,188.0,11.58,1.66
1990-04-07 13:00:00+00:00,667.0,752.71,163.0,12.03,1.86
1990-04-07 14:00:00+00:00,624.0,817.81,123.0,12.19,2.28
1990-04-07 15:00:00+00:00,513.0,766.7,114.0,12.12,2.55
1990-04-07 16:00:00+00:00,372.0,683.76,99.0,11.87,2.76
1990-04-07 17:00:00+00:00,213.0,536.08,75.0,11.23,2.97
1990-04-07 18:00:00+00:00,63.0,286.91,33.0,10.17,2.55
1990-04-07 19:00:00+00:00,0.0,0.0,0.0,9.0,2.0
1990-04-07 20:00:00+00:00,0.0,0.0,0.0,7.84,1.86
1990-04-07 21:00:00+00:00,0.0,0.0,0.0,6.62,1.59
1990-04-07 22:00:00+00:00,0.0,0.0,0.0,6.38,1.1
1990-04-07 23:00:00+00:00,0.0,0.0,0.0,5.84,1.24
1990-04-08 00:00:00+00:00,0.0,0.0,0.0,4.58,1.72
1990-04-08 01:00:00+00:00,0.0,0.0,0.0,4.06,2.07
1990-04-08 02:00:00+00:00,0.0,0.0,0.0,4.1,2.34
1990-04-08 03:00:00+00:00,0.0,0.0,0.0,4.28,2.34
1990-04-08 04:00:00+00:00,0.0,0.0,0.0,4.36,2.28
1990-04-08 05:00:00+00:00,0.0,0.0,0.0,4.25,2.28
1990-04-08 06:00:00+00:00,34.0,53.94,29.0,4.74,2.55
1990-04-08 07:00:00+00:00,151.0,191.04,104.0,7.26,2.9
1990-04-08 08:00:00+00:00,286.0,310.69,165.0,9.95,3.59
1990-04-08 09:00:00+00:00,472.0,629.36,149.0,11.31,4.55
1990-04-08 10:00:00+00:00,571.0,642.16,180.0,12.15,4.97
1990-04-08 11:00:00+00:00,672.0,786.66,145.0,12.73,5.24
1990-04-08 12:00:00+00:00,706.0,820.59,138.0,13.21,5.72
1990-04-08 13:00:00+00:00,680.0,801.02,140.0,13.08,5.03
1990-04-08 14:00:00+00:00,609.0,761.71,139.0,13.25,4.69
1990-04-08 15:00:00+00:00,501.0,712.72,127.0,13.52,4.69
1990-04-08 16:00:00+00:00,324.0,421.23,154.0,13.58,4.69
1990-04-08 17:00:00+00:00,181.0,297.96,103.0,13.26,3.93
1990-04-08 18:00:00+00:00,58.0,183.48,38.0,12.68,3.59
1990-04-08 19:00:00+00:00,0.0,0.0,0.0,10.84,3.31
1990-04-08 20:00:00+00:00,0.0,0.0,0.0,10.43,3.52
1990-04-08 21:00:00+00:00,0.0,0.0,0.0,9.95,3.72
1990-04-08 22:00:00+00:00,0.0,0.0,0.0,9.52,3.86
1990-04-08 23:00:00+00:00,0.0,0.0,0.0,9.19,3.72
1990-04-09 00:00:00+00:00,0.0,0.0,0.0,8.68,3.72
1990-04-09 01:00:00+00:00,0.0,0.0,0.0,8.38,3.86
1990-04-09 02:00:00+00:00,0.0,0.0,0.0,8.25,4.0
1990-04-09 03:00:00+00:00,0.0,0.0,0.0,8.29,4.07
1990-04-09 04:00:00+00:00,0.0,0.0,0.0,8.12,4.14
1990-04-09 05:00:00+00:00,0.0,0.0,0.0,8.33,4.34
1990-04-09 06:00:00+00:00,44.0,101.37,34.0,8.53,4.55
1990-04-09 07:00:00+00:00,160.0,218.41,105.0,8.99,4.34
1990-04-09 08:00:00+00:00,233.0,129.1,182.0,9.6,4.97
1990-04-09 09:00:00+00:00,314.0,127.27,248.0,10.34,5.52
1990-04-09 10:00:00+00:00,186.0,0.0,186.0,10.83,5.66
1990-04-09 11:00:00+00:00,190.0,0.0,190.0,11.01,5.59
1990-04-09 12:00:00+00:00,205.0,0.0,205.0,11.11,5.59
1990-04-09 13:00:00+00:00,132.0,0.0,132.0,11.1,5.38
1990-04-09 14:00:00+00:00,152.0,0.0,152.0,10.98,4.97
1990-04-09 15:00:00+00:00,445.0,463.09,200.0,10.99,4.69
1990-04-09 16:00:00+00:00,253.0,159.37,188.0,10.9,3.79
1990-04-09 17:00:00+00:00,191.0,338.22,101.0,11.05,3.38
1990-04-09 18:00:00+00:00,43.0,52.9,37.0,11.04,3.24
1990-04-09 19:00:00+00:00,0.0,0.0,0.0,10.91,3.93
1990-04-09 20:00:00+00:00,0.0,0.0,0.0,10.91,4.28
1990-04-09 21:00:00+00:00,0.0,0.0,0.0,10.46,4.55
1990-04-09 22:00:00+00:00,0.0,0.0,0.0,10.04,4.83
1990-04-09 23:00:00+00:00,0.0,0.0,0.0,9.96,4.97
1990-04-10 00:00:00+00:00,0.0,0.0,0.0,9.94,4.76
1990-04-10 01:00:00+00:00,0.0,0.0,0.0,9.94,4.41
1990-04-10 02:00:00+00:00,0.0,0.0,0.0,9.55,4.0
1990-04-10 03:00:00+00:00,0.0,0.0,0.0,9.29,3.93
1990-04-10 04:00:00+00:00,0.0,0.0,0.0,9.22,4.07
1990-04-10 05:00:00+00:00,0.0,0.0,0.0,9.27,4.21
1990-04-10 06:00:00+00:00,31.0,19.13,29.0,9.25,4.28
1990-04-10 07:00:00+00:00,100.0,23.3,94.0,10.02,4.14
1990-04-10 08:00:00+00:00,190.0,47.43,171.0,10.96,5.59
1990-04-10 09:00:00+00:00,295.0,93.53,246.0,11.85,5.86
1990-04-10 10:00:00+00:00,243.0,9.69,237.0,12.33,5.66
1990-04-10 11:00:00+00:00,347.0,50.02,313.0,12.62,5.72
1990-04-10 12:00:00+00:00,436.0,126.87,347.0,13.07,5.45
1990-04-10 13:00:00+00:00,608.0,528.46,247.0,13.26,4.97
1990-04-10 14:00:00+00:00,362.0,95.89,302.0,13.5,4.48
1990-04-10 15:00:00+00:00,301.0,93.75,251.0,13.67,4.41
1990-04-10 16:00:00+00:00,254.0,157.73,189.0,13.56,4.28
1990-04-10 17:00:00+00:00,175.0,233.0,112.0,13.22,3.66
1990-04-10 18:00:00+00:00,50.0,76.38,41.0,12.69,3.03
1990-04-10 19:00:00+00:00,0.0,0.0,0.0,12.25,2.76
1990-04-10 20:00:00+00:00,0.0,0.0,0.0,11.7,2.76
1990-04-10 21:00:00+00:00,0.0,0.0,0.0,11.14,2.83
1990-04-10 22:00:00+00:00,0.0,0.0,0.0,10.66,2.9
1990-04-10 23:00:00+00:00,0.0,0.0,0.0,10.27,2.83
1990-04-11 00:00:00+00:00,0.0,0.0,0.0,9.92,2.76
1990-04-11 01:00:00+00:00,0.0,0.0,0.0,9.75,2.62
1990-04-11 02:00:00+00:00,0.0,0.0,0.0,9.63,2.48
1990-04-11 03:00:00+00:00,0.0,0.0,0.0,9.34,2.34
1990-04-11 04:00:00+00:00,0.0,0.0,0.0,9.05,2.14
1990-04-11 05:00:00+00:00,0.0,0.0,0.0,8.47,1.93
1990-04-11 06:00:00+00:00,32.0,9.06,31.0,8.25,1.79
1990-04-11 07:00:00+00:00,115.0,41.79,104.0,9.32,1.72
1990-04-11 08:00:00+00:00,260.0,179.77,187.0,10.88,1.79
1990-04-11 09:00:00+00:00,464.0,523.46,187.0,11.79,1.79
1990-04-11 10:00:00+00:00,617.0,757.87,144.0,12.6,2.41
1990-04-11 11:00:00+00:00,685.0,768.48,159.0,13.09,2.62
1990-04-11 12:00:00+00:00,734.0,855.41,130.0,13.2,2.41
1990-04-11 13:00:00+00:00,708.0,836.33,133.0,13.38,2.07
1990-04-11 14:00:00+00:00,641.0,820.6,124.0,13.51,1.72
1990-04-11 15:00:00+00:00,530.0,770.2,116.0,13.59,1.59
1990-04-11 16:00:00+00:00,387.0,682.18,103.0,13.43,1.93
1990-04-11 17:00:00+00:00,227.0,531.57,81.0,13.15,2.28
1990-04-11 18:00:00+00:00,72.0,245.48,42.0,12.68,2.21
1990-04-11 19:00:00+00:00,0.0,0.0,0.0,12.03,2.34
1990-04-11 20:00:00+00:00,0.0,0.0,0.0,11.17,2.21
1990-04-11 21:00:00+00:00,0.0,0.0,0.0,10.24,2.07
1990-04-11 22:00:00+00:00,0.0,0.0,0.0,9.6,1.86
1990-04-11 23:00:00+00:00,0.0,0.0,0.0,8.81,1.86
1990-04-12 00:00:00+00:00,0.0,0.0,0.0,8.64,1.93
1990-04-12 01:00:00+00:00,0.0,0.0,0.0,8.1,2.28
1990-04-12 02:00:00+00:00,0.0,0.0,0.0,7.91,2.48
1990-04-12 03:00:00+00:00,0.0,0.0,0.0,7.73,2.55
1990-04-12 04:00:00+00:00,0.0,0.0,0.0,7.66,2.55
1990-04-12 05:00:00+00:00,0.0,0.0,0.0,7.8,2.55
1990-04-12 06:00:00+00:00,61.0,172.13,41.0,8.07,2.55
1990-04-12 07:00:00+00:00,144.0,107.86,115.0,8.63,1.93
1990-04-12 08:00:00+00:00,273.0,206.56,188.0,10.35,2.14
1990-04-12 09:00:00+00:00,383.0,250.77,249.0,12.15,2.28
1990-04-12 10:00:00+00:00,535.0,448.28,253.0,13.81,2.28
1990-04-12 11:00:00+00:00,614.0,518.0,257.0,14.97,2.28
1990-04-12 12:00:00+00:00,663.0,605.11,233.0,15.72,1.86
1990-04-12 13:00:00+00:00,485.0,206.68,342.0,16.03,1.38
1990-04-12 14:00:00+00:00,470.0,268.03,300.0,16.24,1.03
1990-04-12 15:00:00+00:00,381.0,230.76,256.0,16.16,0.97
1990-04-12 16:00:00+00:00,214.0,64.21,187.0,15.96,1.31
1990-04-12 17:00:00+00:00,113.0,25.1,106.0,15.69,1.45
1990-04-12 18:00:00+00:00,50.0,55.31,43.0,15.19,1.52
1990-04-12 19:00:00+00:00,0.0,0.0,0.0,14.42,1.72
1990-04-12 20:00:00+00:00,0.0,0.0,0.0,12.66,1.79
1990-04-12 21:00:00+00:00,0.0,0.0,0.0,10.98,1.86
1990-04-12 22:00:00+00:00,0.0,0.0,0.0,9.95,2.0
1990-04-12 23:00:00+00:00,0.0,0.0,0.0,9.53,2.34
1990-04-13 00:00:00+00:00,0.0,0.0,0.0,9.46,2.48
1990-04-13 01:00:00+00:00,0.0,0.0,0.0,8.92,2.41
1990-04-13 02:00:00+00:00,0.0,0.0,0.0,8.39,2.21
1990-04-13 03:00:00+00:00,0.0,0.0,0.0,7.78,2.28
1990-04-13 04:00:00+00:00,0.0,0.0,0.0,7.24,2.28
1990-04-13 05:00:00+00:00,0.0,0.0,0.0,6.56,2.28
1990-04-13 06:00:00+00:00,70.0,229.63,42.0,6.49,2.41
1990-04-13 07:00:00+00:00,185.0,265.99,112.0,7.42,2.41
1990-04-13 08:00:00+00:00,325.0,386.22,164.0,8.72,2.48
1990-04-13 09:00:00+00:00,378.0,233.55,252.0,10.21,2.69
1990-04-13 10:00:00+00:00,566.0,547.35,219.0,11.7,3.03
1990-04-13 11:00:00+00:00,623.0,543.34,246.0,12.96,3.31
1990-04-13 12:00:00+00:00,675.0,644.69,214.0,14.12,3.17
1990-04-13 13:00:00+00:00,709.0,830.25,131.0,15.12,2.97
1990-04-13 14:00:00+00:00,550.0,483.99,241.0,15.75,2.62
1990-04-13 15:00:00+00:00,347.0,157.56,261.0,16.2,2.41
1990-04-13 16:00:00+00:00,226.0,82.43,191.0,16.18,2.62
1990-04-13 17:00:00+00:00,126.0,45.92,113.0,15.83,2.62
1990-04-13 18:00:00+00:00,33.0,0.0,33.0,15.1,2.41
1990-04-13 19:00:00+00:00,0.0,0.0,0.0,13.8,2.76
1990-04-13 20:00:00+00:00,0.0,0.0,0.0,12.47,2.9
1990-04-13 21:00:00+00:00,0.0,0.0,0.0,11.71,2.69
1990-04-13 22:00:00+00:00,0.0,0.0,0.0,10.96,2.76
1990-04-13 23:00:00+00:00,0.0,0.0,0.0,10.31,2.69
1990-04-14 00:00:00+00:00,0.0,0.0,0.0,9.77,2.55
1990-04-14 01:00:00+00:00,0.0,0.0,0.0,9.28,2.55
1990-04-14 02:00:00+00:00,0.0,0.0,0.0,9.1,2.48
1990-04-14 03:00:00+00:00,0.0,0.0,0.0,8.81,2.41
1990-04-14 04:00:00+00:00,0.0,0.0,0.0,8.81,2.14
1990-04-14 05:00:00+00:00,0.0,0.0,0.0,8.52,1.86
1990-04-14 06:00:00+00:00,36.0,7.84,35.0,8.22,1.79
1990-04-14 07:00:00+00:00,150.0,110.73,119.0,9.22,1.66
1990-04-14 08:00:00+00:00,276.0,201.34,191.0,11.15,1.79
1990-04-14 09:00:00+00:00,358.0,183.64,258.0,13.39,1.93
1990-04-14 10:00:00+00:00,570.0,554.17,216.0,15.34,2.07
1990-04-14 11:00:00+00:00,689.0,763.12,156.0,17.02,2.14
1990-04-14 12:00:00+00:00,691.0,692.17,193.0,18.38,2.0
1990-04-14 13:00:00+00:00,687.0,749.56,162.0,19.34,1.93
1990-04-14 14:00:00+00:00,647.0,818.57,121.0,19.88,2.0
1990-04-14 15:00:00+00:00,525.0,727.39,125.0,20.28,2.14
1990-04-14 16:00:00+00:00,375.0,585.46,124.0,20.4,2.21
1990-04-14 17:00:00+00:00,205.0,334.17,109.0,20.17,1.93
1990-04-14 18:00:00+00:00,72.0,170.11,49.0,19.38,1.93
1990-04-14 19:00:00+00:00,0.0,0.0,0.0,17.85,2.69
1990-04-14 20:00:00+00:00,0.0,0.0,0.0,15.9,2.83
1990-04-14 21:00:00+00:00,0.0,0.0,0.0,14.41,2.9
1990-04-14 22:00:00+00:00,0.0,0.0,0.0,13.37,2.97
1990-04-14 23:00:00+00:00,0.0,0.0,0.0,12.55,3.1
1990-04-15 00:00:00+00:00,0.0,0.0,0.0,11.91,3.17
1990-04-15 01:00:00+00:00,0.0,0.0,0.0,11.33,3.03
1990-04-15 02:00:00+00:00,0.0,0.0,0.0,10.73,2.69
1990-04-15 03:00:00+00:00,0.0,0.0,0.0,10.01,2.28
1990-04-15 04:00:00+00:00,0.0,0.0,0.0,9.4,2.14
1990-04-15 05:00:00+00:00,0.0,0.0,0.0,8.94,2.28
1990-04-15 06:00:00+00:00,72.0,172.6,49.0,8.97,2.21
1990-04-15 07:00:00+00:00,210.0,364.4,106.0,10.85,1.31
1990-04-15 08:00:00+00:00,369.0,556.86,131.0,13.16,0.97
1990-04-15 09:00:00+00:00,509.0,655.08,149.0,14.77,0.48
1990-04-15 10:00:00+00:00,625.0,741.2,148.0,15.98,0.76
1990-04-15 11:00:00+00:00,714.0,827.9,132.0,16.77,1.79
1990-04-15 12:00:00+00:00,739.0,835.86,134.0,17.06,2.76
1990-04-15 13:00:00+00:00,704.0,794.78,144.0,16.93,3.03
1990-04-15 14:00:00+00:00,625.0,726.81,155.0,16.69,2.9
1990-04-15 15:00:00+00:00,510.0,644.46,153.0,16.46,2.97
1990-04-15 16:00:00+00:00,368.0,529.13,139.0,15.92,3.31
1990-04-15 17:00:00+00:00,206.0,315.69,114.0,14.86,3.52
1990-04-15 18:00:00+00:00,69.0,121.87,52.0,13.58,3.03
1990-04-15 19:00:00+00:00,0.0,0.0,0.0,12.28,2.69
1990-04-15 20:00:00+00:00,0.0,0.0,0.0,11.39,2.14
1990-04-15 21:00:00+00:00,0.0,0.0,0.0,10.85,1.93
1990-04-15 22:00:00+00:00,0.0,0.0,0.0,10.43,2.28
1990-04-15 23:00:00+00:00,0.0,0.0,0.0,10.25,2.34
1990-04-16 00:00:00+00:00,0.0,0.0,0.0,10.17,2.21
1990-04-16 01:00:00+00:00,0.0,0.0,0.0,10.02,2.55
1990-04-16 02:00:00+00:00,0.0,0.0,0.0,9.91,2.55
1990-04-16 03:00:00+00:00,0.0,0.0,0.0,9.8,2.97
1990-04-16 04:00:00+00:00,0.0,0.0,0.0,9.77,2.83
1990-04-16 05:00:00+00:00,0.0,0.0,0.0,9.67,2.69
1990-04-16 06:00:00+00:00,45.0,21.61,42.0,9.58,3.1
1990-04-16 07:00:00+00:00,133.0,51.58,118.0,9.97,3.86
1990-04-16 08:00:00+00:00,154.0,6.94,151.0,10.56,4.14
1990-04-16 09:00:00+00:00,142.0,0.0,142.0,11.47,4.55
1990-04-16 10:00:00+00:00,224.0,3.09,222.0,12.14,4.9
1990-04-16 11:00:00+00:00,423.0,108.84,346.0,12.4,4.76
1990-04-16 12:00:00+00:00,685.0,644.15,216.0,12.26,4.97
1990-04-16 13:00:00+00:00,649.0,588.38,232.0,12.53,5.45
1990-04-16 14:00:00+00:00,499.0,316.58,293.0,12.45,5.72
1990-04-16 15:00:00+00:00,390.0,234.79,259.0,12.1,5.72
1990-04-16 16:00:00+00:00,304.0,254.11,193.0,11.58,5.66
1990-04-16 17:00:00+00:00,209.0,318.07,115.0,10.96,5.52
1990-04-16 18:00:00+00:00,70.0,111.31,54.0,10.24,5.17
1990-04-16 19:00:00+00:00,0.0,0.0,0.0,9.84,4.62
1990-04-16 20:00:00+00:00,0.0,0.0,0.0,9.35,4.28
1990-04-16 21:00:00+00:00,0.0,0.0,0.0,9.09,4.28
1990-04-16 22:00:00+00:00,0.0,0.0,0.0,8.92,4.41
1990-04-16 23:00:00+00:00,0.0,0.0,0.0,8.71,4.07
1990-04-17 00:00:00+00:00,0.0,0.0,0.0,8.42,3.52
1990-04-17 01:00:00+00:00,0.0,0.0,0.0,8.29,3.93
1990-04-17 02:00:00+00:00,0.0,0.0,0.0,8.22,4.14
1990-04-17 03:00:00+00:00,0.0,0.0,0.0,8.15,4.55
1990-04-17 04:00:00+00:00,0.0,0.0,0.0,7.9,4.55
1990-04-17 05:00:00+00:00,0.0,0.0,0.0,7.71,4.21
1990-04-17 06:00:00+00:00,66.0,83.14,54.0,7.75,3.93
1990-04-17 07:00:00+00:00,233.0,439.04,103.0,8.42,3.66
1990-04-17 08:00:00+00:00,328.0,322.17,187.0,9.32,4.55
1990-04-17 09:00:00+00:00,485.0,498.81,206.0,9.95,4.69
1990-04-17 10:00:00+00:00,531.0,378.33,284.0,10.42,4.83
1990-04-17 11:00:00+00:00,604.0,429.86,298.0,10.93,5.17
1990-04-17 12:00:00+00:00,675.0,574.9,254.0,11.14,5.45
1990-04-17 13:00:00+00:00,612.0,448.93,292.0,11.18,5.45
1990-04-17 14:00:00+00:00,612.0,623.2,204.0,11.34,5.59
1990-04-17 15:00:00+00:00,521.0,635.33,164.0,11.33,5.66
1990-04-17 16:00:00+00:00,220.0,56.71,195.0,11.1,5.59
1990-04-17 17:00:00+00:00,84.0,0.0,84.0,10.85,5.59
1990-04-17 18:00:00+00:00,60.0,47.3,53.0,10.37,4.97
1990-04-17 19:00:00+00:00,0.0,0.0,0.0,9.8,4.14
1990-04-17 20:00:00+00:00,0.0,0.0,0.0,9.36,3.79
1990-04-17 21:00:00+00:00,0.0,0.0,0.0,9.11,3.66
1990-04-17 22:00:00+00:00,0.0,0.0,0.0,8.91,3.66
1990-04-17 23:00:00+00:00,0.0,0.0,0.0,8.68,3.59
1990-04-18 00:00:00+00:00,0.0,0.0,0.0,8.23,3.45
1990-04-18 01:00:00+00:00,0.0,0.0,0.0,7.75,3.45
1990-04-18 02:00:00+00:00,0.0,0.0,0.0,7.33,3.38
1990-04-18 03:00:00+00:00,0.0,0.0,0.0,7.11,3.38
1990-04-18 04:00:00+00:00,0.0,0.0,0.0,6.85,3.24
1990-04-18 05:00:00+00:00,0.0,0.0,0.0,6.74,3.24
1990-04-18 06:00:00+00:00,101.0,353.86,48.0,7.09,3.03
1990-04-18 07:00:00+00:00,256.0,567.45,85.0,8.11,3.52
1990-04-18 08:00:00+00:00,364.0,445.02,167.0,9.0,4.62
1990-04-18 09:00:00+00:00,496.0,522.94,201.0,9.46,4.48
1990-04-18 10:00:00+00:00,636.0,698.19,177.0,9.89,4.41
1990-04-18 11:00:00+00:00,708.0,734.44,182.0,10.31,4.14
1990-04-18 12:00:00+00:00,727.0,726.46,192.0,10.83,4.07
1990-04-18 13:00:00+00:00,752.0,880.28,121.0,11.07,4.0
1990-04-18 14:00:00+00:00,680.0,853.31,118.0,11.07,3.86
1990-04-18 15:00:00+00:00,567.0,804.14,112.0,11.08,3.66
1990-04-18 16:00:00+00:00,426.0,737.48,98.0,10.88,3.31
1990-04-18 17:00:00+00:00,263.0,599.33,81.0,10.66,2.97
1990-04-18 18:00:00+00:00,109.0,413.98,46.0,10.08,2.41
1990-04-18 19:00:00+00:00,0.0,0.0,0.0,9.2,1.52
1990-04-18 20:00:00+00:00,0.0,0.0,0.0,8.16,0.69
1990-04-18 21:00:00+00:00,0.0,0.0,0.0,7.66,0.97
1990-04-18 22:00:00+00:00,0.0,0.0,0.0,5.74,1.72
1990-04-18 23:00:00+00:00,0.0,0.0,0.0,5.04,2.14
1990-04-19 00:00:00+00:00,0.0,0.0,0.0,4.94,2.41
1990-04-19 01:00:00+00:00,0.0,0.0,0.0,5.11,2.55
1990-04-19 02:00:00+00:00,0.0,0.0,0.0,5.36,2.76
1990-04-19 03:00:00+00:00,0.0,0.0,0.0,5.77,3.03
1990-04-19 04:00:00+00:00,0.0,0.0,0.0,6.16,3.38
1990-04-19 05:00:00+00:00,0.0,0.0,0.0,6.55,3.86
1990-04-19 06:00:00+00:00,106.0,354.48,51.0,7.43,4.21
1990-04-19 07:00:00+00:00,256.0,535.02,92.0,8.75,4.41
1990-04-19 08:00:00+00:00,285.0,167.55,210.0,9.96,5.52
1990-04-19 09:00:00+00:00,299.0,63.29,263.0,10.86,6.0
1990-04-19 10:00:00+00:00,638.0,694.98,178.0,11.61,6.41
1990-04-19 11:00:00+00:00,668.0,594.07,240.0,11.95,6.55
1990-04-19 12:00:00+00:00,627.0,424.01,313.0,12.19,6.28
1990-04-19 13:00:00+00:00,722.0,775.56,163.0,12.16,6.0
1990-04-19 14:00:00+00:00,598.0,552.46,232.0,12.17,5.45
1990-04-19 15:00:00+00:00,490.0,489.74,211.0,11.95,4.76
1990-04-19 16:00:00+00:00,418.0,686.47,110.0,12.02,4.41
1990-04-19 17:00:00+00:00,253.0,513.5,95.0,11.82,4.0
1990-04-19 18:00:00+00:00,111.0,402.92,48.0,11.33,3.24
1990-04-19 19:00:00+00:00,0.0,0.0,0.0,10.53,2.14
1990-04-19 20:00:00+00:00,0.0,0.0,0.0,9.71,1.72
1990-04-19 21:00:00+00:00,0.0,0.0,0.0,8.96,1.38
1990-04-19 22:00:00+00:00,0.0,0.0,0.0,8.52,1.03
1990-04-19 23:00:00+00:00,0.0,0.0,0.0,9.38,0.21
1990-04-20 00:00:00+00:00,0.0,0.0,0.0,8.14,1.03
1990-04-20 01:00:00+00:00,0.0,0.0,0.0,8.15,2.21
1990-04-20 02:00:00+00:00,0.0,0.0,0.0,8.51,2.9
1990-04-20 03:00:00+00:00,0.0,0.0,0.0,8.51,3.24
1990-04-20 04:00:00+00:00,0.0,0.0,0.0,8.45,3.59
1990-04-20 05:00:00+00:00,0.0,0.0,0.0,8.16,3.66
1990-04-20 06:00:00+00:00,114.0,398.84,50.0,8.03,3.72
1990-04-20 07:00:00+00:00,273.0,619.31,80.0,8.4,3.93
1990-04-20 08:00:00+00:00,337.0,318.23,193.0,8.95,4.21
1990-04-20 09:00:00+00:00,446.0,345.26,248.0,10.1,4.14
1990-04-20 10:00:00+00:00,565.0,450.25,265.0,11.43,4.28
1990-04-20 11:00:00+00:00,711.0,736.9,177.0,12.68,4.28
1990-04-20 12:00:00+00:00,759.0,828.67,142.0,13.54,4.07
1990-04-20 13:00:00+00:00,647.0,528.52,264.0,14.09,3.72
1990-04-20 14:00:00+00:00,416.0,135.07,326.0,14.42,3.93
1990-04-20 15:00:00+00:00,446.0,343.5,249.0,14.97,4.14
1990-04-20 16:00:00+00:00,345.0,349.14,187.0,15.21,3.72
1990-04-20 17:00:00+00:00,179.0,137.96,136.0,15.35,2.83
1990-04-20 18:00:00+00:00,54.0,18.69,51.0,15.05,2.41
1990-04-20 19:00:00+00:00,0.0,0.0,0.0,13.94,1.52
1990-04-20 20:00:00+00:00,0.0,0.0,0.0,12.3,0.97
1990-04-20 21:00:00+00:00,0.0,0.0,0.0,11.3,1.03
1990-04-20 22:00:00+00:00,0.0,0.0,0.0,9.9,1.52
1990-04-20 23:00:00+00:00,0.0,0.0,0.0,8.77,2.14
1990-04-21 00:00:00+00:00,0.0,0.0,0.0,8.78,2.41
1990-04-21 01:00:00+00:00,0.0,0.0,0.0,8.89,2.55
1990-04-21 02:00:00+00:00,0.0,0.0,0.0,8.88,2.62
1990-04-21 03:00:00+00:00,0.0,0.0,0.0,8.92,2.55
1990-04-21 04:00:00+00:00,0.0,0.0,0.0,8.79,2.55
1990-04-21 05:00:00+00:00,0.0,0.0,0.0,8.56,2.62
1990-04-21 06:00:00+00:00,81.0,108.63,63.0,8.79,2.69
1990-04-21 07:00:00+00:00,170.0,104.21,137.0,9.9,2.83
1990-04-21 08:00:00+00:00,244.0,80.91,207.0,11.42,3.24
1990-04-21 09:00:00+00:00,267.0,32.87,248.0,12.94,3.59
1990-04-21 10:00:00+00:00,415.0,129.73,328.0,14.23,3.59
1990-04-21 11:00:00+00:00,626.0,463.78,288.0,15.45,3.72
1990-04-21 12:00:00+00:00,626.0,416.82,314.0,16.59,4.0
1990-04-21 13:00:00+00:00,648.0,527.1,264.0,17.37,4.21
1990-04-21 14:00:00+00:00,615.0,601.4,212.0,17.82,4.28
1990-04-21 15:00:00+00:00,413.0,251.18,268.0,18.08,4.21
1990-04-21 16:00:00+00:00,271.0,131.47,211.0,18.02,3.59
1990-04-21 17:00:00+00:00,221.0,297.81,127.0,17.61,2.69
1990-04-21 18:00:00+00:00,51.0,12.15,49.0,16.66,2.48
1990-04-21 19:00:00+00:00,0.0,0.0,0.0,15.53,2.83
1990-04-21 20:00:00+00:00,0.0,0.0,0.0,14.39,2.9
1990-04-21 21:00:00+00:00,0.0,0.0,0.0,13.56,3.31
1990-04-21 22:00:00+00:00,0.0,0.0,0.0,13.17,3.66
1990-04-21 23:00:00+00:00,0.0,0.0,0.0,12.79,3.79
1990-04-22 00:00:00+00:00,0.0,0.0,0.0,12.33,3.79
1990-04-22 01:00:00+00:00,0.0,0.0,0.0,11.82,3.72
1990-04-22 02:00:00+00:00,0.0,0.0,0.0,11.42,3.66
1990-04-22 03:00:00+00:00,0.0,0.0,0.0,11.16,3.52
1990-04-22 04:00:00+00:00,0.0,0.0,0.0,10.92,3.45
1990-04-22 05:00:00+00:00,0.0,0.0,0.0,10.57,3.38
1990-04-22 06:00:00+00:00,12.0,0.0,12.0,10.47,3.1
1990-04-22 07:00:00+00:00,37.0,0.0,37.0,11.54,3.1
1990-04-22 08:00:00+00:00,74.0,0.0,74.0,12.3,3.31
1990-04-22 09:00:00+00:00,141.0,0.0,141.0,12.7,3.59
1990-04-22 10:00:00+00:00,186.0,0.0,186.0,13.22,3.86
1990-04-22 11:00:00+00:00,145.0,0.0,145.0,13.42,3.86
1990-04-22 12:00:00+00:00,241.0,1.33,240.0,14.36,4.55
1990-04-22 13:00:00+00:00,162.0,0.0,162.0,15.47,4.76
1990-04-22 14:00:00+00:00,154.0,0.0,154.0,16.18,4.48
1990-04-22 15:00:00+00:00,117.0,0.0,117.0,16.57,4.48
1990-04-22 16:00:00+00:00,140.0,2.17,139.0,16.7,4.34
1990-04-22 17:00:00+00:00,76.0,0.0,76.0,16.26,3.66
1990-04-22 18:00:00+00:00,30.0,0.0,30.0,15.71,3.79
1990-04-22 19:00:00+00:00,0.0,0.0,0.0,14.49,3.72
1990-04-22 20:00:00+00:00,0.0,0.0,0.0,13.77,3.79
1990-04-22 21:00:00+00:00,0.0,0.0,0.0,13.53,3.72
1990-04-22 22:00:00+00:00,0.0,0.0,0.0,13.34,3.59
1990-04-22 23:00:00+00:00,0.0,0.0,0.0,13.31,3.31
1990-04-23 00:00:00+00:00,0.0,0.0,0.0,13.2,3.03
1990-04-23 01:00:00+00:00,0.0,0.0,0.0,13.09,2.9
1990-04-23 02:00:00+00:00,0.0,0.0,0.0,13.18,2.83
1990-04-23 03:00:00+00:00,0.0,0.0,0.0,13.21,2.62
1990-04-23 04:00:00+00:00,0.0,0.0,0.0,13.15,2.76
1990-04-23 05:00:00+00:00,0.0,0.0,0.0,13.01,3.17
1990-04-23 06:00:00+00:00,11.0,0.0,11.0,13.13,3.66
1990-04-23 07:00:00+00:00,150.0,52.07,133.0,13.1,4.07
1990-04-23 08:00:00+00:00,307.0,209.99,209.0,13.28,4.28
1990-04-23 09:00:00+00:00,210.0,5.11,207.0,13.71,4.34
1990-04-23 10:00:00+00:00,178.0,0.0,178.0,14.06,4.34
1990-04-23 11:00:00+00:00,140.0,0.0,140.0,14.48,4.41
1990-04-23 12:00:00+00:00,151.0,0.0,151.0,14.82,4.62
1990-04-23 13:00:00+00:00,140.0,0.0,140.0,15.29,4.83
1990-04-23 14:00:00+00:00,146.0,0.0,146.0,15.5,5.03
1990-04-23 15:00:00+00:00,95.0,0.0,95.0,15.31,5.17
1990-04-23 16:00:00+00:00,74.0,0.0,74.0,15.34,5.1
1990-04-23 17:00:00+00:00,49.0,0.0,49.0,15.15,5.1
1990-04-23 18:00:00+00:00,13.0,0.0,13.0,14.82,5.03
1990-04-23 19:00:00+00:00,0.0,0.0,0.0,14.73,5.59
1990-04-23 20:00:00+00:00,0.0,0.0,0.0,14.45,5.59
1990-04-23 21:00:00+00:00,0.0,0.0,0.0,14.23,5.52
1990-04-23 22:00:00+00:00,0.0,0.0,0.0,14.07,5.31
1990-04-23 23:00:00+00:00,0.0,0.0,0.0,13.94,5.17
1990-04-24 00:00:00+00:00,0.0,0.0,0.0,13.8,4.97
1990-04-24 01:00:00+00:00,0.0,0.0,0.0,13.73,4.62
1990-04-24 02:00:00+00:00,0.0,0.0,0.0,13.58,4.34
1990-04-24 03:00:00+00:00,0.0,0.0,0.0,13.33,4.07
1990-04-24 04:00:00+00:00,0.0,0.0,0.0,13.22,3.93
1990-04-24 05:00:00+00:00,1.0,0.0,1.0,13.1,3.72
1990-04-24 06:00:00+00:00,57.0,11.05,55.0,13.04,3.59
1990-04-24 07:00:00+00:00,54.0,0.0,54.0,13.33,3.86
1990-04-24 08:00:00+00:00,198.0,23.34,187.0,13.75,4.07
1990-04-24 09:00:00+00:00,260.0,27.06,244.0,14.0,4.48
1990-04-24 10:00:00+00:00,263.0,8.78,257.0,14.58,4.62
1990-04-24 11:00:00+00:00,198.0,0.0,198.0,15.56,4.55
1990-04-24 12:00:00+00:00,196.0,0.0,196.0,16.09,4.14
1990-04-24 13:00:00+00:00,140.0,0.0,140.0,16.28,3.72
1990-04-24 14:00:00+00:00,165.0,0.0,165.0,16.19,3.66
1990-04-24 15:00:00+00:00,126.0,0.0,126.0,16.25,3.52
1990-04-24 16:00:00+00:00,68.0,0.0,68.0,16.62,3.24
1990-04-24 17:00:00+00:00,31.0,0.0,31.0,16.65,2.76
1990-04-24 18:00:00+00:00,11.0,0.0,11.0,15.96,3.45
1990-04-24 19:00:00+00:00,0.0,0.0,0.0,15.18,3.38
1990-04-24 20:00:00+00:00,0.0,0.0,0.0,14.58,4.21
1990-04-24 21:00:00+00:00,0.0,0.0,0.0,14.09,4.41
1990-04-24 22:00:00+00:00,0.0,0.0,0.0,13.5,4.76
1990-04-24 23:00:00+00:00,0.0,0.0,0.0,13.26,5.79
1990-04-25 00:00:00+00:00,0.0,0.0,0.0,13.23,6.14
1990-04-25 01:00:00+00:00,0.0,0.0,0.0,13.27,6.21
1990-04-25 02:00:00+00:00,0.0,0.0,0.0,13.36,6.34
1990-04-25 03:00:00+00:00,0.0,0.0,0.0,13.33,6.48
1990-04-25 04:00:00+00:00,0.0,0.0,0.0,13.05,6.14
1990-04-25 05:00:00+00:00,8.0,0.0,8.0,12.64,5.66
1990-04-25 06:00:00+00:00,96.0,123.71,73.0,12.58,5.31
1990-04-25 07:00:00+00:00,85.0,0.0,85.0,12.87,5.31
1990-04-25 08:00:00+00:00,293.0,149.24,222.0,13.57,7.24
1990-04-25 09:00:00+00:00,357.0,119.22,286.0,14.25,7.38
1990-04-25 10:00:00+00:00,412.0,112.04,335.0,14.6,7.38
1990-04-25 11:00:00+00:00,629.0,435.13,305.0,15.11,7.24
1990-04-25 12:00:00+00:00,289.0,6.55,284.0,15.27,7.31
1990-04-25 13:00:00+00:00,534.0,234.1,360.0,15.15,6.76
1990-04-25 14:00:00+00:00,176.0,0.0,176.0,14.64,6.41
1990-04-25 15:00:00+00:00,132.0,0.0,132.0,14.17,6.41
1990-04-25 16:00:00+00:00,214.0,36.07,197.0,13.53,6.21
1990-04-25 17:00:00+00:00,124.0,15.1,119.0,13.28,5.93
1990-04-25 18:00:00+00:00,72.0,38.71,65.0,12.94,5.1
1990-04-25 19:00:00+00:00,1.0,0.0,1.0,12.39,4.14
1990-04-25 20:00:00+00:00,0.0,0.0,0.0,11.83,3.45
1990-04-25 21:00:00+00:00,0.0,0.0,0.0,11.13,2.83
1990-04-25 22:00:00+00:00,0.0,0.0,0.0,10.51,2.48
1990-04-25 23:00:00+00:00,0.0,0.0,0.0,10.04,2.21
1990-04-26 00:00:00+00:00,0.0,0.0,0.0,9.89,2.07
1990-04-26 01:00:00+00:00,0.0,0.0,0.0,9.38,2.21
1990-04-26 02:00:00+00:00,0.0,0.0,0.0,8.94,2.28
1990-04-26 03:00:00+00:00,0.0,0.0,0.0,8.77,2.34
1990-04-26 04:00:00+00:00,0.0,0.0,0.0,8.6,2.41
1990-04-26 05:00:00+00:00,1.0,0.0,1.0,8.49,2.34
1990-04-26 06:00:00+00:00,119.0,241.11,73.0,8.78,2.14
1990-04-26 07:00:00+00:00,288.0,551.83,100.0,9.61,1.79
1990-04-26 08:00:00+00:00,456.0,724.75,108.0,10.57,2.21
1990-04-26 09:00:00+00:00,605.0,825.38,110.0,11.64,2.48
1990-04-26 10:00:00+00:00,716.0,872.39,113.0,12.56,2.69
1990-04-26 11:00:00+00:00,728.0,714.88,193.0,13.34,2.9
1990-04-26 12:00:00+00:00,719.0,621.62,242.0,14.17,3.1
1990-04-26 13:00:00+00:00,586.0,326.72,342.0,14.62,3.1
1990-04-26 14:00:00+00:00,481.0,215.05,333.0,15.13,3.24
1990-04-26 15:00:00+00:00,507.0,478.61,222.0,15.23,3.59
1990-04-26 16:00:00+00:00,358.0,332.65,200.0,15.03,3.86
1990-04-26 17:00:00+00:00,135.0,23.89,127.0,14.56,4.07
1990-04-26 18:00:00+00:00,70.0,27.06,65.0,13.9,3.72
1990-04-26 19:00:00+00:00,6.0,0.0,6.0,12.85,3.17
1990-04-26 20:00:00+00:00,0.0,0.0,0.0,12.0,3.31
1990-04-26 21:00:00+00:00,0.0,0.0,0.0,11.06,4.21
1990-04-26 22:00:00+00:00,0.0,0.0,0.0,9.9,4.34
1990-04-26 23:00:00+00:00,0.0,0.0,0.0,9.22,4.07
1990-04-27 00:00:00+00:00,0.0,0.0,0.0,8.88,3.59
1990-04-27 01:00:00+00:00,0.0,0.0,0.0,8.57,3.24
1990-04-27 02:00:00+00:00,0.0,0.0,0.0,8.2,2.9
1990-04-27 03:00:00+00:00,0.0,0.0,0.0,7.98,2.83
1990-04-27 04:00:00+00:00,0.0,0.0,0.0,7.97,2.83
1990-04-27 05:00:00+00:00,2.0,0.0,2.0,7.8,2.97
1990-04-27 06:00:00+00:00,85.0,56.25,74.0,8.13,3.17
1990-04-27 07:00:00+00:00,163.0,55.03,144.0,9.02,4.28
1990-04-27 08:00:00+00:00,400.0,468.53,173.0,9.78,4.55
1990-04-27 09:00:00+00:00,564.0,674.04,157.0,10.64,4.48
1990-04-27 10:00:00+00:00,657.0,676.17,187.0,11.74,5.03
1990-04-27 11:00:00+00:00,678.0,559.78,257.0,13.38,4.97
1990-04-27 12:00:00+00:00,597.0,317.8,352.0,14.81,4.83
1990-04-27 13:00:00+00:00,442.0,101.29,366.0,15.85,4.69
1990-04-27 14:00:00+00:00,592.0,477.11,262.0,16.54,4.69
1990-04-27 15:00:00+00:00,427.0,252.1,276.0,16.89,4.83
1990-04-27 16:00:00+00:00,341.0,273.74,210.0,16.63,5.03
1990-04-27 17:00:00+00:00,253.0,375.04,126.0,16.04,5.1
1990-04-27 18:00:00+00:00,106.0,169.57,74.0,15.19,4.97
1990-04-27 19:00:00+00:00,3.0,0.0,3.0,13.65,4.97
1990-04-27 20:00:00+00:00,0.0,0.0,0.0,12.28,5.03
1990-04-27 21:00:00+00:00,0.0,0.0,0.0,11.1,4.76
1990-04-27 22:00:00+00:00,0.0,0.0,0.0,10.28,4.55
1990-04-27 23:00:00+00:00,0.0,0.0,0.0,9.77,4.21
1990-04-28 00:00:00+00:00,0.0,0.0,0.0,9.37,3.93
1990-04-28 01:00:00+00:00,0.0,0.0,0.0,9.09,3.72
1990-04-28 02:00:00+00:00,0.0,0.0,0.0,8.75,3.66
1990-04-28 03:00:00+00:00,0.0,0.0,0.0,8.37,3.52
1990-04-28 04:00:00+00:00,0.0,0.0,0.0,8.09,3.38
1990-04-28 05:00:00+00:00,5.0,0.0,5.0,7.94,3.31
1990-04-28 06:00:00+00:00,96.0,84.89,79.0,8.29,3.24
1990-04-28 07:00:00+00:00,227.0,214.45,152.0,9.11,4.21
1990-04-28 08:00:00+00:00,367.0,325.32,208.0,10.39,4.41
1990-04-28 09:00:00+00:00,529.0,519.87,213.0,11.83,4.55
1990-04-28 10:00:00+00:00,653.0,643.87,203.0,13.27,4.76
1990-04-28 11:00:00+00:00,499.0,165.41,374.0,14.62,5.17
1990-04-28 12:00:00+00:00,791.0,840.63,140.0,15.8,5.38
1990-04-28 13:00:00+00:00,766.0,831.86,139.0,16.67,5.52
1990-04-28 14:00:00+00:00,648.0,641.66,202.0,17.19,5.72
1990-04-28 15:00:00+00:00,586.0,763.58,126.0,17.31,5.93
1990-04-28 16:00:00+00:00,443.0,676.18,117.0,17.01,6.0
1990-04-28 17:00:00+00:00,255.0,365.14,130.0,16.25,5.79
1990-04-28 18:00:00+00:00,130.0,327.08,67.0,15.16,5.52
1990-04-28 19:00:00+00:00,7.0,0.0,7.0,13.66,5.52
1990-04-28 20:00:00+00:00,0.0,0.0,0.0,11.97,5.52
1990-04-28 21:00:00+00:00,0.0,0.0,0.0,10.55,5.38
1990-04-28 22:00:00+00:00,0.0,0.0,0.0,9.5,5.1
1990-04-28 23:00:00+00:00,0.0,0.0,0.0,8.79,4.76
1990-04-29 00:00:00+00:00,0.0,0.0,0.0,8.24,4.48
1990-04-29 01:00:00+00:00,0.0,0.0,0.0,7.84,4.28
1990-04-29 02:00:00+00:00,0.0,0.0,0.0,7.58,4.07
1990-04-29 03:00:00+00:00,0.0,0.0,0.0,7.27,3.72
1990-04-29 04:00:00+00:00,0.0,0.0,0.0,7.13,3.66
1990-04-29 05:00:00+00:00,15.0,18.06,14.0,6.87,3.66
1990-04-29 06:00:00+00:00,138.0,302.61,76.0,7.26,3.52
1990-04-29 07:00:00+00:00,284.0,457.46,122.0,7.96,4.21
1990-04-29 08:00:00+00:00,442.0,606.6,143.0,9.18,4.34
1990-04-29 09:00:00+00:00,596.0,756.81,133.0,10.88,4.34
1990-04-29 10:00:00+00:00,710.0,819.78,134.0,12.69,4.41
1990-04-29 11:00:00+00:00,803.0,912.71,110.0,14.38,4.62
1990-04-29 12:00:00+00:00,792.0,826.63,149.0,15.87,4.69
1990-04-29 13:00:00+00:00,783.0,863.82,129.0,17.13,4.69
1990-04-29 14:00:00+00:00,697.0,794.64,142.0,18.05,4.62
1990-04-29 15:00:00+00:00,572.0,685.01,157.0,18.54,4.69
1990-04-29 16:00:00+00:00,426.0,570.39,149.0,18.59,4.76
1990-04-29 17:00:00+00:00,262.0,381.5,130.0,18.13,4.76
1990-04-29 18:00:00+00:00,118.0,208.67,77.0,17.27,4.62
1990-04-29 19:00:00+00:00,8.0,0.0,8.0,15.33,4.83
1990-04-29 20:00:00+00:00,0.0,0.0,0.0,13.74,5.1
1990-04-29 21:00:00+00:00,0.0,0.0,0.0,12.4,5.31
1990-04-29 22:00:00+00:00,0.0,0.0,0.0,11.39,5.31
1990-04-29 23:00:00+00:00,0.0,0.0,0.0,10.54,4.9
1990-04-30 00:00:00+00:00,0.0,0.0,0.0,9.84,4.69
1990-04-30 01:00:00+00:00,0.0,0.0,0.0,9.36,4.41
1990-04-30 02:00:00+00:00,0.0,0.0,0.0,8.85,4.28
1990-04-30 03:00:00+00:00,0.0,0.0,0.0,8.41,4.28
1990-04-30 04:00:00+00:00,0.0,0.0,0.0,8.08,4.34
1990-04-30 05:00:00+00:00,11.0,0.0,11.0,7.69,4.28
1990-04-30 06:00:00+00:00,165.0,491.83,62.0,8.07,4.28
1990-04-30 07:00:00+00:00,316.0,605.41,99.0,8.74,5.03
1990-04-30 08:00:00+00:00,484.0,752.53,110.0,10.29,5.79
1990-04-30 09:00:00+00:00,628.0,828.42,118.0,11.67,6.0
1990-04-30 10:00:00+00:00,746.0,893.41,115.0,13.11,6.21
1990-04-30 11:00:00+00:00,825.0,941.31,107.0,14.43,6.55
1990-04-30 12:00:00+00:00,844.0,936.99,112.0,15.53,6.76
1990-04-30 13:00:00+00:00,809.0,903.47,122.0,16.3,6.9
1990-04-30 14:00:00+00:00,720.0,832.23,136.0,16.67,7.03
1990-04-30 15:00:00+00:00,612.0,801.06,124.0,16.64,7.03
1990-04-30 16:00:00+00:00,455.0,664.49,130.0,14.21,6.35
1990-04-30 17:00:00+00:00,309.0,617.78,93.0,13.71,6.33
1990-04-30 18:00:00+00:00,154.0,474.27,59.0,13.22,6.31
1990-04-30 19:00:00+00:00,14.0,38.99,12.0,12.73,6.29
1990-04-30 20:00:00+00:00,0.0,0.0,0.0,12.23,6.28
1990-04-30 21:00:00+00:00,0.0,0.0,0.0,11.74,6.26
1990-04-30 22:00:00+00:00,0.0,0.0,0.0,11.24,6.24
1990-04-30 23:00:00+00:00,0.0,0.0,0.0,10.75,6.22
1990-05-01 00:00:00+00:00,0.0,0.0,0.0,10.26,6.2
1990-05-01 01:00:00+00:00,0.0,0.0,0.0,9.76,6.18
1990-05-01 02:00:00+00:00,0.0,0.0,0.0,9.27,6.16
1990-05-01 03:00:00+00:00,0.0,0.0,0.0,8.77,6.15
1990-05-01 04:00:00+00:00,0.0,0.0,0.0,8.28,6.13
1990-05-01 05:00:00+00:00,26.0,92.68,20.0,7.79,6.11
1990-05-01 06:00:00+00:00,142.0,271.19,84.0,7.29,6.09
1990-05-01 07:00:00+00:00,301.0,482.54,126.0,6.8,6.07
1990-05-01 08:00:00+00:00,425.0,469.08,190.0,10.78,7.17
1990-05-01 09:00:00+00:00,620.0,779.78,137.0,12.35,7.38
1990-05-01 10:00:00+00:00,743.0,866.37,128.0,13.84,7.66
1990-05-01 11:00:00+00:00,813.0,888.83,132.0,15.1,7.79
1990-05-01 12:00:00+00:00,835.0,896.08,132.0,16.07,8.0
1990-05-01 13:00:00+00:00,813.0,899.63,126.0,16.66,8.21
1990-05-01 14:00:00+00:00,732.0,851.09,132.0,16.96,8.41
1990-05-01 15:00:00+00:00,610.0,775.51,135.0,16.94,8.48
1990-05-01 16:00:00+00:00,468.0,698.44,124.0,16.62,8.34
1990-05-01 17:00:00+00:00,319.0,642.64,92.0,15.94,7.79
1990-05-01 18:00:00+00:00,165.0,529.15,57.0,15.0,7.45
1990-05-01 19:00:00+00:00,16.0,36.16,14.0,13.22,7.17
1990-05-01 20:00:00+00:00,0.0,0.0,0.0,11.81,6.76
1990-05-01 21:00:00+00:00,0.0,0.0,0.0,10.65,6.21
1990-05-01 22:00:00+00:00,0.0,0.0,0.0,9.77,5.59
1990-05-01 23:00:00+00:00,0.0,0.0,0.0,9.14,5.52
1990-05-02 00:00:00+00:00,0.0,0.0,0.0,8.62,5.38
1990-05-02 01:00:00+00:00,0.0,0.0,0.0,8.21,5.45
1990-05-02 02:00:00+00:00,0.0,0.0,0.0,7.81,5.38
1990-05-02 03:00:00+00:00,0.0,0.0,0.0,7.48,5.38
1990-05-02 04:00:00+00:00,0.0,0.0,0.0,7.18,5.38
1990-05-02 05:00:00+00:00,35.0,216.43,20.0,7.02,5.31
1990-05-02 06:00:00+00:00,170.0,467.4,68.0,7.55,4.97
1990-05-02 07:00:00+00:00,331.0,640.68,96.0,8.73,5.59
1990-05-02 08:00:00+00:00,501.0,784.33,105.0,10.26,6.07
1990-05-02 09:00:00+00:00,643.0,848.99,114.0,11.87,6.41
1990-05-02 10:00:00+00:00,755.0,890.16,120.0,13.19,6.97
1990-05-02 11:00:00+00:00,829.0,925.25,117.0,14.2,7.31
1990-05-02 12:00:00+00:00,843.0,907.64,128.0,14.74,7.59
1990-05-02 13:00:00+00:00,812.0,888.07,131.0,14.84,7.72
1990-05-02 14:00:00+00:00,736.0,851.49,133.0,14.54,7.79
1990-05-02 15:00:00+00:00,613.0,774.65,136.0,14.02,7.79
1990-05-02 16:00:00+00:00,471.0,699.72,124.0,13.29,7.72
1990-05-02 17:00:00+00:00,319.0,627.84,95.0,12.47,7.45
1990-05-02 18:00:00+00:00,157.0,432.99,67.0,11.56,7.03
1990-05-02 19:00:00+00:00,24.0,134.94,16.0,10.04,6.83
1990-05-02 20:00:00+00:00,0.0,0.0,0.0,8.78,6.83
1990-05-02 21:00:00+00:00,0.0,0.0,0.0,7.72,6.62
1990-05-02 22:00:00+00:00,0.0,0.0,0.0,6.98,6.41
1990-05-02 23:00:00+00:00,0.0,0.0,0.0,6.6,6.34
1990-05-03 00:00:00+00:00,0.0,0.0,0.0,6.42,6.28
1990-05-03 01:00:00+00:00,0.0,0.0,0.0,6.21,5.86
1990-05-03 02:00:00+00:00,0.0,0.0,0.0,6.27,5.52
1990-05-03 03:00:00+00:00,0.0,0.0,0.0,6.17,5.52
1990-05-03 04:00:00+00:00,0.0,0.0,0.0,5.99,5.24
1990-05-03 05:00:00+00:00,41.0,257.51,22.0,5.82,5.1
1990-05-03 06:00:00+00:00,175.0,471.9,70.0,6.19,4.76
1990-05-03 07:00:00+00:00,335.0,628.29,102.0,7.21,5.38
1990-05-03 08:00:00+00:00,498.0,752.88,115.0,8.54,6.69
1990-05-03 09:00:00+00:00,642.0,824.95,125.0,9.45,6.14
1990-05-03 10:00:00+00:00,755.0,876.15,127.0,10.49,5.93
1990-05-03 11:00:00+00:00,833.0,921.34,121.0,11.63,5.72
1990-05-03 12:00:00+00:00,834.0,868.6,147.0,12.67,5.38
1990-05-03 13:00:00+00:00,808.0,859.79,146.0,13.44,4.97
1990-05-03 14:00:00+00:00,736.0,837.89,140.0,13.79,4.34
1990-05-03 15:00:00+00:00,621.0,783.55,136.0,14.08,3.93
1990-05-03 16:00:00+00:00,478.0,709.06,124.0,14.11,3.72
1990-05-03 17:00:00+00:00,318.0,593.96,104.0,14.02,3.59
1990-05-03 18:00:00+00:00,170.0,519.92,60.0,13.7,3.38
1990-05-03 19:00:00+00:00,26.0,126.53,18.0,12.27,3.45
1990-05-03 20:00:00+00:00,0.0,0.0,0.0,10.74,4.14
1990-05-03 21:00:00+00:00,0.0,0.0,0.0,9.55,5.03
1990-05-03 22:00:00+00:00,0.0,0.0,0.0,8.53,5.45
1990-05-03 23:00:00+00:00,0.0,0.0,0.0,7.55,5.17
1990-05-04 00:00:00+00:00,0.0,0.0,0.0,6.78,4.9
1990-05-04 01:00:00+00:00,0.0,0.0,0.0,6.25,4.62
1990-05-04 02:00:00+00:00,0.0,0.0,0.0,5.79,4.34
1990-05-04 03:00:00+00:00,0.0,0.0,0.0,5.34,4.14
1990-05-04 04:00:00+00:00,0.0,0.0,0.0,4.9,3.93
1990-05-04 05:00:00+00:00,32.0,89.54,25.0,4.55,3.79
1990-05-04 06:00:00+00:00,168.0,388.2,80.0,5.08,3.59
1990-05-04 07:00:00+00:00,321.0,536.27,120.0,6.16,4.34
1990-05-04 08:00:00+00:00,459.0,565.91,169.0,7.64,4.69
1990-05-04 09:00:00+00:00,634.0,793.37,134.0,9.26,4.97
1990-05-04 10:00:00+00:00,741.0,831.82,142.0,10.79,5.1
1990-05-04 11:00:00+00:00,777.0,746.15,198.0,12.16,5.1
1990-05-04 12:00:00+00:00,826.0,845.06,155.0,13.34,5.31
1990-05-04 13:00:00+00:00,805.0,851.21,147.0,14.29,5.38
1990-05-04 14:00:00+00:00,713.0,754.49,174.0,14.97,5.45
1990-05-04 15:00:00+00:00,590.0,655.8,182.0,15.38,5.38
1990-05-04 16:00:00+00:00,459.0,616.86,149.0,15.49,5.24
1990-05-04 17:00:00+00:00,272.0,338.13,149.0,15.38,4.97
1990-05-04 18:00:00+00:00,85.0,32.52,78.0,14.88,4.41
1990-05-04 19:00:00+00:00,12.0,0.0,12.0,14.17,4.07
1990-05-04 20:00:00+00:00,0.0,0.0,0.0,13.24,4.14
1990-05-04 21:00:00+00:00,0.0,0.0,0.0,12.75,4.41
1990-05-04 22:00:00+00:00,0.0,0.0,0.0,12.43,4.9
1990-05-04 23:00:00+00:00,0.0,0.0,0.0,12.02,5.38
1990-05-05 00:00:00+00:00,0.0,0.0,0.0,11.57,5.59
1990-05-05 01:00:00+00:00,0.0,0.0,0.0,10.96,5.52
1990-05-05 02:00:00+00:00,0.0,0.0,0.0,10.32,5.45
1990-05-05 03:00:00+00:00,0.0,0.0,0.0,9.93,5.38
1990-05-05 04:00:00+00:00,0.0,0.0,0.0,9.47,5.38
1990-05-05 05:00:00+00:00,10.0,0.0,10.0,9.2,5.45
1990-05-05 06:00:00+00:00,29.0,0.0,29.0,9.29,5.31
1990-05-05 07:00:00+00:00,76.0,0.0,76.0,9.7,5.66
1990-05-05 08:00:00+00:00,283.0,87.19,238.0,10.75,5.79
1990-05-05 09:00:00+00:00,286.0,26.83,269.0,12.07,5.86
1990-05-05 10:00:00+00:00,253.0,2.76,251.0,13.57,5.66
1990-05-05 11:00:00+00:00,234.0,0.0,234.0,14.95,5.66
1990-05-05 12:00:00+00:00,513.0,146.79,396.0,15.96,5.66
1990-05-05 13:00:00+00:00,412.0,59.28,366.0,16.57,5.79
1990-05-05 14:00:00+00:00,274.0,6.97,269.0,16.78,5.31
1990-05-05 15:00:00+00:00,112.0,0.0,112.0,16.71,4.97
1990-05-05 16:00:00+00:00,103.0,0.0,103.0,15.86,4.55
1990-05-05 17:00:00+00:00,71.0,0.0,71.0,14.91,4.69
1990-05-05 18:00:00+00:00,82.0,22.84,77.0,13.76,4.21
1990-05-05 19:00:00+00:00,21.0,28.17,19.0,13.27,3.86
1990-05-05 20:00:00+00:00,0.0,0.0,0.0,12.94,4.0
1990-05-05 21:00:00+00:00,0.0,0.0,0.0,12.76,4.21
1990-05-05 22:00:00+00:00,0.0,0.0,0.0,12.59,4.41
1990-05-05 23:00:00+00:00,0.0,0.0,0.0,12.36,4.69
1990-05-06 00:00:00+00:00,0.0,0.0,0.0,12.04,4.83
1990-05-06 01:00:00+00:00,0.0,0.0,0.0,11.81,4.9
1990-05-06 02:00:00+00:00,0.0,0.0,0.0,11.57,4.69
1990-05-06 03:00:00+00:00,0.0,0.0,0.0,11.38,4.48
1990-05-06 04:00:00+00:00,0.0,0.0,0.0,11.1,4.48
1990-05-06 05:00:00+00:00,21.0,11.54,20.0,10.88,4.55
1990-05-06 06:00:00+00:00,46.0,0.0,46.0,10.96,4.76
1990-05-06 07:00:00+00:00,84.0,0.0,84.0,11.51,4.48
1990-05-06 08:00:00+00:00,58.0,0.0,58.0,11.94,4.41
1990-05-06 09:00:00+00:00,422.0,185.24,304.0,13.02,4.34
1990-05-06 10:00:00+00:00,471.0,161.03,354.0,14.36,4.48
1990-05-06 11:00:00+00:00,567.0,248.03,373.0,15.62,4.34
1990-05-06 12:00:00+00:00,490.0,120.0,394.0,16.87,4.55
1990-05-06 13:00:00+00:00,653.0,432.62,316.0,18.19,4.62
1990-05-06 14:00:00+00:00,640.0,545.53,247.0,19.24,4.69
1990-05-06 15:00:00+00:00,471.0,305.58,279.0,19.81,4.69
1990-05-06 16:00:00+00:00,377.0,316.3,216.0,20.06,4.76
1990-05-06 17:00:00+00:00,207.0,118.73,163.0,19.97,4.9
1990-05-06 18:00:00+00:00,66.0,4.49,65.0,19.42,4.62
1990-05-06 19:00:00+00:00,7.0,0.0,7.0,18.18,2.83
1990-05-06 20:00:00+00:00,0.0,0.0,0.0,17.21,2.62
1990-05-06 21:00:00+00:00,0.0,0.0,0.0,16.56,3.24
1990-05-06 22:00:00+00:00,0.0,0.0,0.0,16.41,4.97
1990-05-06 23:00:00+00:00,0.0,0.0,0.0,15.01,5.52
1990-05-07 00:00:00+00:00,0.0,0.0,0.0,13.61,5.31
1990-05-07 01:00:00+00:00,0.0,0.0,0.0,12.78,5.38
1990-05-07 02:00:00+00:00,0.0,0.0,0.0,12.56,5.24
1990-05-07 03:00:00+00:00,0.0,0.0,0.0,12.54,5.1
1990-05-07 04:00:00+00:00,0.0,0.0,0.0,12.57,5.03
1990-05-07 05:00:00+00:00,41.0,110.13,31.0,12.67,4.97
1990-05-07 06:00:00+00:00,80.0,12.57,77.0,13.05,5.17
1990-05-07 07:00:00+00:00,199.0,80.28,168.0,14.0,5.31
1990-05-07 08:00:00+00:00,138.0,0.0,138.0,14.79,5.17
1990-05-07 09:00:00+00:00,103.0,0.0,103.0,15.51,5.79
1990-05-07 10:00:00+00:00,103.0,0.0,103.0,15.97,6.21
1990-05-07 11:00:00+00:00,148.0,0.0,148.0,15.88,5.79
1990-05-07 12:00:00+00:00,109.0,0.0,109.0,15.08,5.59
1990-05-07 13:00:00+00:00,147.0,0.0,147.0,15.14,6.07
1990-05-07 14:00:00+00:00,337.0,31.8,314.0,15.29,6.07
1990-05-07 15:00:00+00:00,296.0,36.43,273.0,16.07,6.14
1990-05-07 16:00:00+00:00,170.0,3.9,168.0,16.9,5.52
1990-05-07 17:00:00+00:00,37.0,0.0,37.0,17.79,5.52
1990-05-07 18:00:00+00:00,29.0,0.0,29.0,17.8,5.24
1990-05-07 19:00:00+00:00,8.0,0.0,8.0,16.32,4.83
1990-05-07 20:00:00+00:00,0.0,0.0,0.0,15.95,5.17
1990-05-07 21:00:00+00:00,0.0,0.0,0.0,15.52,5.52
1990-05-07 22:00:00+00:00,0.0,0.0,0.0,15.29,5.72
1990-05-07 23:00:00+00:00,0.0,0.0,0.0,14.95,5.93
1990-05-08 00:00:00+00:00,0.0,0.0,0.0,14.7,6.07
1990-05-08 01:00:00+00:00,0.0,0.0,0.0,14.51,5.66
1990-05-08 02:00:00+00:00,0.0,0.0,0.0,14.23,5.17
1990-05-08 03:00:00+00:00,0.0,0.0,0.0,14.15,5.1
1990-05-08 04:00:00+00:00,0.0,0.0,0.0,14.3,6.55
1990-05-08 05:00:00+00:00,21.0,0.0,21.0,14.34,7.93
1990-05-08 06:00:00+00:00,153.0,230.92,97.0,14.06,6.9
1990-05-08 07:00:00+00:00,271.0,269.41,166.0,14.02,5.38
1990-05-08 08:00:00+00:00,315.0,129.15,247.0,14.06,5.72
1990-05-08 09:00:00+00:00,244.0,7.77,239.0,14.16,6.0
1990-05-08 10:00:00+00:00,137.0,0.0,137.0,13.99,6.07
1990-05-08 11:00:00+00:00,284.0,3.81,281.0,14.91,5.79
1990-05-08 12:00:00+00:00,829.0,857.58,138.0,15.85,6.28
1990-05-08 13:00:00+00:00,764.0,727.7,193.0,16.63,6.34
1990-05-08 14:00:00+00:00,721.0,793.18,145.0,17.08,6.62
1990-05-08 15:00:00+00:00,169.0,0.0,169.0,17.06,6.69
1990-05-08 16:00:00+00:00,498.0,768.51,102.0,16.45,6.69
1990-05-08 17:00:00+00:00,268.0,299.56,155.0,16.24,6.21
1990-05-08 18:00:00+00:00,37.0,0.0,37.0,15.77,6.07
1990-05-08 19:00:00+00:00,44.0,230.84,25.0,14.43,5.86
1990-05-08 20:00:00+00:00,0.0,0.0,0.0,13.6,5.66
1990-05-08 21:00:00+00:00,0.0,0.0,0.0,12.82,5.31
1990-05-08 22:00:00+00:00,0.0,0.0,0.0,12.37,5.38
1990-05-08 23:00:00+00:00,0.0,0.0,0.0,11.93,5.45
1990-05-09 00:00:00+00:00,0.0,0.0,0.0,11.45,5.31
1990-05-09 01:00:00+00:00,0.0,0.0,0.0,11.17,5.31
1990-05-09 02:00:00+00:00,0.0,0.0,0.0,10.84,5.31
1990-05-09 03:00:00+00:00,0.0,0.0,0.0,10.64,5.38
1990-05-09 04:00:00+00:00,0.0,0.0,0.0,10.39,5.45
1990-05-09 05:00:00+00:00,59.0,283.5,31.0,10.3,5.52
1990-05-09 06:00:00+00:00,196.0,499.52,73.0,10.91,5.38
1990-05-09 07:00:00+00:00,353.0,645.9,99.0,11.7,6.9
1990-05-09 08:00:00+00:00,485.0,637.98,147.0,12.72,6.97
1990-05-09 09:00:00+00:00,612.0,677.42,174.0,13.91,7.1
1990-05-09 10:00:00+00:00,617.0,425.5,304.0,14.97,6.83
1990-05-09 11:00:00+00:00,358.0,22.76,340.0,15.79,6.76
1990-05-09 12:00:00+00:00,452.0,74.21,392.0,16.53,6.83
1990-05-09 13:00:00+00:00,164.0,0.0,164.0,16.29,7.38
1990-05-09 14:00:00+00:00,359.0,39.78,330.0,15.19,6.62
1990-05-09 15:00:00+00:00,128.0,0.0,128.0,15.67,6.34
1990-05-09 16:00:00+00:00,309.0,125.4,244.0,15.48,6.0
1990-05-09 17:00:00+00:00,241.0,186.61,170.0,15.35,5.72
1990-05-09 18:00:00+00:00,102.0,51.5,90.0,14.77,5.72
1990-05-09 19:00:00+00:00,9.0,0.0,9.0,13.46,5.17
1990-05-09 20:00:00+00:00,0.0,0.0,0.0,12.77,4.97
1990-05-09 21:00:00+00:00,0.0,0.0,0.0,12.1,4.9
1990-05-09 22:00:00+00:00,0.0,0.0,0.0,11.48,5.03
1990-05-09 23:00:00+00:00,0.0,0.0,0.0,11.03,5.1
1990-05-10 00:00:00+00:00,0.0,0.0,0.0,10.66,5.1
1990-05-10 01:00:00+00:00,0.0,0.0,0.0,10.5,5.24
1990-05-10 02:00:00+00:00,0.0,0.0,0.0,10.38,5.17
1990-05-10 03:00:00+00:00,0.0,0.0,0.0,10.23,5.1
1990-05-10 04:00:00+00:00,0.0,0.0,0.0,10.15,5.1
1990-05-10 05:00:00+00:00,5.0,0.0,5.0,10.24,5.17
1990-05-10 06:00:00+00:00,44.0,0.0,44.0,10.79,4.9
1990-05-10 07:00:00+00:00,241.0,156.3,179.0,11.83,6.14
1990-05-10 08:00:00+00:00,501.0,701.69,127.0,12.9,7.17
1990-05-10 09:00:00+00:00,338.0,60.04,299.0,14.14,7.45
1990-05-10 10:00:00+00:00,444.0,111.04,362.0,14.86,6.97
1990-05-10 11:00:00+00:00,592.0,268.4,379.0,15.23,6.41
1990-05-10 12:00:00+00:00,465.0,85.06,396.0,15.59,5.93
1990-05-10 13:00:00+00:00,291.0,5.06,287.0,15.87,5.24
1990-05-10 14:00:00+00:00,233.0,1.37,232.0,15.7,5.38
1990-05-10 15:00:00+00:00,306.0,37.49,282.0,16.01,5.59
1990-05-10 16:00:00+00:00,328.0,159.2,245.0,15.85,5.17
1990-05-10 17:00:00+00:00,69.0,0.0,69.0,15.64,4.9
1990-05-10 18:00:00+00:00,115.0,80.36,96.0,14.92,3.79
1990-05-10 19:00:00+00:00,47.0,200.82,29.0,13.96,3.93
1990-05-10 20:00:00+00:00,0.0,0.0,0.0,13.11,3.52
1990-05-10 21:00:00+00:00,0.0,0.0,0.0,12.05,3.31
1990-05-10 22:00:00+00:00,0.0,0.0,0.0,11.4,3.17
1990-05-10 23:00:00+00:00,0.0,0.0,0.0,11.12,3.24
1990-05-11 00:00:00+00:00,0.0,0.0,0.0,10.89,3.31
1990-05-11 01:00:00+00:00,0.0,0.0,0.0,10.9,3.38
1990-05-11 02:00:00+00:00,0.0,0.0,0.0,11.04,3.31
1990-05-11 03:00:00+00:00,0.0,0.0,0.0,10.84,3.17
1990-05-11 04:00:00+00:00,0.0,0.0,0.0,10.58,3.1
1990-05-11 05:00:00+00:00,20.0,0.0,20.0,10.4,3.03
1990-05-11 06:00:00+00:00,145.0,149.96,107.0,10.83,2.97
1990-05-11 07:00:00+00:00,299.0,340.02,163.0,11.46,4.21
1990-05-11 08:00:00+00:00,500.0,680.83,135.0,12.19,4.34
1990-05-11 09:00:00+00:00,549.0,445.97,258.0,12.74,4.34
1990-05-11 10:00:00+00:00,209.0,0.0,209.0,13.4,4.41
1990-05-11 11:00:00+00:00,250.0,0.0,250.0,14.18,4.55
1990-05-11 12:00:00+00:00,572.0,207.65,403.0,14.58,4.62
1990-05-11 13:00:00+00:00,288.0,3.78,285.0,15.12,4.9
1990-05-11 14:00:00+00:00,291.0,9.53,284.0,15.03,5.17
1990-05-11 15:00:00+00:00,469.0,262.87,300.0,14.89,5.1
1990-05-11 16:00:00+00:00,483.0,657.97,138.0,14.66,4.9
1990-05-11 17:00:00+00:00,262.0,242.99,168.0,14.22,4.83
1990-05-11 18:00:00+00:00,93.0,25.02,87.0,13.71,4.69
1990-05-11 19:00:00+00:00,51.0,236.0,29.0,12.35,4.41
1990-05-11 20:00:00+00:00,0.0,0.0,0.0,11.59,4.21
1990-05-11 21:00:00+00:00,0.0,0.0,0.0,11.18,4.0
1990-05-11 22:00:00+00:00,0.0,0.0,0.0,10.59,4.0
1990-05-11 23:00:00+00:00,0.0,0.0,0.0,10.32,4.0
1990-05-12 00:00:00+00:00,0.0,0.0,0.0,10.01,4.0
1990-05-12 01:00:00+00:00,0.0,0.0,0.0,9.7,4.14
1990-05-12 02:00:00+00:00,0.0,0.0,0.0,9.65,4.55
1990-05-12 03:00:00+00:00,0.0,0.0,0.0,9.6,4.76
1990-05-12 04:00:00+00:00,0.0,0.0,0.0,9.55,4.83
1990-05-12 05:00:00+00:00,44.0,63.64,37.0,9.45,5.03
1990-05-12 06:00:00+00:00,82.0,7.79,80.0,9.81,4.83
1990-05-12 07:00:00+00:00,289.0,290.17,172.0,10.35,6.48
1990-05-12 08:00:00+00:00,174.0,1.85,173.0,11.01,6.76
1990-05-12 09:00:00+00:00,350.0,65.61,307.0,11.7,6.76
1990-05-12 10:00:00+00:00,223.0,0.0,223.0,12.19,6.62
1990-05-12 11:00:00+00:00,300.0,5.01,296.0,12.91,6.69
1990-05-12 12:00:00+00:00,454.0,71.04,396.0,13.48,6.69
1990-05-12 13:00:00+00:00,316.0,8.8,309.0,13.81,6.76
1990-05-12 14:00:00+00:00,228.0,0.0,228.0,13.95,7.24
1990-05-12 15:00:00+00:00,327.0,51.11,294.0,14.07,7.59
1990-05-12 16:00:00+00:00,347.0,187.76,248.0,13.68,7.93
1990-05-12 17:00:00+00:00,199.0,71.8,171.0,12.71,7.24
1990-05-12 18:00:00+00:00,149.0,201.54,100.0,12.54,6.34
1990-05-12 19:00:00+00:00,51.0,196.36,32.0,11.99,5.38
1990-05-12 20:00:00+00:00,0.0,0.0,0.0,11.33,4.69
1990-05-12 21:00:00+00:00,0.0,0.0,0.0,10.76,4.21
1990-05-12 22:00:00+00:00,0.0,0.0,0.0,10.56,4.14
1990-05-12 23:00:00+00:00,0.0,0.0,0.0,10.28,3.93
1990-05-13 00:00:00+00:00,0.0,0.0,0.0,9.99,3.79
1990-05-13 01:00:00+00:00,0.0,0.0,0.0,9.6,3.72
1990-05-13 02:00:00+00:00,0.0,0.0,0.0,9.17,3.72
1990-05-13 03:00:00+00:00,0.0,0.0,0.0,8.97,3.72
1990-05-13 04:00:00+00:00,0.0,0.0,0.0,8.96,3.86
1990-05-13 05:00:00+00:00,40.0,35.23,36.0,9.02,3.72
1990-05-13 06:00:00+00:00,132.0,88.4,109.0,9.47,3.45
1990-05-13 07:00:00+00:00,275.0,231.34,181.0,9.99,4.41
1990-05-13 08:00:00+00:00,403.0,298.86,241.0,10.64,5.03
1990-05-13 09:00:00+00:00,457.0,212.73,317.0,11.22,5.03
1990-05-13 10:00:00+00:00,385.0,50.9,347.0,11.75,5.17
1990-05-13 11:00:00+00:00,641.0,344.39,365.0,12.44,4.97
1990-05-13 12:00:00+00:00,249.0,0.0,249.0,13.11,4.69
1990-05-13 13:00:00+00:00,136.0,0.0,136.0,13.32,4.41
1990-05-13 14:00:00+00:00,497.0,177.1,366.0,13.31,4.69
1990-05-13 15:00:00+00:00,182.0,0.0,182.0,12.82,4.41
1990-05-13 16:00:00+00:00,71.0,0.0,71.0,12.55,4.34
1990-05-13 17:00:00+00:00,116.0,2.54,115.0,11.42,4.76
1990-05-13 18:00:00+00:00,131.0,113.63,103.0,11.31,4.21
1990-05-13 19:00:00+00:00,44.0,99.75,34.0,8.84,5.38
1990-05-13 20:00:00+00:00,0.0,0.0,0.0,8.49,4.41
1990-05-13 21:00:00+00:00,0.0,0.0,0.0,8.12,4.62
1990-05-13 22:00:00+00:00,0.0,0.0,0.0,7.99,4.62
1990-05-13 23:00:00+00:00,0.0,0.0,0.0,8.04,4.34
1990-05-14 00:00:00+00:00,0.0,0.0,0.0,8.02,4.34
1990-05-14 01:00:00+00:00,0.0,0.0,0.0,7.93,4.69
1990-05-14 02:00:00+00:00,0.0,0.0,0.0,7.97,5.38
1990-05-14 03:00:00+00:00,0.0,0.0,0.0,8.07,5.79
1990-05-14 04:00:00+00:00,0.0,0.0,0.0,8.23,5.79
1990-05-14 05:00:00+00:00,64.0,196.58,41.0,8.4,6.07
1990-05-14 06:00:00+00:00,84.0,7.59,82.0,8.94,6.76
1990-05-14 07:00:00+00:00,276.0,227.18,183.0,9.14,7.38
1990-05-14 08:00:00+00:00,414.0,322.99,238.0,9.51,7.72
1990-05-14 09:00:00+00:00,521.0,348.07,291.0,10.2,8.0
1990-05-14 10:00:00+00:00,596.0,345.74,337.0,10.72,8.41
1990-05-14 11:00:00+00:00,416.0,49.76,376.0,11.3,8.9
1990-05-14 12:00:00+00:00,752.0,564.92,288.0,11.65,9.03
1990-05-14 13:00:00+00:00,477.0,101.21,396.0,11.77,8.69
1990-05-14 14:00:00+00:00,386.0,53.89,346.0,11.7,8.62
1990-05-14 15:00:00+00:00,173.0,0.0,173.0,11.25,8.76
1990-05-14 16:00:00+00:00,136.0,0.0,136.0,10.8,8.76
1990-05-14 17:00:00+00:00,197.0,63.12,172.0,10.63,7.72
1990-05-14 18:00:00+00:00,125.0,88.13,103.0,10.54,7.31
1990-05-14 19:00:00+00:00,42.0,67.51,35.0,9.7,7.59
1990-05-14 20:00:00+00:00,0.0,0.0,0.0,9.38,7.31
1990-05-14 21:00:00+00:00,0.0,0.0,0.0,9.28,7.1
1990-05-14 22:00:00+00:00,0.0,0.0,0.0,9.02,7.24
1990-05-14 23:00:00+00:00,0.0,0.0,0.0,8.93,7.24
1990-05-15 00:00:00+00:00,0.0,0.0,0.0,8.7,6.76
1990-05-15 01:00:00+00:00,0.0,0.0,0.0,8.44,6.69
1990-05-15 02:00:00+00:00,0.0,0.0,0.0,8.28,6.69
1990-05-15 03:00:00+00:00,0.0,0.0,0.0,8.32,6.55
1990-05-15 04:00:00+00:00,0.0,0.0,0.0,8.34,6.28
1990-05-15 05:00:00+00:00,29.0,0.0,29.0,8.53,5.93
1990-05-15 06:00:00+00:00,116.0,45.02,104.0,9.0,5.79
1990-05-15 07:00:00+00:00,203.0,60.63,178.0,9.7,6.48
1990-05-15 08:00:00+00:00,324.0,122.34,257.0,10.16,7.72
1990-05-15 09:00:00+00:00,238.0,4.52,235.0,10.23,7.45
1990-05-15 10:00:00+00:00,158.0,0.0,158.0,10.21,6.62
1990-05-15 11:00:00+00:00,215.0,0.0,215.0,10.28,5.72
1990-05-15 12:00:00+00:00,244.0,0.0,244.0,10.79,6.34
1990-05-15 13:00:00+00:00,145.0,0.0,145.0,11.04,7.31
1990-05-15 14:00:00+00:00,204.0,0.0,204.0,11.46,7.59
1990-05-15 15:00:00+00:00,144.0,0.0,144.0,11.74,7.24
1990-05-15 16:00:00+00:00,151.0,0.0,151.0,11.81,5.72
1990-05-15 17:00:00+00:00,160.0,20.05,152.0,12.12,5.31
1990-05-15 18:00:00+00:00,22.0,0.0,22.0,12.24,5.72
1990-05-15 19:00:00+00:00,41.0,56.04,35.0,12.15,6.07
1990-05-15 20:00:00+00:00,0.0,0.0,0.0,12.22,6.21
1990-05-15 21:00:00+00:00,0.0,0.0,0.0,12.2,6.34
1990-05-15 22:00:00+00:00,0.0,0.0,0.0,12.17,6.55
1990-05-15 23:00:00+00:00,0.0,0.0,0.0,12.08,6.62
1990-05-16 00:00:00+00:00,0.0,0.0,0.0,11.93,6.9
1990-05-16 01:00:00+00:00,0.0,0.0,0.0,11.72,6.76
1990-05-16 02:00:00+00:00,0.0,0.0,0.0,11.45,6.62
1990-05-16 03:00:00+00:00,0.0,0.0,0.0,11.14,6.34
1990-05-16 04:00:00+00:00,0.0,0.0,0.0,11.06,6.28
1990-05-16 05:00:00+00:00,14.0,0.0,14.0,11.01,6.34
1990-05-16 06:00:00+00:00,64.0,0.0,64.0,11.15,6.48
1990-05-16 07:00:00+00:00,118.0,0.0,118.0,11.44,6.55
1990-05-16 08:00:00+00:00,149.0,0.0,149.0,11.64,7.03
1990-05-16 09:00:00+00:00,181.0,0.0,181.0,11.81,7.24
1990-05-16 10:00:00+00:00,103.0,0.0,103.0,12.26,7.52
1990-05-16 11:00:00+00:00,241.0,0.0,241.0,12.55,7.17
1990-05-16 12:00:00+00:00,144.0,0.0,144.0,12.66,6.69
1990-05-16 13:00:00+00:00,195.0,0.0,195.0,12.6,6.69
1990-05-16 14:00:00+00:00,163.0,0.0,163.0,12.76,6.69
1990-05-16 15:00:00+00:00,136.0,0.0,136.0,12.92,6.48
1990-05-16 16:00:00+00:00,139.0,0.0,139.0,12.77,5.66
1990-05-16 17:00:00+00:00,122.0,2.49,121.0,12.88,5.38
1990-05-16 18:00:00+00:00,147.0,164.1,105.0,13.42,5.66
1990-05-16 19:00:00+00:00,26.0,0.0,26.0,12.69,6.62
1990-05-16 20:00:00+00:00,0.0,0.0,0.0,12.38,6.48
1990-05-16 21:00:00+00:00,0.0,0.0,0.0,12.19,6.21
1990-05-16 22:00:00+00:00,0.0,0.0,0.0,12.02,6.21
1990-05-16 23:00:00+00:00,0.0,0.0,0.0,11.85,6.41
1990-05-17 00:00:00+00:00,0.0,0.0,0.0,11.71,6.55
1990-05-17 01:00:00+00:00,0.0,0.0,0.0,11.54,6.21
1990-05-17 02:00:00+00:00,0.0,0.0,0.0,11.53,6.0
1990-05-17 03:00:00+00:00,0.0,0.0,0.0,11.49,5.72
1990-05-17 04:00:00+00:00,0.0,0.0,0.0,11.43,5.52
1990-05-17 05:00:00+00:00,15.0,0.0,15.0,11.41,5.17
1990-05-17 06:00:00+00:00,44.0,0.0,44.0,11.47,4.83
1990-05-17 07:00:00+00:00,103.0,0.0,103.0,11.59,4.62
1990-05-17 08:00:00+00:00,122.0,0.0,122.0,11.93,5.03
1990-05-17 09:00:00+00:00,196.0,0.0,196.0,12.12,4.41
1990-05-17 10:00:00+00:00,174.0,0.0,174.0,12.54,4.07
1990-05-17 11:00:00+00:00,202.0,0.0,202.0,12.81,4.21
1990-05-17 12:00:00+00:00,307.0,4.83,303.0,13.32,4.34
1990-05-17 13:00:00+00:00,214.0,0.0,214.0,13.57,3.59
1990-05-17 14:00:00+00:00,160.0,0.0,160.0,14.09,3.79
1990-05-17 15:00:00+00:00,164.0,0.0,164.0,14.37,3.79
1990-05-17 16:00:00+00:00,96.0,0.0,96.0,14.7,3.59
1990-05-17 17:00:00+00:00,165.0,24.7,155.0,14.87,3.17
1990-05-17 18:00:00+00:00,62.0,0.0,62.0,15.01,3.52
1990-05-17 19:00:00+00:00,37.0,26.39,34.0,14.33,3.86
1990-05-17 20:00:00+00:00,0.0,0.0,0.0,13.77,3.66
1990-05-17 21:00:00+00:00,0.0,0.0,0.0,13.4,3.79
1990-05-17 22:00:00+00:00,0.0,0.0,0.0,13.21,3.93
1990-05-17 23:00:00+00:00,0.0,0.0,0.0,13.0,4.0
1990-05-18 00:00:00+00:00,0.0,0.0,0.0,12.68,4.21
1990-05-18 01:00:00+00:00,0.0,0.0,0.0,12.55,4.41
1990-05-18 02:00:00+00:00,0.0,0.0,0.0,12.56,4.48
1990-05-18 03:00:00+00:00,0.0,0.0,0.0,12.64,4.48
1990-05-18 04:00:00+00:00,0.0,0.0,0.0,12.58,4.55
1990-05-18 05:00:00+00:00,31.0,0.0,31.0,12.6,4.9
1990-05-18 06:00:00+00:00,20.0,0.0,20.0,12.71,5.17
1990-05-18 07:00:00+00:00,69.0,0.0,69.0,12.57,5.03
1990-05-18 08:00:00+00:00,103.0,0.0,103.0,12.8,5.03
1990-05-18 09:00:00+00:00,100.0,0.0,100.0,12.6,5.17
1990-05-18 10:00:00+00:00,118.0,0.0,118.0,12.16,5.66
1990-05-18 11:00:00+00:00,133.0,0.0,133.0,12.02,5.52
1990-05-18 12:00:00+00:00,413.0,40.94,379.0,12.61,5.79
1990-05-18 13:00:00+00:00,706.0,494.1,306.0,13.17,5.79
1990-05-18 14:00:00+00:00,647.0,480.17,286.0,14.02,6.07
1990-05-18 15:00:00+00:00,525.0,373.58,278.0,14.32,6.0
1990-05-18 16:00:00+00:00,376.0,235.39,248.0,14.16,5.93
1990-05-18 17:00:00+00:00,277.0,247.76,176.0,13.89,5.66
1990-05-18 18:00:00+00:00,199.0,435.04,85.0,13.6,5.1
1990-05-18 19:00:00+00:00,47.0,68.44,39.0,12.64,5.17
1990-05-18 20:00:00+00:00,0.0,0.0,0.0,11.9,4.69
1990-05-18 21:00:00+00:00,0.0,0.0,0.0,11.34,4.28
1990-05-18 22:00:00+00:00,0.0,0.0,0.0,10.72,4.55
1990-05-18 23:00:00+00:00,0.0,0.0,0.0,10.4,4.9
1990-05-19 00:00:00+00:00,0.0,0.0,0.0,9.99,5.17
1990-05-19 01:00:00+00:00,0.0,0.0,0.0,9.55,5.17
1990-05-19 02:00:00+00:00,0.0,0.0,0.0,9.21,4.9
1990-05-19 03:00:00+00:00,0.0,0.0,0.0,8.9,4.55
1990-05-19 04:00:00+00:00,0.0,0.0,0.0,8.55,4.21
1990-05-19 05:00:00+00:00,63.0,97.92,50.0,8.49,3.93
1990-05-19 06:00:00+00:00,199.0,330.74,107.0,8.95,3.66
1990-05-19 07:00:00+00:00,288.0,231.61,190.0,9.56,5.03
1990-05-19 08:00:00+00:00,376.0,200.81,264.0,10.11,4.76
1990-05-19 09:00:00+00:00,632.0,646.48,197.0,10.7,4.07
1990-05-19 10:00:00+00:00,742.0,715.17,198.0,11.41,3.72
1990-05-19 11:00:00+00:00,826.0,801.12,173.0,11.83,3.17
1990-05-19 12:00:00+00:00,827.0,745.93,206.0,12.28,2.97
1990-05-19 13:00:00+00:00,849.0,879.63,135.0,12.65,2.55
1990-05-19 14:00:00+00:00,762.0,808.93,152.0,12.86,2.21
1990-05-19 15:00:00+00:00,513.0,324.0,298.0,12.87,2.0
1990-05-19 16:00:00+00:00,445.0,419.14,216.0,12.94,1.86
1990-05-19 17:00:00+00:00,184.0,36.55,169.0,12.84,1.59
1990-05-19 18:00:00+00:00,42.0,0.0,42.0,12.51,1.86
1990-05-19 19:00:00+00:00,7.0,0.0,7.0,11.95,1.24
1990-05-19 20:00:00+00:00,0.0,0.0,0.0,11.36,1.59
1990-05-19 21:00:00+00:00,0.0,0.0,0.0,10.44,2.21
1990-05-19 22:00:00+00:00,0.0,0.0,0.0,9.68,2.62
1990-05-19 23:00:00+00:00,0.0,0.0,0.0,9.18,2.76
1990-05-20 00:00:00+00:00,0.0,0.0,0.0,8.75,2.97
1990-05-20 01:00:00+00:00,0.0,0.0,0.0,8.54,3.31
1990-05-20 02:00:00+00:00,0.0,0.0,0.0,8.23,3.52
1990-05-20 03:00:00+00:00,0.0,0.0,0.0,8.18,3.66
1990-05-20 04:00:00+00:00,0.0,0.0,0.0,8.17,3.79
1990-05-20 05:00:00+00:00,87.0,309.71,45.0,8.51,3.86
1990-05-20 06:00:00+00:00,212.0,398.84,100.0,9.49,3.79
1990-05-20 07:00:00+00:00,276.0,192.68,194.0,10.81,4.9
1990-05-20 08:00:00+00:00,504.0,596.38,170.0,12.29,6.69
1990-05-20 09:00:00+00:00,455.0,188.14,328.0,12.9,6.83
1990-05-20 10:00:00+00:00,577.0,288.44,357.0,13.45,6.48
1990-05-20 11:00:00+00:00,239.0,0.0,239.0,14.07,6.07
1990-05-20 12:00:00+00:00,384.0,25.16,363.0,14.35,5.79
1990-05-20 13:00:00+00:00,467.0,84.79,398.0,14.45,5.17
1990-05-20 14:00:00+00:00,156.0,0.0,156.0,13.75,5.72
1990-05-20 15:00:00+00:00,219.0,1.5,218.0,13.25,5.17
1990-05-20 16:00:00+00:00,143.0,0.0,143.0,12.93,4.62
1990-05-20 17:00:00+00:00,358.0,580.94,118.0,12.86,4.07
1990-05-20 18:00:00+00:00,173.0,238.88,109.0,12.62,3.31
1990-05-20 19:00:00+00:00,29.0,0.0,29.0,12.09,3.24
1990-05-20 20:00:00+00:00,0.0,0.0,0.0,11.51,2.62
1990-05-20 21:00:00+00:00,0.0,0.0,0.0,10.77,2.76
1990-05-20 22:00:00+00:00,0.0,0.0,0.0,9.95,3.17
1990-05-20 23:00:00+00:00,0.0,0.0,0.0,9.39,3.38
1990-05-21 00:00:00+00:00,0.0,0.0,0.0,8.94,3.52
1990-05-21 01:00:00+00:00,0.0,0.0,0.0,8.57,3.59
1990-05-21 02:00:00+00:00,0.0,0.0,0.0,8.28,3.66
1990-05-21 03:00:00+00:00,0.0,0.0,0.0,8.03,3.79
1990-05-21 04:00:00+00:00,0.0,0.0,0.0,7.78,3.79
1990-05-21 05:00:00+00:00,24.0,0.0,24.0,7.84,3.66
1990-05-21 06:00:00+00:00,37.0,0.0,37.0,8.66,3.59
1990-05-21 07:00:00+00:00,240.0,107.49,194.0,10.27,4.48
1990-05-21 08:00:00+00:00,311.0,87.15,262.0,11.86,5.66
1990-05-21 09:00:00+00:00,368.0,72.37,319.0,13.58,5.86
1990-05-21 10:00:00+00:00,432.0,82.38,369.0,14.62,5.79
1990-05-21 11:00:00+00:00,443.0,64.71,390.0,15.83,6.55
1990-05-21 12:00:00+00:00,480.0,86.07,408.0,16.62,6.62
1990-05-21 13:00:00+00:00,453.0,73.54,393.0,17.01,6.97
1990-05-21 14:00:00+00:00,152.0,0.0,152.0,16.93,6.48
1990-05-21 15:00:00+00:00,155.0,0.0,155.0,16.92,7.66
1990-05-21 16:00:00+00:00,118.0,0.0,118.0,16.4,7.38
1990-05-21 17:00:00+00:00,60.0,0.0,60.0,15.89,7.79
1990-05-21 18:00:00+00:00,134.0,81.25,112.0,15.26,7.52
1990-05-21 19:00:00+00:00,9.0,0.0,9.0,14.38,7.17
1990-05-21 20:00:00+00:00,0.0,0.0,0.0,14.1,6.97
1990-05-21 21:00:00+00:00,0.0,0.0,0.0,13.87,7.1
1990-05-21 22:00:00+00:00,0.0,0.0,0.0,13.69,7.24
1990-05-21 23:00:00+00:00,0.0,0.0,0.0,13.57,7.52
1990-05-22 00:00:00+00:00,0.0,0.0,0.0,13.2,7.52
1990-05-22 01:00:00+00:00,0.0,0.0,0.0,12.34,7.17
1990-05-22 02:00:00+00:00,0.0,0.0,0.0,10.92,6.28
1990-05-22 03:00:00+00:00,0.0,0.0,0.0,9.83,5.86
1990-05-22 04:00:00+00:00,0.0,0.0,0.0,9.39,6.48
1990-05-22 05:00:00+00:00,76.0,163.12,53.0,9.62,7.72
1990-05-22 06:00:00+00:00,240.0,563.29,79.0,10.35,8.21
1990-05-22 07:00:00+00:00,391.0,660.12,107.0,10.71,8.21
1990-05-22 08:00:00+00:00,545.0,751.28,121.0,11.27,9.31
1990-05-22 09:00:00+00:00,626.0,615.51,208.0,11.67,9.79
1990-05-22 10:00:00+00:00,399.0,53.48,358.0,11.87,10.0
1990-05-22 11:00:00+00:00,585.0,221.69,403.0,12.69,9.59
1990-05-22 12:00:00+00:00,344.0,10.73,335.0,13.2,9.45
1990-05-22 13:00:00+00:00,329.0,9.78,321.0,13.24,9.52
1990-05-22 14:00:00+00:00,722.0,665.34,216.0,13.51,9.52
1990-05-22 15:00:00+00:00,323.0,38.78,297.0,13.26,8.97
1990-05-22 16:00:00+00:00,495.0,590.51,168.0,13.55,8.07
1990-05-22 17:00:00+00:00,350.0,511.49,136.0,13.63,6.97
1990-05-22 18:00:00+00:00,217.0,489.82,83.0,13.63,6.0
1990-05-22 19:00:00+00:00,77.0,255.49,44.0,12.95,5.17
1990-05-22 20:00:00+00:00,0.0,0.0,0.0,12.15,4.55
1990-05-22 21:00:00+00:00,0.0,0.0,0.0,11.41,4.62
1990-05-22 22:00:00+00:00,0.0,0.0,0.0,10.75,4.76
1990-05-22 23:00:00+00:00,0.0,0.0,0.0,10.3,4.97
1990-05-23 00:00:00+00:00,0.0,0.0,0.0,9.99,5.17
1990-05-23 01:00:00+00:00,0.0,0.0,0.0,9.87,5.17
1990-05-23 02:00:00+00:00,0.0,0.0,0.0,9.93,5.03
1990-05-23 03:00:00+00:00,0.0,0.0,0.0,10.27,5.31
1990-05-23 04:00:00+00:00,0.0,0.0,0.0,10.59,5.86
1990-05-23 05:00:00+00:00,23.0,0.0,23.0,10.81,6.28
1990-05-23 06:00:00+00:00,24.0,0.0,24.0,11.16,6.9
1990-05-23 07:00:00+00:00,63.0,0.0,63.0,12.01,7.24
1990-05-23 08:00:00+00:00,265.0,38.84,243.0,12.69,8.9
1990-05-23 09:00:00+00:00,176.0,0.0,176.0,13.61,10.83
1990-05-23 10:00:00+00:00,135.0,0.0,135.0,14.06,11.24
1990-05-23 11:00:00+00:00,94.0,0.0,94.0,13.79,9.79
1990-05-23 12:00:00+00:00,118.0,0.0,118.0,13.02,9.45
1990-05-23 13:00:00+00:00,535.0,157.37,406.0,12.54,8.97
1990-05-23 14:00:00+00:00,586.0,314.74,346.0,12.97,8.97
1990-05-23 15:00:00+00:00,563.0,450.47,260.0,13.81,9.72
1990-05-23 16:00:00+00:00,356.0,170.83,261.0,14.2,10.48
1990-05-23 17:00:00+00:00,173.0,23.76,163.0,13.79,10.07
1990-05-23 18:00:00+00:00,211.0,437.92,90.0,13.26,9.66
1990-05-23 19:00:00+00:00,37.0,7.57,36.0,12.19,9.24
1990-05-23 20:00:00+00:00,0.0,0.0,0.0,11.37,8.83
1990-05-23 21:00:00+00:00,0.0,0.0,0.0,10.68,8.55
1990-05-23 22:00:00+00:00,0.0,0.0,0.0,10.31,8.41
1990-05-23 23:00:00+00:00,0.0,0.0,0.0,9.84,8.34
1990-05-24 00:00:00+00:00,0.0,0.0,0.0,9.43,8.21
1990-05-24 01:00:00+00:00,0.0,0.0,0.0,9.15,8.07
1990-05-24 02:00:00+00:00,0.0,0.0,0.0,8.91,8.0
1990-05-24 03:00:00+00:00,0.0,0.0,0.0,8.67,7.86
1990-05-24 04:00:00+00:00,0.0,0.0,0.0,8.57,7.72
1990-05-24 05:00:00+00:00,106.0,424.72,44.0,8.62,7.66
1990-05-24 06:00:00+00:00,244.0,557.8,82.0,9.15,7.17
1990-05-24 07:00:00+00:00,398.0,660.56,111.0,9.52,7.93
1990-05-24 08:00:00+00:00,453.0,374.78,240.0,10.3,8.69
1990-05-24 09:00:00+00:00,588.0,470.09,267.0,10.96,8.76
1990-05-24 10:00:00+00:00,776.0,790.67,167.0,11.72,8.69
1990-05-24 11:00:00+00:00,746.0,534.85,305.0,12.45,8.55
1990-05-24 12:00:00+00:00,646.0,286.21,405.0,12.82,8.9
1990-05-24 13:00:00+00:00,836.0,806.99,173.0,13.14,8.9
1990-05-24 14:00:00+00:00,703.0,579.45,260.0,13.25,8.34
1990-05-24 15:00:00+00:00,674.0,795.84,137.0,13.45,7.66
1990-05-24 16:00:00+00:00,436.0,354.57,238.0,13.45,7.03
1990-05-24 17:00:00+00:00,390.0,677.8,103.0,13.35,5.72
1990-05-24 18:00:00+00:00,239.0,595.02,73.0,13.17,4.83
1990-05-24 19:00:00+00:00,48.0,29.65,44.0,12.51,4.69
1990-05-24 20:00:00+00:00,0.0,0.0,0.0,11.79,3.59
1990-05-24 21:00:00+00:00,0.0,0.0,0.0,10.85,2.9
1990-05-24 22:00:00+00:00,0.0,0.0,0.0,10.23,2.76
1990-05-24 23:00:00+00:00,0.0,0.0,0.0,9.73,2.83
1990-05-25 00:00:00+00:00,0.0,0.0,0.0,9.27,2.9
1990-05-25 01:00:00+00:00,0.0,0.0,0.0,8.77,2.76
1990-05-25 02:00:00+00:00,0.0,0.0,0.0,8.28,2.69
1990-05-25 03:00:00+00:00,0.0,0.0,0.0,7.85,2.83
1990-05-25 04:00:00+00:00,0.0,0.0,0.0,7.64,3.03
1990-05-25 05:00:00+00:00,100.0,357.36,47.0,7.82,3.03
1990-05-25 06:00:00+00:00,134.0,51.27,119.0,8.78,3.1
1990-05-25 07:00:00+00:00,106.0,0.0,106.0,9.96,4.21
1990-05-25 08:00:00+00:00,398.0,235.02,264.0,11.17,4.76
1990-05-25 09:00:00+00:00,306.0,24.83,289.0,12.22,5.45
1990-05-25 10:00:00+00:00,277.0,3.89,274.0,13.45,5.93
1990-05-25 11:00:00+00:00,547.0,164.61,411.0,14.69,6.07
1990-05-25 12:00:00+00:00,484.0,85.33,412.0,15.65,6.0
1990-05-25 13:00:00+00:00,423.0,49.8,382.0,16.14,6.21
1990-05-25 14:00:00+00:00,361.0,31.31,337.0,16.39,6.48
1990-05-25 15:00:00+00:00,432.0,153.66,328.0,16.31,6.69
1990-05-25 16:00:00+00:00,323.0,107.02,263.0,16.28,6.83
1990-05-25 17:00:00+00:00,239.0,110.36,192.0,16.12,6.41
1990-05-25 18:00:00+00:00,139.0,78.13,117.0,15.68,5.59
1990-05-25 19:00:00+00:00,30.0,0.0,30.0,14.9,5.24
1990-05-25 20:00:00+00:00,0.0,0.0,0.0,14.28,5.17
1990-05-25 21:00:00+00:00,0.0,0.0,0.0,13.54,5.24
1990-05-25 22:00:00+00:00,0.0,0.0,0.0,12.72,5.66
1990-05-25 23:00:00+00:00,0.0,0.0,0.0,11.89,5.52
1990-05-26 00:00:00+00:00,0.0,0.0,0.0,11.23,5.03
1990-05-26 01:00:00+00:00,0.0,0.0,0.0,10.88,4.69
1990-05-26 02:00:00+00:00,0.0,0.0,0.0,10.46,4.69
1990-05-26 03:00:00+00:00,0.0,0.0,0.0,10.26,4.28
1990-05-26 04:00:00+00:00,0.0,0.0,0.0,10.08,3.79
1990-05-26 05:00:00+00:00,9.0,0.0,9.0,10.09,3.45
1990-05-26 06:00:00+00:00,54.0,0.0,54.0,10.46,2.9
1990-05-26 07:00:00+00:00,147.0,4.56,145.0,10.87,3.1
1990-05-26 08:00:00+00:00,152.0,0.0,152.0,10.88,3.17
1990-05-26 09:00:00+00:00,105.0,0.0,105.0,11.14,3.52
1990-05-26 10:00:00+00:00,429.0,76.27,370.0,12.02,4.41
1990-05-26 11:00:00+00:00,412.0,41.07,378.0,12.4,5.72
1990-05-26 12:00:00+00:00,270.0,1.18,269.0,12.56,6.76
1990-05-26 13:00:00+00:00,120.0,0.0,120.0,12.72,7.93
1990-05-26 14:00:00+00:00,152.0,0.0,152.0,12.25,9.66
1990-05-26 15:00:00+00:00,147.0,0.0,147.0,11.99,10.48
1990-05-26 16:00:00+00:00,189.0,3.55,187.0,11.82,10.28
1990-05-26 17:00:00+00:00,99.0,0.0,99.0,11.52,10.34
1990-05-26 18:00:00+00:00,105.0,17.6,100.0,11.18,9.93
1990-05-26 19:00:00+00:00,32.0,0.0,32.0,10.41,9.45
1990-05-26 20:00:00+00:00,0.0,0.0,0.0,10.09,9.59
1990-05-26 21:00:00+00:00,0.0,0.0,0.0,10.04,9.31
1990-05-26 22:00:00+00:00,0.0,0.0,0.0,10.03,8.48
1990-05-26 23:00:00+00:00,0.0,0.0,0.0,10.03,8.97
1990-05-27 00:00:00+00:00,0.0,0.0,0.0,10.0,8.41
1990-05-27 01:00:00+00:00,0.0,0.0,0.0,9.93,8.0
1990-05-27 02:00:00+00:00,0.0,0.0,0.0,9.82,7.72
1990-05-27 03:00:00+00:00,0.0,0.0,0.0,9.52,7.86
1990-05-27 04:00:00+00:00,0.0,0.0,0.0,9.21,7.72
1990-05-27 05:00:00+00:00,18.0,0.0,18.0,9.07,7.52
1990-05-27 06:00:00+00:00,42.0,0.0,42.0,9.21,7.17
1990-05-27 07:00:00+00:00,115.0,0.0,115.0,9.63,7.31
1990-05-27 08:00:00+00:00,141.0,0.0,141.0,10.25,7.24
1990-05-27 09:00:00+00:00,193.0,0.0,193.0,10.71,7.66
1990-05-27 10:00:00+00:00,374.0,36.13,346.0,10.84,7.31
1990-05-27 11:00:00+00:00,474.0,85.61,403.0,11.22,7.1
1990-05-27 12:00:00+00:00,629.0,264.47,405.0,11.84,7.1
1990-05-27 13:00:00+00:00,659.0,350.76,369.0,11.81,6.62
1990-05-27 14:00:00+00:00,683.0,529.81,275.0,11.74,6.21
1990-05-27 15:00:00+00:00,344.0,51.41,309.0,12.11,6.07
1990-05-27 16:00:00+00:00,391.0,233.63,259.0,12.2,5.59
1990-05-27 17:00:00+00:00,212.0,60.39,186.0,12.19,5.31
1990-05-27 18:00:00+00:00,44.0,0.0,44.0,12.11,5.38
1990-05-27 19:00:00+00:00,28.0,0.0,28.0,11.82,5.03
1990-05-27 20:00:00+00:00,0.0,0.0,0.0,11.33,4.9
1990-05-27 21:00:00+00:00,0.0,0.0,0.0,11.0,5.03
1990-05-27 22:00:00+00:00,0.0,0.0,0.0,10.83,5.17
1990-05-27 23:00:00+00:00,0.0,0.0,0.0,10.73,5.52
1990-05-28 00:00:00+00:00,0.0,0.0,0.0,10.76,5.86
1990-05-28 01:00:00+00:00,0.0,0.0,0.0,10.82,5.93
1990-05-28 02:00:00+00:00,0.0,0.0,0.0,11.04,5.93
1990-05-28 03:00:00+00:00,0.0,0.0,0.0,11.35,6.07
1990-05-28 04:00:00+00:00,0.0,0.0,0.0,11.57,6.14
1990-05-28 05:00:00+00:00,9.0,0.0,9.0,11.65,6.34
1990-05-28 06:00:00+00:00,55.0,0.0,55.0,11.79,6.28
1990-05-28 07:00:00+00:00,160.0,9.05,156.0,12.32,6.07
1990-05-28 08:00:00+00:00,269.0,38.25,247.0,12.37,6.21
1990-05-28 09:00:00+00:00,230.0,1.45,229.0,12.37,7.24
1990-05-28 10:00:00+00:00,315.0,11.59,306.0,12.51,6.76
1990-05-28 11:00:00+00:00,254.0,0.0,254.0,12.79,6.83
1990-05-28 12:00:00+00:00,551.0,153.21,421.0,13.46,7.1
1990-05-28 13:00:00+00:00,688.0,412.85,346.0,13.67,6.97
1990-05-28 14:00:00+00:00,473.0,123.08,378.0,13.87,7.24
1990-05-28 15:00:00+00:00,443.0,168.45,328.0,13.9,7.03
1990-05-28 16:00:00+00:00,102.0,0.0,102.0,14.09,6.41
1990-05-28 17:00:00+00:00,93.0,0.0,93.0,14.08,6.34
1990-05-28 18:00:00+00:00,27.0,0.0,27.0,13.87,5.86
1990-05-28 19:00:00+00:00,16.0,0.0,16.0,13.03,5.59
1990-05-28 20:00:00+00:00,0.0,0.0,0.0,12.3,4.9
1990-05-28 21:00:00+00:00,0.0,0.0,0.0,11.93,4.48
1990-05-28 22:00:00+00:00,0.0,0.0,0.0,11.7,4.41
1990-05-28 23:00:00+00:00,0.0,0.0,0.0,11.57,4.41
1990-05-29 00:00:00+00:00,0.0,0.0,0.0,11.58,4.28
1990-05-29 01:00:00+00:00,0.0,0.0,0.0,11.7,4.0
1990-05-29 02:00:00+00:00,0.0,0.0,0.0,11.74,4.0
1990-05-29 03:00:00+00:00,0.0,0.0,0.0,11.81,4.41
1990-05-29 04:00:00+00:00,0.0,0.0,0.0,11.84,4.55
1990-05-29 05:00:00+00:00,32.0,0.0,32.0,11.97,5.24
1990-05-29 06:00:00+00:00,79.0,0.0,79.0,12.21,6.07
1990-05-29 07:00:00+00:00,153.0,6.77,150.0,12.75,6.55
1990-05-29 08:00:00+00:00,173.0,0.0,173.0,13.51,6.97
1990-05-29 09:00:00+00:00,229.0,1.45,228.0,14.31,8.0
1990-05-29 10:00:00+00:00,110.0,0.0,110.0,14.92,7.03
1990-05-29 11:00:00+00:00,147.0,0.0,147.0,15.44,7.45
1990-05-29 12:00:00+00:00,222.0,0.0,222.0,15.44,7.38
1990-05-29 13:00:00+00:00,477.0,91.57,401.0,15.13,6.9
1990-05-29 14:00:00+00:00,689.0,554.6,260.0,15.35,6.69
1990-05-29 15:00:00+00:00,373.0,77.42,320.0,15.51,6.41
1990-05-29 16:00:00+00:00,420.0,305.75,246.0,15.24,6.0
1990-05-29 17:00:00+00:00,174.0,20.69,165.0,14.81,5.52
1990-05-29 18:00:00+00:00,128.0,48.04,114.0,14.11,4.34
1990-05-29 19:00:00+00:00,20.0,0.0,20.0,13.72,2.97
1990-05-29 20:00:00+00:00,0.0,0.0,0.0,13.12,1.72
1990-05-29 21:00:00+00:00,0.0,0.0,0.0,12.5,0.55
1990-05-29 22:00:00+00:00,0.0,0.0,0.0,12.03,0.62
1990-05-29 23:00:00+00:00,0.0,0.0,0.0,11.56,1.03
1990-05-30 00:00:00+00:00,0.0,0.0,0.0,11.63,1.52
1990-05-30 01:00:00+00:00,0.0,0.0,0.0,11.61,2.0
1990-05-30 02:00:00+00:00,0.0,0.0,0.0,11.64,2.21
1990-05-30 03:00:00+00:00,0.0,0.0,0.0,11.48,2.07
1990-05-30 04:00:00+00:00,0.0,0.0,0.0,11.3,1.66
1990-05-30 05:00:00+00:00,10.0,0.0,10.0,11.21,1.31
1990-05-30 06:00:00+00:00,51.0,0.0,51.0,11.02,1.45
1990-05-30 07:00:00+00:00,51.0,0.0,51.0,10.52,2.07
1990-05-30 08:00:00+00:00,78.0,0.0,78.0,10.4,2.21
1990-05-30 09:00:00+00:00,121.0,0.0,121.0,10.36,2.41
1990-05-30 10:00:00+00:00,152.0,0.0,152.0,10.37,2.62
1990-05-30 11:00:00+00:00,136.0,0.0,136.0,10.26,2.76
1990-05-30 12:00:00+00:00,163.0,0.0,163.0,11.07,3.38
1990-05-30 13:00:00+00:00,209.0,0.0,209.0,11.78,3.59
1990-05-30 14:00:00+00:00,460.0,107.08,377.0,11.83,3.45
1990-05-30 15:00:00+00:00,319.0,32.05,297.0,11.92,3.38
1990-05-30 16:00:00+00:00,429.0,318.71,247.0,12.06,3.38
1990-05-30 17:00:00+00:00,175.0,18.3,167.0,11.58,3.17
1990-05-30 18:00:00+00:00,114.0,23.83,107.0,11.13,3.03
1990-05-30 19:00:00+00:00,15.0,0.0,15.0,10.88,2.97
1990-05-30 20:00:00+00:00,0.0,0.0,0.0,10.26,2.9
1990-05-30 21:00:00+00:00,0.0,0.0,0.0,9.33,3.66
1990-05-30 22:00:00+00:00,0.0,0.0,0.0,8.87,3.52
1990-05-30 23:00:00+00:00,0.0,0.0,0.0,8.33,2.9
1990-05-31 00:00:00+00:00,0.0,0.0,0.0,8.1,3.1
1990-05-31 01:00:00+00:00,0.0,0.0,0.0,7.65,3.45
1990-05-31 02:00:00+00:00,0.0,0.0,0.0,7.54,3.52
1990-05-31 03:00:00+00:00,0.0,0.0,0.0,7.52,3.45
1990-05-31 04:00:00+00:00,1.0,0.0,1.0,7.58,3.79
1990-05-31 05:00:00+00:00,84.0,137.39,62.0,7.85,4.28
1990-05-31 06:00:00+00:00,209.0,273.58,126.0,8.69,4.14
1990-05-31 07:00:00+00:00,324.0,291.23,194.0,9.21,4.62
1990-05-31 08:00:00+00:00,463.0,383.16,241.0,9.99,4.69
1990-05-31 09:00:00+00:00,646.0,627.4,211.0,10.58,4.9
1990-05-31 10:00:00+00:00,583.0,269.07,373.0,11.1,4.9
1990-05-31 11:00:00+00:00,837.0,773.84,191.0,11.67,4.83
1990-05-31 12:00:00+00:00,858.0,779.89,193.0,12.16,5.1
1990-05-31 13:00:00+00:00,839.0,788.84,182.0,12.46,5.38
1990-05-31 14:00:00+00:00,799.0,852.29,137.0,12.8,5.31
1990-05-31 15:00:00+00:00,693.0,816.78,131.0,12.97,5.24
1990-05-31 16:00:00+00:00,557.0,762.73,120.0,12.48,3.37
1990-05-31 17:00:00+00:00,411.0,710.39,99.0,12.4,3.4
1990-05-31 18:00:00+00:00,97.0,6.76,95.0,12.32,3.43
1990-05-31 19:00:00+00:00,73.0,98.09,58.0,12.24,3.46
1990-05-31 20:00:00+00:00,0.0,0.0,0.0,12.15,3.49
1990-05-31 21:00:00+00:00,0.0,0.0,0.0,12.07,3.52
1990-05-31 22:00:00+00:00,0.0,0.0,0.0,11.99,3.55
1990-05-31 23:00:00+00:00,0.0,0.0,0.0,11.91,3.58
1990-06-01 00:00:00+00:00,0.0,0.0,0.0,11.83,3.61
1990-06-01 01:00:00+00:00,0.0,0.0,0.0,11.75,3.64
1990-06-01 02:00:00+00:00,0.0,0.0,0.0,11.67,3.67
1990-06-01 03:00:00+00:00,0.0,0.0,0.0,11.58,3.7
1990-06-01 04:00:00+00:00,1.0,0.0,1.0,11.5,3.73
1990-06-01 05:00:00+00:00,13.0,0.0,13.0,11.42,3.76
1990-06-01 06:00:00+00:00,25.0,0.0,25.0,11.34,3.79
1990-06-01 07:00:00+00:00,48.0,0.0,48.0,11.26,3.82
1990-06-01 08:00:00+00:00,64.0,0.0,64.0,11.83,2.9
1990-06-01 09:00:00+00:00,112.0,0.0,112.0,12.16,2.14
1990-06-01 10:00:00+00:00,189.0,0.0,189.0,12.58,2.76
1990-06-01 11:00:00+00:00,246.0,0.0,246.0,12.88,2.9
1990-06-01 12:00:00+00:00,473.0,73.78,410.0,13.12,2.97
1990-06-01 13:00:00+00:00,491.0,100.69,407.0,13.58,2.97
1990-06-01 14:00:00+00:00,260.0,1.28,259.0,14.44,2.62
1990-06-01 15:00:00+00:00,483.0,229.07,325.0,15.45,1.59
1990-06-01 16:00:00+00:00,335.0,114.83,269.0,15.59,0.69
1990-06-01 17:00:00+00:00,151.0,6.8,148.0,15.18,1.86
1990-06-01 18:00:00+00:00,43.0,0.0,43.0,14.64,2.21
1990-06-01 19:00:00+00:00,13.0,0.0,13.0,13.4,2.28
1990-06-01 20:00:00+00:00,0.0,0.0,0.0,12.73,2.07
1990-06-01 21:00:00+00:00,0.0,0.0,0.0,12.04,1.66
1990-06-01 22:00:00+00:00,0.0,0.0,0.0,11.21,1.93
1990-06-01 23:00:00+00:00,0.0,0.0,0.0,10.17,2.0
1990-06-02 00:00:00+00:00,0.0,0.0,0.0,9.3,1.38
1990-06-02 01:00:00+00:00,0.0,0.0,0.0,9.07,1.17
1990-06-02 02:00:00+00:00,0.0,0.0,0.0,8.1,1.45
1990-06-02 03:00:00+00:00,0.0,0.0,0.0,7.73,1.38
1990-06-02 04:00:00+00:00,1.0,0.0,1.0,8.1,0.97
1990-06-02 05:00:00+00:00,32.0,0.0,32.0,8.67,0.55
1990-06-02 06:00:00+00:00,127.0,29.39,118.0,9.4,0.41
1990-06-02 07:00:00+00:00,151.0,4.45,149.0,10.21,0.41
1990-06-02 08:00:00+00:00,260.0,27.5,244.0,11.08,0.48
1990-06-02 09:00:00+00:00,594.0,467.22,269.0,12.45,0.48
1990-06-02 10:00:00+00:00,781.0,785.74,166.0,13.99,0.34
1990-06-02 11:00:00+00:00,814.0,705.99,223.0,15.43,0.41
1990-06-02 12:00:00+00:00,659.0,300.53,402.0,16.62,0.97
1990-06-02 13:00:00+00:00,579.0,197.47,414.0,17.4,1.31
1990-06-02 14:00:00+00:00,620.0,348.85,348.0,17.87,1.59
1990-06-02 15:00:00+00:00,588.0,465.75,266.0,18.03,1.72
1990-06-02 16:00:00+00:00,546.0,714.58,134.0,18.03,1.86
1990-06-02 17:00:00+00:00,398.0,640.89,114.0,17.75,2.0
1990-06-02 18:00:00+00:00,253.0,576.33,80.0,17.38,2.14
1990-06-02 19:00:00+00:00,106.0,349.39,51.0,16.48,1.93
1990-06-02 20:00:00+00:00,0.0,0.0,0.0,15.46,1.93
1990-06-02 21:00:00+00:00,0.0,0.0,0.0,14.1,1.79
1990-06-02 22:00:00+00:00,0.0,0.0,0.0,12.55,1.38
1990-06-02 23:00:00+00:00,0.0,0.0,0.0,12.13,1.1
1990-06-03 00:00:00+00:00,0.0,0.0,0.0,11.89,1.03
1990-06-03 01:00:00+00:00,0.0,0.0,0.0,10.83,1.17
1990-06-03 02:00:00+00:00,0.0,0.0,0.0,9.82,1.45
1990-06-03 03:00:00+00:00,0.0,0.0,0.0,9.05,1.72
1990-06-03 04:00:00+00:00,6.0,0.0,6.0,8.81,1.86
1990-06-03 05:00:00+00:00,108.0,309.81,57.0,9.88,1.86
1990-06-03 06:00:00+00:00,244.0,461.88,102.0,12.56,1.79
1990-06-03 07:00:00+00:00,405.0,637.66,118.0,14.58,1.79
1990-06-03 08:00:00+00:00,555.0,720.63,135.0,16.57,2.21
1990-06-03 09:00:00+00:00,617.0,532.57,246.0,17.91,2.76
1990-06-03 10:00:00+00:00,683.0,487.42,301.0,18.75,3.24
1990-06-03 11:00:00+00:00,738.0,497.51,321.0,19.21,3.24
1990-06-03 12:00:00+00:00,734.0,447.28,351.0,19.64,3.17
1990-06-03 13:00:00+00:00,754.0,542.53,300.0,20.3,3.1
1990-06-03 14:00:00+00:00,765.0,738.71,188.0,20.79,3.03
1990-06-03 15:00:00+00:00,668.0,723.04,167.0,21.05,3.03
1990-06-03 16:00:00+00:00,531.0,641.56,160.0,21.25,3.45
1990-06-03 17:00:00+00:00,366.0,474.15,155.0,21.17,3.59
1990-06-03 18:00:00+00:00,246.0,516.24,90.0,20.77,3.31
1990-06-03 19:00:00+00:00,102.0,288.32,56.0,19.97,2.97
1990-06-03 20:00:00+00:00,0.0,0.0,0.0,18.43,3.24
1990-06-03 21:00:00+00:00,0.0,0.0,0.0,16.81,3.79
1990-06-03 22:00:00+00:00,0.0,0.0,0.0,15.71,4.41
1990-06-03 23:00:00+00:00,0.0,0.0,0.0,14.77,4.69
1990-06-04 00:00:00+00:00,0.0,0.0,0.0,13.97,4.69
1990-06-04 01:00:00+00:00,0.0,0.0,0.0,13.22,4.69
1990-06-04 02:00:00+00:00,0.0,0.0,0.0,12.62,4.62
1990-06-04 03:00:00+00:00,0.0,0.0,0.0,12.0,4.41
1990-06-04 04:00:00+00:00,8.0,0.0,8.0,11.39,4.21
1990-06-04 05:00:00+00:00,121.0,433.97,49.0,11.16,4.0
1990-06-04 06:00:00+00:00,255.0,541.16,88.0,11.77,4.28
1990-06-04 07:00:00+00:00,388.0,560.81,135.0,13.1,4.76
1990-06-04 08:00:00+00:00,553.0,722.85,131.0,14.56,4.62
1990-06-04 09:00:00+00:00,639.0,616.44,209.0,16.06,4.41
1990-06-04 10:00:00+00:00,488.0,129.99,386.0,17.49,4.07
1990-06-04 11:00:00+00:00,674.0,362.26,370.0,18.99,3.79
1990-06-04 12:00:00+00:00,555.0,149.29,427.0,20.08,3.52
1990-06-04 13:00:00+00:00,672.0,361.57,369.0,21.2,3.45
1990-06-04 14:00:00+00:00,743.0,679.94,211.0,21.83,2.97
1990-06-04 15:00:00+00:00,489.0,231.85,328.0,22.11,2.34
1990-06-04 16:00:00+00:00,481.0,456.95,216.0,22.14,1.66
1990-06-04 17:00:00+00:00,128.0,0.0,128.0,21.92,0.97
1990-06-04 18:00:00+00:00,166.0,118.37,130.0,20.74,0.62
1990-06-04 19:00:00+00:00,15.0,0.0,15.0,20.31,1.17
1990-06-04 20:00:00+00:00,4.0,0.0,4.0,18.92,1.86
1990-06-04 21:00:00+00:00,0.0,0.0,0.0,17.23,2.55
1990-06-04 22:00:00+00:00,0.0,0.0,0.0,15.94,2.55
1990-06-04 23:00:00+00:00,0.0,0.0,0.0,15.11,2.28
1990-06-05 00:00:00+00:00,0.0,0.0,0.0,14.39,2.0
1990-06-05 01:00:00+00:00,0.0,0.0,0.0,13.73,1.72
1990-06-05 02:00:00+00:00,0.0,0.0,0.0,13.0,1.52
1990-06-05 03:00:00+00:00,0.0,0.0,0.0,12.3,1.38
1990-06-05 04:00:00+00:00,1.0,0.0,1.0,12.3,1.17
1990-06-05 05:00:00+00:00,105.0,269.3,60.0,12.71,0.97
1990-06-05 06:00:00+00:00,202.0,235.75,129.0,14.06,0.69
1990-06-05 07:00:00+00:00,220.0,55.3,195.0,15.17,0.28
1990-06-05 08:00:00+00:00,225.0,10.26,219.0,16.31,0.55
1990-06-05 09:00:00+00:00,332.0,37.23,306.0,17.25,0.69
1990-06-05 10:00:00+00:00,560.0,235.51,375.0,18.21,0.62
1990-06-05 11:00:00+00:00,743.0,521.37,305.0,18.9,0.97
1990-06-05 12:00:00+00:00,771.0,548.71,300.0,19.48,1.72
1990-06-05 13:00:00+00:00,746.0,532.68,299.0,19.93,2.48
1990-06-05 14:00:00+00:00,774.0,783.46,160.0,20.01,3.1
1990-06-05 15:00:00+00:00,665.0,721.44,163.0,19.74,3.79
1990-06-05 16:00:00+00:00,332.0,103.18,272.0,18.75,3.86
1990-06-05 17:00:00+00:00,78.0,0.0,78.0,17.78,3.31
1990-06-05 18:00:00+00:00,31.0,0.0,31.0,16.99,2.62
1990-06-05 19:00:00+00:00,10.0,0.0,10.0,15.55,2.48
1990-06-05 20:00:00+00:00,1.0,0.0,1.0,14.7,2.14
1990-06-05 21:00:00+00:00,0.0,0.0,0.0,13.95,2.28
1990-06-05 22:00:00+00:00,0.0,0.0,0.0,13.41,2.48
1990-06-05 23:00:00+00:00,0.0,0.0,0.0,12.96,2.62
1990-06-06 00:00:00+00:00,0.0,0.0,0.0,12.57,2.41
1990-06-06 01:00:00+00:00,0.0,0.0,0.0,12.25,2.14
1990-06-06 02:00:00+00:00,0.0,0.0,0.0,12.07,2.21
1990-06-06 03:00:00+00:00,0.0,0.0,0.0,11.8,2.55
1990-06-06 04:00:00+00:00,4.0,0.0,4.0,11.7,2.69
1990-06-06 05:00:00+00:00,36.0,0.0,36.0,11.67,2.62
1990-06-06 06:00:00+00:00,23.0,0.0,23.0,11.69,3.1
1990-06-06 07:00:00+00:00,57.0,0.0,57.0,12.0,3.38
1990-06-06 08:00:00+00:00,97.0,0.0,97.0,12.8,3.66
1990-06-06 09:00:00+00:00,137.0,0.0,137.0,13.55,3.45
1990-06-06 10:00:00+00:00,199.0,0.0,199.0,14.0,3.52
1990-06-06 11:00:00+00:00,420.0,44.0,383.0,14.97,3.45
1990-06-06 12:00:00+00:00,506.0,101.24,419.0,15.73,3.72
1990-06-06 13:00:00+00:00,113.0,0.0,113.0,16.33,4.07
1990-06-06 14:00:00+00:00,118.0,0.0,118.0,16.73,4.62
1990-06-06 15:00:00+00:00,136.0,0.0,136.0,16.35,5.1
1990-06-06 16:00:00+00:00,0.0,0.0,0.0,15.74,6.0
1990-06-06 17:00:00+00:00,310.0,257.65,194.0,14.92,5.66
1990-06-06 18:00:00+00:00,76.0,0.0,76.0,14.66,5.59
1990-06-06 19:00:00+00:00,24.0,0.0,24.0,13.55,4.76
1990-06-06 20:00:00+00:00,5.0,0.0,5.0,13.0,4.83
1990-06-06 21:00:00+00:00,0.0,0.0,0.0,12.71,4.76
1990-06-06 22:00:00+00:00,0.0,0.0,0.0,12.53,4.55
1990-06-06 23:00:00+00:00,0.0,0.0,0.0,12.24,4.28
1990-06-07 00:00:00+00:00,0.0,0.0,0.0,12.04,4.14
1990-06-07 01:00:00+00:00,0.0,0.0,0.0,12.01,4.28
1990-06-07 02:00:00+00:00,0.0,0.0,0.0,11.76,4.07
1990-06-07 03:00:00+00:00,0.0,0.0,0.0,11.68,4.0
1990-06-07 04:00:00+00:00,8.0,0.0,8.0,11.55,3.86
1990-06-07 05:00:00+00:00,58.0,17.73,55.0,11.59,3.79
1990-06-07 06:00:00+00:00,102.0,6.42,100.0,12.09,3.52
1990-06-07 07:00:00+00:00,279.0,160.89,206.0,12.91,2.21
1990-06-07 08:00:00+00:00,245.0,20.47,233.0,13.68,1.52
1990-06-07 09:00:00+00:00,258.0,5.72,254.0,14.31,0.9
1990-06-07 10:00:00+00:00,246.0,0.0,246.0,14.8,0.48
1990-06-07 11:00:00+00:00,481.0,87.91,407.0,15.3,0.83
1990-06-07 12:00:00+00:00,310.0,3.49,307.0,15.84,1.1
1990-06-07 13:00:00+00:00,402.0,34.47,373.0,16.21,0.9
1990-06-07 14:00:00+00:00,452.0,94.14,378.0,16.43,0.48
1990-06-07 15:00:00+00:00,410.0,110.23,333.0,16.52,0.55
1990-06-07 16:00:00+00:00,214.0,6.84,210.0,16.5,0.83
1990-06-07 17:00:00+00:00,157.0,6.64,154.0,16.27,0.9
1990-06-07 18:00:00+00:00,31.0,0.0,31.0,16.03,1.38
1990-06-07 19:00:00+00:00,10.0,0.0,10.0,15.06,3.24
1990-06-07 20:00:00+00:00,1.0,0.0,1.0,14.38,3.59
1990-06-07 21:00:00+00:00,0.0,0.0,0.0,13.89,3.72
1990-06-07 22:00:00+00:00,0.0,0.0,0.0,13.66,3.86
1990-06-07 23:00:00+00:00,0.0,0.0,0.0,13.5,3.86
1990-06-08 00:00:00+00:00,0.0,0.0,0.0,13.38,3.93
1990-06-08 01:00:00+00:00,0.0,0.0,0.0,13.2,4.0
1990-06-08 02:00:00+00:00,0.0,0.0,0.0,12.97,4.07
1990-06-08 03:00:00+00:00,0.0,0.0,0.0,12.79,4.0
1990-06-08 04:00:00+00:00,1.0,0.0,1.0,12.49,3.79
1990-06-08 05:00:00+00:00,22.0,0.0,22.0,12.39,3.93
1990-06-08 06:00:00+00:00,78.0,0.0,78.0,12.37,4.0
1990-06-08 07:00:00+00:00,69.0,0.0,69.0,12.69,4.41
1990-06-08 08:00:00+00:00,90.0,0.0,90.0,12.86,4.34
1990-06-08 09:00:00+00:00,135.0,0.0,135.0,13.0,4.34
1990-06-08 10:00:00+00:00,194.0,0.0,194.0,13.12,4.21
1990-06-08 11:00:00+00:00,144.0,0.0,144.0,13.51,4.41
1990-06-08 12:00:00+00:00,286.0,1.16,285.0,13.85,4.14
1990-06-08 13:00:00+00:00,427.0,48.68,386.0,14.4,3.72
1990-06-08 14:00:00+00:00,244.0,0.0,244.0,14.63,3.03
1990-06-08 15:00:00+00:00,271.0,10.0,264.0,15.25,2.83
1990-06-08 16:00:00+00:00,368.0,160.44,274.0,15.77,3.17
1990-06-08 17:00:00+00:00,152.0,4.41,150.0,15.57,3.24
1990-06-08 18:00:00+00:00,169.0,118.91,132.0,15.42,3.38
1990-06-08 19:00:00+00:00,74.0,71.01,62.0,14.95,3.38
1990-06-08 20:00:00+00:00,7.0,0.0,7.0,14.27,3.1
1990-06-08 21:00:00+00:00,0.0,0.0,0.0,13.48,3.17
1990-06-08 22:00:00+00:00,0.0,0.0,0.0,12.92,3.24
1990-06-08 23:00:00+00:00,0.0,0.0,0.0,12.62,3.03
1990-06-09 00:00:00+00:00,0.0,0.0,0.0,12.51,2.55
1990-06-09 01:00:00+00:00,0.0,0.0,0.0,12.62,2.34
1990-06-09 02:00:00+00:00,0.0,0.0,0.0,12.65,2.28
1990-06-09 03:00:00+00:00,0.0,0.0,0.0,12.65,2.14
1990-06-09 04:00:00+00:00,2.0,0.0,2.0,12.68,2.14
1990-06-09 05:00:00+00:00,55.0,11.71,53.0,12.83,2.41
1990-06-09 06:00:00+00:00,181.0,150.2,134.0,13.23,2.48
1990-06-09 07:00:00+00:00,254.0,107.69,205.0,13.96,2.83
1990-06-09 08:00:00+00:00,197.0,3.4,195.0,14.83,3.17
1990-06-09 09:00:00+00:00,394.0,89.86,331.0,15.6,3.03
1990-06-09 10:00:00+00:00,301.0,7.61,295.0,16.07,3.17
1990-06-09 11:00:00+00:00,326.0,7.12,320.0,16.67,3.17
1990-06-09 12:00:00+00:00,277.0,1.16,276.0,17.69,3.1
1990-06-09 13:00:00+00:00,279.0,1.19,278.0,17.85,4.07
1990-06-09 14:00:00+00:00,517.0,170.0,383.0,16.99,5.59
1990-06-09 15:00:00+00:00,334.0,38.52,307.0,16.97,6.41
1990-06-09 16:00:00+00:00,188.0,1.7,187.0,16.07,7.17
1990-06-09 17:00:00+00:00,100.0,0.0,100.0,15.85,7.52
1990-06-09 18:00:00+00:00,51.0,0.0,51.0,14.99,7.52
1990-06-09 19:00:00+00:00,22.0,0.0,22.0,13.54,6.21
1990-06-09 20:00:00+00:00,1.0,0.0,1.0,12.99,6.21
1990-06-09 21:00:00+00:00,0.0,0.0,0.0,12.62,6.28
1990-06-09 22:00:00+00:00,0.0,0.0,0.0,12.35,5.86
1990-06-09 23:00:00+00:00,0.0,0.0,0.0,12.23,5.59
1990-06-10 00:00:00+00:00,0.0,0.0,0.0,12.24,5.24
1990-06-10 01:00:00+00:00,0.0,0.0,0.0,12.29,4.9
1990-06-10 02:00:00+00:00,0.0,0.0,0.0,12.33,4.62
1990-06-10 03:00:00+00:00,0.0,0.0,0.0,12.34,4.62
1990-06-10 04:00:00+00:00,9.0,0.0,9.0,12.38,4.83
1990-06-10 05:00:00+00:00,21.0,0.0,21.0,12.35,4.76
1990-06-10 06:00:00+00:00,43.0,0.0,43.0,12.46,4.55
1990-06-10 07:00:00+00:00,121.0,0.0,121.0,12.39,5.66
1990-06-10 08:00:00+00:00,155.0,0.0,155.0,13.03,6.34
1990-06-10 09:00:00+00:00,173.0,0.0,173.0,14.0,6.34
1990-06-10 10:00:00+00:00,262.0,1.27,261.0,14.8,6.41
1990-06-10 11:00:00+00:00,437.0,54.52,391.0,15.66,6.41
1990-06-10 12:00:00+00:00,511.0,104.34,421.0,16.25,6.14
1990-06-10 13:00:00+00:00,293.0,2.37,291.0,16.76,5.79
1990-06-10 14:00:00+00:00,267.0,2.53,265.0,16.99,5.66
1990-06-10 15:00:00+00:00,404.0,101.13,333.0,16.74,5.79
1990-06-10 16:00:00+00:00,327.0,93.46,272.0,16.54,5.79
1990-06-10 17:00:00+00:00,184.0,19.73,175.0,16.35,5.45
1990-06-10 18:00:00+00:00,120.0,22.28,113.0,16.01,4.97
1990-06-10 19:00:00+00:00,106.0,261.34,61.0,14.56,4.76
1990-06-10 20:00:00+00:00,9.0,0.0,9.0,13.88,4.07
1990-06-10 21:00:00+00:00,0.0,0.0,0.0,13.01,3.24
1990-06-10 22:00:00+00:00,0.0,0.0,0.0,12.11,2.97
1990-06-10 23:00:00+00:00,0.0,0.0,0.0,11.31,2.83
1990-06-11 00:00:00+00:00,0.0,0.0,0.0,10.84,3.1
1990-06-11 01:00:00+00:00,0.0,0.0,0.0,10.48,2.97
1990-06-11 02:00:00+00:00,0.0,0.0,0.0,10.1,2.28
1990-06-11 03:00:00+00:00,0.0,0.0,0.0,9.61,2.0
1990-06-11 04:00:00+00:00,11.0,0.0,11.0,9.0,1.72
1990-06-11 05:00:00+00:00,118.0,348.73,58.0,9.05,1.66
1990-06-11 06:00:00+00:00,258.0,525.55,93.0,11.0,2.07
1990-06-11 07:00:00+00:00,202.0,30.71,188.0,11.64,2.97
1990-06-11 08:00:00+00:00,143.0,0.0,143.0,12.47,3.17
1990-06-11 09:00:00+00:00,218.0,0.0,218.0,13.08,3.79
1990-06-11 10:00:00+00:00,122.0,0.0,122.0,13.24,4.62
1990-06-11 11:00:00+00:00,251.0,0.0,251.0,12.9,4.9
1990-06-11 12:00:00+00:00,521.0,107.74,428.0,12.55,5.03
1990-06-11 13:00:00+00:00,768.0,564.7,291.0,12.32,5.52
1990-06-11 14:00:00+00:00,794.0,812.54,152.0,12.76,5.93
1990-06-11 15:00:00+00:00,579.0,415.28,287.0,13.54,6.28
1990-06-11 16:00:00+00:00,432.0,283.2,265.0,14.06,6.48
1990-06-11 17:00:00+00:00,358.0,393.42,178.0,14.07,6.55
1990-06-11 18:00:00+00:00,105.0,6.34,103.0,13.76,6.14
1990-06-11 19:00:00+00:00,59.0,17.28,56.0,13.39,6.21
1990-06-11 20:00:00+00:00,2.0,0.0,2.0,12.85,6.76
1990-06-11 21:00:00+00:00,0.0,0.0,0.0,12.36,6.97
1990-06-11 22:00:00+00:00,0.0,0.0,0.0,11.88,6.62
1990-06-11 23:00:00+00:00,0.0,0.0,0.0,11.68,6.48
1990-06-12 00:00:00+00:00,0.0,0.0,0.0,11.59,6.55
1990-06-12 01:00:00+00:00,0.0,0.0,0.0,11.4,6.55
1990-06-12 02:00:00+00:00,0.0,0.0,0.0,11.18,6.41
1990-06-12 03:00:00+00:00,0.0,0.0,0.0,11.14,6.69
1990-06-12 04:00:00+00:00,2.0,0.0,2.0,10.92,6.62
1990-06-12 05:00:00+00:00,44.0,0.0,44.0,10.85,6.34
1990-06-12 06:00:00+00:00,150.0,60.44,131.0,11.06,6.21
1990-06-12 07:00:00+00:00,204.0,32.88,189.0,11.67,6.07
1990-06-12 08:00:00+00:00,294.0,49.27,265.0,12.22,5.59
1990-06-12 09:00:00+00:00,600.0,462.77,275.0,12.83,5.03
1990-06-12 10:00:00+00:00,731.0,596.45,260.0,13.57,4.55
1990-06-12 11:00:00+00:00,887.0,893.77,132.0,14.18,4.62
1990-06-12 12:00:00+00:00,924.0,936.61,115.0,14.41,5.17
1990-06-12 13:00:00+00:00,887.0,893.05,132.0,14.62,5.72
1990-06-12 14:00:00+00:00,825.0,884.99,125.0,14.31,5.72
1990-06-12 15:00:00+00:00,712.0,827.96,129.0,14.08,5.66
1990-06-12 16:00:00+00:00,585.0,798.88,113.0,13.75,5.59
1990-06-12 17:00:00+00:00,428.0,701.88,106.0,13.31,5.31
1990-06-12 18:00:00+00:00,38.0,0.0,38.0,12.9,4.9
1990-06-12 19:00:00+00:00,111.0,262.79,65.0,12.75,3.79
1990-06-12 20:00:00+00:00,8.0,0.0,8.0,12.18,3.45
1990-06-12 21:00:00+00:00,0.0,0.0,0.0,11.56,3.1
1990-06-12 22:00:00+00:00,0.0,0.0,0.0,10.94,2.97
1990-06-12 23:00:00+00:00,0.0,0.0,0.0,10.53,2.9
1990-06-13 00:00:00+00:00,0.0,0.0,0.0,10.38,2.97
1990-06-13 01:00:00+00:00,0.0,0.0,0.0,10.11,3.17
1990-06-13 02:00:00+00:00,0.0,0.0,0.0,10.14,2.97
1990-06-13 03:00:00+00:00,0.0,0.0,0.0,10.4,2.9
1990-06-13 04:00:00+00:00,5.0,0.0,5.0,10.47,2.34
1990-06-13 05:00:00+00:00,101.0,202.44,66.0,10.44,1.66
1990-06-13 06:00:00+00:00,172.0,117.6,135.0,11.02,0.97
1990-06-13 07:00:00+00:00,165.0,8.76,161.0,12.05,1.24
1990-06-13 08:00:00+00:00,505.0,518.0,200.0,12.96,2.14
1990-06-13 09:00:00+00:00,501.0,244.82,329.0,13.81,2.55
1990-06-13 10:00:00+00:00,452.0,91.14,380.0,15.22,2.41
1990-06-13 11:00:00+00:00,120.0,0.0,120.0,15.79,1.72
1990-06-13 12:00:00+00:00,165.0,0.0,165.0,16.1,1.79
1990-06-13 13:00:00+00:00,131.0,0.0,131.0,15.32,2.62
1990-06-13 14:00:00+00:00,111.0,0.0,111.0,14.16,3.38
1990-06-13 15:00:00+00:00,102.0,0.0,102.0,12.96,3.72
1990-06-13 16:00:00+00:00,121.0,0.0,121.0,12.44,3.52
1990-06-13 17:00:00+00:00,64.0,0.0,64.0,12.21,2.97
1990-06-13 18:00:00+00:00,23.0,0.0,23.0,12.21,2.48
1990-06-13 19:00:00+00:00,11.0,0.0,11.0,12.46,3.79
1990-06-13 20:00:00+00:00,11.0,22.71,10.0,12.24,4.0
1990-06-13 21:00:00+00:00,0.0,0.0,0.0,12.07,4.07
1990-06-13 22:00:00+00:00,0.0,0.0,0.0,12.16,3.79
1990-06-13 23:00:00+00:00,0.0,0.0,0.0,12.09,3.45
1990-06-14 00:00:00+00:00,0.0,0.0,0.0,12.07,3.17
1990-06-14 01:00:00+00:00,0.0,0.0,0.0,11.94,3.17
1990-06-14 02:00:00+00:00,0.0,0.0,0.0,11.55,3.45
1990-06-14 03:00:00+00:00,0.0,0.0,0.0,10.96,3.79
1990-06-14 04:00:00+00:00,8.0,0.0,8.0,10.58,4.14
1990-06-14 05:00:00+00:00,81.0,80.85,67.0,10.67,4.0
1990-06-14 06:00:00+00:00,170.0,111.17,135.0,11.01,3.66
1990-06-14 07:00:00+00:00,342.0,339.44,187.0,11.83,4.62
1990-06-14 08:00:00+00:00,440.0,310.72,257.0,12.86,4.55
1990-06-14 09:00:00+00:00,164.0,0.0,164.0,13.88,4.28
1990-06-14 10:00:00+00:00,266.0,1.27,265.0,14.5,4.14
1990-06-14 11:00:00+00:00,213.0,0.0,213.0,14.55,4.28
1990-06-14 12:00:00+00:00,169.0,0.0,169.0,14.57,4.76
1990-06-14 13:00:00+00:00,154.0,0.0,154.0,15.17,4.9
1990-06-14 14:00:00+00:00,385.0,37.85,355.0,15.45,4.48
1990-06-14 15:00:00+00:00,357.0,52.41,320.0,15.45,4.34
1990-06-14 16:00:00+00:00,296.0,53.97,264.0,15.38,4.0
1990-06-14 17:00:00+00:00,87.0,0.0,87.0,15.15,3.52
1990-06-14 18:00:00+00:00,44.0,0.0,44.0,14.84,3.1
1990-06-14 19:00:00+00:00,20.0,0.0,20.0,14.36,2.55
1990-06-14 20:00:00+00:00,2.0,0.0,2.0,13.76,2.34
1990-06-14 21:00:00+00:00,0.0,0.0,0.0,12.87,2.48
1990-06-14 22:00:00+00:00,0.0,0.0,0.0,12.28,2.69
1990-06-14 23:00:00+00:00,0.0,0.0,0.0,11.7,2.83
1990-06-15 00:00:00+00:00,0.0,0.0,0.0,11.11,2.55
1990-06-15 01:00:00+00:00,0.0,0.0,0.0,10.41,2.28
1990-06-15 02:00:00+00:00,0.0,0.0,0.0,9.87,2.0
1990-06-15 03:00:00+00:00,0.0,0.0,0.0,9.01,1.86
1990-06-15 04:00:00+00:00,6.0,0.0,6.0,8.26,1.93
1990-06-15 05:00:00+00:00,123.0,392.32,55.0,8.44,1.72
1990-06-15 06:00:00+00:00,269.0,587.44,84.0,9.81,1.72
1990-06-15 07:00:00+00:00,426.0,705.04,104.0,11.02,1.59
1990-06-15 08:00:00+00:00,574.0,769.07,121.0,12.02,1.52
1990-06-15 09:00:00+00:00,699.0,798.19,138.0,13.14,1.72
1990-06-15 10:00:00+00:00,722.0,578.18,265.0,14.13,2.28
1990-06-15 11:00:00+00:00,591.0,204.55,418.0,14.56,2.21
1990-06-15 12:00:00+00:00,555.0,141.02,433.0,15.06,2.21
1990-06-15 13:00:00+00:00,456.0,62.56,403.0,15.29,2.48
1990-06-15 14:00:00+00:00,468.0,100.86,388.0,15.54,2.76
1990-06-15 15:00:00+00:00,504.0,237.71,336.0,15.47,3.1
1990-06-15 16:00:00+00:00,562.0,708.99,141.0,15.29,3.59
1990-06-15 17:00:00+00:00,416.0,640.63,120.0,14.9,3.66
1990-06-15 18:00:00+00:00,272.0,580.44,86.0,14.44,3.86
1990-06-15 19:00:00+00:00,133.0,447.77,53.0,14.26,3.59
1990-06-15 20:00:00+00:00,5.0,0.0,5.0,13.53,3.24
1990-06-15 21:00:00+00:00,0.0,0.0,0.0,12.84,2.62
1990-06-15 22:00:00+00:00,0.0,0.0,0.0,12.02,2.34
1990-06-15 23:00:00+00:00,0.0,0.0,0.0,11.51,2.14
1990-06-16 00:00:00+00:00,0.0,0.0,0.0,10.86,1.79
1990-06-16 01:00:00+00:00,0.0,0.0,0.0,9.84,1.45
1990-06-16 02:00:00+00:00,0.0,0.0,0.0,10.03,1.17
1990-06-16 03:00:00+00:00,0.0,0.0,0.0,10.82,0.9
1990-06-16 04:00:00+00:00,14.0,71.9,11.0,10.04,1.03
1990-06-16 05:00:00+00:00,122.0,374.87,57.0,9.77,1.03
1990-06-16 06:00:00+00:00,259.0,527.1,93.0,11.66,1.03
1990-06-16 07:00:00+00:00,421.0,691.93,105.0,12.66,0.48
1990-06-16 08:00:00+00:00,555.0,711.36,136.0,13.87,0.48
1990-06-16 09:00:00+00:00,688.0,773.96,144.0,15.08,0.62
1990-06-16 10:00:00+00:00,777.0,761.52,175.0,16.16,0.97
1990-06-16 11:00:00+00:00,826.0,734.05,205.0,17.19,1.59
1990-06-16 12:00:00+00:00,592.0,190.65,427.0,17.89,2.07
1990-06-16 13:00:00+00:00,654.0,311.44,390.0,18.28,2.55
1990-06-16 14:00:00+00:00,784.0,776.03,168.0,18.14,3.59
1990-06-16 15:00:00+00:00,700.0,798.6,135.0,17.55,4.14
1990-06-16 16:00:00+00:00,572.0,758.42,121.0,17.19,4.0
1990-06-16 17:00:00+00:00,417.0,654.45,114.0,16.91,3.79
1990-06-16 18:00:00+00:00,261.0,510.19,97.0,16.51,3.59
1990-06-16 19:00:00+00:00,115.0,278.26,65.0,15.83,3.31
1990-06-16 20:00:00+00:00,8.0,0.0,8.0,14.8,2.69
1990-06-16 21:00:00+00:00,0.0,0.0,0.0,13.94,2.0
1990-06-16 22:00:00+00:00,0.0,0.0,0.0,13.16,1.52
1990-06-16 23:00:00+00:00,0.0,0.0,0.0,12.56,0.97
1990-06-17 00:00:00+00:00,0.0,0.0,0.0,13.23,0.62
1990-06-17 01:00:00+00:00,0.0,0.0,0.0,12.97,0.76
1990-06-17 02:00:00+00:00,0.0,0.0,0.0,12.56,0.83
1990-06-17 03:00:00+00:00,0.0,0.0,0.0,12.57,0.55
1990-06-17 04:00:00+00:00,6.0,0.0,6.0,11.8,0.9
1990-06-17 05:00:00+00:00,102.0,207.65,66.0,11.09,1.1
1990-06-17 06:00:00+00:00,244.0,435.13,107.0,12.85,1.24
1990-06-17 07:00:00+00:00,221.0,52.56,197.0,13.52,1.24
1990-06-17 08:00:00+00:00,355.0,130.75,278.0,14.7,0.62
1990-06-17 09:00:00+00:00,667.0,700.01,175.0,15.9,0.07
1990-06-17 10:00:00+00:00,796.0,828.51,141.0,17.14,0.62
1990-06-17 11:00:00+00:00,705.0,418.37,351.0,18.2,1.31
1990-06-17 12:00:00+00:00,664.0,303.78,401.0,19.04,2.14
1990-06-17 13:00:00+00:00,675.0,352.56,376.0,19.37,3.03
1990-06-17 14:00:00+00:00,505.0,144.78,390.0,19.08,3.86
1990-06-17 15:00:00+00:00,626.0,546.49,239.0,18.64,4.48
1990-06-17 16:00:00+00:00,572.0,754.07,123.0,18.39,4.62
1990-06-17 17:00:00+00:00,368.0,424.71,171.0,18.03,4.48
1990-06-17 18:00:00+00:00,264.0,527.35,94.0,17.44,4.28
1990-06-17 19:00:00+00:00,125.0,370.94,58.0,16.63,3.72
1990-06-17 20:00:00+00:00,16.0,62.13,13.0,15.47,3.45
1990-06-17 21:00:00+00:00,0.0,0.0,0.0,14.39,3.24
1990-06-17 22:00:00+00:00,0.0,0.0,0.0,13.79,3.03
1990-06-17 23:00:00+00:00,0.0,0.0,0.0,13.51,2.9
1990-06-18 00:00:00+00:00,0.0,0.0,0.0,13.6,2.69
1990-06-18 01:00:00+00:00,0.0,0.0,0.0,13.56,2.62
1990-06-18 02:00:00+00:00,0.0,0.0,0.0,13.63,2.69
1990-06-18 03:00:00+00:00,0.0,0.0,0.0,13.54,2.83
1990-06-18 04:00:00+00:00,10.0,23.97,9.0,13.54,3.03
1990-06-18 05:00:00+00:00,34.0,0.0,34.0,13.69,3.24
1990-06-18 06:00:00+00:00,153.0,69.91,131.0,13.96,3.93
1990-06-18 07:00:00+00:00,201.0,35.06,185.0,14.41,3.93
1990-06-18 08:00:00+00:00,388.0,195.32,273.0,15.18,3.66
1990-06-18 09:00:00+00:00,429.0,132.34,336.0,15.73,2.97
1990-06-18 10:00:00+00:00,318.0,11.38,309.0,16.24,2.28
1990-06-18 11:00:00+00:00,201.0,0.0,201.0,16.01,2.9
1990-06-18 12:00:00+00:00,159.0,0.0,159.0,15.58,3.52
1990-06-18 13:00:00+00:00,193.0,0.0,193.0,15.06,3.24
1990-06-18 14:00:00+00:00,255.0,1.26,254.0,15.14,2.83
1990-06-18 15:00:00+00:00,219.0,1.41,218.0,15.28,2.34
1990-06-18 16:00:00+00:00,268.0,31.87,249.0,15.64,1.93
1990-06-18 17:00:00+00:00,323.0,264.72,200.0,15.77,1.79
1990-06-18 18:00:00+00:00,219.0,275.38,130.0,15.87,2.0
1990-06-18 19:00:00+00:00,84.0,82.66,69.0,15.38,0.9
1990-06-18 20:00:00+00:00,2.0,0.0,2.0,14.98,1.03
1990-06-18 21:00:00+00:00,0.0,0.0,0.0,14.17,1.24
1990-06-18 22:00:00+00:00,0.0,0.0,0.0,13.24,0.97
1990-06-18 23:00:00+00:00,0.0,0.0,0.0,12.59,0.97
1990-06-19 00:00:00+00:00,0.0,0.0,0.0,12.29,1.86
1990-06-19 01:00:00+00:00,0.0,0.0,0.0,11.72,2.83
1990-06-19 02:00:00+00:00,0.0,0.0,0.0,11.26,3.17
1990-06-19 03:00:00+00:00,0.0,0.0,0.0,11.02,3.1
1990-06-19 04:00:00+00:00,3.0,0.0,3.0,10.83,2.83
1990-06-19 05:00:00+00:00,38.0,0.0,38.0,10.6,2.83
1990-06-19 06:00:00+00:00,120.0,19.08,114.0,10.37,3.1
1990-06-19 07:00:00+00:00,311.0,232.39,205.0,10.57,3.79
1990-06-19 08:00:00+00:00,377.0,163.12,281.0,11.06,4.34
1990-06-19 09:00:00+00:00,552.0,345.87,309.0,11.87,4.55
1990-06-19 10:00:00+00:00,563.0,226.45,384.0,12.54,4.55
1990-06-19 11:00:00+00:00,497.0,94.53,417.0,13.15,4.69
1990-06-19 12:00:00+00:00,524.0,108.53,430.0,13.55,4.9
1990-06-19 13:00:00+00:00,580.0,186.16,422.0,13.88,5.1
1990-06-19 14:00:00+00:00,592.0,269.1,378.0,14.08,5.17
1990-06-19 15:00:00+00:00,521.0,266.46,332.0,14.34,5.1
1990-06-19 16:00:00+00:00,383.0,164.21,285.0,14.48,5.03
1990-06-19 17:00:00+00:00,389.0,492.11,160.0,14.41,4.97
1990-06-19 18:00:00+00:00,282.0,617.4,82.0,14.11,5.17
1990-06-19 19:00:00+00:00,137.0,450.02,55.0,13.11,4.9
1990-06-19 20:00:00+00:00,9.0,0.0,9.0,12.51,4.97
1990-06-19 21:00:00+00:00,0.0,0.0,0.0,11.81,4.76
1990-06-19 22:00:00+00:00,0.0,0.0,0.0,11.49,4.55
1990-06-19 23:00:00+00:00,0.0,0.0,0.0,11.3,4.14
1990-06-20 00:00:00+00:00,0.0,0.0,0.0,10.94,3.17
1990-06-20 01:00:00+00:00,0.0,0.0,0.0,10.29,2.21
1990-06-20 02:00:00+00:00,0.0,0.0,0.0,9.42,2.14
1990-06-20 03:00:00+00:00,0.0,0.0,0.0,8.68,2.28
1990-06-20 04:00:00+00:00,17.0,121.03,12.0,8.07,2.0
1990-06-20 05:00:00+00:00,128.0,445.89,51.0,7.91,1.38
1990-06-20 06:00:00+00:00,268.0,589.06,83.0,9.74,0.83
1990-06-20 07:00:00+00:00,422.0,699.88,103.0,10.84,0.55
1990-06-20 08:00:00+00:00,564.0,746.32,125.0,11.83,0.76
1990-06-20 09:00:00+00:00,714.0,852.88,115.0,12.87,1.1
1990-06-20 10:00:00+00:00,807.0,854.07,132.0,13.87,1.79
1990-06-20 11:00:00+00:00,878.0,885.09,129.0,14.76,2.69
1990-06-20 12:00:00+00:00,888.0,856.58,146.0,15.44,3.45
1990-06-20 13:00:00+00:00,872.0,862.23,140.0,15.81,4.0
1990-06-20 14:00:00+00:00,768.0,717.7,197.0,15.85,4.55
1990-06-20 15:00:00+00:00,662.0,656.54,196.0,15.54,4.83
1990-06-20 16:00:00+00:00,557.0,686.37,147.0,15.14,4.62
1990-06-20 17:00:00+00:00,427.0,686.74,107.0,14.64,4.41
1990-06-20 18:00:00+00:00,181.0,123.23,141.0,14.17,4.21
1990-06-20 19:00:00+00:00,59.0,10.94,57.0,14.07,3.17
1990-06-20 20:00:00+00:00,14.0,19.83,13.0,13.3,2.69
1990-06-20 21:00:00+00:00,0.0,0.0,0.0,12.46,2.62
1990-06-20 22:00:00+00:00,0.0,0.0,0.0,11.91,2.76
1990-06-20 23:00:00+00:00,0.0,0.0,0.0,11.53,2.62
1990-06-21 00:00:00+00:00,0.0,0.0,0.0,11.28,2.41
1990-06-21 01:00:00+00:00,0.0,0.0,0.0,11.16,2.21
1990-06-21 02:00:00+00:00,0.0,0.0,0.0,11.01,2.14
1990-06-21 03:00:00+00:00,0.0,0.0,0.0,10.9,2.21
1990-06-21 04:00:00+00:00,3.0,0.0,3.0,10.87,2.28
1990-06-21 05:00:00+00:00,21.0,0.0,21.0,11.27,2.21
1990-06-21 06:00:00+00:00,212.0,274.22,126.0,12.34,2.34
1990-06-21 07:00:00+00:00,376.0,491.92,152.0,13.21,2.28
1990-06-21 08:00:00+00:00,572.0,785.94,110.0,14.2,2.14
1990-06-21 09:00:00+00:00,688.0,786.31,136.0,15.1,2.07
1990-06-21 10:00:00+00:00,671.0,464.49,304.0,15.96,2.07
1990-06-21 11:00:00+00:00,828.0,754.01,190.0,16.74,1.86
1990-06-21 12:00:00+00:00,903.0,905.02,119.0,17.47,1.79
1990-06-21 13:00:00+00:00,868.0,863.23,135.0,18.17,1.86
1990-06-21 14:00:00+00:00,796.0,821.72,142.0,18.76,2.07
1990-06-21 15:00:00+00:00,703.0,809.65,128.0,19.14,2.14
1990-06-21 16:00:00+00:00,567.0,737.66,126.0,19.39,2.28
1990-06-21 17:00:00+00:00,428.0,692.37,105.0,19.17,2.76
1990-06-21 18:00:00+00:00,245.0,399.79,115.0,18.6,2.76
1990-06-21 19:00:00+00:00,125.0,354.36,60.0,18.29,2.14
1990-06-21 20:00:00+00:00,8.0,0.0,8.0,17.1,2.0
1990-06-21 21:00:00+00:00,0.0,0.0,0.0,15.79,1.86
1990-06-21 22:00:00+00:00,0.0,0.0,0.0,14.45,1.52
1990-06-21 23:00:00+00:00,0.0,0.0,0.0,13.66,1.03
1990-06-22 00:00:00+00:00,0.0,0.0,0.0,14.32,0.55
1990-06-22 01:00:00+00:00,0.0,0.0,0.0,13.93,0.62
1990-06-22 02:00:00+00:00,0.0,0.0,0.0,12.22,1.24
1990-06-22 03:00:00+00:00,0.0,0.0,0.0,10.7,1.59
1990-06-22 04:00:00+00:00,10.0,24.7,9.0,10.17,1.66
1990-06-22 05:00:00+00:00,111.0,279.46,63.0,10.58,1.45
1990-06-22 06:00:00+00:00,262.0,562.14,86.0,13.11,1.38
1990-06-22 07:00:00+00:00,418.0,690.34,104.0,14.4,1.93
1990-06-22 08:00:00+00:00,565.0,755.91,121.0,15.38,1.86
1990-06-22 09:00:00+00:00,686.0,772.48,144.0,16.39,1.86
1990-06-22 10:00:00+00:00,801.0,840.67,137.0,17.46,2.0
1990-06-22 11:00:00+00:00,877.0,884.17,129.0,18.26,2.07
1990-06-22 12:00:00+00:00,845.0,729.58,213.0,18.97,1.93
1990-06-22 13:00:00+00:00,833.0,747.72,198.0,19.53,1.93
1990-06-22 14:00:00+00:00,816.0,865.44,127.0,19.94,2.28
1990-06-22 15:00:00+00:00,702.0,798.01,135.0,20.09,2.9
1990-06-22 16:00:00+00:00,585.0,788.97,113.0,19.82,3.52
1990-06-22 17:00:00+00:00,432.0,704.53,103.0,19.19,3.86
1990-06-22 18:00:00+00:00,278.0,595.73,84.0,18.3,3.72
1990-06-22 19:00:00+00:00,120.0,293.65,66.0,17.67,2.97
1990-06-22 20:00:00+00:00,23.0,155.75,15.0,16.63,2.07
1990-06-22 21:00:00+00:00,0.0,0.0,0.0,15.55,1.38
1990-06-22 22:00:00+00:00,0.0,0.0,0.0,14.18,1.03
1990-06-22 23:00:00+00:00,0.0,0.0,0.0,13.18,1.24
1990-06-23 00:00:00+00:00,0.0,0.0,0.0,12.11,1.59
1990-06-23 01:00:00+00:00,0.0,0.0,0.0,11.26,2.0
1990-06-23 02:00:00+00:00,0.0,0.0,0.0,10.93,2.14
1990-06-23 03:00:00+00:00,0.0,0.0,0.0,10.88,2.21
1990-06-23 04:00:00+00:00,2.0,0.0,2.0,10.89,2.28
1990-06-23 05:00:00+00:00,67.0,35.06,61.0,11.69,2.21
1990-06-23 06:00:00+00:00,239.0,422.44,107.0,13.35,2.28
1990-06-23 07:00:00+00:00,410.0,662.62,109.0,14.58,3.1
1990-06-23 08:00:00+00:00,453.0,356.14,244.0,15.63,2.97
1990-06-23 09:00:00+00:00,354.0,51.34,318.0,16.63,2.83
1990-06-23 10:00:00+00:00,672.0,466.11,304.0,17.73,2.83
1990-06-23 11:00:00+00:00,791.0,639.65,250.0,18.76,2.76
1990-06-23 12:00:00+00:00,557.0,148.93,428.0,19.4,2.69
1990-06-23 13:00:00+00:00,487.0,88.31,412.0,19.86,2.83
1990-06-23 14:00:00+00:00,353.0,22.6,335.0,20.04,2.97
1990-06-23 15:00:00+00:00,323.0,28.14,303.0,20.1,3.24
1990-06-23 16:00:00+00:00,481.0,410.97,235.0,20.04,3.38
1990-06-23 17:00:00+00:00,340.0,308.11,196.0,19.73,3.24
1990-06-23 18:00:00+00:00,185.0,134.95,141.0,19.14,3.17
1990-06-23 19:00:00+00:00,23.0,0.0,23.0,18.61,3.1
1990-06-23 20:00:00+00:00,16.0,38.7,14.0,17.75,3.1
1990-06-23 21:00:00+00:00,0.0,0.0,0.0,16.86,3.1
1990-06-23 22:00:00+00:00,0.0,0.0,0.0,16.32,3.24
1990-06-23 23:00:00+00:00,0.0,0.0,0.0,15.98,3.31
1990-06-24 00:00:00+00:00,0.0,0.0,0.0,15.66,3.38
1990-06-24 01:00:00+00:00,0.0,0.0,0.0,15.37,3.31
1990-06-24 02:00:00+00:00,0.0,0.0,0.0,15.23,3.24
1990-06-24 03:00:00+00:00,0.0,0.0,0.0,15.03,3.24
1990-06-24 04:00:00+00:00,10.0,0.0,10.0,15.09,3.31
1990-06-24 05:00:00+00:00,33.0,0.0,33.0,15.24,3.38
1990-06-24 06:00:00+00:00,95.0,3.21,94.0,15.52,3.24
1990-06-24 07:00:00+00:00,83.0,0.0,83.0,15.57,3.52
1990-06-24 08:00:00+00:00,299.0,61.41,263.0,15.88,3.86
1990-06-24 09:00:00+00:00,206.0,0.0,206.0,16.35,4.21
1990-06-24 10:00:00+00:00,416.0,62.1,367.0,17.06,4.76
1990-06-24 11:00:00+00:00,640.0,298.05,388.0,17.3,4.9
1990-06-24 12:00:00+00:00,843.0,741.31,201.0,17.55,4.9
1990-06-24 13:00:00+00:00,824.0,737.1,198.0,17.79,4.83
1990-06-24 14:00:00+00:00,811.0,863.9,123.0,17.9,4.69
1990-06-24 15:00:00+00:00,698.0,796.09,132.0,17.96,4.62
1990-06-24 16:00:00+00:00,554.0,686.31,143.0,17.68,4.55
1990-06-24 17:00:00+00:00,357.0,374.2,182.0,17.19,4.14
1990-06-24 18:00:00+00:00,273.0,573.02,86.0,16.69,3.59
1990-06-24 19:00:00+00:00,136.0,438.96,55.0,15.98,3.38
1990-06-24 20:00:00+00:00,22.0,115.65,16.0,15.48,2.69
1990-06-24 21:00:00+00:00,0.0,0.0,0.0,14.65,2.28
1990-06-24 22:00:00+00:00,0.0,0.0,0.0,14.11,1.93
1990-06-24 23:00:00+00:00,0.0,0.0,0.0,13.53,1.86
1990-06-25 00:00:00+00:00,0.0,0.0,0.0,13.02,1.72
1990-06-25 01:00:00+00:00,0.0,0.0,0.0,12.24,1.52
1990-06-25 02:00:00+00:00,0.0,0.0,0.0,12.54,1.17
1990-06-25 03:00:00+00:00,0.0,0.0,0.0,13.46,0.76
1990-06-25 04:00:00+00:00,11.0,0.0,11.0,13.18,0.48
1990-06-25 05:00:00+00:00,116.0,353.65,56.0,13.16,0.34
1990-06-25 06:00:00+00:00,220.0,318.34,121.0,13.48,0.34
1990-06-25 07:00:00+00:00,398.0,616.11,119.0,14.89,0.41
1990-06-25 08:00:00+00:00,548.0,712.14,131.0,16.11,0.21
1990-06-25 09:00:00+00:00,511.0,272.82,320.0,17.12,0.28
1990-06-25 10:00:00+00:00,178.0,0.0,178.0,17.87,0.55
1990-06-25 11:00:00+00:00,523.0,126.6,416.0,18.25,0.62
1990-06-25 12:00:00+00:00,474.0,70.45,413.0,18.85,0.62
1990-06-25 13:00:00+00:00,494.0,96.56,412.0,19.43,0.48
1990-06-25 14:00:00+00:00,623.0,341.52,351.0,20.01,0.34
1990-06-25 15:00:00+00:00,621.0,530.16,244.0,20.38,0.34
1990-06-25 16:00:00+00:00,492.0,447.38,224.0,20.61,0.62
1990-06-25 17:00:00+00:00,293.0,173.12,212.0,20.51,1.1
1990-06-25 18:00:00+00:00,165.0,82.68,138.0,20.18,1.59
1990-06-25 19:00:00+00:00,104.0,178.67,71.0,19.55,2.21
1990-06-25 20:00:00+00:00,18.0,57.71,15.0,18.95,2.41
1990-06-25 21:00:00+00:00,0.0,0.0,0.0,18.17,2.34
1990-06-25 22:00:00+00:00,0.0,0.0,0.0,17.61,2.0
1990-06-25 23:00:00+00:00,0.0,0.0,0.0,16.81,1.93
1990-06-26 00:00:00+00:00,0.0,0.0,0.0,15.85,2.07
1990-06-26 01:00:00+00:00,0.0,0.0,0.0,15.34,2.55
1990-06-26 02:00:00+00:00,0.0,0.0,0.0,15.08,3.17
1990-06-26 03:00:00+00:00,0.0,0.0,0.0,14.9,3.38
1990-06-26 04:00:00+00:00,8.0,0.0,8.0,14.7,3.45
1990-06-26 05:00:00+00:00,94.0,177.75,64.0,14.84,3.59
1990-06-26 06:00:00+00:00,230.0,386.96,110.0,15.7,3.59
1990-06-26 07:00:00+00:00,384.0,553.08,134.0,16.93,3.24
1990-06-26 08:00:00+00:00,540.0,689.12,137.0,18.28,3.24
1990-06-26 09:00:00+00:00,591.0,480.38,255.0,19.78,3.03
1990-06-26 10:00:00+00:00,790.0,833.63,133.0,21.16,2.97
1990-06-26 11:00:00+00:00,820.0,745.76,190.0,22.36,2.97
1990-06-26 12:00:00+00:00,882.0,860.71,137.0,22.74,2.21
1990-06-26 13:00:00+00:00,790.0,644.24,243.0,22.93,1.66
1990-06-26 14:00:00+00:00,795.0,823.71,139.0,23.1,1.24
1990-06-26 15:00:00+00:00,684.0,756.51,146.0,23.27,1.1
1990-06-26 16:00:00+00:00,561.0,721.02,129.0,23.09,1.31
1990-06-26 17:00:00+00:00,407.0,602.55,125.0,22.88,1.86
1990-06-26 18:00:00+00:00,259.0,486.72,100.0,22.12,2.62
1990-06-26 19:00:00+00:00,44.0,0.0,44.0,20.69,1.86
1990-06-26 20:00:00+00:00,3.0,0.0,3.0,19.92,1.86
1990-06-26 21:00:00+00:00,0.0,0.0,0.0,18.69,1.93
1990-06-26 22:00:00+00:00,0.0,0.0,0.0,17.81,1.79
1990-06-26 23:00:00+00:00,0.0,0.0,0.0,16.71,1.59
1990-06-27 00:00:00+00:00,0.0,0.0,0.0,15.62,1.38
1990-06-27 01:00:00+00:00,0.0,0.0,0.0,15.39,1.24
1990-06-27 02:00:00+00:00,0.0,0.0,0.0,15.69,1.03
1990-06-27 03:00:00+00:00,0.0,0.0,0.0,16.33,0.76
1990-06-27 04:00:00+00:00,5.0,0.0,5.0,16.1,0.48
1990-06-27 05:00:00+00:00,80.0,89.39,65.0,15.9,0.07
1990-06-27 06:00:00+00:00,208.0,265.24,126.0,16.35,0.34
1990-06-27 07:00:00+00:00,372.0,492.12,150.0,17.51,1.59
1990-06-27 08:00:00+00:00,525.0,614.74,166.0,18.12,1.93
1990-06-27 09:00:00+00:00,631.0,596.79,214.0,19.12,2.34
1990-06-27 10:00:00+00:00,653.0,424.11,319.0,20.21,2.76
1990-06-27 11:00:00+00:00,743.0,518.76,305.0,21.27,2.83
1990-06-27 12:00:00+00:00,850.0,760.48,192.0,21.92,2.62
1990-06-27 13:00:00+00:00,703.0,414.67,351.0,22.34,2.69
1990-06-27 14:00:00+00:00,694.0,508.6,289.0,22.57,2.83
1990-06-27 15:00:00+00:00,499.0,232.02,334.0,22.53,3.03
1990-06-27 16:00:00+00:00,407.0,216.96,277.0,22.25,3.1
1990-06-27 17:00:00+00:00,405.0,576.85,135.0,21.94,3.24
1990-06-27 18:00:00+00:00,268.0,535.65,93.0,21.32,3.45
1990-06-27 19:00:00+00:00,126.0,351.82,61.0,20.19,3.79
1990-06-27 20:00:00+00:00,17.0,57.83,14.0,18.96,3.86
1990-06-27 21:00:00+00:00,0.0,0.0,0.0,17.61,3.86
1990-06-27 22:00:00+00:00,0.0,0.0,0.0,16.64,3.86
1990-06-27 23:00:00+00:00,0.0,0.0,0.0,15.88,3.72
1990-06-28 00:00:00+00:00,0.0,0.0,0.0,15.23,3.72
1990-06-28 01:00:00+00:00,0.0,0.0,0.0,14.9,3.66
1990-06-28 02:00:00+00:00,0.0,0.0,0.0,14.55,3.45
1990-06-28 03:00:00+00:00,0.0,0.0,0.0,14.32,3.38
1990-06-28 04:00:00+00:00,8.0,0.0,8.0,14.04,3.24
1990-06-28 05:00:00+00:00,43.0,0.0,43.0,14.29,2.9
1990-06-28 06:00:00+00:00,217.0,318.06,119.0,15.23,3.03
1990-06-28 07:00:00+00:00,397.0,630.92,113.0,16.13,2.9
1990-06-28 08:00:00+00:00,533.0,663.69,146.0,17.27,2.69
1990-06-28 09:00:00+00:00,604.0,522.95,239.0,18.39,2.76
1990-06-28 10:00:00+00:00,656.0,439.71,310.0,19.69,2.97
1990-06-28 11:00:00+00:00,729.0,491.82,314.0,20.87,2.9
1990-06-28 12:00:00+00:00,521.0,113.31,423.0,21.93,2.9
1990-06-28 13:00:00+00:00,685.0,382.98,360.0,22.34,2.9
1990-06-28 14:00:00+00:00,391.0,42.71,357.0,22.29,2.76
1990-06-28 15:00:00+00:00,232.0,1.41,231.0,21.86,2.97
1990-06-28 16:00:00+00:00,103.0,0.0,103.0,20.51,3.24
1990-06-28 17:00:00+00:00,45.0,0.0,45.0,19.09,2.34
1990-06-28 18:00:00+00:00,39.0,0.0,39.0,18.14,1.38
1990-06-28 19:00:00+00:00,14.0,0.0,14.0,18.07,3.1
1990-06-28 20:00:00+00:00,18.0,58.07,15.0,17.25,3.66
1990-06-28 21:00:00+00:00,0.0,0.0,0.0,16.52,3.66
1990-06-28 22:00:00+00:00,0.0,0.0,0.0,15.97,3.86
1990-06-28 23:00:00+00:00,0.0,0.0,0.0,15.62,3.93
1990-06-29 00:00:00+00:00,0.0,0.0,0.0,15.4,4.0
1990-06-29 01:00:00+00:00,0.0,0.0,0.0,15.35,3.86
1990-06-29 02:00:00+00:00,0.0,0.0,0.0,15.29,3.72
1990-06-29 03:00:00+00:00,0.0,0.0,0.0,15.54,3.86
1990-06-29 04:00:00+00:00,1.0,0.0,1.0,15.6,4.28
1990-06-29 05:00:00+00:00,41.0,0.0,41.0,15.61,4.41
1990-06-29 06:00:00+00:00,48.0,0.0,48.0,15.6,4.55
1990-06-29 07:00:00+00:00,112.0,0.0,112.0,15.46,4.34
1990-06-29 08:00:00+00:00,171.0,0.0,171.0,15.62,5.38
1990-06-29 09:00:00+00:00,194.0,0.0,194.0,16.02,5.24
1990-06-29 10:00:00+00:00,130.0,0.0,130.0,16.61,5.17
1990-06-29 11:00:00+00:00,389.0,28.46,365.0,17.12,5.1
1990-06-29 12:00:00+00:00,846.0,755.42,193.0,17.5,5.52
1990-06-29 13:00:00+00:00,869.0,870.0,131.0,17.7,5.66
1990-06-29 14:00:00+00:00,806.0,851.85,128.0,17.53,5.59
1990-06-29 15:00:00+00:00,651.0,633.0,201.0,17.51,5.45
1990-06-29 16:00:00+00:00,573.0,754.57,121.0,17.31,5.24
1990-06-29 17:00:00+00:00,288.0,162.43,212.0,17.02,4.62
1990-06-29 18:00:00+00:00,164.0,82.7,137.0,16.63,4.0
1990-06-29 19:00:00+00:00,42.0,0.0,42.0,15.99,3.31
1990-06-29 20:00:00+00:00,12.0,19.48,11.0,15.31,2.48
1990-06-29 21:00:00+00:00,0.0,0.0,0.0,14.7,2.21
1990-06-29 22:00:00+00:00,0.0,0.0,0.0,14.3,1.93
1990-06-29 23:00:00+00:00,0.0,0.0,0.0,14.11,1.72
1990-06-30 00:00:00+00:00,0.0,0.0,0.0,13.98,1.72
1990-06-30 01:00:00+00:00,0.0,0.0,0.0,13.67,1.66
1990-06-30 02:00:00+00:00,0.0,0.0,0.0,13.18,1.31
1990-06-30 03:00:00+00:00,0.0,0.0,0.0,14.4,0.69
1990-06-30 04:00:00+00:00,1.0,0.0,1.0,14.17,0.69
1990-06-30 05:00:00+00:00,69.0,54.76,60.0,14.05,0.14
1990-06-30 06:00:00+00:00,118.0,22.89,111.0,14.37,0.28
1990-06-30 07:00:00+00:00,240.0,91.53,199.0,15.38,0.76
1990-06-30 08:00:00+00:00,168.0,0.0,168.0,16.44,0.55
1990-06-30 09:00:00+00:00,607.0,534.32,235.0,17.43,0.69
1990-06-30 10:00:00+00:00,763.0,757.57,168.0,18.68,0.55
1990-06-30 11:00:00+00:00,861.0,866.36,131.0,19.7,0.83
1990-06-30 12:00:00+00:00,895.0,897.08,120.0,20.82,1.17
1990-06-30 13:00:00+00:00,853.0,833.84,146.0,21.76,1.59
1990-06-30 14:00:00+00:00,774.0,760.42,169.0,22.48,1.86
1990-06-30 15:00:00+00:00,481.0,204.04,336.0,22.96,2.28
1990-06-30 16:00:00+00:00,410.0,227.12,274.0,22.66,1.45
1990-06-30 17:00:00+00:00,149.0,2.14,148.0,22.02,1.81
1990-06-30 18:00:00+00:00,143.0,42.91,129.0,21.38,2.17
1990-06-30 19:00:00+00:00,103.0,173.84,71.0,20.74,2.53
1990-06-30 20:00:00+00:00,5.0,0.0,5.0,20.11,2.89
1990-06-30 21:00:00+00:00,0.0,0.0,0.0,19.47,3.25
1990-06-30 22:00:00+00:00,0.0,0.0,0.0,18.83,3.61
1990-06-30 23:00:00+00:00,0.0,0.0,0.0,18.19,3.97
1990-07-01 00:00:00+00:00,0.0,0.0,0.0,17.55,4.33
1990-07-01 01:00:00+00:00,0.0,0.0,0.0,16.92,4.69
1990-07-01 02:00:00+00:00,0.0,0.0,0.0,16.28,5.05
1990-07-01 03:00:00+00:00,0.0,0.0,0.0,15.64,5.4
1990-07-01 04:00:00+00:00,1.0,0.0,1.0,15.0,5.76
1990-07-01 05:00:00+00:00,58.0,24.54,54.0,14.37,6.12
1990-07-01 06:00:00+00:00,60.0,0.0,60.0,13.73,6.48
1990-07-01 07:00:00+00:00,124.0,0.0,124.0,13.09,6.84
1990-07-01 08:00:00+00:00,160.0,0.0,160.0,15.39,7.66
1990-07-01 09:00:00+00:00,277.0,11.51,269.0,16.05,7.79
1990-07-01 10:00:00+00:00,373.0,34.41,346.0,16.21,7.79
1990-07-01 11:00:00+00:00,286.0,2.38,284.0,16.34,7.93
1990-07-01 12:00:00+00:00,466.0,64.86,410.0,16.48,8.41
1990-07-01 13:00:00+00:00,425.0,44.84,387.0,16.87,8.48
1990-07-01 14:00:00+00:00,676.0,460.23,310.0,16.49,8.41
1990-07-01 15:00:00+00:00,650.0,619.41,210.0,16.39,8.28
1990-07-01 16:00:00+00:00,468.0,370.91,246.0,16.31,8.21
1990-07-01 17:00:00+00:00,417.0,635.44,120.0,16.3,7.59
1990-07-01 18:00:00+00:00,252.0,429.6,112.0,16.18,7.31
1990-07-01 19:00:00+00:00,67.0,21.78,63.0,15.97,6.69
1990-07-01 20:00:00+00:00,2.0,0.0,2.0,15.34,6.28
1990-07-01 21:00:00+00:00,0.0,0.0,0.0,14.75,5.93
1990-07-01 22:00:00+00:00,0.0,0.0,0.0,14.17,5.86
1990-07-01 23:00:00+00:00,0.0,0.0,0.0,14.04,6.0
1990-07-02 00:00:00+00:00,0.0,0.0,0.0,13.81,6.07
1990-07-02 01:00:00+00:00,0.0,0.0,0.0,13.44,6.07
1990-07-02 02:00:00+00:00,0.0,0.0,0.0,13.27,6.0
1990-07-02 03:00:00+00:00,0.0,0.0,0.0,13.1,6.14
1990-07-02 04:00:00+00:00,1.0,0.0,1.0,12.69,5.93
1990-07-02 05:00:00+00:00,56.0,18.56,53.0,12.75,5.79
1990-07-02 06:00:00+00:00,156.0,85.76,130.0,13.06,6.48
1990-07-02 07:00:00+00:00,232.0,74.08,199.0,13.69,6.97
1990-07-02 08:00:00+00:00,197.0,3.46,195.0,14.24,7.03
1990-07-02 09:00:00+00:00,350.0,50.42,315.0,14.59,6.9
1990-07-02 10:00:00+00:00,200.0,0.0,200.0,15.24,6.97
1990-07-02 11:00:00+00:00,616.0,252.03,404.0,15.52,6.9
1990-07-02 12:00:00+00:00,339.0,8.11,332.0,15.94,7.24
1990-07-02 13:00:00+00:00,473.0,75.57,409.0,16.22,7.17
1990-07-02 14:00:00+00:00,365.0,26.42,344.0,16.65,6.9
1990-07-02 15:00:00+00:00,688.0,742.28,161.0,16.81,7.1
1990-07-02 16:00:00+00:00,347.0,106.99,283.0,16.15,6.48
1990-07-02 17:00:00+00:00,265.0,109.21,214.0,15.94,6.76
1990-07-02 18:00:00+00:00,260.0,473.2,106.0,15.61,6.55
1990-07-02 19:00:00+00:00,51.0,5.46,50.0,14.7,6.0
1990-07-02 20:00:00+00:00,16.0,40.21,14.0,14.22,5.72
1990-07-02 21:00:00+00:00,0.0,0.0,0.0,13.68,5.31
1990-07-02 22:00:00+00:00,0.0,0.0,0.0,13.3,5.03
1990-07-02 23:00:00+00:00,0.0,0.0,0.0,13.03,5.03
1990-07-03 00:00:00+00:00,0.0,0.0,0.0,12.65,4.48
1990-07-03 01:00:00+00:00,0.0,0.0,0.0,12.43,4.55
1990-07-03 02:00:00+00:00,0.0,0.0,0.0,12.16,4.62
1990-07-03 03:00:00+00:00,0.0,0.0,0.0,11.67,4.62
1990-07-03 04:00:00+00:00,1.0,0.0,1.0,11.72,4.62
1990-07-03 05:00:00+00:00,69.0,56.21,60.0,11.82,4.62
1990-07-03 06:00:00+00:00,187.0,188.91,130.0,12.32,5.03
1990-07-03 07:00:00+00:00,121.0,0.0,121.0,12.29,5.45
1990-07-03 08:00:00+00:00,172.0,0.0,172.0,13.09,5.79
1990-07-03 09:00:00+00:00,169.0,0.0,169.0,12.97,4.34
1990-07-03 10:00:00+00:00,127.0,0.0,127.0,12.62,2.34
1990-07-03 11:00:00+00:00,189.0,0.0,189.0,12.7,2.62
1990-07-03 12:00:00+00:00,343.0,9.28,335.0,12.63,4.28
1990-07-03 13:00:00+00:00,775.0,587.23,278.0,12.6,5.31
1990-07-03 14:00:00+00:00,804.0,838.45,138.0,14.09,5.45
1990-07-03 15:00:00+00:00,685.0,738.53,161.0,14.95,6.14
1990-07-03 16:00:00+00:00,456.0,331.26,258.0,15.08,6.34
1990-07-03 17:00:00+00:00,292.0,167.19,214.0,15.11,5.93
1990-07-03 18:00:00+00:00,267.0,523.22,97.0,14.96,5.52
1990-07-03 19:00:00+00:00,85.0,76.71,71.0,14.18,5.03
1990-07-03 20:00:00+00:00,2.0,0.0,2.0,13.78,4.69
1990-07-03 21:00:00+00:00,0.0,0.0,0.0,13.36,4.62
1990-07-03 22:00:00+00:00,0.0,0.0,0.0,12.84,4.69
1990-07-03 23:00:00+00:00,0.0,0.0,0.0,12.44,4.55
1990-07-04 00:00:00+00:00,0.0,0.0,0.0,12.24,4.34
1990-07-04 01:00:00+00:00,0.0,0.0,0.0,11.74,4.34
1990-07-04 02:00:00+00:00,0.0,0.0,0.0,11.51,4.34
1990-07-04 03:00:00+00:00,0.0,0.0,0.0,11.14,4.21
1990-07-04 04:00:00+00:00,1.0,0.0,1.0,10.94,4.21
1990-07-04 05:00:00+00:00,97.0,239.71,59.0,11.03,4.07
1990-07-04 06:00:00+00:00,247.0,532.94,87.0,11.75,3.72
1990-07-04 07:00:00+00:00,360.0,456.25,158.0,12.9,4.62
1990-07-04 08:00:00+00:00,485.0,475.4,211.0,13.92,4.9
1990-07-04 09:00:00+00:00,545.0,352.61,301.0,14.9,4.62
1990-07-04 10:00:00+00:00,574.0,260.96,370.0,15.83,4.62
1990-07-04 11:00:00+00:00,772.0,589.65,277.0,16.57,4.55
1990-07-04 12:00:00+00:00,537.0,126.55,428.0,16.81,4.21
1990-07-04 13:00:00+00:00,801.0,653.89,248.0,17.03,3.79
1990-07-04 14:00:00+00:00,584.0,262.05,376.0,17.06,3.52
1990-07-04 15:00:00+00:00,519.0,266.58,330.0,17.12,3.24
1990-07-04 16:00:00+00:00,475.0,385.14,245.0,16.9,2.83
1990-07-04 17:00:00+00:00,203.0,27.9,190.0,16.61,2.48
1990-07-04 18:00:00+00:00,173.0,98.68,141.0,16.35,2.14
1990-07-04 19:00:00+00:00,51.0,5.5,50.0,15.93,1.72
1990-07-04 20:00:00+00:00,14.0,41.54,12.0,15.14,1.59
1990-07-04 21:00:00+00:00,0.0,0.0,0.0,14.08,1.59
1990-07-04 22:00:00+00:00,0.0,0.0,0.0,12.79,1.86
1990-07-04 23:00:00+00:00,0.0,0.0,0.0,11.8,2.0
1990-07-05 00:00:00+00:00,0.0,0.0,0.0,10.95,2.0
1990-07-05 01:00:00+00:00,0.0,0.0,0.0,10.7,2.14
1990-07-05 02:00:00+00:00,0.0,0.0,0.0,11.03,2.48
1990-07-05 03:00:00+00:00,0.0,0.0,0.0,11.57,3.03
1990-07-05 04:00:00+00:00,1.0,0.0,1.0,11.82,3.72
1990-07-05 05:00:00+00:00,26.0,0.0,26.0,12.1,4.21
1990-07-05 06:00:00+00:00,98.0,6.7,96.0,12.39,4.55
1990-07-05 07:00:00+00:00,0.0,0.0,0.0,12.49,5.17
1990-07-05 08:00:00+00:00,185.0,1.74,184.0,13.25,5.52
1990-07-05 09:00:00+00:00,142.0,0.0,142.0,13.73,5.52
1990-07-05 10:00:00+00:00,423.0,69.17,369.0,14.51,5.72
1990-07-05 11:00:00+00:00,618.0,263.55,397.0,15.03,5.45
1990-07-05 12:00:00+00:00,778.0,562.47,294.0,15.58,5.66
1990-07-05 13:00:00+00:00,703.0,418.94,349.0,15.87,5.66
1990-07-05 14:00:00+00:00,678.0,471.56,304.0,15.98,5.52
1990-07-05 15:00:00+00:00,684.0,746.77,155.0,16.01,5.59
1990-07-05 16:00:00+00:00,514.0,526.33,200.0,15.83,5.31
1990-07-05 17:00:00+00:00,226.0,53.73,201.0,15.8,5.17
1990-07-05 18:00:00+00:00,140.0,37.09,128.0,15.67,5.17
1990-07-05 19:00:00+00:00,58.0,11.05,56.0,15.49,3.93
1990-07-05 20:00:00+00:00,2.0,0.0,2.0,14.93,3.59
1990-07-05 21:00:00+00:00,0.0,0.0,0.0,14.36,3.24
1990-07-05 22:00:00+00:00,0.0,0.0,0.0,13.8,3.1
1990-07-05 23:00:00+00:00,0.0,0.0,0.0,13.51,3.17
1990-07-06 00:00:00+00:00,0.0,0.0,0.0,13.36,2.97
1990-07-06 01:00:00+00:00,0.0,0.0,0.0,13.15,2.83
1990-07-06 02:00:00+00:00,0.0,0.0,0.0,12.82,2.76
1990-07-06 03:00:00+00:00,0.0,0.0,0.0,12.52,2.83
1990-07-06 04:00:00+00:00,1.0,0.0,1.0,12.17,2.97
1990-07-06 05:00:00+00:00,35.0,0.0,35.0,12.4,2.83
1990-07-06 06:00:00+00:00,48.0,0.0,48.0,13.25,2.76
1990-07-06 07:00:00+00:00,210.0,52.31,187.0,14.48,3.45
1990-07-06 08:00:00+00:00,431.0,327.76,243.0,15.44,3.93
1990-07-06 09:00:00+00:00,617.0,584.48,214.0,16.32,4.21
1990-07-06 10:00:00+00:00,243.0,0.0,243.0,17.13,4.62
1990-07-06 11:00:00+00:00,552.0,169.54,410.0,18.04,4.83
1990-07-06 12:00:00+00:00,277.0,1.16,276.0,18.95,4.83
1990-07-06 13:00:00+00:00,137.0,0.0,137.0,19.3,5.03
1990-07-06 14:00:00+00:00,320.0,11.36,311.0,18.88,4.69
1990-07-06 15:00:00+00:00,471.0,187.93,338.0,18.93,5.52
1990-07-06 16:00:00+00:00,192.0,1.68,191.0,19.01,5.03
1990-07-06 17:00:00+00:00,97.0,0.0,97.0,18.79,4.55
1990-07-06 18:00:00+00:00,24.0,0.0,24.0,17.99,4.83
1990-07-06 19:00:00+00:00,24.0,0.0,24.0,17.92,5.17
1990-07-06 20:00:00+00:00,20.0,151.82,13.0,17.48,5.1
1990-07-06 21:00:00+00:00,0.0,0.0,0.0,17.09,5.31
1990-07-06 22:00:00+00:00,0.0,0.0,0.0,16.58,5.38
1990-07-06 23:00:00+00:00,0.0,0.0,0.0,16.08,5.59
1990-07-07 00:00:00+00:00,0.0,0.0,0.0,15.74,5.52
1990-07-07 01:00:00+00:00,0.0,0.0,0.0,15.44,5.38
1990-07-07 02:00:00+00:00,0.0,0.0,0.0,15.24,5.17
1990-07-07 03:00:00+00:00,0.0,0.0,0.0,14.89,4.97
1990-07-07 04:00:00+00:00,0.0,0.0,0.0,14.73,4.76
1990-07-07 05:00:00+00:00,85.0,176.13,58.0,14.92,4.55
1990-07-07 06:00:00+00:00,236.0,514.84,84.0,15.58,4.0
1990-07-07 07:00:00+00:00,244.0,109.57,196.0,16.78,5.03
1990-07-07 08:00:00+00:00,541.0,742.86,116.0,17.94,5.52
1990-07-07 09:00:00+00:00,659.0,752.72,141.0,19.06,5.86
1990-07-07 10:00:00+00:00,774.0,822.25,134.0,20.16,6.0
1990-07-07 11:00:00+00:00,829.0,805.72,155.0,20.88,5.52
1990-07-07 12:00:00+00:00,707.0,413.41,352.0,21.61,5.38
1990-07-07 13:00:00+00:00,723.0,482.58,316.0,22.41,5.38
1990-07-07 14:00:00+00:00,764.0,746.56,173.0,23.08,5.1
1990-07-07 15:00:00+00:00,695.0,804.87,126.0,23.54,4.62
1990-07-07 16:00:00+00:00,545.0,670.46,146.0,23.75,4.21
1990-07-07 17:00:00+00:00,376.0,472.24,157.0,23.91,3.59
1990-07-07 18:00:00+00:00,274.0,599.75,81.0,23.54,3.03
1990-07-07 19:00:00+00:00,102.0,184.41,69.0,23.13,2.97
1990-07-07 20:00:00+00:00,15.0,66.77,12.0,21.74,3.24
1990-07-07 21:00:00+00:00,0.0,0.0,0.0,20.32,3.52
1990-07-07 22:00:00+00:00,0.0,0.0,0.0,19.42,3.72
1990-07-07 23:00:00+00:00,0.0,0.0,0.0,18.91,4.21
1990-07-08 00:00:00+00:00,0.0,0.0,0.0,18.74,4.9
1990-07-08 01:00:00+00:00,0.0,0.0,0.0,18.71,5.38
1990-07-08 02:00:00+00:00,0.0,0.0,0.0,18.77,5.52
1990-07-08 03:00:00+00:00,0.0,0.0,0.0,18.71,5.45
1990-07-08 04:00:00+00:00,0.0,0.0,0.0,18.72,5.45
1990-07-08 05:00:00+00:00,71.0,99.08,56.0,18.87,5.38
1990-07-08 06:00:00+00:00,189.0,238.56,119.0,19.57,5.31
1990-07-08 07:00:00+00:00,180.0,25.21,169.0,20.92,5.03
1990-07-08 08:00:00+00:00,105.0,0.0,105.0,22.2,5.45
1990-07-08 09:00:00+00:00,105.0,0.0,105.0,22.9,5.24
1990-07-08 10:00:00+00:00,235.0,0.0,235.0,23.16,4.69
1990-07-08 11:00:00+00:00,229.0,0.0,229.0,22.75,3.93
1990-07-08 12:00:00+00:00,393.0,27.98,369.0,22.43,3.03
1990-07-08 13:00:00+00:00,675.0,379.83,355.0,22.72,2.76
1990-07-08 14:00:00+00:00,152.0,0.0,152.0,22.44,2.07
1990-07-08 15:00:00+00:00,133.0,0.0,133.0,20.64,2.55
1990-07-08 16:00:00+00:00,201.0,3.37,199.0,18.94,1.93
1990-07-08 17:00:00+00:00,57.0,0.0,57.0,18.28,1.52
1990-07-08 18:00:00+00:00,169.0,102.87,136.0,17.89,1.86
1990-07-08 19:00:00+00:00,55.0,11.25,53.0,17.5,2.07
1990-07-08 20:00:00+00:00,2.0,0.0,2.0,16.88,1.72
1990-07-08 21:00:00+00:00,0.0,0.0,0.0,16.46,1.45
1990-07-08 22:00:00+00:00,0.0,0.0,0.0,16.3,1.38
1990-07-08 23:00:00+00:00,0.0,0.0,0.0,15.95,1.59
1990-07-09 00:00:00+00:00,0.0,0.0,0.0,15.64,1.72
1990-07-09 01:00:00+00:00,0.0,0.0,0.0,15.25,1.66
1990-07-09 02:00:00+00:00,0.0,0.0,0.0,14.9,1.31
1990-07-09 03:00:00+00:00,0.0,0.0,0.0,14.58,0.41
1990-07-09 04:00:00+00:00,0.0,0.0,0.0,14.56,0.62
1990-07-09 05:00:00+00:00,29.0,0.0,29.0,13.05,1.45
1990-07-09 06:00:00+00:00,121.0,34.3,111.0,14.97,1.59
1990-07-09 07:00:00+00:00,178.0,23.01,168.0,16.25,2.07
1990-07-09 08:00:00+00:00,422.0,311.09,245.0,17.42,2.62
1990-07-09 09:00:00+00:00,672.0,795.24,127.0,18.53,2.9
1990-07-09 10:00:00+00:00,673.0,506.57,280.0,19.52,3.72
1990-07-09 11:00:00+00:00,847.0,851.06,137.0,20.03,4.28
1990-07-09 12:00:00+00:00,840.0,759.92,189.0,20.41,4.14
1990-07-09 13:00:00+00:00,582.0,205.58,409.0,20.81,4.14
1990-07-09 14:00:00+00:00,105.0,0.0,105.0,20.8,3.59
1990-07-09 15:00:00+00:00,92.0,0.0,92.0,19.52,3.45
1990-07-09 16:00:00+00:00,255.0,23.6,241.0,18.53,2.76
1990-07-09 17:00:00+00:00,193.0,23.82,182.0,18.53,1.86
1990-07-09 18:00:00+00:00,133.0,31.28,123.0,17.85,2.69
1990-07-09 19:00:00+00:00,32.0,0.0,32.0,16.56,1.86
1990-07-09 20:00:00+00:00,16.0,94.68,12.0,16.41,1.17
1990-07-09 21:00:00+00:00,0.0,0.0,0.0,15.69,1.72
1990-07-09 22:00:00+00:00,0.0,0.0,0.0,14.66,2.28
1990-07-09 23:00:00+00:00,0.0,0.0,0.0,14.11,2.34
1990-07-10 00:00:00+00:00,0.0,0.0,0.0,13.68,2.34
1990-07-10 01:00:00+00:00,0.0,0.0,0.0,13.31,2.41
1990-07-10 02:00:00+00:00,0.0,0.0,0.0,13.18,2.48
1990-07-10 03:00:00+00:00,0.0,0.0,0.0,13.0,2.62
1990-07-10 04:00:00+00:00,0.0,0.0,0.0,12.92,2.69
1990-07-10 05:00:00+00:00,100.0,359.68,47.0,13.19,2.62
1990-07-10 06:00:00+00:00,233.0,524.85,81.0,13.93,2.62
1990-07-10 07:00:00+00:00,356.0,501.33,139.0,15.09,3.52
1990-07-10 08:00:00+00:00,152.0,0.0,152.0,16.35,4.48
1990-07-10 09:00:00+00:00,147.0,0.0,147.0,17.54,4.76
1990-07-10 10:00:00+00:00,152.0,0.0,152.0,18.48,4.9
1990-07-10 11:00:00+00:00,168.0,0.0,168.0,18.04,4.28
1990-07-10 12:00:00+00:00,137.0,0.0,137.0,17.03,4.0
1990-07-10 13:00:00+00:00,387.0,28.55,363.0,16.68,4.76
1990-07-10 14:00:00+00:00,207.0,0.0,207.0,16.75,5.45
1990-07-10 15:00:00+00:00,322.0,29.82,301.0,17.26,5.52
1990-07-10 16:00:00+00:00,214.0,6.75,210.0,18.67,6.07
1990-07-10 17:00:00+00:00,75.0,0.0,75.0,19.21,5.79
1990-07-10 18:00:00+00:00,36.0,0.0,36.0,18.85,5.66
1990-07-10 19:00:00+00:00,60.0,17.12,57.0,17.55,5.24
1990-07-10 20:00:00+00:00,1.0,0.0,1.0,16.92,4.62
1990-07-10 21:00:00+00:00,0.0,0.0,0.0,16.26,4.14
1990-07-10 22:00:00+00:00,0.0,0.0,0.0,15.6,3.93
1990-07-10 23:00:00+00:00,0.0,0.0,0.0,15.34,3.66
1990-07-11 00:00:00+00:00,0.0,0.0,0.0,14.85,2.83
1990-07-11 01:00:00+00:00,0.0,0.0,0.0,14.42,2.48
1990-07-11 02:00:00+00:00,0.0,0.0,0.0,14.1,1.79
1990-07-11 03:00:00+00:00,0.0,0.0,0.0,13.68,1.72
1990-07-11 04:00:00+00:00,0.0,0.0,0.0,13.64,1.66
1990-07-11 05:00:00+00:00,66.0,82.63,54.0,13.9,1.66
1990-07-11 06:00:00+00:00,214.0,396.4,100.0,14.65,1.86
1990-07-11 07:00:00+00:00,124.0,0.0,124.0,15.4,3.86
1990-07-11 08:00:00+00:00,322.0,106.09,262.0,16.14,4.21
1990-07-11 09:00:00+00:00,426.0,146.57,326.0,17.06,4.21
1990-07-11 10:00:00+00:00,294.0,7.76,288.0,17.79,4.34
1990-07-11 11:00:00+00:00,185.0,0.0,185.0,18.41,4.28
1990-07-11 12:00:00+00:00,242.0,0.0,242.0,18.52,4.28
1990-07-11 13:00:00+00:00,841.0,826.78,147.0,18.69,4.62
1990-07-11 14:00:00+00:00,376.0,35.54,348.0,18.8,4.28
1990-07-11 15:00:00+00:00,311.0,24.18,294.0,17.53,4.62
1990-07-11 16:00:00+00:00,374.0,164.08,277.0,17.58,4.48
1990-07-11 17:00:00+00:00,143.0,2.18,142.0,17.47,4.14
1990-07-11 18:00:00+00:00,225.0,321.64,123.0,15.91,4.76
1990-07-11 19:00:00+00:00,30.0,0.0,30.0,16.17,2.76
1990-07-11 20:00:00+00:00,11.0,0.0,11.0,15.52,2.83
1990-07-11 21:00:00+00:00,0.0,0.0,0.0,14.84,2.97
1990-07-11 22:00:00+00:00,0.0,0.0,0.0,14.4,2.97
1990-07-11 23:00:00+00:00,0.0,0.0,0.0,14.21,3.17
1990-07-12 00:00:00+00:00,0.0,0.0,0.0,14.0,3.24
1990-07-12 01:00:00+00:00,0.0,0.0,0.0,13.96,3.59
1990-07-12 02:00:00+00:00,0.0,0.0,0.0,13.8,3.79
1990-07-12 03:00:00+00:00,0.0,0.0,0.0,13.48,3.86
1990-07-12 04:00:00+00:00,0.0,0.0,0.0,13.39,4.07
1990-07-12 05:00:00+00:00,37.0,6.99,36.0,13.38,4.21
1990-07-12 06:00:00+00:00,38.0,0.0,38.0,13.8,4.34
1990-07-12 07:00:00+00:00,269.0,179.47,192.0,14.35,4.14
1990-07-12 08:00:00+00:00,262.0,37.25,241.0,15.12,4.9
1990-07-12 09:00:00+00:00,240.0,4.41,237.0,15.75,5.03
1990-07-12 10:00:00+00:00,352.0,27.22,331.0,16.68,5.17
1990-07-12 11:00:00+00:00,482.0,96.34,402.0,16.99,5.59
1990-07-12 12:00:00+00:00,520.0,118.38,419.0,17.3,6.07
1990-07-12 13:00:00+00:00,388.0,28.63,364.0,17.07,6.41
1990-07-12 14:00:00+00:00,501.0,150.0,383.0,17.6,6.83
1990-07-12 15:00:00+00:00,588.0,457.27,267.0,17.7,7.03
1990-07-12 16:00:00+00:00,432.0,293.24,259.0,17.4,6.69
1990-07-12 17:00:00+00:00,215.0,45.83,194.0,17.36,6.28
1990-07-12 18:00:00+00:00,182.0,145.7,136.0,17.1,5.86
1990-07-12 19:00:00+00:00,27.0,0.0,27.0,16.7,4.69
1990-07-12 20:00:00+00:00,2.0,0.0,2.0,15.7,4.41
1990-07-12 21:00:00+00:00,0.0,0.0,0.0,14.95,3.66
1990-07-12 22:00:00+00:00,0.0,0.0,0.0,14.58,3.38
1990-07-12 23:00:00+00:00,0.0,0.0,0.0,14.13,3.17
1990-07-13 00:00:00+00:00,0.0,0.0,0.0,13.79,2.9
1990-07-13 01:00:00+00:00,0.0,0.0,0.0,13.45,2.55
1990-07-13 02:00:00+00:00,0.0,0.0,0.0,13.12,2.34
1990-07-13 03:00:00+00:00,0.0,0.0,0.0,12.84,2.34
1990-07-13 04:00:00+00:00,0.0,0.0,0.0,12.55,2.62
1990-07-13 05:00:00+00:00,67.0,99.48,53.0,12.41,2.34
1990-07-13 06:00:00+00:00,131.0,60.0,114.0,13.35,2.34
1990-07-13 07:00:00+00:00,300.0,276.33,182.0,14.34,3.03
1990-07-13 08:00:00+00:00,398.0,259.8,252.0,15.21,3.17
1990-07-13 09:00:00+00:00,511.0,309.3,301.0,15.92,3.31
1990-07-13 10:00:00+00:00,565.0,268.81,358.0,16.64,3.31
1990-07-13 11:00:00+00:00,690.0,424.6,338.0,17.14,3.38
1990-07-13 12:00:00+00:00,246.0,0.0,246.0,17.39,3.24
1990-07-13 13:00:00+00:00,632.0,291.52,388.0,17.79,3.31
1990-07-13 14:00:00+00:00,615.0,343.74,345.0,17.93,3.31
1990-07-13 15:00:00+00:00,541.0,338.2,304.0,18.22,3.45
1990-07-13 16:00:00+00:00,484.0,448.47,220.0,17.83,2.97
1990-07-13 17:00:00+00:00,327.0,293.33,193.0,17.62,2.48
1990-07-13 18:00:00+00:00,196.0,200.51,133.0,17.36,2.07
1990-07-13 19:00:00+00:00,61.0,23.46,57.0,17.14,1.59
1990-07-13 20:00:00+00:00,1.0,0.0,1.0,16.55,0.9
1990-07-13 21:00:00+00:00,0.0,0.0,0.0,15.38,1.38
1990-07-13 22:00:00+00:00,0.0,0.0,0.0,14.96,2.0
1990-07-13 23:00:00+00:00,0.0,0.0,0.0,14.81,2.41
1990-07-14 00:00:00+00:00,0.0,0.0,0.0,14.74,2.69
1990-07-14 01:00:00+00:00,0.0,0.0,0.0,14.6,2.76
1990-07-14 02:00:00+00:00,0.0,0.0,0.0,14.4,2.76
1990-07-14 03:00:00+00:00,0.0,0.0,0.0,13.94,2.76
1990-07-14 04:00:00+00:00,0.0,0.0,0.0,13.62,2.9
1990-07-14 05:00:00+00:00,15.0,0.0,15.0,13.69,3.1
1990-07-14 06:00:00+00:00,50.0,0.0,50.0,14.28,3.24
1990-07-14 07:00:00+00:00,78.0,0.0,78.0,15.03,3.93
1990-07-14 08:00:00+00:00,249.0,30.35,232.0,15.44,5.17
1990-07-14 09:00:00+00:00,239.0,4.43,236.0,15.7,5.24
1990-07-14 10:00:00+00:00,228.0,0.0,228.0,15.56,5.79
1990-07-14 11:00:00+00:00,258.0,0.0,258.0,15.42,5.93
1990-07-14 12:00:00+00:00,202.0,0.0,202.0,15.06,6.83
1990-07-14 13:00:00+00:00,128.0,0.0,128.0,15.16,6.9
1990-07-14 14:00:00+00:00,84.0,0.0,84.0,15.42,6.69
1990-07-14 15:00:00+00:00,68.0,0.0,68.0,15.35,7.52
1990-07-14 16:00:00+00:00,95.0,0.0,95.0,15.53,7.66
1990-07-14 17:00:00+00:00,111.0,0.0,111.0,15.91,7.24
1990-07-14 18:00:00+00:00,114.0,16.0,109.0,16.48,6.07
1990-07-14 19:00:00+00:00,37.0,0.0,37.0,16.98,5.66
1990-07-14 20:00:00+00:00,1.0,0.0,1.0,17.36,5.45
1990-07-14 21:00:00+00:00,0.0,0.0,0.0,16.97,5.45
1990-07-14 22:00:00+00:00,0.0,0.0,0.0,16.23,5.24
1990-07-14 23:00:00+00:00,0.0,0.0,0.0,15.45,4.97
1990-07-15 00:00:00+00:00,0.0,0.0,0.0,14.74,4.76
1990-07-15 01:00:00+00:00,0.0,0.0,0.0,14.33,4.62
1990-07-15 02:00:00+00:00,0.0,0.0,0.0,14.29,4.62
1990-07-15 03:00:00+00:00,0.0,0.0,0.0,14.26,4.55
1990-07-15 04:00:00+00:00,0.0,0.0,0.0,14.33,4.62
1990-07-15 05:00:00+00:00,35.0,7.36,34.0,14.38,4.76
1990-07-15 06:00:00+00:00,220.0,491.29,83.0,14.87,4.97
1990-07-15 07:00:00+00:00,249.0,139.53,190.0,15.51,5.31
1990-07-15 08:00:00+00:00,299.0,78.84,255.0,16.0,5.38
1990-07-15 09:00:00+00:00,510.0,316.83,296.0,16.62,6.14
1990-07-15 10:00:00+00:00,664.0,503.37,278.0,17.02,6.69
1990-07-15 11:00:00+00:00,634.0,313.54,375.0,17.65,6.83
1990-07-15 12:00:00+00:00,752.0,532.34,300.0,17.81,7.24
1990-07-15 13:00:00+00:00,676.0,384.73,355.0,18.05,7.1
1990-07-15 14:00:00+00:00,197.0,0.0,197.0,18.21,7.59
1990-07-15 15:00:00+00:00,195.0,0.0,195.0,17.55,7.52
1990-07-15 16:00:00+00:00,114.0,0.0,114.0,16.15,6.9
1990-07-15 17:00:00+00:00,143.0,2.2,142.0,15.89,6.55
1990-07-15 18:00:00+00:00,122.0,22.52,115.0,15.61,7.17
1990-07-15 19:00:00+00:00,10.0,0.0,10.0,16.12,6.62
1990-07-15 20:00:00+00:00,1.0,0.0,1.0,15.42,6.55
1990-07-15 21:00:00+00:00,0.0,0.0,0.0,15.09,6.83
1990-07-15 22:00:00+00:00,0.0,0.0,0.0,14.86,7.31
1990-07-15 23:00:00+00:00,0.0,0.0,0.0,14.65,7.79
1990-07-16 00:00:00+00:00,0.0,0.0,0.0,14.39,7.86
1990-07-16 01:00:00+00:00,0.0,0.0,0.0,14.24,7.86
1990-07-16 02:00:00+00:00,0.0,0.0,0.0,14.16,7.79
1990-07-16 03:00:00+00:00,0.0,0.0,0.0,13.99,7.52
1990-07-16 04:00:00+00:00,0.0,0.0,0.0,13.8,7.31
1990-07-16 05:00:00+00:00,8.0,0.0,8.0,13.67,7.17
1990-07-16 06:00:00+00:00,20.0,0.0,20.0,13.81,6.76
1990-07-16 07:00:00+00:00,61.0,0.0,61.0,14.38,7.79
1990-07-16 08:00:00+00:00,171.0,1.8,170.0,15.02,7.66
1990-07-16 09:00:00+00:00,418.0,141.03,323.0,15.72,7.17
1990-07-16 10:00:00+00:00,540.0,231.33,363.0,16.22,7.17
1990-07-16 11:00:00+00:00,736.0,550.64,282.0,17.01,6.83
1990-07-16 12:00:00+00:00,706.0,425.9,345.0,17.44,6.41
1990-07-16 13:00:00+00:00,398.0,34.82,369.0,17.62,6.07
1990-07-16 14:00:00+00:00,126.0,0.0,126.0,17.7,6.0
1990-07-16 15:00:00+00:00,484.0,223.94,328.0,17.0,5.72
1990-07-16 16:00:00+00:00,407.0,241.32,266.0,16.21,5.03
1990-07-16 17:00:00+00:00,361.0,437.96,163.0,15.71,4.83
1990-07-16 18:00:00+00:00,125.0,25.89,117.0,15.89,4.07
1990-07-16 19:00:00+00:00,65.0,42.45,58.0,15.69,4.14
1990-07-16 20:00:00+00:00,3.0,0.0,3.0,14.83,3.45
1990-07-16 21:00:00+00:00,0.0,0.0,0.0,14.4,3.38
1990-07-16 22:00:00+00:00,0.0,0.0,0.0,13.86,3.17
1990-07-16 23:00:00+00:00,0.0,0.0,0.0,13.65,3.1
1990-07-17 00:00:00+00:00,0.0,0.0,0.0,13.39,3.24
1990-07-17 01:00:00+00:00,0.0,0.0,0.0,13.11,3.52
1990-07-17 02:00:00+00:00,0.0,0.0,0.0,12.78,3.59
1990-07-17 03:00:00+00:00,0.0,0.0,0.0,12.64,3.38
1990-07-17 04:00:00+00:00,0.0,0.0,0.0,12.32,3.03
1990-07-17 05:00:00+00:00,11.0,0.0,11.0,12.58,2.97
1990-07-17 06:00:00+00:00,55.0,0.0,55.0,13.07,3.31
1990-07-17 07:00:00+00:00,215.0,74.09,184.0,13.56,3.24
1990-07-17 08:00:00+00:00,309.0,93.86,257.0,14.19,3.24
1990-07-17 09:00:00+00:00,258.0,8.93,252.0,14.91,3.45
1990-07-17 10:00:00+00:00,474.0,133.61,372.0,15.61,3.66
1990-07-17 11:00:00+00:00,479.0,96.01,400.0,16.28,3.86
1990-07-17 12:00:00+00:00,672.0,353.4,373.0,16.87,4.0
1990-07-17 13:00:00+00:00,650.0,333.17,373.0,16.96,4.28
1990-07-17 14:00:00+00:00,615.0,352.6,340.0,17.2,4.76
1990-07-17 15:00:00+00:00,492.0,238.83,326.0,16.87,4.83
1990-07-17 16:00:00+00:00,539.0,679.65,143.0,17.18,4.55
1990-07-17 17:00:00+00:00,410.0,677.27,105.0,16.9,4.34
1990-07-17 18:00:00+00:00,250.0,520.93,90.0,16.11,3.66
1990-07-17 19:00:00+00:00,45.0,6.14,44.0,16.25,2.97
1990-07-17 20:00:00+00:00,2.0,0.0,2.0,15.66,2.28
1990-07-17 21:00:00+00:00,0.0,0.0,0.0,15.03,2.0
1990-07-17 22:00:00+00:00,0.0,0.0,0.0,14.45,1.93
1990-07-17 23:00:00+00:00,0.0,0.0,0.0,13.87,1.86
1990-07-18 00:00:00+00:00,0.0,0.0,0.0,13.24,1.93
1990-07-18 01:00:00+00:00,0.0,0.0,0.0,12.89,2.14
1990-07-18 02:00:00+00:00,0.0,0.0,0.0,12.57,2.21
1990-07-18 03:00:00+00:00,0.0,0.0,0.0,12.56,2.14
1990-07-18 04:00:00+00:00,0.0,0.0,0.0,12.75,2.07
1990-07-18 05:00:00+00:00,14.0,0.0,14.0,12.94,2.07
1990-07-18 06:00:00+00:00,103.0,22.09,97.0,13.47,2.0
1990-07-18 07:00:00+00:00,235.0,117.75,186.0,14.02,1.72
1990-07-18 08:00:00+00:00,235.0,23.55,222.0,14.47,2.07
1990-07-18 09:00:00+00:00,234.0,4.48,231.0,15.1,2.41
1990-07-18 10:00:00+00:00,141.0,0.0,141.0,15.42,2.76
1990-07-18 11:00:00+00:00,142.0,0.0,142.0,15.72,3.24
1990-07-18 12:00:00+00:00,215.0,0.0,215.0,15.64,3.59
1990-07-18 13:00:00+00:00,132.0,0.0,132.0,15.05,3.17
1990-07-18 14:00:00+00:00,199.0,0.0,199.0,15.06,3.17
1990-07-18 15:00:00+00:00,305.0,24.52,288.0,15.33,2.76
1990-07-18 16:00:00+00:00,79.0,0.0,79.0,15.13,2.48
1990-07-18 17:00:00+00:00,177.0,17.84,169.0,14.95,2.07
1990-07-18 18:00:00+00:00,125.0,29.5,116.0,14.93,2.14
1990-07-18 19:00:00+00:00,38.0,0.0,38.0,14.66,2.14
1990-07-18 20:00:00+00:00,1.0,0.0,1.0,14.48,2.28
1990-07-18 21:00:00+00:00,0.0,0.0,0.0,14.1,2.21
1990-07-18 22:00:00+00:00,0.0,0.0,0.0,13.96,2.07
1990-07-18 23:00:00+00:00,0.0,0.0,0.0,13.92,1.79
1990-07-19 00:00:00+00:00,0.0,0.0,0.0,13.69,1.17
1990-07-19 01:00:00+00:00,0.0,0.0,0.0,13.89,0.28
1990-07-19 02:00:00+00:00,0.0,0.0,0.0,13.63,0.83
1990-07-19 03:00:00+00:00,0.0,0.0,0.0,13.56,1.45
1990-07-19 04:00:00+00:00,0.0,0.0,0.0,13.54,1.79
1990-07-19 05:00:00+00:00,69.0,175.16,47.0,13.68,2.34
1990-07-19 06:00:00+00:00,71.0,0.0,71.0,14.16,2.69
1990-07-19 07:00:00+00:00,175.0,29.0,163.0,14.58,3.45
1990-07-19 08:00:00+00:00,321.0,118.24,256.0,15.23,3.66
1990-07-19 09:00:00+00:00,422.0,151.25,321.0,15.72,3.93
1990-07-19 10:00:00+00:00,647.0,472.53,288.0,16.56,4.28
1990-07-19 11:00:00+00:00,729.0,540.61,286.0,17.12,4.76
1990-07-19 12:00:00+00:00,818.0,729.71,203.0,16.89,5.31
1990-07-19 13:00:00+00:00,842.0,852.44,136.0,17.28,5.45
1990-07-19 14:00:00+00:00,765.0,782.82,157.0,17.28,5.59
1990-07-19 15:00:00+00:00,686.0,812.47,124.0,17.16,5.59
1990-07-19 16:00:00+00:00,556.0,759.79,116.0,16.87,5.45
1990-07-19 17:00:00+00:00,409.0,692.0,100.0,16.42,5.1
1990-07-19 18:00:00+00:00,261.0,613.83,75.0,15.86,4.76
1990-07-19 19:00:00+00:00,90.0,183.14,61.0,15.44,3.93
1990-07-19 20:00:00+00:00,0.0,0.0,0.0,14.65,3.45
1990-07-19 21:00:00+00:00,0.0,0.0,0.0,13.86,3.1
1990-07-19 22:00:00+00:00,0.0,0.0,0.0,13.36,2.97
1990-07-19 23:00:00+00:00,0.0,0.0,0.0,12.97,2.9
1990-07-20 00:00:00+00:00,0.0,0.0,0.0,12.77,2.83
1990-07-20 01:00:00+00:00,0.0,0.0,0.0,12.4,2.83
1990-07-20 02:00:00+00:00,0.0,0.0,0.0,12.21,2.83
1990-07-20 03:00:00+00:00,0.0,0.0,0.0,12.06,2.83
1990-07-20 04:00:00+00:00,0.0,0.0,0.0,11.8,2.83
1990-07-20 05:00:00+00:00,29.0,0.0,29.0,12.02,2.69
1990-07-20 06:00:00+00:00,112.0,37.52,102.0,12.92,2.41
1990-07-20 07:00:00+00:00,237.0,123.97,186.0,14.25,2.69
1990-07-20 08:00:00+00:00,379.0,233.78,251.0,14.85,3.17
1990-07-20 09:00:00+00:00,634.0,710.54,161.0,15.22,3.45
1990-07-20 10:00:00+00:00,644.0,457.89,297.0,15.7,3.79
1990-07-20 11:00:00+00:00,768.0,644.54,241.0,16.04,4.21
1990-07-20 12:00:00+00:00,857.0,844.16,147.0,16.26,4.34
1990-07-20 13:00:00+00:00,830.0,810.64,160.0,16.42,4.34
1990-07-20 14:00:00+00:00,775.0,809.08,148.0,16.53,4.48
1990-07-20 15:00:00+00:00,676.0,776.89,140.0,16.35,4.55
1990-07-20 16:00:00+00:00,545.0,713.78,133.0,15.99,4.41
1990-07-20 17:00:00+00:00,395.0,618.69,120.0,15.67,4.28
1990-07-20 18:00:00+00:00,227.0,395.61,108.0,15.22,4.07
1990-07-20 19:00:00+00:00,80.0,121.83,61.0,15.01,3.93
1990-07-20 20:00:00+00:00,0.0,0.0,0.0,14.3,3.24
1990-07-20 21:00:00+00:00,0.0,0.0,0.0,13.67,2.9
1990-07-20 22:00:00+00:00,0.0,0.0,0.0,13.21,2.76
1990-07-20 23:00:00+00:00,0.0,0.0,0.0,12.81,2.69
1990-07-21 00:00:00+00:00,0.0,0.0,0.0,12.63,2.55
1990-07-21 01:00:00+00:00,0.0,0.0,0.0,12.29,2.62
1990-07-21 02:00:00+00:00,0.0,0.0,0.0,12.18,2.9
1990-07-21 03:00:00+00:00,0.0,0.0,0.0,12.37,3.1
1990-07-21 04:00:00+00:00,0.0,0.0,0.0,12.38,3.1
1990-07-21 05:00:00+00:00,7.0,0.0,7.0,12.25,2.97
1990-07-21 06:00:00+00:00,80.0,3.79,79.0,12.71,3.03
1990-07-21 07:00:00+00:00,77.0,0.0,77.0,12.9,3.59
1990-07-21 08:00:00+00:00,270.0,55.02,240.0,12.97,3.93
1990-07-21 09:00:00+00:00,430.0,171.79,316.0,13.51,4.14
1990-07-21 10:00:00+00:00,579.0,320.17,337.0,14.22,4.28
1990-07-21 11:00:00+00:00,688.0,449.87,321.0,14.77,4.28
1990-07-21 12:00:00+00:00,742.0,530.22,297.0,15.08,4.21
1990-07-21 13:00:00+00:00,727.0,527.44,292.0,15.57,4.21
1990-07-21 14:00:00+00:00,634.0,412.59,315.0,16.08,4.21
1990-07-21 15:00:00+00:00,595.0,515.95,240.0,16.43,4.34
1990-07-21 16:00:00+00:00,436.0,337.26,242.0,16.06,4.76
1990-07-21 17:00:00+00:00,251.0,115.29,200.0,15.83,4.55
1990-07-21 18:00:00+00:00,110.0,16.75,105.0,15.38,4.07
1990-07-21 19:00:00+00:00,29.0,0.0,29.0,15.27,3.31
1990-07-21 20:00:00+00:00,0.0,0.0,0.0,14.74,2.41
1990-07-21 21:00:00+00:00,0.0,0.0,0.0,14.28,2.14
1990-07-21 22:00:00+00:00,0.0,0.0,0.0,13.74,2.28
1990-07-21 23:00:00+00:00,0.0,0.0,0.0,13.61,2.55
1990-07-22 00:00:00+00:00,0.0,0.0,0.0,13.47,2.76
1990-07-22 01:00:00+00:00,0.0,0.0,0.0,13.32,3.03
1990-07-22 02:00:00+00:00,0.0,0.0,0.0,13.25,3.17
1990-07-22 03:00:00+00:00,0.0,0.0,0.0,13.29,3.52
1990-07-22 04:00:00+00:00,0.0,0.0,0.0,13.36,3.66
1990-07-22 05:00:00+00:00,13.0,0.0,13.0,13.36,3.31
1990-07-22 06:00:00+00:00,18.0,0.0,18.0,13.53,3.1
1990-07-22 07:00:00+00:00,104.0,0.0,104.0,13.96,3.17
1990-07-22 08:00:00+00:00,108.0,0.0,108.0,14.33,3.38
1990-07-22 09:00:00+00:00,197.0,0.0,197.0,14.73,3.52
1990-07-22 10:00:00+00:00,125.0,0.0,125.0,15.14,3.66
1990-07-22 11:00:00+00:00,208.0,0.0,208.0,15.47,3.93
1990-07-22 12:00:00+00:00,225.0,0.0,225.0,15.76,4.55
1990-07-22 13:00:00+00:00,229.0,0.0,229.0,16.2,4.62
1990-07-22 14:00:00+00:00,257.0,2.59,255.0,16.35,3.93
1990-07-22 15:00:00+00:00,217.0,1.46,216.0,16.52,3.17
1990-07-22 16:00:00+00:00,167.0,0.0,167.0,16.62,2.97
1990-07-22 17:00:00+00:00,134.0,2.27,133.0,16.79,2.9
1990-07-22 18:00:00+00:00,90.0,3.38,89.0,16.91,2.55
1990-07-22 19:00:00+00:00,15.0,0.0,15.0,17.71,2.07
1990-07-22 20:00:00+00:00,0.0,0.0,0.0,17.06,2.48
1990-07-22 21:00:00+00:00,0.0,0.0,0.0,16.43,3.03
1990-07-22 22:00:00+00:00,0.0,0.0,0.0,16.12,3.38
1990-07-22 23:00:00+00:00,0.0,0.0,0.0,15.92,3.24
1990-07-23 00:00:00+00:00,0.0,0.0,0.0,15.83,2.9
1990-07-23 01:00:00+00:00,0.0,0.0,0.0,15.78,2.9
1990-07-23 02:00:00+00:00,0.0,0.0,0.0,15.72,3.24
1990-07-23 03:00:00+00:00,0.0,0.0,0.0,15.66,3.59
1990-07-23 04:00:00+00:00,0.0,0.0,0.0,15.6,3.86
1990-07-23 05:00:00+00:00,22.0,0.0,22.0,15.48,4.21
1990-07-23 06:00:00+00:00,99.0,23.22,93.0,15.38,4.62
1990-07-23 07:00:00+00:00,177.0,37.14,162.0,15.54,4.34
1990-07-23 08:00:00+00:00,303.0,105.45,246.0,15.85,4.34
1990-07-23 09:00:00+00:00,227.0,4.55,224.0,16.28,4.69
1990-07-23 10:00:00+00:00,129.0,0.0,129.0,16.79,4.41
1990-07-23 11:00:00+00:00,190.0,0.0,190.0,16.9,3.72
1990-07-23 12:00:00+00:00,184.0,0.0,184.0,17.05,3.45
1990-07-23 13:00:00+00:00,206.0,0.0,206.0,17.19,2.48
1990-07-23 14:00:00+00:00,128.0,0.0,128.0,16.97,1.45
1990-07-23 15:00:00+00:00,259.0,8.77,253.0,16.56,2.0
1990-07-23 16:00:00+00:00,131.0,0.0,131.0,16.17,3.31
1990-07-23 17:00:00+00:00,75.0,0.0,75.0,15.7,4.14
1990-07-23 18:00:00+00:00,58.0,0.0,58.0,15.11,4.55
1990-07-23 19:00:00+00:00,9.0,0.0,9.0,14.92,4.62
1990-07-23 20:00:00+00:00,0.0,0.0,0.0,14.41,4.76
1990-07-23 21:00:00+00:00,0.0,0.0,0.0,13.94,4.69
1990-07-23 22:00:00+00:00,0.0,0.0,0.0,13.59,4.28
1990-07-23 23:00:00+00:00,0.0,0.0,0.0,13.3,3.79
1990-07-24 00:00:00+00:00,0.0,0.0,0.0,13.03,3.38
1990-07-24 01:00:00+00:00,0.0,0.0,0.0,12.8,3.24
1990-07-24 02:00:00+00:00,0.0,0.0,0.0,12.46,3.17
1990-07-24 03:00:00+00:00,0.0,0.0,0.0,12.13,3.31
1990-07-24 04:00:00+00:00,0.0,0.0,0.0,11.67,3.31
1990-07-24 05:00:00+00:00,28.0,0.0,28.0,11.37,3.24
1990-07-24 06:00:00+00:00,166.0,242.54,104.0,11.68,3.03
1990-07-24 07:00:00+00:00,370.0,705.33,87.0,12.67,3.93
1990-07-24 08:00:00+00:00,502.0,704.31,123.0,13.31,3.86
1990-07-24 09:00:00+00:00,615.0,675.85,171.0,14.33,3.72
1990-07-24 10:00:00+00:00,591.0,350.84,328.0,15.04,3.59
1990-07-24 11:00:00+00:00,447.0,74.09,387.0,15.72,3.59
1990-07-24 12:00:00+00:00,766.0,596.26,269.0,16.19,3.93
1990-07-24 13:00:00+00:00,479.0,96.46,400.0,16.42,4.21
1990-07-24 14:00:00+00:00,548.0,235.89,367.0,16.51,4.34
1990-07-24 15:00:00+00:00,571.0,450.2,264.0,16.09,4.69
1990-07-24 16:00:00+00:00,525.0,666.43,146.0,15.87,4.62
1990-07-24 17:00:00+00:00,300.0,250.37,191.0,15.65,4.48
1990-07-24 18:00:00+00:00,233.0,494.93,89.0,15.26,4.41
1990-07-24 19:00:00+00:00,98.0,337.12,49.0,14.7,4.0
1990-07-24 20:00:00+00:00,0.0,0.0,0.0,13.97,3.59
1990-07-24 21:00:00+00:00,0.0,0.0,0.0,13.2,3.45
1990-07-24 22:00:00+00:00,0.0,0.0,0.0,12.71,3.24
1990-07-24 23:00:00+00:00,0.0,0.0,0.0,12.3,3.1
1990-07-25 00:00:00+00:00,0.0,0.0,0.0,12.0,3.03
1990-07-25 01:00:00+00:00,0.0,0.0,0.0,11.83,2.97
1990-07-25 02:00:00+00:00,0.0,0.0,0.0,11.7,3.03
1990-07-25 03:00:00+00:00,0.0,0.0,0.0,11.36,3.1
1990-07-25 04:00:00+00:00,0.0,0.0,0.0,11.29,3.1
1990-07-25 05:00:00+00:00,44.0,64.71,37.0,11.47,2.97
1990-07-25 06:00:00+00:00,95.0,19.78,90.0,12.21,2.76
1990-07-25 07:00:00+00:00,212.0,90.32,176.0,13.14,2.9
1990-07-25 08:00:00+00:00,373.0,244.57,242.0,14.02,3.79
1990-07-25 09:00:00+00:00,220.0,3.06,218.0,14.59,4.28
1990-07-25 10:00:00+00:00,395.0,61.54,349.0,15.02,4.76
1990-07-25 11:00:00+00:00,712.0,519.95,292.0,15.49,5.1
1990-07-25 12:00:00+00:00,675.0,380.04,359.0,15.82,5.31
1990-07-25 13:00:00+00:00,713.0,499.41,305.0,16.25,5.45
1990-07-25 14:00:00+00:00,709.0,627.29,229.0,16.39,5.59
1990-07-25 15:00:00+00:00,669.0,792.98,130.0,16.18,5.72
1990-07-25 16:00:00+00:00,537.0,730.99,123.0,15.92,5.66
1990-07-25 17:00:00+00:00,387.0,644.6,108.0,15.66,5.31
1990-07-25 18:00:00+00:00,241.0,562.03,79.0,15.36,4.9
1990-07-25 19:00:00+00:00,75.0,147.43,54.0,15.13,3.72
1990-07-25 20:00:00+00:00,0.0,0.0,0.0,14.58,3.03
1990-07-25 21:00:00+00:00,0.0,0.0,0.0,13.89,2.69
1990-07-25 22:00:00+00:00,0.0,0.0,0.0,13.35,2.62
1990-07-25 23:00:00+00:00,0.0,0.0,0.0,12.9,2.55
1990-07-26 00:00:00+00:00,0.0,0.0,0.0,12.5,2.48
1990-07-26 01:00:00+00:00,0.0,0.0,0.0,12.38,2.55
1990-07-26 02:00:00+00:00,0.0,0.0,0.0,12.4,2.48
1990-07-26 03:00:00+00:00,0.0,0.0,0.0,12.07,2.41
1990-07-26 04:00:00+00:00,0.0,0.0,0.0,11.63,2.55
1990-07-26 05:00:00+00:00,50.0,114.2,38.0,11.6,2.55
1990-07-26 06:00:00+00:00,188.0,428.25,81.0,12.66,2.41
1990-07-26 07:00:00+00:00,297.0,366.3,152.0,14.29,2.97
1990-07-26 08:00:00+00:00,369.0,245.73,238.0,15.62,3.03
1990-07-26 09:00:00+00:00,635.0,784.95,123.0,16.8,2.97
1990-07-26 10:00:00+00:00,682.0,622.63,218.0,17.74,2.97
1990-07-26 11:00:00+00:00,568.0,228.39,384.0,18.52,3.38
1990-07-26 12:00:00+00:00,510.0,126.6,405.0,19.05,3.93
1990-07-26 13:00:00+00:00,247.0,0.0,247.0,19.11,4.41
1990-07-26 14:00:00+00:00,152.0,0.0,152.0,18.29,4.48
1990-07-26 15:00:00+00:00,112.0,0.0,112.0,16.8,4.07
1990-07-26 16:00:00+00:00,85.0,0.0,85.0,15.8,4.55
1990-07-26 17:00:00+00:00,41.0,0.0,41.0,15.18,5.03
1990-07-26 18:00:00+00:00,34.0,0.0,34.0,14.93,5.17
1990-07-26 19:00:00+00:00,8.0,0.0,8.0,14.76,5.03
1990-07-26 20:00:00+00:00,0.0,0.0,0.0,14.74,4.9
1990-07-26 21:00:00+00:00,0.0,0.0,0.0,14.84,4.76
1990-07-26 22:00:00+00:00,0.0,0.0,0.0,15.06,4.76
1990-07-26 23:00:00+00:00,0.0,0.0,0.0,15.31,4.41
1990-07-27 00:00:00+00:00,0.0,0.0,0.0,15.53,3.72
1990-07-27 01:00:00+00:00,0.0,0.0,0.0,15.66,2.97
1990-07-27 02:00:00+00:00,0.0,0.0,0.0,15.85,2.62
1990-07-27 03:00:00+00:00,0.0,0.0,0.0,16.07,2.83
1990-07-27 04:00:00+00:00,0.0,0.0,0.0,16.28,3.24
1990-07-27 05:00:00+00:00,10.0,0.0,10.0,16.37,3.52
1990-07-27 06:00:00+00:00,66.0,0.0,66.0,16.51,3.72
1990-07-27 07:00:00+00:00,133.0,7.63,130.0,16.92,3.86
1990-07-27 08:00:00+00:00,255.0,50.89,228.0,17.19,4.69
1990-07-27 09:00:00+00:00,221.0,3.08,219.0,17.36,4.41
1990-07-27 10:00:00+00:00,243.0,1.35,242.0,17.42,4.55
1990-07-27 11:00:00+00:00,314.0,9.96,306.0,17.85,4.9
1990-07-27 12:00:00+00:00,577.0,220.02,395.0,18.23,4.76
1990-07-27 13:00:00+00:00,544.0,188.27,391.0,18.63,4.69
1990-07-27 14:00:00+00:00,411.0,73.61,355.0,19.04,4.62
1990-07-27 15:00:00+00:00,354.0,66.66,309.0,19.04,4.07
1990-07-27 16:00:00+00:00,319.0,106.88,259.0,18.9,3.24
1990-07-27 17:00:00+00:00,191.0,39.77,174.0,18.73,2.76
1990-07-27 18:00:00+00:00,86.0,3.54,85.0,18.4,2.34
1990-07-27 19:00:00+00:00,35.0,0.0,35.0,18.35,1.79
1990-07-27 20:00:00+00:00,0.0,0.0,0.0,17.8,1.31
1990-07-27 21:00:00+00:00,0.0,0.0,0.0,17.19,1.17
1990-07-27 22:00:00+00:00,0.0,0.0,0.0,16.47,1.52
1990-07-27 23:00:00+00:00,0.0,0.0,0.0,16.23,1.93
1990-07-28 00:00:00+00:00,0.0,0.0,0.0,15.77,2.14
1990-07-28 01:00:00+00:00,0.0,0.0,0.0,15.78,2.21
1990-07-28 02:00:00+00:00,0.0,0.0,0.0,15.63,2.21
1990-07-28 03:00:00+00:00,0.0,0.0,0.0,15.5,2.28
1990-07-28 04:00:00+00:00,0.0,0.0,0.0,15.34,2.34
1990-07-28 05:00:00+00:00,21.0,0.0,21.0,15.26,2.41
1990-07-28 06:00:00+00:00,119.0,82.01,99.0,15.73,2.62
1990-07-28 07:00:00+00:00,256.0,220.36,170.0,16.58,3.59
1990-07-28 08:00:00+00:00,341.0,183.75,244.0,17.21,3.79
1990-07-28 09:00:00+00:00,492.0,327.47,280.0,18.07,4.07
1990-07-28 10:00:00+00:00,471.0,151.23,359.0,18.81,4.21
1990-07-28 11:00:00+00:00,504.0,139.8,392.0,19.36,4.14
1990-07-28 12:00:00+00:00,715.0,494.56,307.0,19.71,4.28
1990-07-28 13:00:00+00:00,583.0,243.09,386.0,20.14,4.21
1990-07-28 14:00:00+00:00,629.0,429.85,303.0,20.58,3.52
1990-07-28 15:00:00+00:00,573.0,492.13,242.0,20.49,2.69
1990-07-28 16:00:00+00:00,198.0,5.37,195.0,20.05,2.21
1990-07-28 17:00:00+00:00,134.0,2.35,133.0,19.76,2.48
1990-07-28 18:00:00+00:00,36.0,0.0,36.0,19.04,2.55
1990-07-28 19:00:00+00:00,32.0,0.0,32.0,18.26,2.9
1990-07-28 20:00:00+00:00,0.0,0.0,0.0,17.61,3.03
1990-07-28 21:00:00+00:00,0.0,0.0,0.0,17.03,3.24
1990-07-28 22:00:00+00:00,0.0,0.0,0.0,16.44,3.45
1990-07-28 23:00:00+00:00,0.0,0.0,0.0,15.91,3.59
1990-07-29 00:00:00+00:00,0.0,0.0,0.0,15.45,3.59
1990-07-29 01:00:00+00:00,0.0,0.0,0.0,15.03,3.59
1990-07-29 02:00:00+00:00,0.0,0.0,0.0,14.89,3.52
1990-07-29 03:00:00+00:00,0.0,0.0,0.0,14.85,3.52
1990-07-29 04:00:00+00:00,0.0,0.0,0.0,14.58,3.79
1990-07-29 05:00:00+00:00,16.0,0.0,16.0,14.47,4.21
1990-07-29 06:00:00+00:00,65.0,0.0,65.0,14.75,3.86
1990-07-29 07:00:00+00:00,244.0,188.43,171.0,15.23,3.72
1990-07-29 08:00:00+00:00,467.0,611.16,146.0,15.87,4.34
1990-07-29 09:00:00+00:00,614.0,730.37,143.0,16.5,4.55
1990-07-29 10:00:00+00:00,376.0,52.83,337.0,17.41,5.1
1990-07-29 11:00:00+00:00,537.0,184.02,390.0,18.07,5.59
1990-07-29 12:00:00+00:00,560.0,192.06,402.0,18.59,5.93
1990-07-29 13:00:00+00:00,695.0,482.64,305.0,18.63,6.07
1990-07-29 14:00:00+00:00,737.0,760.59,162.0,18.62,6.28
1990-07-29 15:00:00+00:00,599.0,580.56,210.0,18.74,6.14
1990-07-29 16:00:00+00:00,318.0,106.11,259.0,18.48,5.86
1990-07-29 17:00:00+00:00,244.0,125.66,191.0,18.14,6.0
1990-07-29 18:00:00+00:00,194.0,318.38,106.0,17.62,5.59
1990-07-29 19:00:00+00:00,18.0,0.0,18.0,16.89,4.76
1990-07-29 20:00:00+00:00,0.0,0.0,0.0,16.33,4.48
1990-07-29 21:00:00+00:00,0.0,0.0,0.0,15.85,4.34
1990-07-29 22:00:00+00:00,0.0,0.0,0.0,15.4,4.14
1990-07-29 23:00:00+00:00,0.0,0.0,0.0,15.09,4.28
1990-07-30 00:00:00+00:00,0.0,0.0,0.0,14.86,4.62
1990-07-30 01:00:00+00:00,0.0,0.0,0.0,14.63,5.17
1990-07-30 02:00:00+00:00,0.0,0.0,0.0,14.23,5.31
1990-07-30 03:00:00+00:00,0.0,0.0,0.0,13.9,5.52
1990-07-30 04:00:00+00:00,0.0,0.0,0.0,13.8,5.59
1990-07-30 05:00:00+00:00,16.0,0.0,16.0,13.95,5.72
1990-07-30 06:00:00+00:00,133.0,143.03,99.0,14.28,5.86
1990-07-30 07:00:00+00:00,208.0,101.43,169.0,14.73,6.07
1990-07-30 08:00:00+00:00,322.0,151.19,243.0,15.44,7.24
1990-07-30 09:00:00+00:00,482.0,309.81,283.0,16.21,7.45
1990-07-30 10:00:00+00:00,490.0,184.84,354.0,16.62,7.38
1990-07-30 11:00:00+00:00,435.0,72.82,377.0,17.48,6.97
1990-07-30 12:00:00+00:00,299.0,4.88,295.0,18.01,6.69
1990-07-30 13:00:00+00:00,275.0,2.48,273.0,17.99,6.28
1990-07-30 14:00:00+00:00,262.0,2.65,260.0,18.03,5.86
1990-07-30 15:00:00+00:00,242.0,5.99,238.0,17.62,5.24
1990-07-30 16:00:00+00:00,101.0,0.0,101.0,17.11,4.41
1990-07-30 17:00:00+00:00,63.0,0.0,63.0,16.52,2.97
1990-07-30 18:00:00+00:00,37.0,0.0,37.0,16.11,3.45
1990-07-30 19:00:00+00:00,8.0,0.0,8.0,15.87,3.24
1990-07-30 20:00:00+00:00,0.0,0.0,0.0,15.89,3.59
1990-07-30 21:00:00+00:00,0.0,0.0,0.0,16.05,4.0
1990-07-30 22:00:00+00:00,0.0,0.0,0.0,16.16,4.41
1990-07-30 23:00:00+00:00,0.0,0.0,0.0,16.26,4.41
1990-07-31 00:00:00+00:00,0.0,0.0,0.0,16.35,4.21
1990-07-31 01:00:00+00:00,0.0,0.0,0.0,16.53,4.07
1990-07-31 02:00:00+00:00,0.0,0.0,0.0,16.59,4.07
1990-07-31 03:00:00+00:00,0.0,0.0,0.0,16.61,4.28
1990-07-31 04:00:00+00:00,0.0,0.0,0.0,16.5,4.34
1990-07-31 05:00:00+00:00,8.0,0.0,8.0,16.33,4.28
1990-07-31 06:00:00+00:00,16.0,0.0,16.0,16.26,4.48
1990-07-31 07:00:00+00:00,59.0,0.0,59.0,16.65,4.07
1990-07-31 08:00:00+00:00,81.0,0.0,81.0,16.82,4.21
1990-07-31 09:00:00+00:00,77.0,0.0,77.0,16.78,4.0
1990-07-31 10:00:00+00:00,144.0,0.0,144.0,17.34,5.17
1990-07-31 11:00:00+00:00,105.0,0.0,105.0,16.98,5.1
1990-07-31 12:00:00+00:00,73.0,0.0,73.0,16.44,5.17
1990-07-31 13:00:00+00:00,138.0,0.0,138.0,15.78,5.52
1990-07-31 14:00:00+00:00,92.0,0.0,92.0,15.64,4.83
1990-07-31 15:00:00+00:00,286.0,22.57,271.0,15.36,5.45
1990-07-31 16:00:00+00:00,182.0,3.63,180.0,15.08,5.36
1990-07-31 17:00:00+00:00,223.0,93.82,184.0,15.08,5.35
1990-07-31 18:00:00+00:00,40.0,0.0,40.0,15.08,5.33
1990-07-31 19:00:00+00:00,43.0,32.55,39.0,15.09,5.32
1990-07-31 20:00:00+00:00,0.0,0.0,0.0,15.09,5.31
1990-07-31 21:00:00+00:00,0.0,0.0,0.0,15.09,5.3
1990-07-31 22:00:00+00:00,0.0,0.0,0.0,15.09,5.29
1990-07-31 23:00:00+00:00,0.0,0.0,0.0,15.1,5.28
1990-08-01 00:00:00+00:00,0.0,0.0,0.0,15.1,5.27
1990-08-01 01:00:00+00:00,0.0,0.0,0.0,15.1,5.26
1990-08-01 02:00:00+00:00,0.0,0.0,0.0,15.1,5.25
1990-08-01 03:00:00+00:00,0.0,0.0,0.0,15.1,5.24
1990-08-01 04:00:00+00:00,0.0,0.0,0.0,15.11,5.23
1990-08-01 05:00:00+00:00,7.0,0.0,7.0,15.11,5.22
1990-08-01 06:00:00+00:00,47.0,0.0,47.0,15.11,5.21
1990-08-01 07:00:00+00:00,53.0,0.0,53.0,15.11,5.2
1990-08-01 08:00:00+00:00,127.0,0.0,127.0,16.0,6.41
1990-08-01 09:00:00+00:00,215.0,3.15,213.0,16.85,7.38
1990-08-01 10:00:00+00:00,104.0,0.0,104.0,17.95,8.55
1990-08-01 11:00:00+00:00,169.0,0.0,169.0,18.8,8.34
1990-08-01 12:00:00+00:00,546.0,189.46,392.0,19.09,7.66
1990-08-01 13:00:00+00:00,244.0,0.0,244.0,19.22,6.9
1990-08-01 14:00:00+00:00,127.0,0.0,127.0,19.51,6.69
1990-08-01 15:00:00+00:00,375.0,98.63,310.0,18.53,5.86
1990-08-01 16:00:00+00:00,510.0,729.37,113.0,18.25,5.79
1990-08-01 17:00:00+00:00,190.0,46.43,171.0,18.72,5.38
1990-08-01 18:00:00+00:00,78.0,3.8,77.0,18.4,4.76
1990-08-01 19:00:00+00:00,28.0,0.0,28.0,17.44,4.62
1990-08-01 20:00:00+00:00,0.0,0.0,0.0,16.64,4.14
1990-08-01 21:00:00+00:00,0.0,0.0,0.0,15.92,3.72
1990-08-01 22:00:00+00:00,0.0,0.0,0.0,14.96,3.38
1990-08-01 23:00:00+00:00,0.0,0.0,0.0,14.37,3.31
1990-08-02 00:00:00+00:00,0.0,0.0,0.0,13.96,3.31
1990-08-02 01:00:00+00:00,0.0,0.0,0.0,13.58,3.31
1990-08-02 02:00:00+00:00,0.0,0.0,0.0,13.34,3.31
1990-08-02 03:00:00+00:00,0.0,0.0,0.0,13.21,3.31
1990-08-02 04:00:00+00:00,0.0,0.0,0.0,13.05,3.24
1990-08-02 05:00:00+00:00,42.0,204.11,26.0,12.97,3.24
1990-08-02 06:00:00+00:00,177.0,502.59,64.0,13.21,3.1
1990-08-02 07:00:00+00:00,328.0,630.94,93.0,14.33,3.52
1990-08-02 08:00:00+00:00,420.0,459.7,185.0,15.2,3.66
1990-08-02 09:00:00+00:00,572.0,612.73,185.0,16.25,3.66
1990-08-02 10:00:00+00:00,565.0,339.09,319.0,17.1,3.66
1990-08-02 11:00:00+00:00,321.0,11.44,312.0,17.8,3.38
1990-08-02 12:00:00+00:00,270.0,1.23,269.0,18.24,3.52
1990-08-02 13:00:00+00:00,393.0,41.49,360.0,18.63,3.45
1990-08-02 14:00:00+00:00,624.0,444.29,294.0,18.97,3.03
1990-08-02 15:00:00+00:00,190.0,0.0,190.0,18.67,2.41
1990-08-02 16:00:00+00:00,245.0,31.42,228.0,18.19,2.76
1990-08-02 17:00:00+00:00,269.0,219.29,180.0,17.25,2.9
1990-08-02 18:00:00+00:00,24.0,0.0,24.0,16.82,2.21
1990-08-02 19:00:00+00:00,20.0,0.0,20.0,16.53,1.66
1990-08-02 20:00:00+00:00,0.0,0.0,0.0,15.69,2.0
1990-08-02 21:00:00+00:00,0.0,0.0,0.0,14.84,2.34
1990-08-02 22:00:00+00:00,0.0,0.0,0.0,14.22,2.48
1990-08-02 23:00:00+00:00,0.0,0.0,0.0,13.72,2.62
1990-08-03 00:00:00+00:00,0.0,0.0,0.0,13.29,2.69
1990-08-03 01:00:00+00:00,0.0,0.0,0.0,12.94,2.76
1990-08-03 02:00:00+00:00,0.0,0.0,0.0,12.46,2.97
1990-08-03 03:00:00+00:00,0.0,0.0,0.0,12.2,3.17
1990-08-03 04:00:00+00:00,0.0,0.0,0.0,11.93,3.31
1990-08-03 05:00:00+00:00,32.0,93.53,25.0,11.79,3.45
1990-08-03 06:00:00+00:00,108.0,85.78,89.0,12.27,3.45
1990-08-03 07:00:00+00:00,107.0,0.0,107.0,13.46,3.86
1990-08-03 08:00:00+00:00,420.0,474.17,179.0,14.49,4.28
1990-08-03 09:00:00+00:00,516.0,434.16,243.0,15.74,4.9
1990-08-03 10:00:00+00:00,434.0,117.6,349.0,16.7,4.62
1990-08-03 11:00:00+00:00,575.0,265.4,367.0,17.44,4.55
1990-08-03 12:00:00+00:00,717.0,541.15,280.0,18.28,4.69
1990-08-03 13:00:00+00:00,500.0,141.31,388.0,18.74,4.55
1990-08-03 14:00:00+00:00,390.0,62.17,344.0,19.15,4.48
1990-08-03 15:00:00+00:00,445.0,208.27,309.0,18.55,3.66
1990-08-03 16:00:00+00:00,296.0,91.1,247.0,18.38,3.24
1990-08-03 17:00:00+00:00,161.0,19.88,153.0,17.66,2.76
1990-08-03 18:00:00+00:00,133.0,101.67,107.0,16.86,2.76
1990-08-03 19:00:00+00:00,48.0,83.41,39.0,16.51,2.48
1990-08-03 20:00:00+00:00,0.0,0.0,0.0,15.77,2.83
1990-08-03 21:00:00+00:00,0.0,0.0,0.0,14.9,2.97
1990-08-03 22:00:00+00:00,0.0,0.0,0.0,14.35,3.1
1990-08-03 23:00:00+00:00,0.0,0.0,0.0,14.19,3.38
1990-08-04 00:00:00+00:00,0.0,0.0,0.0,13.84,3.59
1990-08-04 01:00:00+00:00,0.0,0.0,0.0,13.69,3.66
1990-08-04 02:00:00+00:00,0.0,0.0,0.0,13.57,3.79
1990-08-04 03:00:00+00:00,0.0,0.0,0.0,13.51,3.93
1990-08-04 04:00:00+00:00,0.0,0.0,0.0,13.4,3.93
1990-08-04 05:00:00+00:00,38.0,210.51,23.0,13.23,4.07
1990-08-04 06:00:00+00:00,88.0,36.67,80.0,13.58,4.07
1990-08-04 07:00:00+00:00,223.0,169.32,161.0,14.22,4.83
1990-08-04 08:00:00+00:00,360.0,277.08,220.0,14.85,4.48
1990-08-04 09:00:00+00:00,537.0,512.81,216.0,15.8,3.93
1990-08-04 10:00:00+00:00,333.0,30.56,311.0,16.8,3.72
1990-08-04 11:00:00+00:00,346.0,21.77,329.0,17.47,3.66
1990-08-04 12:00:00+00:00,205.0,0.0,205.0,18.07,3.52
1990-08-04 13:00:00+00:00,157.0,0.0,157.0,18.52,3.52
1990-08-04 14:00:00+00:00,284.0,8.14,278.0,18.96,3.03
1990-08-04 15:00:00+00:00,419.0,167.73,310.0,19.23,2.62
1990-08-04 16:00:00+00:00,60.0,0.0,60.0,18.68,2.55
1990-08-04 17:00:00+00:00,108.0,0.0,108.0,17.53,3.17
1990-08-04 18:00:00+00:00,140.0,134.95,106.0,16.76,2.21
1990-08-04 19:00:00+00:00,24.0,0.0,24.0,16.29,0.48
1990-08-04 20:00:00+00:00,0.0,0.0,0.0,15.63,1.1
1990-08-04 21:00:00+00:00,0.0,0.0,0.0,14.88,1.38
1990-08-04 22:00:00+00:00,0.0,0.0,0.0,13.79,1.79
1990-08-04 23:00:00+00:00,0.0,0.0,0.0,13.52,1.72
1990-08-05 00:00:00+00:00,0.0,0.0,0.0,12.9,1.66
1990-08-05 01:00:00+00:00,0.0,0.0,0.0,12.27,1.66
1990-08-05 02:00:00+00:00,0.0,0.0,0.0,11.78,1.66
1990-08-05 03:00:00+00:00,0.0,0.0,0.0,11.44,1.66
1990-08-05 04:00:00+00:00,0.0,0.0,0.0,11.02,1.38
1990-08-05 05:00:00+00:00,35.0,192.23,22.0,10.9,1.45
1990-08-05 06:00:00+00:00,142.0,288.73,80.0,11.91,1.24
1990-08-05 07:00:00+00:00,275.0,385.7,135.0,13.57,1.38
1990-08-05 08:00:00+00:00,374.0,324.54,211.0,14.63,1.59
1990-08-05 09:00:00+00:00,415.0,194.2,294.0,15.63,1.86
1990-08-05 10:00:00+00:00,358.0,47.41,324.0,16.55,1.66
1990-08-05 11:00:00+00:00,466.0,111.79,379.0,17.08,1.31
1990-08-05 12:00:00+00:00,89.0,0.0,89.0,17.58,0.97
1990-08-05 13:00:00+00:00,351.0,22.88,333.0,18.09,0.34
1990-08-05 14:00:00+00:00,181.0,0.0,181.0,18.08,0.69
1990-08-05 15:00:00+00:00,81.0,0.0,81.0,17.87,0.41
1990-08-05 16:00:00+00:00,69.0,0.0,69.0,17.2,1.31
1990-08-05 17:00:00+00:00,198.0,68.32,171.0,15.74,2.07
1990-08-05 18:00:00+00:00,192.0,463.58,77.0,15.24,1.38
1990-08-05 19:00:00+00:00,27.0,10.02,26.0,14.98,2.21
1990-08-05 20:00:00+00:00,0.0,0.0,0.0,14.34,2.07
1990-08-05 21:00:00+00:00,0.0,0.0,0.0,13.71,1.79
1990-08-05 22:00:00+00:00,0.0,0.0,0.0,13.44,1.66
1990-08-05 23:00:00+00:00,0.0,0.0,0.0,13.34,1.93
1990-08-06 00:00:00+00:00,0.0,0.0,0.0,13.18,2.34
1990-08-06 01:00:00+00:00,0.0,0.0,0.0,13.01,2.48
1990-08-06 02:00:00+00:00,0.0,0.0,0.0,12.88,2.55
1990-08-06 03:00:00+00:00,0.0,0.0,0.0,12.68,2.69
1990-08-06 04:00:00+00:00,0.0,0.0,0.0,12.79,2.9
1990-08-06 05:00:00+00:00,20.0,31.27,18.0,12.87,3.1
1990-08-06 06:00:00+00:00,112.0,123.06,86.0,13.2,3.45
1990-08-06 07:00:00+00:00,152.0,30.58,141.0,13.85,3.59
1990-08-06 08:00:00+00:00,381.0,354.58,204.0,14.51,3.66
1990-08-06 09:00:00+00:00,292.0,37.09,269.0,15.01,3.93
1990-08-06 10:00:00+00:00,271.0,7.0,266.0,15.24,4.41
1990-08-06 11:00:00+00:00,485.0,135.42,380.0,14.92,4.83
1990-08-06 12:00:00+00:00,833.0,908.53,107.0,15.53,4.48
1990-08-06 13:00:00+00:00,703.0,560.04,264.0,15.7,4.55
1990-08-06 14:00:00+00:00,622.0,470.75,278.0,15.88,4.55
1990-08-06 15:00:00+00:00,396.0,136.79,308.0,15.92,4.76
1990-08-06 16:00:00+00:00,380.0,278.62,233.0,15.94,5.1
1990-08-06 17:00:00+00:00,240.0,166.06,175.0,15.43,5.17
1990-08-06 18:00:00+00:00,53.0,0.0,53.0,15.08,4.9
1990-08-06 19:00:00+00:00,22.0,0.0,22.0,14.37,4.07
1990-08-06 20:00:00+00:00,0.0,0.0,0.0,13.85,3.52
1990-08-06 21:00:00+00:00,0.0,0.0,0.0,13.68,3.45
1990-08-06 22:00:00+00:00,0.0,0.0,0.0,13.65,3.72
1990-08-06 23:00:00+00:00,0.0,0.0,0.0,13.75,3.52
1990-08-07 00:00:00+00:00,0.0,0.0,0.0,13.72,3.03
1990-08-07 01:00:00+00:00,0.0,0.0,0.0,13.44,2.76
1990-08-07 02:00:00+00:00,0.0,0.0,0.0,13.34,2.55
1990-08-07 03:00:00+00:00,0.0,0.0,0.0,13.27,2.55
1990-08-07 04:00:00+00:00,0.0,0.0,0.0,13.22,2.69
1990-08-07 05:00:00+00:00,8.0,0.0,8.0,13.1,2.69
1990-08-07 06:00:00+00:00,57.0,4.81,56.0,13.6,2.76
1990-08-07 07:00:00+00:00,158.0,39.28,144.0,14.41,3.86
1990-08-07 08:00:00+00:00,163.0,4.03,161.0,15.18,4.14
1990-08-07 09:00:00+00:00,166.0,0.0,166.0,15.65,4.14
1990-08-07 10:00:00+00:00,269.0,7.03,264.0,15.72,4.21
1990-08-07 11:00:00+00:00,276.0,3.88,273.0,16.63,4.07
1990-08-07 12:00:00+00:00,749.0,660.68,223.0,17.02,4.0
1990-08-07 13:00:00+00:00,578.0,272.79,365.0,17.35,3.93
1990-08-07 14:00:00+00:00,700.0,728.47,170.0,17.75,3.59
1990-08-07 15:00:00+00:00,304.0,37.5,280.0,17.62,3.45
1990-08-07 16:00:00+00:00,389.0,314.88,224.0,17.08,3.52
1990-08-07 17:00:00+00:00,209.0,95.46,172.0,16.72,3.03
1990-08-07 18:00:00+00:00,90.0,20.83,85.0,16.31,2.48
1990-08-07 19:00:00+00:00,26.0,10.94,25.0,15.84,1.66
1990-08-07 20:00:00+00:00,0.0,0.0,0.0,15.08,1.17
1990-08-07 21:00:00+00:00,0.0,0.0,0.0,14.06,0.83
1990-08-07 22:00:00+00:00,0.0,0.0,0.0,14.22,0.69
1990-08-07 23:00:00+00:00,0.0,0.0,0.0,13.84,0.48
1990-08-08 00:00:00+00:00,0.0,0.0,0.0,13.47,0.21
1990-08-08 01:00:00+00:00,0.0,0.0,0.0,13.4,0.21
1990-08-08 02:00:00+00:00,0.0,0.0,0.0,13.01,0.48
1990-08-08 03:00:00+00:00,0.0,0.0,0.0,12.74,0.62
1990-08-08 04:00:00+00:00,0.0,0.0,0.0,11.84,0.83
1990-08-08 05:00:00+00:00,20.0,53.09,17.0,11.8,0.62
1990-08-08 06:00:00+00:00,115.0,156.65,83.0,12.01,0.41
1990-08-08 07:00:00+00:00,205.0,135.92,157.0,13.54,0.48
1990-08-08 08:00:00+00:00,354.0,279.96,216.0,14.72,0.55
1990-08-08 09:00:00+00:00,349.0,96.07,290.0,15.8,0.76
1990-08-08 10:00:00+00:00,587.0,429.09,283.0,16.93,1.45
1990-08-08 11:00:00+00:00,764.0,792.69,154.0,17.72,2.0
1990-08-08 12:00:00+00:00,800.0,830.87,141.0,18.04,2.48
1990-08-08 13:00:00+00:00,795.0,860.21,126.0,18.14,2.69
1990-08-08 14:00:00+00:00,747.0,885.02,106.0,18.34,2.76
1990-08-08 15:00:00+00:00,632.0,813.85,114.0,18.27,2.76
1990-08-08 16:00:00+00:00,496.0,743.79,109.0,18.02,2.9
1990-08-08 17:00:00+00:00,342.0,646.37,94.0,17.58,3.03
1990-08-08 18:00:00+00:00,156.0,267.06,93.0,16.98,2.76
1990-08-08 19:00:00+00:00,50.0,229.77,30.0,15.88,2.55
1990-08-08 20:00:00+00:00,0.0,0.0,0.0,14.9,2.41
1990-08-08 21:00:00+00:00,0.0,0.0,0.0,14.12,2.21
1990-08-08 22:00:00+00:00,0.0,0.0,0.0,13.6,1.86
1990-08-08 23:00:00+00:00,0.0,0.0,0.0,13.02,1.72
1990-08-09 00:00:00+00:00,0.0,0.0,0.0,12.32,1.52
1990-08-09 01:00:00+00:00,0.0,0.0,0.0,11.88,1.52
1990-08-09 02:00:00+00:00,0.0,0.0,0.0,11.76,1.38
1990-08-09 03:00:00+00:00,0.0,0.0,0.0,11.41,1.31
1990-08-09 04:00:00+00:00,0.0,0.0,0.0,11.28,1.17
1990-08-09 05:00:00+00:00,12.0,0.0,12.0,11.29,0.97
1990-08-09 06:00:00+00:00,90.0,59.78,78.0,12.03,0.41
1990-08-09 07:00:00+00:00,195.0,114.36,155.0,12.26,0.41
1990-08-09 08:00:00+00:00,375.0,357.33,200.0,13.31,0.48
1990-08-09 09:00:00+00:00,583.0,731.52,136.0,14.65,0.48
1990-08-09 10:00:00+00:00,702.0,809.4,131.0,16.33,0.62
1990-08-09 11:00:00+00:00,761.0,793.2,153.0,17.64,1.1
1990-08-09 12:00:00+00:00,835.0,932.82,98.0,18.46,1.66
1990-08-09 13:00:00+00:00,669.0,484.17,294.0,18.78,2.0
1990-08-09 14:00:00+00:00,725.0,828.1,128.0,19.14,2.28
1990-08-09 15:00:00+00:00,629.0,812.1,115.0,19.24,2.48
1990-08-09 16:00:00+00:00,489.0,733.74,110.0,19.01,2.41
1990-08-09 17:00:00+00:00,317.0,521.51,119.0,18.79,2.07
1990-08-09 18:00:00+00:00,153.0,263.31,92.0,18.42,1.79
1990-08-09 19:00:00+00:00,44.0,181.59,29.0,17.39,1.86
1990-08-09 20:00:00+00:00,0.0,0.0,0.0,16.34,1.93
1990-08-09 21:00:00+00:00,0.0,0.0,0.0,15.45,1.79
1990-08-09 22:00:00+00:00,0.0,0.0,0.0,14.82,1.66
1990-08-09 23:00:00+00:00,0.0,0.0,0.0,14.05,1.38
1990-08-10 00:00:00+00:00,0.0,0.0,0.0,13.92,1.17
1990-08-10 01:00:00+00:00,0.0,0.0,0.0,14.04,1.03
1990-08-10 02:00:00+00:00,0.0,0.0,0.0,13.79,0.9
1990-08-10 03:00:00+00:00,0.0,0.0,0.0,13.72,0.76
1990-08-10 04:00:00+00:00,0.0,0.0,0.0,13.64,0.83
1990-08-10 05:00:00+00:00,17.0,61.34,14.0,13.52,0.9
1990-08-10 06:00:00+00:00,81.0,40.58,73.0,14.09,0.83
1990-08-10 07:00:00+00:00,250.0,329.1,136.0,15.18,0.28
1990-08-10 08:00:00+00:00,433.0,622.8,130.0,16.24,0.34
1990-08-10 09:00:00+00:00,608.0,838.9,98.0,17.36,0.48
1990-08-10 10:00:00+00:00,685.0,774.49,141.0,18.49,0.76
1990-08-10 11:00:00+00:00,772.0,844.85,127.0,19.43,1.1
1990-08-10 12:00:00+00:00,770.0,761.17,171.0,20.23,1.45
1990-08-10 13:00:00+00:00,601.0,335.81,342.0,20.62,1.72
1990-08-10 14:00:00+00:00,475.0,179.79,346.0,20.79,1.66
1990-08-10 15:00:00+00:00,430.0,212.94,296.0,20.86,1.45
1990-08-10 16:00:00+00:00,443.0,550.07,161.0,20.85,1.31
1990-08-10 17:00:00+00:00,291.0,410.05,137.0,20.51,1.52
1990-08-10 18:00:00+00:00,142.0,219.94,92.0,20.08,1.86
1990-08-10 19:00:00+00:00,43.0,217.73,26.0,19.91,1.93
1990-08-10 20:00:00+00:00,0.0,0.0,0.0,18.64,2.41
1990-08-10 21:00:00+00:00,0.0,0.0,0.0,17.7,3.17
1990-08-10 22:00:00+00:00,0.0,0.0,0.0,16.89,4.28
1990-08-10 23:00:00+00:00,0.0,0.0,0.0,15.94,4.41
1990-08-11 00:00:00+00:00,0.0,0.0,0.0,15.09,4.34
1990-08-11 01:00:00+00:00,0.0,0.0,0.0,14.47,4.28
1990-08-11 02:00:00+00:00,0.0,0.0,0.0,13.89,4.14
1990-08-11 03:00:00+00:00,0.0,0.0,0.0,13.5,4.07
1990-08-11 04:00:00+00:00,0.0,0.0,0.0,13.17,3.93
1990-08-11 05:00:00+00:00,15.0,44.39,13.0,12.96,3.86
1990-08-11 06:00:00+00:00,112.0,180.87,77.0,13.18,3.79
1990-08-11 07:00:00+00:00,236.0,274.08,142.0,13.65,4.69
1990-08-11 08:00:00+00:00,358.0,320.75,203.0,14.45,5.17
1990-08-11 09:00:00+00:00,329.0,79.37,281.0,15.42,5.38
1990-08-11 10:00:00+00:00,505.0,255.98,326.0,16.55,5.45
1990-08-11 11:00:00+00:00,585.0,318.28,343.0,18.01,5.79
1990-08-11 12:00:00+00:00,750.0,699.21,202.0,19.29,5.52
1990-08-11 13:00:00+00:00,568.0,272.16,359.0,20.02,5.1
1990-08-11 14:00:00+00:00,467.0,168.07,347.0,20.15,4.83
1990-08-11 15:00:00+00:00,378.0,126.28,299.0,20.36,4.97
1990-08-11 16:00:00+00:00,169.0,3.93,167.0,20.4,4.9
1990-08-11 17:00:00+00:00,149.0,21.54,141.0,20.2,4.55
1990-08-11 18:00:00+00:00,99.0,53.83,87.0,19.54,4.76
1990-08-11 19:00:00+00:00,19.0,13.61,18.0,19.11,4.48
1990-08-11 20:00:00+00:00,0.0,0.0,0.0,18.21,4.97
1990-08-11 21:00:00+00:00,0.0,0.0,0.0,17.38,5.38
1990-08-11 22:00:00+00:00,0.0,0.0,0.0,16.58,5.38
1990-08-11 23:00:00+00:00,0.0,0.0,0.0,15.94,5.1
1990-08-12 00:00:00+00:00,0.0,0.0,0.0,15.32,4.97
1990-08-12 01:00:00+00:00,0.0,0.0,0.0,14.78,4.83
1990-08-12 02:00:00+00:00,0.0,0.0,0.0,14.19,4.55
1990-08-12 03:00:00+00:00,0.0,0.0,0.0,13.8,4.48
1990-08-12 04:00:00+00:00,0.0,0.0,0.0,13.67,4.48
1990-08-12 05:00:00+00:00,14.0,48.58,12.0,13.6,4.34
1990-08-12 06:00:00+00:00,87.0,68.47,74.0,13.81,4.41
1990-08-12 07:00:00+00:00,146.0,35.35,134.0,15.01,6.07
1990-08-12 08:00:00+00:00,246.0,68.76,213.0,15.96,6.21
1990-08-12 09:00:00+00:00,97.0,0.0,97.0,17.11,6.28
1990-08-12 10:00:00+00:00,114.0,0.0,114.0,17.88,5.66
1990-08-12 11:00:00+00:00,159.0,0.0,159.0,18.31,5.03
1990-08-12 12:00:00+00:00,551.0,228.07,373.0,18.88,4.14
1990-08-12 13:00:00+00:00,652.0,474.8,289.0,19.62,4.41
1990-08-12 14:00:00+00:00,272.0,8.45,266.0,20.13,4.0
1990-08-12 15:00:00+00:00,120.0,0.0,120.0,20.21,3.59
1990-08-12 16:00:00+00:00,267.0,77.28,228.0,20.32,3.79
1990-08-12 17:00:00+00:00,244.0,234.27,158.0,20.55,3.86
1990-08-12 18:00:00+00:00,140.0,251.81,85.0,19.44,3.72
1990-08-12 19:00:00+00:00,24.0,43.63,21.0,18.62,3.1
1990-08-12 20:00:00+00:00,0.0,0.0,0.0,17.8,2.69
1990-08-12 21:00:00+00:00,0.0,0.0,0.0,17.26,2.55
1990-08-12 22:00:00+00:00,0.0,0.0,0.0,16.86,2.55
1990-08-12 23:00:00+00:00,0.0,0.0,0.0,16.58,2.55
1990-08-13 00:00:00+00:00,0.0,0.0,0.0,16.33,2.62
1990-08-13 01:00:00+00:00,0.0,0.0,0.0,16.11,2.9
1990-08-13 02:00:00+00:00,0.0,0.0,0.0,16.03,3.24
1990-08-13 03:00:00+00:00,0.0,0.0,0.0,15.94,3.72
1990-08-13 04:00:00+00:00,0.0,0.0,0.0,15.78,4.21
1990-08-13 05:00:00+00:00,10.0,0.0,10.0,15.53,4.55
1990-08-13 06:00:00+00:00,61.0,10.74,59.0,15.51,5.03
1990-08-13 07:00:00+00:00,197.0,154.76,145.0,16.44,6.14
1990-08-13 08:00:00+00:00,258.0,90.22,215.0,17.3,6.76
1990-08-13 09:00:00+00:00,227.0,10.03,221.0,18.25,7.17
1990-08-13 10:00:00+00:00,230.0,1.44,229.0,19.33,7.38
1990-08-13 11:00:00+00:00,217.0,0.0,217.0,19.73,6.69
1990-08-13 12:00:00+00:00,163.0,0.0,163.0,20.35,7.31
1990-08-13 13:00:00+00:00,281.0,5.26,277.0,20.41,6.9
1990-08-13 14:00:00+00:00,356.0,50.94,320.0,20.33,6.55
1990-08-13 15:00:00+00:00,172.0,0.0,172.0,19.94,5.72
1990-08-13 16:00:00+00:00,305.0,149.83,230.0,20.06,5.45
1990-08-13 17:00:00+00:00,249.0,267.41,152.0,20.09,4.97
1990-08-13 18:00:00+00:00,164.0,467.65,64.0,19.88,4.62
1990-08-13 19:00:00+00:00,19.0,15.63,18.0,19.15,4.55
1990-08-13 20:00:00+00:00,0.0,0.0,0.0,18.45,4.41
1990-08-13 21:00:00+00:00,0.0,0.0,0.0,17.74,4.07
1990-08-13 22:00:00+00:00,0.0,0.0,0.0,17.27,3.93
1990-08-13 23:00:00+00:00,0.0,0.0,0.0,16.83,3.79
1990-08-14 00:00:00+00:00,0.0,0.0,0.0,16.61,3.72
1990-08-14 01:00:00+00:00,0.0,0.0,0.0,16.31,3.66
1990-08-14 02:00:00+00:00,0.0,0.0,0.0,16.1,3.52
1990-08-14 03:00:00+00:00,0.0,0.0,0.0,16.01,3.59
1990-08-14 04:00:00+00:00,0.0,0.0,0.0,16.01,3.72
1990-08-14 05:00:00+00:00,6.0,0.0,6.0,15.7,3.59
1990-08-14 06:00:00+00:00,41.0,0.0,41.0,15.6,3.86
1990-08-14 07:00:00+00:00,91.0,0.0,91.0,16.27,3.72
1990-08-14 08:00:00+00:00,375.0,414.19,179.0,16.73,4.0
1990-08-14 09:00:00+00:00,548.0,662.15,154.0,17.41,4.28
1990-08-14 10:00:00+00:00,573.0,440.81,269.0,18.46,4.28
1990-08-14 11:00:00+00:00,397.0,62.62,350.0,19.39,3.86
1990-08-14 12:00:00+00:00,460.0,107.27,377.0,20.12,3.24
1990-08-14 13:00:00+00:00,570.0,293.06,348.0,20.7,2.97
1990-08-14 14:00:00+00:00,562.0,376.95,297.0,21.13,2.83
1990-08-14 15:00:00+00:00,550.0,591.28,187.0,21.43,2.76
1990-08-14 16:00:00+00:00,394.0,406.97,192.0,21.45,2.55
1990-08-14 17:00:00+00:00,284.0,443.77,125.0,21.17,2.34
1990-08-14 18:00:00+00:00,145.0,329.88,76.0,20.83,2.76
1990-08-14 19:00:00+00:00,26.0,118.4,19.0,20.07,2.62
1990-08-14 20:00:00+00:00,0.0,0.0,0.0,18.83,3.17
1990-08-14 21:00:00+00:00,0.0,0.0,0.0,18.1,3.38
1990-08-14 22:00:00+00:00,0.0,0.0,0.0,17.48,3.52
1990-08-14 23:00:00+00:00,0.0,0.0,0.0,17.13,3.79
1990-08-15 00:00:00+00:00,0.0,0.0,0.0,16.98,4.07
1990-08-15 01:00:00+00:00,0.0,0.0,0.0,16.65,4.28
1990-08-15 02:00:00+00:00,0.0,0.0,0.0,16.21,4.34
1990-08-15 03:00:00+00:00,0.0,0.0,0.0,15.95,4.48
1990-08-15 04:00:00+00:00,0.0,0.0,0.0,16.12,4.9
1990-08-15 05:00:00+00:00,6.0,0.0,6.0,16.33,5.24
1990-08-15 06:00:00+00:00,19.0,0.0,19.0,16.82,5.72
1990-08-15 07:00:00+00:00,156.0,60.81,136.0,17.68,6.14
1990-08-15 08:00:00+00:00,289.0,159.65,214.0,18.72,7.03
1990-08-15 09:00:00+00:00,61.0,0.0,61.0,19.77,7.52
1990-08-15 10:00:00+00:00,88.0,0.0,88.0,20.95,8.28
1990-08-15 11:00:00+00:00,104.0,0.0,104.0,21.71,8.76
1990-08-15 12:00:00+00:00,150.0,0.0,150.0,21.48,8.97
1990-08-15 13:00:00+00:00,79.0,0.0,79.0,20.24,8.55
1990-08-15 14:00:00+00:00,93.0,0.0,93.0,19.53,7.45
1990-08-15 15:00:00+00:00,71.0,0.0,71.0,18.27,6.62
1990-08-15 16:00:00+00:00,144.0,0.0,144.0,16.8,5.1
1990-08-15 17:00:00+00:00,115.0,5.65,113.0,16.41,4.83
1990-08-15 18:00:00+00:00,76.0,24.46,71.0,16.65,4.97
1990-08-15 19:00:00+00:00,22.0,92.28,17.0,16.34,6.21
1990-08-15 20:00:00+00:00,0.0,0.0,0.0,16.34,6.69
1990-08-15 21:00:00+00:00,0.0,0.0,0.0,16.07,6.97
1990-08-15 22:00:00+00:00,0.0,0.0,0.0,15.83,6.9
1990-08-15 23:00:00+00:00,0.0,0.0,0.0,15.65,6.55
1990-08-16 00:00:00+00:00,0.0,0.0,0.0,15.59,6.21
1990-08-16 01:00:00+00:00,0.0,0.0,0.0,15.47,5.66
1990-08-16 02:00:00+00:00,0.0,0.0,0.0,15.36,5.24
1990-08-16 03:00:00+00:00,0.0,0.0,0.0,15.11,5.17
1990-08-16 04:00:00+00:00,0.0,0.0,0.0,14.78,5.24
1990-08-16 05:00:00+00:00,4.0,0.0,4.0,14.71,5.24
1990-08-16 06:00:00+00:00,30.0,0.0,30.0,15.06,5.24
1990-08-16 07:00:00+00:00,172.0,98.36,140.0,15.94,4.83
1990-08-16 08:00:00+00:00,414.0,624.03,123.0,16.86,6.14
1990-08-16 09:00:00+00:00,519.0,569.42,184.0,17.5,6.21
1990-08-16 10:00:00+00:00,487.0,245.98,319.0,18.22,6.21
1990-08-16 11:00:00+00:00,657.0,537.75,257.0,18.83,6.0
1990-08-16 12:00:00+00:00,439.0,91.29,369.0,19.52,5.72
1990-08-16 13:00:00+00:00,359.0,35.99,332.0,19.82,5.24
1990-08-16 14:00:00+00:00,664.0,717.67,165.0,20.22,4.83
1990-08-16 15:00:00+00:00,568.0,696.64,146.0,20.28,4.69
1990-08-16 16:00:00+00:00,279.0,110.72,225.0,20.05,4.28
1990-08-16 17:00:00+00:00,70.0,0.0,70.0,19.6,3.59
1990-08-16 18:00:00+00:00,49.0,0.0,49.0,18.81,3.93
1990-08-16 19:00:00+00:00,2.0,0.0,2.0,18.32,4.83
1990-08-16 20:00:00+00:00,0.0,0.0,0.0,17.14,5.17
1990-08-16 21:00:00+00:00,0.0,0.0,0.0,16.63,4.55
1990-08-16 22:00:00+00:00,0.0,0.0,0.0,16.22,4.69
1990-08-16 23:00:00+00:00,0.0,0.0,0.0,16.19,5.66
1990-08-17 00:00:00+00:00,0.0,0.0,0.0,16.19,6.21
1990-08-17 01:00:00+00:00,0.0,0.0,0.0,15.79,6.62
1990-08-17 02:00:00+00:00,0.0,0.0,0.0,15.65,7.1
1990-08-17 03:00:00+00:00,0.0,0.0,0.0,15.82,7.45
1990-08-17 04:00:00+00:00,0.0,0.0,0.0,15.98,7.17
1990-08-17 05:00:00+00:00,0.0,0.0,0.0,16.29,6.55
1990-08-17 06:00:00+00:00,30.0,0.0,30.0,16.54,5.86
1990-08-17 07:00:00+00:00,50.0,0.0,50.0,16.84,7.59
1990-08-17 08:00:00+00:00,268.0,129.64,208.0,17.27,8.0
1990-08-17 09:00:00+00:00,303.0,68.39,263.0,17.75,7.66
1990-08-17 10:00:00+00:00,389.0,103.01,319.0,18.55,7.17
1990-08-17 11:00:00+00:00,393.0,68.88,342.0,19.56,7.66
1990-08-17 12:00:00+00:00,150.0,0.0,150.0,20.35,6.9
1990-08-17 13:00:00+00:00,124.0,0.0,124.0,20.75,5.93
1990-08-17 14:00:00+00:00,144.0,0.0,144.0,20.51,6.21
1990-08-17 15:00:00+00:00,149.0,0.0,149.0,19.68,6.14
1990-08-17 16:00:00+00:00,85.0,0.0,85.0,19.25,6.14
1990-08-17 17:00:00+00:00,74.0,0.0,74.0,19.09,5.66
1990-08-17 18:00:00+00:00,64.0,10.27,62.0,19.28,5.31
1990-08-17 19:00:00+00:00,7.0,0.0,7.0,19.43,4.83
1990-08-17 20:00:00+00:00,0.0,0.0,0.0,19.04,5.1
1990-08-17 21:00:00+00:00,0.0,0.0,0.0,18.79,5.38
1990-08-17 22:00:00+00:00,0.0,0.0,0.0,18.43,5.31
1990-08-17 23:00:00+00:00,0.0,0.0,0.0,17.99,4.83
1990-08-18 00:00:00+00:00,0.0,0.0,0.0,17.45,4.34
1990-08-18 01:00:00+00:00,0.0,0.0,0.0,17.1,4.21
1990-08-18 02:00:00+00:00,0.0,0.0,0.0,16.88,4.41
1990-08-18 03:00:00+00:00,0.0,0.0,0.0,16.55,4.41
1990-08-18 04:00:00+00:00,0.0,0.0,0.0,16.63,4.41
1990-08-18 05:00:00+00:00,0.0,0.0,0.0,16.78,4.34
1990-08-18 06:00:00+00:00,65.0,35.87,59.0,17.29,4.14
1990-08-18 07:00:00+00:00,133.0,31.44,123.0,18.15,4.0
1990-08-18 08:00:00+00:00,107.0,0.0,107.0,18.95,3.52
1990-08-18 09:00:00+00:00,171.0,0.0,171.0,19.54,3.17
1990-08-18 10:00:00+00:00,159.0,0.0,159.0,19.8,3.1
1990-08-18 11:00:00+00:00,270.0,5.43,266.0,20.17,3.59
1990-08-18 12:00:00+00:00,372.0,42.13,340.0,20.48,3.03
1990-08-18 13:00:00+00:00,190.0,0.0,190.0,20.63,2.48
1990-08-18 14:00:00+00:00,593.0,515.06,239.0,20.74,2.48
1990-08-18 15:00:00+00:00,548.0,666.35,150.0,21.02,2.69
1990-08-18 16:00:00+00:00,406.0,534.77,150.0,20.83,2.07
1990-08-18 17:00:00+00:00,293.0,609.38,86.0,20.59,1.72
1990-08-18 18:00:00+00:00,138.0,416.51,59.0,20.12,1.72
1990-08-18 19:00:00+00:00,12.0,0.0,12.0,18.93,1.93
1990-08-18 20:00:00+00:00,0.0,0.0,0.0,17.59,2.07
1990-08-18 21:00:00+00:00,0.0,0.0,0.0,16.84,1.79
1990-08-18 22:00:00+00:00,0.0,0.0,0.0,16.21,1.59
1990-08-18 23:00:00+00:00,0.0,0.0,0.0,15.72,1.38
1990-08-19 00:00:00+00:00,0.0,0.0,0.0,15.59,1.38
1990-08-19 01:00:00+00:00,0.0,0.0,0.0,15.47,1.38
1990-08-19 02:00:00+00:00,0.0,0.0,0.0,15.37,1.1
1990-08-19 03:00:00+00:00,0.0,0.0,0.0,15.5,0.9
1990-08-19 04:00:00+00:00,0.0,0.0,0.0,15.63,0.76
1990-08-19 05:00:00+00:00,0.0,0.0,0.0,15.83,0.62
1990-08-19 06:00:00+00:00,62.0,36.72,56.0,15.72,0.69
1990-08-19 07:00:00+00:00,205.0,238.59,130.0,16.81,1.24
1990-08-19 08:00:00+00:00,296.0,204.07,203.0,17.96,0.97
1990-08-19 09:00:00+00:00,241.0,19.03,230.0,18.94,0.76
1990-08-19 10:00:00+00:00,130.0,0.0,130.0,19.88,0.76
1990-08-19 11:00:00+00:00,123.0,0.0,123.0,19.85,1.1
1990-08-19 12:00:00+00:00,214.0,0.0,214.0,19.21,2.21
1990-08-19 13:00:00+00:00,161.0,0.0,161.0,18.35,2.34
1990-08-19 14:00:00+00:00,60.0,0.0,60.0,18.02,2.62
1990-08-19 15:00:00+00:00,124.0,0.0,124.0,17.85,3.1
1990-08-19 16:00:00+00:00,339.0,286.86,203.0,17.3,3.17
1990-08-19 17:00:00+00:00,277.0,543.55,95.0,16.9,2.69
1990-08-19 18:00:00+00:00,133.0,400.86,59.0,16.93,2.28
1990-08-19 19:00:00+00:00,10.0,0.0,10.0,16.96,2.14
1990-08-19 20:00:00+00:00,0.0,0.0,0.0,15.89,2.07
1990-08-19 21:00:00+00:00,0.0,0.0,0.0,14.93,1.59
1990-08-19 22:00:00+00:00,0.0,0.0,0.0,13.91,1.45
1990-08-19 23:00:00+00:00,0.0,0.0,0.0,13.19,1.52
1990-08-20 00:00:00+00:00,0.0,0.0,0.0,12.51,1.66
1990-08-20 01:00:00+00:00,0.0,0.0,0.0,12.31,1.86
1990-08-20 02:00:00+00:00,0.0,0.0,0.0,12.34,1.79
1990-08-20 03:00:00+00:00,0.0,0.0,0.0,12.45,1.59
1990-08-20 04:00:00+00:00,0.0,0.0,0.0,12.43,1.38
1990-08-20 05:00:00+00:00,0.0,0.0,0.0,12.68,1.52
1990-08-20 06:00:00+00:00,40.0,0.0,40.0,13.32,1.45
1990-08-20 07:00:00+00:00,102.0,6.44,100.0,14.96,2.14
1990-08-20 08:00:00+00:00,122.0,0.0,122.0,16.11,2.21
1990-08-20 09:00:00+00:00,369.0,170.62,271.0,17.22,2.48
1990-08-20 10:00:00+00:00,351.0,62.78,309.0,18.18,2.76
1990-08-20 11:00:00+00:00,565.0,330.3,324.0,19.1,3.24
1990-08-20 12:00:00+00:00,632.0,445.44,297.0,19.88,3.45
1990-08-20 13:00:00+00:00,734.0,816.55,134.0,20.69,3.38
1990-08-20 14:00:00+00:00,568.0,449.19,263.0,21.2,3.31
1990-08-20 15:00:00+00:00,387.0,185.22,278.0,21.29,3.52
1990-08-20 16:00:00+00:00,358.0,355.76,191.0,20.86,3.38
1990-08-20 17:00:00+00:00,270.0,506.21,103.0,20.44,3.17
1990-08-20 18:00:00+00:00,129.0,395.63,58.0,19.83,2.69
1990-08-20 19:00:00+00:00,7.0,0.0,7.0,18.58,2.55
1990-08-20 20:00:00+00:00,0.0,0.0,0.0,17.51,2.55
1990-08-20 21:00:00+00:00,0.0,0.0,0.0,16.6,2.48
1990-08-20 22:00:00+00:00,0.0,0.0,0.0,15.83,2.48
1990-08-20 23:00:00+00:00,0.0,0.0,0.0,15.07,2.62
1990-08-21 00:00:00+00:00,0.0,0.0,0.0,14.63,2.62
1990-08-21 01:00:00+00:00,0.0,0.0,0.0,14.3,2.69
1990-08-21 02:00:00+00:00,0.0,0.0,0.0,14.05,2.62
1990-08-21 03:00:00+00:00,0.0,0.0,0.0,13.85,2.55
1990-08-21 04:00:00+00:00,0.0,0.0,0.0,13.71,2.48
1990-08-21 05:00:00+00:00,0.0,0.0,0.0,13.68,2.34
1990-08-21 06:00:00+00:00,66.0,57.85,57.0,13.92,2.41
1990-08-21 07:00:00+00:00,137.0,45.62,123.0,15.62,3.59
1990-08-21 08:00:00+00:00,78.0,0.0,78.0,16.4,3.66
1990-08-21 09:00:00+00:00,88.0,0.0,88.0,17.24,3.24
1990-08-21 10:00:00+00:00,105.0,0.0,105.0,17.67,3.17
1990-08-21 11:00:00+00:00,526.0,253.46,342.0,18.05,3.66
1990-08-21 12:00:00+00:00,518.0,208.49,362.0,18.55,4.0
1990-08-21 13:00:00+00:00,177.0,0.0,177.0,18.82,3.72
1990-08-21 14:00:00+00:00,343.0,51.87,308.0,18.04,4.69
1990-08-21 15:00:00+00:00,463.0,381.86,240.0,17.34,4.48
1990-08-21 16:00:00+00:00,410.0,596.14,133.0,17.75,4.48
1990-08-21 17:00:00+00:00,245.0,378.58,122.0,17.64,4.9
1990-08-21 18:00:00+00:00,26.0,0.0,26.0,16.85,4.41
1990-08-21 19:00:00+00:00,5.0,0.0,5.0,16.46,4.21
1990-08-21 20:00:00+00:00,0.0,0.0,0.0,15.68,4.34
1990-08-21 21:00:00+00:00,0.0,0.0,0.0,15.22,4.34
1990-08-21 22:00:00+00:00,0.0,0.0,0.0,14.78,4.34
1990-08-21 23:00:00+00:00,0.0,0.0,0.0,14.77,4.28
1990-08-22 00:00:00+00:00,0.0,0.0,0.0,14.62,4.21
1990-08-22 01:00:00+00:00,0.0,0.0,0.0,14.41,4.34
1990-08-22 02:00:00+00:00,0.0,0.0,0.0,14.3,4.55
1990-08-22 03:00:00+00:00,0.0,0.0,0.0,13.96,4.83
1990-08-22 04:00:00+00:00,0.0,0.0,0.0,13.82,4.97
1990-08-22 05:00:00+00:00,0.0,0.0,0.0,13.68,4.83
1990-08-22 06:00:00+00:00,67.0,65.95,57.0,13.65,4.76
1990-08-22 07:00:00+00:00,185.0,178.17,131.0,14.24,5.59
1990-08-22 08:00:00+00:00,287.0,188.84,203.0,15.05,7.03
1990-08-22 09:00:00+00:00,347.0,135.77,270.0,15.8,6.9
1990-08-22 10:00:00+00:00,508.0,321.87,295.0,16.52,6.62
1990-08-22 11:00:00+00:00,424.0,102.47,350.0,16.85,6.14
1990-08-22 12:00:00+00:00,417.0,79.27,358.0,17.11,5.86
1990-08-22 13:00:00+00:00,402.0,75.69,347.0,17.59,5.59
1990-08-22 14:00:00+00:00,403.0,116.35,325.0,17.77,5.38
1990-08-22 15:00:00+00:00,490.0,479.81,212.0,17.98,5.38
1990-08-22 16:00:00+00:00,329.0,274.02,203.0,17.79,5.45
1990-08-22 17:00:00+00:00,275.0,590.96,86.0,17.13,5.66
1990-08-22 18:00:00+00:00,117.0,343.29,59.0,16.9,4.69
1990-08-22 19:00:00+00:00,0.0,0.0,0.0,16.12,4.9
1990-08-22 20:00:00+00:00,0.0,0.0,0.0,15.6,4.34
1990-08-22 21:00:00+00:00,0.0,0.0,0.0,15.31,4.21
1990-08-22 22:00:00+00:00,0.0,0.0,0.0,14.69,3.93
1990-08-22 23:00:00+00:00,0.0,0.0,0.0,14.41,3.52
1990-08-23 00:00:00+00:00,0.0,0.0,0.0,14.19,3.45
1990-08-23 01:00:00+00:00,0.0,0.0,0.0,13.95,3.38
1990-08-23 02:00:00+00:00,0.0,0.0,0.0,13.82,3.24
1990-08-23 03:00:00+00:00,0.0,0.0,0.0,13.89,3.03
1990-08-23 04:00:00+00:00,0.0,0.0,0.0,13.87,2.62
1990-08-23 05:00:00+00:00,0.0,0.0,0.0,13.71,2.28
1990-08-23 06:00:00+00:00,49.0,13.54,47.0,13.67,2.14
1990-08-23 07:00:00+00:00,98.0,6.68,96.0,14.2,2.41
1990-08-23 08:00:00+00:00,261.0,133.76,202.0,14.77,2.9
1990-08-23 09:00:00+00:00,290.0,62.12,255.0,15.37,2.97
1990-08-23 10:00:00+00:00,341.0,59.27,302.0,16.13,2.76
1990-08-23 11:00:00+00:00,357.0,44.54,325.0,16.92,2.76
1990-08-23 12:00:00+00:00,393.0,62.13,347.0,17.56,2.97
1990-08-23 13:00:00+00:00,264.0,5.54,260.0,17.73,3.03
1990-08-23 14:00:00+00:00,247.0,6.01,243.0,17.62,2.76
1990-08-23 15:00:00+00:00,133.0,0.0,133.0,17.4,2.55
1990-08-23 16:00:00+00:00,90.0,0.0,90.0,17.05,2.14
1990-08-23 17:00:00+00:00,85.0,0.0,85.0,16.8,1.59
1990-08-23 18:00:00+00:00,54.0,12.23,52.0,16.49,1.17
1990-08-23 19:00:00+00:00,0.0,0.0,0.0,15.68,0.62
1990-08-23 20:00:00+00:00,0.0,0.0,0.0,14.68,1.38
1990-08-23 21:00:00+00:00,0.0,0.0,0.0,14.21,1.72
1990-08-23 22:00:00+00:00,0.0,0.0,0.0,13.89,2.0
1990-08-23 23:00:00+00:00,0.0,0.0,0.0,13.54,2.21
1990-08-24 00:00:00+00:00,0.0,0.0,0.0,13.06,2.21
1990-08-24 01:00:00+00:00,0.0,0.0,0.0,12.84,2.28
1990-08-24 02:00:00+00:00,0.0,0.0,0.0,12.82,2.41
1990-08-24 03:00:00+00:00,0.0,0.0,0.0,12.59,2.48
1990-08-24 04:00:00+00:00,0.0,0.0,0.0,12.39,2.48
1990-08-24 05:00:00+00:00,0.0,0.0,0.0,12.21,2.55
1990-08-24 06:00:00+00:00,93.0,306.27,49.0,12.34,2.69
1990-08-24 07:00:00+00:00,148.0,81.24,124.0,13.05,2.69
1990-08-24 08:00:00+00:00,401.0,692.8,98.0,13.96,2.9
1990-08-24 09:00:00+00:00,388.0,235.82,256.0,15.09,3.38
1990-08-24 10:00:00+00:00,296.0,27.51,278.0,16.05,3.24
1990-08-24 11:00:00+00:00,548.0,319.09,320.0,16.83,3.45
1990-08-24 12:00:00+00:00,492.0,181.98,358.0,17.61,3.93
1990-08-24 13:00:00+00:00,515.0,243.64,340.0,18.12,4.14
1990-08-24 14:00:00+00:00,103.0,0.0,103.0,18.17,4.41
1990-08-24 15:00:00+00:00,303.0,71.93,262.0,17.74,4.34
1990-08-24 16:00:00+00:00,273.0,146.69,207.0,17.47,4.07
1990-08-24 17:00:00+00:00,97.0,3.23,96.0,16.94,3.59
1990-08-24 18:00:00+00:00,11.0,0.0,11.0,16.27,3.38
1990-08-24 19:00:00+00:00,0.0,0.0,0.0,15.87,4.07
1990-08-24 20:00:00+00:00,0.0,0.0,0.0,15.49,4.14
1990-08-24 21:00:00+00:00,0.0,0.0,0.0,15.18,4.0
1990-08-24 22:00:00+00:00,0.0,0.0,0.0,15.01,4.0
1990-08-24 23:00:00+00:00,0.0,0.0,0.0,14.75,4.0
1990-08-25 00:00:00+00:00,0.0,0.0,0.0,14.64,3.72
1990-08-25 01:00:00+00:00,0.0,0.0,0.0,14.53,3.1
1990-08-25 02:00:00+00:00,0.0,0.0,0.0,14.52,2.69
1990-08-25 03:00:00+00:00,0.0,0.0,0.0,14.37,2.28
1990-08-25 04:00:00+00:00,0.0,0.0,0.0,14.3,1.86
1990-08-25 05:00:00+00:00,0.0,0.0,0.0,14.28,1.52
1990-08-25 06:00:00+00:00,54.0,42.97,48.0,14.34,1.24
1990-08-25 07:00:00+00:00,137.0,58.31,120.0,14.92,1.52
1990-08-25 08:00:00+00:00,273.0,177.59,196.0,15.58,1.79
1990-08-25 09:00:00+00:00,411.0,303.96,242.0,15.94,1.72
1990-08-25 10:00:00+00:00,512.0,365.88,274.0,16.72,2.0
1990-08-25 11:00:00+00:00,337.0,35.18,312.0,17.57,2.62
1990-08-25 12:00:00+00:00,477.0,163.87,357.0,18.0,3.17
1990-08-25 13:00:00+00:00,317.0,23.81,300.0,17.92,3.86
1990-08-25 14:00:00+00:00,304.0,31.96,283.0,17.5,4.28
1990-08-25 15:00:00+00:00,382.0,210.54,263.0,16.49,5.17
1990-08-25 16:00:00+00:00,198.0,33.72,183.0,16.48,5.17
1990-08-25 17:00:00+00:00,58.0,0.0,58.0,16.3,5.1
1990-08-25 18:00:00+00:00,18.0,0.0,18.0,15.72,4.83
1990-08-25 19:00:00+00:00,0.0,0.0,0.0,15.08,5.72
1990-08-25 20:00:00+00:00,0.0,0.0,0.0,14.71,5.45
1990-08-25 21:00:00+00:00,0.0,0.0,0.0,14.52,5.24
1990-08-25 22:00:00+00:00,0.0,0.0,0.0,14.36,5.31
1990-08-25 23:00:00+00:00,0.0,0.0,0.0,14.15,5.1
1990-08-26 00:00:00+00:00,0.0,0.0,0.0,14.04,4.62
1990-08-26 01:00:00+00:00,0.0,0.0,0.0,13.72,4.41
1990-08-26 02:00:00+00:00,0.0,0.0,0.0,13.43,4.41
1990-08-26 03:00:00+00:00,0.0,0.0,0.0,13.05,4.34
1990-08-26 04:00:00+00:00,0.0,0.0,0.0,12.82,3.86
1990-08-26 05:00:00+00:00,0.0,0.0,0.0,12.55,3.24
1990-08-26 06:00:00+00:00,90.0,339.23,44.0,12.74,2.76
1990-08-26 07:00:00+00:00,134.0,55.62,118.0,13.18,3.72
1990-08-26 08:00:00+00:00,223.0,74.46,191.0,13.85,4.28
1990-08-26 09:00:00+00:00,317.0,105.04,259.0,14.48,4.21
1990-08-26 10:00:00+00:00,432.0,187.12,311.0,15.07,4.07
1990-08-26 11:00:00+00:00,560.0,356.62,308.0,15.68,4.21
1990-08-26 12:00:00+00:00,709.0,738.88,171.0,15.94,4.14
1990-08-26 13:00:00+00:00,692.0,748.29,161.0,16.11,3.72
1990-08-26 14:00:00+00:00,568.0,511.96,234.0,16.24,3.31
1990-08-26 15:00:00+00:00,430.0,337.3,241.0,16.51,2.97
1990-08-26 16:00:00+00:00,270.0,152.37,203.0,16.53,2.76
1990-08-26 17:00:00+00:00,173.0,140.57,131.0,16.22,2.14
1990-08-26 18:00:00+00:00,50.0,13.59,48.0,15.87,1.38
1990-08-26 19:00:00+00:00,0.0,0.0,0.0,15.22,1.38
1990-08-26 20:00:00+00:00,0.0,0.0,0.0,14.37,2.0
1990-08-26 21:00:00+00:00,0.0,0.0,0.0,13.82,2.55
1990-08-26 22:00:00+00:00,0.0,0.0,0.0,13.46,2.97
1990-08-26 23:00:00+00:00,0.0,0.0,0.0,13.26,3.38
1990-08-27 00:00:00+00:00,0.0,0.0,0.0,13.23,3.79
1990-08-27 01:00:00+00:00,0.0,0.0,0.0,12.98,4.28
1990-08-27 02:00:00+00:00,0.0,0.0,0.0,12.75,4.62
1990-08-27 03:00:00+00:00,0.0,0.0,0.0,12.71,5.17
1990-08-27 04:00:00+00:00,0.0,0.0,0.0,12.66,5.52
1990-08-27 05:00:00+00:00,0.0,0.0,0.0,12.84,6.14
1990-08-27 06:00:00+00:00,27.0,0.0,27.0,13.3,6.69
1990-08-27 07:00:00+00:00,46.0,0.0,46.0,14.05,6.83
1990-08-27 08:00:00+00:00,57.0,0.0,57.0,14.66,7.17
1990-08-27 09:00:00+00:00,77.0,0.0,77.0,15.28,7.59
1990-08-27 10:00:00+00:00,62.0,0.0,62.0,15.87,7.59
1990-08-27 11:00:00+00:00,90.0,0.0,90.0,15.59,7.66
1990-08-27 12:00:00+00:00,137.0,0.0,137.0,15.43,7.79
1990-08-27 13:00:00+00:00,206.0,0.0,206.0,15.52,7.93
1990-08-27 14:00:00+00:00,69.0,0.0,69.0,15.63,7.72
1990-08-27 15:00:00+00:00,60.0,0.0,60.0,15.92,7.66
1990-08-27 16:00:00+00:00,62.0,0.0,62.0,16.02,7.31
1990-08-27 17:00:00+00:00,74.0,0.0,74.0,16.07,6.83
1990-08-27 18:00:00+00:00,61.0,63.61,52.0,15.97,6.55
1990-08-27 19:00:00+00:00,0.0,0.0,0.0,15.96,6.76
1990-08-27 20:00:00+00:00,0.0,0.0,0.0,15.72,5.66
1990-08-27 21:00:00+00:00,0.0,0.0,0.0,15.63,4.83
1990-08-27 22:00:00+00:00,0.0,0.0,0.0,15.4,4.41
1990-08-27 23:00:00+00:00,0.0,0.0,0.0,14.91,4.34
1990-08-28 00:00:00+00:00,0.0,0.0,0.0,14.76,4.48
1990-08-28 01:00:00+00:00,0.0,0.0,0.0,14.58,4.62
1990-08-28 02:00:00+00:00,0.0,0.0,0.0,14.43,4.76
1990-08-28 03:00:00+00:00,0.0,0.0,0.0,14.34,4.76
1990-08-28 04:00:00+00:00,0.0,0.0,0.0,14.06,4.28
1990-08-28 05:00:00+00:00,0.0,0.0,0.0,13.81,3.93
1990-08-28 06:00:00+00:00,79.0,266.76,45.0,13.5,3.72
1990-08-28 07:00:00+00:00,233.0,550.42,79.0,13.82,3.38
1990-08-28 08:00:00+00:00,393.0,703.75,96.0,14.62,4.41
1990-08-28 09:00:00+00:00,472.0,525.28,186.0,15.47,4.41
1990-08-28 10:00:00+00:00,525.0,411.72,262.0,16.33,4.21
1990-08-28 11:00:00+00:00,616.0,518.22,254.0,17.24,4.21
1990-08-28 12:00:00+00:00,543.0,287.64,336.0,17.95,4.69
1990-08-28 13:00:00+00:00,454.0,155.56,345.0,18.4,5.17
1990-08-28 14:00:00+00:00,388.0,116.65,313.0,18.3,5.31
1990-08-28 15:00:00+00:00,265.0,41.79,242.0,18.06,4.97
1990-08-28 16:00:00+00:00,45.0,0.0,45.0,17.99,4.62
1990-08-28 17:00:00+00:00,213.0,354.34,111.0,17.73,3.66
1990-08-28 18:00:00+00:00,83.0,228.25,52.0,17.15,3.45
1990-08-28 19:00:00+00:00,0.0,0.0,0.0,16.04,3.17
1990-08-28 20:00:00+00:00,0.0,0.0,0.0,15.1,3.24
1990-08-28 21:00:00+00:00,0.0,0.0,0.0,14.6,3.72
1990-08-28 22:00:00+00:00,0.0,0.0,0.0,14.31,4.14
1990-08-28 23:00:00+00:00,0.0,0.0,0.0,14.23,4.41
1990-08-29 00:00:00+00:00,0.0,0.0,0.0,14.22,4.69
1990-08-29 01:00:00+00:00,0.0,0.0,0.0,14.25,4.9
1990-08-29 02:00:00+00:00,0.0,0.0,0.0,14.37,5.1
1990-08-29 03:00:00+00:00,0.0,0.0,0.0,14.33,5.03
1990-08-29 04:00:00+00:00,0.0,0.0,0.0,13.95,5.45
1990-08-29 05:00:00+00:00,0.0,0.0,0.0,13.69,6.21
1990-08-29 06:00:00+00:00,7.0,0.0,7.0,13.44,6.0
1990-08-29 07:00:00+00:00,32.0,0.0,32.0,13.81,5.59
1990-08-29 08:00:00+00:00,49.0,0.0,49.0,13.77,5.24
1990-08-29 09:00:00+00:00,103.0,0.0,103.0,13.79,5.31
1990-08-29 10:00:00+00:00,320.0,50.41,288.0,14.18,5.59
1990-08-29 11:00:00+00:00,246.0,4.32,243.0,14.3,5.66
1990-08-29 12:00:00+00:00,428.0,110.44,349.0,15.52,5.03
1990-08-29 13:00:00+00:00,62.0,0.0,62.0,16.45,5.03
1990-08-29 14:00:00+00:00,56.0,0.0,56.0,17.29,5.17
1990-08-29 15:00:00+00:00,409.0,309.91,240.0,17.62,5.31
1990-08-29 16:00:00+00:00,383.0,651.04,107.0,16.42,5.72
1990-08-29 17:00:00+00:00,146.0,88.56,121.0,16.33,5.24
1990-08-29 18:00:00+00:00,76.0,199.89,50.0,15.94,4.55
1990-08-29 19:00:00+00:00,0.0,0.0,0.0,14.94,4.55
1990-08-29 20:00:00+00:00,0.0,0.0,0.0,14.54,4.69
1990-08-29 21:00:00+00:00,0.0,0.0,0.0,13.93,4.76
1990-08-29 22:00:00+00:00,0.0,0.0,0.0,13.89,4.34
1990-08-29 23:00:00+00:00,0.0,0.0,0.0,13.55,3.59
1990-08-30 00:00:00+00:00,0.0,0.0,0.0,13.55,2.76
1990-08-30 01:00:00+00:00,0.0,0.0,0.0,13.07,2.07
1990-08-30 02:00:00+00:00,0.0,0.0,0.0,12.61,1.59
1990-08-30 03:00:00+00:00,0.0,0.0,0.0,12.32,1.38
1990-08-30 04:00:00+00:00,0.0,0.0,0.0,12.83,2.34
1990-08-30 05:00:00+00:00,0.0,0.0,0.0,12.67,3.52
1990-08-30 06:00:00+00:00,78.0,335.52,38.0,12.62,4.34
1990-08-30 07:00:00+00:00,197.0,345.84,103.0,13.22,5.72
1990-08-30 08:00:00+00:00,274.0,207.65,188.0,13.53,5.72
1990-08-30 09:00:00+00:00,352.0,182.63,254.0,14.17,6.0
1990-08-30 10:00:00+00:00,433.0,206.1,303.0,14.49,6.14
1990-08-30 11:00:00+00:00,224.0,1.45,223.0,14.59,6.28
1990-08-30 12:00:00+00:00,128.0,0.0,128.0,14.45,6.41
1990-08-30 13:00:00+00:00,259.0,5.78,255.0,14.78,6.48
1990-08-30 14:00:00+00:00,498.0,347.4,278.0,14.66,6.9
1990-08-30 15:00:00+00:00,402.0,296.2,242.0,14.75,7.03
1990-08-30 16:00:00+00:00,253.0,140.96,194.0,14.22,7.03
1990-08-30 17:00:00+00:00,208.0,379.48,103.0,13.6,6.14
1990-08-30 18:00:00+00:00,77.0,257.49,45.0,13.29,5.59
1990-08-30 19:00:00+00:00,0.0,0.0,0.0,12.97,4.83
1990-08-30 20:00:00+00:00,0.0,0.0,0.0,12.33,4.14
1990-08-30 21:00:00+00:00,0.0,0.0,0.0,12.07,3.52
1990-08-30 22:00:00+00:00,0.0,0.0,0.0,11.64,2.97
1990-08-30 23:00:00+00:00,0.0,0.0,0.0,11.02,2.14
1990-08-31 00:00:00+00:00,0.0,0.0,0.0,9.97,1.52
1990-08-31 01:00:00+00:00,0.0,0.0,0.0,9.42,1.79
1990-08-31 02:00:00+00:00,0.0,0.0,0.0,9.23,2.0
1990-08-31 03:00:00+00:00,0.0,0.0,0.0,9.83,2.07
1990-08-31 04:00:00+00:00,0.0,0.0,0.0,9.82,2.34
1990-08-31 05:00:00+00:00,0.0,0.0,0.0,9.72,2.41
1990-08-31 06:00:00+00:00,76.0,338.93,37.0,9.79,2.48
1990-08-31 07:00:00+00:00,215.0,500.43,81.0,11.04,2.55
1990-08-31 08:00:00+00:00,248.0,146.28,188.0,12.49,2.83
1990-08-31 09:00:00+00:00,500.0,700.35,127.0,13.3,4.0
1990-08-31 10:00:00+00:00,562.0,572.87,203.0,14.18,4.34
1990-08-31 11:00:00+00:00,419.0,122.45,335.0,14.51,4.48
1990-08-31 12:00:00+00:00,607.0,474.16,272.0,14.64,4.62
1990-08-31 13:00:00+00:00,382.0,78.62,328.0,14.95,4.76
1990-08-31 14:00:00+00:00,197.0,0.0,197.0,14.17,3.79
1990-08-31 15:00:00+00:00,287.0,74.77,247.0,13.66,2.76
1990-08-31 16:00:00+00:00,180.0,29.05,168.0,13.19,2.57
1990-08-31 17:00:00+00:00,81.0,3.69,80.0,13.29,2.79
1990-08-31 18:00:00+00:00,43.0,25.33,40.0,13.39,3.0
1990-08-31 19:00:00+00:00,0.0,0.0,0.0,13.5,3.22
1990-08-31 20:00:00+00:00,0.0,0.0,0.0,13.6,3.43
1990-08-31 21:00:00+00:00,0.0,0.0,0.0,13.7,3.65
1990-08-31 22:00:00+00:00,0.0,0.0,0.0,13.81,3.86
1990-08-31 23:00:00+00:00,0.0,0.0,0.0,13.91,4.07
1990-09-01 00:00:00+00:00,0.0,0.0,0.0,14.01,4.29
1990-09-01 01:00:00+00:00,0.0,0.0,0.0,14.12,4.5
1990-09-01 02:00:00+00:00,0.0,0.0,0.0,14.22,4.72
1990-09-01 03:00:00+00:00,0.0,0.0,0.0,14.32,4.93
1990-09-01 04:00:00+00:00,0.0,0.0,0.0,14.43,5.15
1990-09-01 05:00:00+00:00,0.0,0.0,0.0,14.53,5.36
1990-09-01 06:00:00+00:00,30.0,8.69,29.0,14.63,5.57
1990-09-01 07:00:00+00:00,100.0,18.67,95.0,14.74,5.79
1990-09-01 08:00:00+00:00,263.0,192.6,184.0,14.9,6.14
1990-09-01 09:00:00+00:00,179.0,3.76,177.0,15.55,6.48
1990-09-01 10:00:00+00:00,391.0,142.02,302.0,16.13,6.28
1990-09-01 11:00:00+00:00,382.0,81.63,326.0,16.48,6.0
1990-09-01 12:00:00+00:00,472.0,181.17,344.0,16.64,5.38
1990-09-01 13:00:00+00:00,251.0,4.37,248.0,17.11,5.03
1990-09-01 14:00:00+00:00,222.0,4.77,219.0,16.93,4.62
1990-09-01 15:00:00+00:00,307.0,102.81,252.0,16.86,4.83
1990-09-01 16:00:00+00:00,252.0,152.51,189.0,16.83,4.48
1990-09-01 17:00:00+00:00,230.0,579.3,73.0,16.75,3.86
1990-09-01 18:00:00+00:00,68.0,194.21,45.0,16.65,3.66
1990-09-01 19:00:00+00:00,0.0,0.0,0.0,16.01,4.21
1990-09-01 20:00:00+00:00,0.0,0.0,0.0,15.36,4.48
1990-09-01 21:00:00+00:00,0.0,0.0,0.0,15.12,4.69
1990-09-01 22:00:00+00:00,0.0,0.0,0.0,15.08,4.62
1990-09-01 23:00:00+00:00,0.0,0.0,0.0,15.01,4.48
1990-09-02 00:00:00+00:00,0.0,0.0,0.0,14.93,4.28
1990-09-02 01:00:00+00:00,0.0,0.0,0.0,14.87,4.41
1990-09-02 02:00:00+00:00,0.0,0.0,0.0,14.86,4.69
1990-09-02 03:00:00+00:00,0.0,0.0,0.0,14.81,4.83
1990-09-02 04:00:00+00:00,0.0,0.0,0.0,14.76,4.9
1990-09-02 05:00:00+00:00,0.0,0.0,0.0,14.75,4.76
1990-09-02 06:00:00+00:00,47.0,72.14,39.0,14.72,4.76
1990-09-02 07:00:00+00:00,155.0,170.64,110.0,15.22,5.03
1990-09-02 08:00:00+00:00,247.0,160.03,182.0,15.5,5.79
1990-09-02 09:00:00+00:00,88.0,0.0,88.0,16.06,7.24
1990-09-02 10:00:00+00:00,133.0,0.0,133.0,16.39,7.59
1990-09-02 11:00:00+00:00,162.0,0.0,162.0,16.42,7.24
1990-09-02 12:00:00+00:00,112.0,0.0,112.0,16.99,6.9
1990-09-02 13:00:00+00:00,145.0,0.0,145.0,16.99,6.21
1990-09-02 14:00:00+00:00,54.0,0.0,54.0,16.84,6.14
1990-09-02 15:00:00+00:00,128.0,0.0,128.0,16.56,5.79
1990-09-02 16:00:00+00:00,52.0,0.0,52.0,16.26,5.45
1990-09-02 17:00:00+00:00,24.0,0.0,24.0,15.68,4.55
1990-09-02 18:00:00+00:00,40.0,26.66,37.0,15.31,4.21
1990-09-02 19:00:00+00:00,0.0,0.0,0.0,14.87,4.41
1990-09-02 20:00:00+00:00,0.0,0.0,0.0,14.6,4.76
1990-09-02 21:00:00+00:00,0.0,0.0,0.0,14.29,5.17
1990-09-02 22:00:00+00:00,0.0,0.0,0.0,13.99,5.24
1990-09-02 23:00:00+00:00,0.0,0.0,0.0,13.55,5.45
1990-09-03 00:00:00+00:00,0.0,0.0,0.0,13.31,5.66
1990-09-03 01:00:00+00:00,0.0,0.0,0.0,13.14,5.66
1990-09-03 02:00:00+00:00,0.0,0.0,0.0,12.94,5.59
1990-09-03 03:00:00+00:00,0.0,0.0,0.0,12.67,5.38
1990-09-03 04:00:00+00:00,0.0,0.0,0.0,12.43,5.31
1990-09-03 05:00:00+00:00,0.0,0.0,0.0,12.47,5.31
1990-09-03 06:00:00+00:00,10.0,0.0,10.0,12.44,5.03
1990-09-03 07:00:00+00:00,107.0,30.81,99.0,12.66,5.03
1990-09-03 08:00:00+00:00,300.0,330.75,167.0,13.18,5.72
1990-09-03 09:00:00+00:00,449.0,501.46,186.0,13.54,5.79
1990-09-03 10:00:00+00:00,214.0,3.23,212.0,13.96,5.52
1990-09-03 11:00:00+00:00,382.0,82.67,326.0,14.58,5.72
1990-09-03 12:00:00+00:00,597.0,458.8,277.0,14.88,5.93
1990-09-03 13:00:00+00:00,527.0,324.81,307.0,15.19,6.07
1990-09-03 14:00:00+00:00,464.0,291.13,284.0,15.23,5.86
1990-09-03 15:00:00+00:00,467.0,568.3,169.0,15.26,5.52
1990-09-03 16:00:00+00:00,355.0,594.53,116.0,14.93,5.24
1990-09-03 17:00:00+00:00,209.0,485.55,83.0,14.8,5.38
1990-09-03 18:00:00+00:00,69.0,309.63,36.0,14.32,4.9
1990-09-03 19:00:00+00:00,0.0,0.0,0.0,13.73,4.76
1990-09-03 20:00:00+00:00,0.0,0.0,0.0,13.28,4.83
1990-09-03 21:00:00+00:00,0.0,0.0,0.0,12.92,4.69
1990-09-03 22:00:00+00:00,0.0,0.0,0.0,12.7,4.28
1990-09-03 23:00:00+00:00,0.0,0.0,0.0,12.16,3.52
1990-09-04 00:00:00+00:00,0.0,0.0,0.0,11.6,2.83
1990-09-04 01:00:00+00:00,0.0,0.0,0.0,10.95,2.07
1990-09-04 02:00:00+00:00,0.0,0.0,0.0,9.95,1.59
1990-09-04 03:00:00+00:00,0.0,0.0,0.0,9.44,1.17
1990-09-04 04:00:00+00:00,0.0,0.0,0.0,10.0,0.83
1990-09-04 05:00:00+00:00,0.0,0.0,0.0,10.13,0.69
1990-09-04 06:00:00+00:00,66.0,321.94,33.0,10.06,0.48
1990-09-04 07:00:00+00:00,211.0,551.82,70.0,10.05,1.31
1990-09-04 08:00:00+00:00,372.0,718.53,86.0,12.8,1.86
1990-09-04 09:00:00+00:00,452.0,541.94,170.0,13.76,2.34
1990-09-04 10:00:00+00:00,620.0,840.22,104.0,14.35,2.41
1990-09-04 11:00:00+00:00,691.0,869.29,106.0,14.92,2.62
1990-09-04 12:00:00+00:00,722.0,899.17,99.0,15.33,2.97
1990-09-04 13:00:00+00:00,695.0,881.83,102.0,15.77,3.24
1990-09-04 14:00:00+00:00,608.0,799.14,118.0,15.76,3.24
1990-09-04 15:00:00+00:00,502.0,761.1,107.0,15.74,3.03
1990-09-04 16:00:00+00:00,367.0,698.84,90.0,15.64,2.55
1990-09-04 17:00:00+00:00,164.0,232.6,105.0,15.58,2.21
1990-09-04 18:00:00+00:00,46.0,89.48,37.0,15.31,1.79
1990-09-04 19:00:00+00:00,0.0,0.0,0.0,14.65,2.69
1990-09-04 20:00:00+00:00,0.0,0.0,0.0,14.15,2.55
1990-09-04 21:00:00+00:00,0.0,0.0,0.0,14.02,2.55
1990-09-04 22:00:00+00:00,0.0,0.0,0.0,14.1,2.76
1990-09-04 23:00:00+00:00,0.0,0.0,0.0,14.24,2.97
1990-09-05 00:00:00+00:00,0.0,0.0,0.0,14.49,3.03
1990-09-05 01:00:00+00:00,0.0,0.0,0.0,14.75,2.97
1990-09-05 02:00:00+00:00,0.0,0.0,0.0,14.97,3.03
1990-09-05 03:00:00+00:00,0.0,0.0,0.0,15.13,3.24
1990-09-05 04:00:00+00:00,0.0,0.0,0.0,15.31,3.59
1990-09-05 05:00:00+00:00,0.0,0.0,0.0,15.52,3.72
1990-09-05 06:00:00+00:00,13.0,0.0,13.0,15.6,3.72
1990-09-05 07:00:00+00:00,112.0,51.71,99.0,15.74,3.52
1990-09-05 08:00:00+00:00,127.0,5.08,125.0,15.87,3.86
1990-09-05 09:00:00+00:00,176.0,3.87,174.0,16.08,4.34
1990-09-05 10:00:00+00:00,374.0,137.74,290.0,16.39,4.83
1990-09-05 11:00:00+00:00,374.0,85.26,317.0,16.67,5.1
1990-09-05 12:00:00+00:00,342.0,46.5,310.0,16.99,5.17
1990-09-05 13:00:00+00:00,545.0,414.95,268.0,17.04,4.97
1990-09-05 14:00:00+00:00,586.0,756.6,126.0,17.07,4.83
1990-09-05 15:00:00+00:00,425.0,467.34,185.0,16.9,4.62
1990-09-05 16:00:00+00:00,226.0,127.98,176.0,16.69,4.48
1990-09-05 17:00:00+00:00,185.0,403.6,85.0,16.49,4.07
1990-09-05 18:00:00+00:00,38.0,52.89,33.0,16.3,3.66
1990-09-05 19:00:00+00:00,0.0,0.0,0.0,16.24,3.93
1990-09-05 20:00:00+00:00,0.0,0.0,0.0,16.24,4.34
1990-09-05 21:00:00+00:00,0.0,0.0,0.0,16.25,4.55
1990-09-05 22:00:00+00:00,0.0,0.0,0.0,16.07,4.41
1990-09-05 23:00:00+00:00,0.0,0.0,0.0,15.83,4.07
1990-09-06 00:00:00+00:00,0.0,0.0,0.0,15.58,3.66
1990-09-06 01:00:00+00:00,0.0,0.0,0.0,15.38,3.31
1990-09-06 02:00:00+00:00,0.0,0.0,0.0,15.03,2.97
1990-09-06 03:00:00+00:00,0.0,0.0,0.0,14.82,2.83
1990-09-06 04:00:00+00:00,0.0,0.0,0.0,14.64,2.76
1990-09-06 05:00:00+00:00,0.0,0.0,0.0,14.67,2.9
1990-09-06 06:00:00+00:00,45.0,127.61,33.0,14.53,3.03
1990-09-06 07:00:00+00:00,139.0,141.57,104.0,14.89,3.72
1990-09-06 08:00:00+00:00,202.0,79.53,171.0,15.47,3.79
1990-09-06 09:00:00+00:00,372.0,289.07,224.0,16.31,3.72
1990-09-06 10:00:00+00:00,516.0,492.13,218.0,17.04,3.66
1990-09-06 11:00:00+00:00,646.0,765.03,138.0,17.68,3.66
1990-09-06 12:00:00+00:00,647.0,689.12,176.0,18.23,3.93
1990-09-06 13:00:00+00:00,638.0,736.51,150.0,18.31,4.14
1990-09-06 14:00:00+00:00,584.0,763.18,124.0,18.1,4.28
1990-09-06 15:00:00+00:00,477.0,714.5,114.0,17.74,4.28
1990-09-06 16:00:00+00:00,351.0,678.01,90.0,17.14,4.0
1990-09-06 17:00:00+00:00,201.0,558.24,66.0,16.54,3.72
1990-09-06 18:00:00+00:00,51.0,237.41,30.0,15.84,3.45
1990-09-06 19:00:00+00:00,0.0,0.0,0.0,15.25,3.1
1990-09-06 20:00:00+00:00,0.0,0.0,0.0,14.6,2.9
1990-09-06 21:00:00+00:00,0.0,0.0,0.0,14.21,2.76
1990-09-06 22:00:00+00:00,0.0,0.0,0.0,13.81,2.69
1990-09-06 23:00:00+00:00,0.0,0.0,0.0,13.61,2.69
1990-09-07 00:00:00+00:00,0.0,0.0,0.0,13.31,2.48
1990-09-07 01:00:00+00:00,0.0,0.0,0.0,12.95,2.28
1990-09-07 02:00:00+00:00,0.0,0.0,0.0,12.89,2.48
1990-09-07 03:00:00+00:00,0.0,0.0,0.0,12.81,2.41
1990-09-07 04:00:00+00:00,0.0,0.0,0.0,12.74,2.14
1990-09-07 05:00:00+00:00,0.0,0.0,0.0,12.56,2.0
1990-09-07 06:00:00+00:00,36.0,66.84,30.0,12.49,2.0
1990-09-07 07:00:00+00:00,148.0,193.39,101.0,13.38,2.34
1990-09-07 08:00:00+00:00,175.0,38.9,160.0,14.3,2.62
1990-09-07 09:00:00+00:00,371.0,285.57,226.0,15.23,2.62
1990-09-07 10:00:00+00:00,565.0,680.34,156.0,16.05,3.1
1990-09-07 11:00:00+00:00,347.0,60.65,307.0,16.86,3.86
1990-09-07 12:00:00+00:00,464.0,197.43,330.0,17.25,4.55
1990-09-07 13:00:00+00:00,183.0,0.0,183.0,17.57,4.83
1990-09-07 14:00:00+00:00,144.0,0.0,144.0,17.42,4.83
1990-09-07 15:00:00+00:00,250.0,51.74,224.0,17.13,4.69
1990-09-07 16:00:00+00:00,196.0,73.85,168.0,16.74,4.62
1990-09-07 17:00:00+00:00,159.0,271.36,95.0,16.28,4.41
1990-09-07 18:00:00+00:00,44.0,182.19,29.0,15.61,3.79
1990-09-07 19:00:00+00:00,0.0,0.0,0.0,14.61,3.79
1990-09-07 20:00:00+00:00,0.0,0.0,0.0,14.15,3.79
1990-09-07 21:00:00+00:00,0.0,0.0,0.0,13.9,3.79
1990-09-07 22:00:00+00:00,0.0,0.0,0.0,13.77,3.72
1990-09-07 23:00:00+00:00,0.0,0.0,0.0,13.65,3.66
1990-09-08 00:00:00+00:00,0.0,0.0,0.0,13.58,3.59
1990-09-08 01:00:00+00:00,0.0,0.0,0.0,13.47,3.59
1990-09-08 02:00:00+00:00,0.0,0.0,0.0,13.37,3.59
1990-09-08 03:00:00+00:00,0.0,0.0,0.0,13.27,3.72
1990-09-08 04:00:00+00:00,0.0,0.0,0.0,13.47,3.93
1990-09-08 05:00:00+00:00,0.0,0.0,0.0,13.51,4.0
1990-09-08 06:00:00+00:00,24.0,11.7,23.0,13.75,4.14
1990-09-08 07:00:00+00:00,38.0,0.0,38.0,14.5,4.14
1990-09-08 08:00:00+00:00,132.0,7.87,129.0,14.91,4.9
1990-09-08 09:00:00+00:00,118.0,0.0,118.0,15.6,5.31
1990-09-08 10:00:00+00:00,288.0,40.22,264.0,15.83,5.24
1990-09-08 11:00:00+00:00,338.0,54.97,302.0,16.15,5.1
1990-09-08 12:00:00+00:00,361.0,65.29,317.0,16.58,4.97
1990-09-08 13:00:00+00:00,238.0,4.6,235.0,16.84,5.03
1990-09-08 14:00:00+00:00,307.0,59.11,272.0,16.87,5.17
1990-09-08 15:00:00+00:00,264.0,72.45,228.0,16.6,5.24
1990-09-08 16:00:00+00:00,164.0,32.14,152.0,16.47,5.17
1990-09-08 17:00:00+00:00,105.0,52.21,93.0,15.99,4.9
1990-09-08 18:00:00+00:00,24.0,13.13,23.0,15.53,4.41
1990-09-08 19:00:00+00:00,0.0,0.0,0.0,15.13,3.66
1990-09-08 20:00:00+00:00,0.0,0.0,0.0,14.93,3.38
1990-09-08 21:00:00+00:00,0.0,0.0,0.0,14.47,3.24
1990-09-08 22:00:00+00:00,0.0,0.0,0.0,14.28,3.1
1990-09-08 23:00:00+00:00,0.0,0.0,0.0,14.32,3.03
1990-09-09 00:00:00+00:00,0.0,0.0,0.0,14.31,2.83
1990-09-09 01:00:00+00:00,0.0,0.0,0.0,14.12,2.69
1990-09-09 02:00:00+00:00,0.0,0.0,0.0,14.07,2.76
1990-09-09 03:00:00+00:00,0.0,0.0,0.0,13.98,3.03
1990-09-09 04:00:00+00:00,0.0,0.0,0.0,13.95,3.17
1990-09-09 05:00:00+00:00,0.0,0.0,0.0,13.85,3.1
1990-09-09 06:00:00+00:00,16.0,0.0,16.0,13.69,3.1
1990-09-09 07:00:00+00:00,74.0,8.53,72.0,14.06,2.97
1990-09-09 08:00:00+00:00,154.0,23.86,145.0,14.73,3.66
1990-09-09 09:00:00+00:00,187.0,10.02,182.0,15.28,3.93
1990-09-09 10:00:00+00:00,148.0,0.0,148.0,15.46,4.28
1990-09-09 11:00:00+00:00,211.0,1.54,210.0,15.85,4.55
1990-09-09 12:00:00+00:00,218.0,1.49,217.0,15.94,4.83
1990-09-09 13:00:00+00:00,193.0,0.0,193.0,15.98,4.9
1990-09-09 14:00:00+00:00,184.0,1.7,183.0,15.92,4.97
1990-09-09 15:00:00+00:00,99.0,0.0,99.0,15.87,5.17
1990-09-09 16:00:00+00:00,151.0,21.77,143.0,15.6,5.31
1990-09-09 17:00:00+00:00,83.0,17.88,79.0,15.21,5.45
1990-09-09 18:00:00+00:00,28.0,57.17,24.0,14.81,4.97
1990-09-09 19:00:00+00:00,0.0,0.0,0.0,14.67,5.45
1990-09-09 20:00:00+00:00,0.0,0.0,0.0,14.69,5.45
1990-09-09 21:00:00+00:00,0.0,0.0,0.0,14.79,5.72
1990-09-09 22:00:00+00:00,0.0,0.0,0.0,14.94,6.14
1990-09-09 23:00:00+00:00,0.0,0.0,0.0,14.96,6.34
1990-09-10 00:00:00+00:00,0.0,0.0,0.0,14.97,6.69
1990-09-10 01:00:00+00:00,0.0,0.0,0.0,14.97,7.17
1990-09-10 02:00:00+00:00,0.0,0.0,0.0,14.85,7.45
1990-09-10 03:00:00+00:00,0.0,0.0,0.0,14.72,7.59
1990-09-10 04:00:00+00:00,0.0,0.0,0.0,14.58,7.79
1990-09-10 05:00:00+00:00,0.0,0.0,0.0,14.64,8.0
1990-09-10 06:00:00+00:00,14.0,0.0,14.0,14.69,7.86
1990-09-10 07:00:00+00:00,150.0,247.47,93.0,14.79,8.28
1990-09-10 08:00:00+00:00,318.0,555.13,111.0,14.62,8.0
1990-09-10 09:00:00+00:00,292.0,121.26,232.0,14.63,8.69
1990-09-10 10:00:00+00:00,433.0,280.7,268.0,14.64,8.83
1990-09-10 11:00:00+00:00,394.0,125.47,313.0,14.7,8.69
1990-09-10 12:00:00+00:00,528.0,359.89,289.0,14.59,8.34
1990-09-10 13:00:00+00:00,478.0,281.86,297.0,14.78,8.21
1990-09-10 14:00:00+00:00,484.0,442.15,227.0,14.82,8.0
1990-09-10 15:00:00+00:00,393.0,422.22,188.0,14.79,7.66
1990-09-10 16:00:00+00:00,306.0,536.63,112.0,14.72,7.38
1990-09-10 17:00:00+00:00,172.0,487.03,66.0,14.65,6.97
1990-09-10 18:00:00+00:00,32.0,156.88,22.0,14.5,5.93
1990-09-10 19:00:00+00:00,0.0,0.0,0.0,14.3,5.59
1990-09-10 20:00:00+00:00,0.0,0.0,0.0,14.0,5.66
1990-09-10 21:00:00+00:00,0.0,0.0,0.0,13.6,5.45
1990-09-10 22:00:00+00:00,0.0,0.0,0.0,13.23,5.03
1990-09-10 23:00:00+00:00,0.0,0.0,0.0,13.06,4.62
1990-09-11 00:00:00+00:00,0.0,0.0,0.0,12.74,4.21
1990-09-11 01:00:00+00:00,0.0,0.0,0.0,12.35,3.66
1990-09-11 02:00:00+00:00,0.0,0.0,0.0,11.97,3.31
1990-09-11 03:00:00+00:00,0.0,0.0,0.0,11.69,3.03
1990-09-11 04:00:00+00:00,0.0,0.0,0.0,11.37,2.69
1990-09-11 05:00:00+00:00,0.0,0.0,0.0,11.05,2.55
1990-09-11 06:00:00+00:00,31.0,82.71,25.0,10.72,2.55
1990-09-11 07:00:00+00:00,167.0,389.29,79.0,11.2,1.66
1990-09-11 08:00:00+00:00,319.0,580.6,105.0,12.72,2.28
1990-09-11 09:00:00+00:00,324.0,191.67,230.0,13.87,3.31
1990-09-11 10:00:00+00:00,495.0,474.89,218.0,14.43,3.93
1990-09-11 11:00:00+00:00,609.0,686.62,169.0,14.79,4.14
1990-09-11 12:00:00+00:00,680.0,872.38,105.0,15.23,4.34
1990-09-11 13:00:00+00:00,619.0,742.63,146.0,15.7,4.48
1990-09-11 14:00:00+00:00,498.0,505.42,207.0,16.07,4.62
1990-09-11 15:00:00+00:00,373.0,360.58,200.0,16.09,4.62
1990-09-11 16:00:00+00:00,167.0,47.81,150.0,16.02,4.69
1990-09-11 17:00:00+00:00,121.0,151.3,89.0,15.67,4.14
1990-09-11 18:00:00+00:00,26.0,104.38,20.0,15.27,3.45
1990-09-11 19:00:00+00:00,0.0,0.0,0.0,14.98,3.38
1990-09-11 20:00:00+00:00,0.0,0.0,0.0,14.67,3.17
1990-09-11 21:00:00+00:00,0.0,0.0,0.0,14.5,2.9
1990-09-11 22:00:00+00:00,0.0,0.0,0.0,14.48,2.62
1990-09-11 23:00:00+00:00,0.0,0.0,0.0,14.43,2.55
1990-09-12 00:00:00+00:00,0.0,0.0,0.0,14.48,2.62
1990-09-12 01:00:00+00:00,0.0,0.0,0.0,14.52,2.76
1990-09-12 02:00:00+00:00,0.0,0.0,0.0,14.58,2.9
1990-09-12 03:00:00+00:00,0.0,0.0,0.0,14.56,3.1
1990-09-12 04:00:00+00:00,0.0,0.0,0.0,14.47,3.31
1990-09-12 05:00:00+00:00,0.0,0.0,0.0,14.49,3.59
1990-09-12 06:00:00+00:00,5.0,0.0,5.0,14.41,3.52
1990-09-12 07:00:00+00:00,66.0,4.51,65.0,14.55,3.1
1990-09-12 08:00:00+00:00,113.0,2.75,112.0,14.93,3.72
1990-09-12 09:00:00+00:00,272.0,96.71,225.0,15.22,3.52
1990-09-12 10:00:00+00:00,419.0,264.38,266.0,15.85,3.45
1990-09-12 11:00:00+00:00,544.0,477.96,240.0,16.26,3.45
1990-09-12 12:00:00+00:00,617.0,668.1,180.0,16.55,3.38
1990-09-12 13:00:00+00:00,611.0,736.18,146.0,17.01,3.38
1990-09-12 14:00:00+00:00,533.0,669.93,151.0,16.84,3.31
1990-09-12 15:00:00+00:00,440.0,685.67,115.0,16.8,3.24
1990-09-12 16:00:00+00:00,307.0,612.24,93.0,16.48,3.17
1990-09-12 17:00:00+00:00,156.0,433.45,67.0,16.04,2.83
1990-09-12 18:00:00+00:00,16.0,19.53,15.0,15.37,2.28
1990-09-12 19:00:00+00:00,0.0,0.0,0.0,14.61,2.28
1990-09-12 20:00:00+00:00,0.0,0.0,0.0,13.95,2.0
1990-09-12 21:00:00+00:00,0.0,0.0,0.0,13.51,1.79
1990-09-12 22:00:00+00:00,0.0,0.0,0.0,12.77,1.52
1990-09-12 23:00:00+00:00,0.0,0.0,0.0,12.01,1.24
1990-09-13 00:00:00+00:00,0.0,0.0,0.0,12.08,1.03
1990-09-13 01:00:00+00:00,0.0,0.0,0.0,12.36,0.83
1990-09-13 02:00:00+00:00,0.0,0.0,0.0,12.24,0.9
1990-09-13 03:00:00+00:00,0.0,0.0,0.0,12.16,0.9
1990-09-13 04:00:00+00:00,0.0,0.0,0.0,12.06,0.9
1990-09-13 05:00:00+00:00,0.0,0.0,0.0,12.19,0.83
1990-09-13 06:00:00+00:00,21.0,31.33,19.0,11.96,0.97
1990-09-13 07:00:00+00:00,88.0,32.2,81.0,12.98,1.03
1990-09-13 08:00:00+00:00,158.0,33.34,146.0,13.56,0.9
1990-09-13 09:00:00+00:00,313.0,180.67,226.0,14.59,1.17
1990-09-13 10:00:00+00:00,415.0,259.54,266.0,15.73,1.52
1990-09-13 11:00:00+00:00,361.0,91.89,303.0,16.84,1.66
1990-09-13 12:00:00+00:00,343.0,61.63,303.0,17.81,1.52
1990-09-13 13:00:00+00:00,536.0,471.01,241.0,18.42,1.79
1990-09-13 14:00:00+00:00,434.0,327.66,249.0,18.76,2.0
1990-09-13 15:00:00+00:00,259.0,89.71,217.0,18.87,2.41
1990-09-13 16:00:00+00:00,166.0,55.32,147.0,18.56,2.83
1990-09-13 17:00:00+00:00,78.0,25.11,73.0,17.9,2.55
1990-09-13 18:00:00+00:00,23.0,200.51,14.0,17.12,2.0
1990-09-13 19:00:00+00:00,0.0,0.0,0.0,16.37,2.76
1990-09-13 20:00:00+00:00,0.0,0.0,0.0,15.62,3.59
1990-09-13 21:00:00+00:00,0.0,0.0,0.0,15.37,4.14
1990-09-13 22:00:00+00:00,0.0,0.0,0.0,15.01,4.55
1990-09-13 23:00:00+00:00,0.0,0.0,0.0,14.83,4.69
1990-09-14 00:00:00+00:00,0.0,0.0,0.0,14.89,4.9
1990-09-14 01:00:00+00:00,0.0,0.0,0.0,15.06,5.1
1990-09-14 02:00:00+00:00,0.0,0.0,0.0,15.32,5.31
1990-09-14 03:00:00+00:00,0.0,0.0,0.0,15.51,5.59
1990-09-14 04:00:00+00:00,0.0,0.0,0.0,15.54,6.0
1990-09-14 05:00:00+00:00,0.0,0.0,0.0,15.54,6.34
1990-09-14 06:00:00+00:00,18.0,33.64,16.0,15.32,6.34
1990-09-14 07:00:00+00:00,146.0,309.76,80.0,14.8,5.86
1990-09-14 08:00:00+00:00,279.0,421.93,129.0,14.41,5.59
1990-09-14 09:00:00+00:00,417.0,565.97,147.0,14.43,5.72
1990-09-14 10:00:00+00:00,526.0,651.53,155.0,14.7,6.48
1990-09-14 11:00:00+00:00,323.0,55.88,288.0,15.19,6.97
1990-09-14 12:00:00+00:00,406.0,144.43,313.0,15.45,7.17
1990-09-14 13:00:00+00:00,456.0,270.56,288.0,15.57,7.17
1990-09-14 14:00:00+00:00,204.0,5.37,201.0,15.63,7.24
1990-09-14 15:00:00+00:00,350.0,335.3,195.0,15.27,6.83
1990-09-14 16:00:00+00:00,284.0,533.48,104.0,15.2,6.34
1990-09-14 17:00:00+00:00,114.0,181.46,79.0,15.12,5.66
1990-09-14 18:00:00+00:00,9.0,0.0,9.0,14.73,4.76
1990-09-14 19:00:00+00:00,0.0,0.0,0.0,14.11,4.34
1990-09-14 20:00:00+00:00,0.0,0.0,0.0,13.62,4.0
1990-09-14 21:00:00+00:00,0.0,0.0,0.0,13.17,3.72
1990-09-14 22:00:00+00:00,0.0,0.0,0.0,12.7,3.45
1990-09-14 23:00:00+00:00,0.0,0.0,0.0,12.35,2.97
1990-09-15 00:00:00+00:00,0.0,0.0,0.0,11.91,2.41
1990-09-15 01:00:00+00:00,0.0,0.0,0.0,11.31,2.14
1990-09-15 02:00:00+00:00,0.0,0.0,0.0,10.85,2.14
1990-09-15 03:00:00+00:00,0.0,0.0,0.0,10.45,2.07
1990-09-15 04:00:00+00:00,0.0,0.0,0.0,10.07,1.66
1990-09-15 05:00:00+00:00,0.0,0.0,0.0,9.99,1.52
1990-09-15 06:00:00+00:00,24.0,108.97,18.0,9.35,1.52
1990-09-15 07:00:00+00:00,118.0,148.54,87.0,10.78,1.52
1990-09-15 08:00:00+00:00,286.0,478.52,118.0,12.28,2.07
1990-09-15 09:00:00+00:00,435.0,670.87,118.0,13.42,2.76
1990-09-15 10:00:00+00:00,551.0,768.51,117.0,14.49,3.31
1990-09-15 11:00:00+00:00,315.0,51.49,283.0,15.35,3.59
1990-09-15 12:00:00+00:00,431.0,187.87,311.0,15.86,3.59
1990-09-15 13:00:00+00:00,229.0,6.5,225.0,16.57,3.66
1990-09-15 14:00:00+00:00,453.0,417.49,222.0,16.97,3.86
1990-09-15 15:00:00+00:00,413.0,628.89,126.0,17.14,3.93
1990-09-15 16:00:00+00:00,295.0,633.88,85.0,17.0,4.07
1990-09-15 17:00:00+00:00,143.0,455.48,58.0,16.62,3.86
1990-09-15 18:00:00+00:00,9.0,0.0,9.0,15.82,3.72
1990-09-15 19:00:00+00:00,0.0,0.0,0.0,15.12,4.07
1990-09-15 20:00:00+00:00,0.0,0.0,0.0,14.34,4.0
1990-09-15 21:00:00+00:00,0.0,0.0,0.0,13.69,3.86
1990-09-15 22:00:00+00:00,0.0,0.0,0.0,13.29,3.79
1990-09-15 23:00:00+00:00,0.0,0.0,0.0,13.1,3.86
1990-09-16 00:00:00+00:00,0.0,0.0,0.0,12.81,4.0
1990-09-16 01:00:00+00:00,0.0,0.0,0.0,12.76,4.28
1990-09-16 02:00:00+00:00,0.0,0.0,0.0,12.88,4.62
1990-09-16 03:00:00+00:00,0.0,0.0,0.0,13.04,4.83
1990-09-16 04:00:00+00:00,0.0,0.0,0.0,13.24,4.97
1990-09-16 05:00:00+00:00,0.0,0.0,0.0,13.44,4.97
1990-09-16 06:00:00+00:00,12.0,19.74,11.0,13.45,4.9
1990-09-16 07:00:00+00:00,99.0,83.21,82.0,13.93,4.97
1990-09-16 08:00:00+00:00,243.0,282.72,145.0,14.84,5.03
1990-09-16 09:00:00+00:00,421.0,632.54,125.0,15.83,7.1
1990-09-16 10:00:00+00:00,271.0,42.86,247.0,16.68,8.0
1990-09-16 11:00:00+00:00,205.0,1.62,204.0,17.46,8.34
1990-09-16 12:00:00+00:00,229.0,4.74,226.0,17.74,8.62
1990-09-16 13:00:00+00:00,177.0,0.0,177.0,18.34,9.17
1990-09-16 14:00:00+00:00,73.0,0.0,73.0,18.33,9.1
1990-09-16 15:00:00+00:00,267.0,128.77,209.0,17.78,7.79
1990-09-16 16:00:00+00:00,138.0,30.76,128.0,16.95,8.07
1990-09-16 17:00:00+00:00,62.0,16.64,59.0,15.59,6.97
1990-09-16 18:00:00+00:00,7.0,0.0,7.0,14.36,5.59
1990-09-16 19:00:00+00:00,0.0,0.0,0.0,13.66,5.24
1990-09-16 20:00:00+00:00,0.0,0.0,0.0,13.18,4.83
1990-09-16 21:00:00+00:00,0.0,0.0,0.0,13.03,4.83
1990-09-16 22:00:00+00:00,0.0,0.0,0.0,12.81,4.62
1990-09-16 23:00:00+00:00,0.0,0.0,0.0,12.58,4.41
1990-09-17 00:00:00+00:00,0.0,0.0,0.0,12.35,4.34
1990-09-17 01:00:00+00:00,0.0,0.0,0.0,12.36,4.48
1990-09-17 02:00:00+00:00,0.0,0.0,0.0,11.79,4.76
1990-09-17 03:00:00+00:00,0.0,0.0,0.0,11.52,5.03
1990-09-17 04:00:00+00:00,0.0,0.0,0.0,11.37,5.1
1990-09-17 05:00:00+00:00,0.0,0.0,0.0,11.13,5.45
1990-09-17 06:00:00+00:00,21.0,151.43,14.0,10.85,5.72
1990-09-17 07:00:00+00:00,157.0,485.28,60.0,10.76,5.45
1990-09-17 08:00:00+00:00,230.0,230.89,151.0,10.84,5.45
1990-09-17 09:00:00+00:00,137.0,0.0,137.0,11.24,6.21
1990-09-17 10:00:00+00:00,438.0,354.82,241.0,11.67,6.21
1990-09-17 11:00:00+00:00,529.0,484.08,233.0,12.04,6.14
1990-09-17 12:00:00+00:00,491.0,327.87,285.0,12.27,6.07
1990-09-17 13:00:00+00:00,360.0,107.52,295.0,12.61,6.21
1990-09-17 14:00:00+00:00,47.0,0.0,47.0,12.8,6.41
1990-09-17 15:00:00+00:00,198.0,29.25,185.0,12.69,6.83
1990-09-17 16:00:00+00:00,287.0,642.69,82.0,12.16,7.45
1990-09-17 17:00:00+00:00,130.0,407.99,59.0,11.59,7.59
1990-09-17 18:00:00+00:00,0.0,0.0,0.0,10.73,7.03
1990-09-17 19:00:00+00:00,0.0,0.0,0.0,9.71,5.93
1990-09-17 20:00:00+00:00,0.0,0.0,0.0,9.43,5.59
1990-09-17 21:00:00+00:00,0.0,0.0,0.0,9.3,5.03
1990-09-17 22:00:00+00:00,0.0,0.0,0.0,9.22,4.97
1990-09-17 23:00:00+00:00,0.0,0.0,0.0,8.89,4.97
1990-09-18 00:00:00+00:00,0.0,0.0,0.0,8.52,4.62
1990-09-18 01:00:00+00:00,0.0,0.0,0.0,8.12,4.21
1990-09-18 02:00:00+00:00,0.0,0.0,0.0,7.78,3.93
1990-09-18 03:00:00+00:00,0.0,0.0,0.0,7.54,3.79
1990-09-18 04:00:00+00:00,0.0,0.0,0.0,7.31,3.45
1990-09-18 05:00:00+00:00,0.0,0.0,0.0,7.01,3.31
1990-09-18 06:00:00+00:00,18.0,143.59,12.0,6.88,3.17
1990-09-18 07:00:00+00:00,154.0,486.07,59.0,7.15,3.1
1990-09-18 08:00:00+00:00,311.0,684.13,80.0,8.55,3.31
1990-09-18 09:00:00+00:00,443.0,747.73,100.0,9.84,4.07
1990-09-18 10:00:00+00:00,511.0,634.09,162.0,10.89,4.21
1990-09-18 11:00:00+00:00,541.0,537.57,215.0,11.42,4.48
1990-09-18 12:00:00+00:00,556.0,532.9,224.0,12.06,5.24
1990-09-18 13:00:00+00:00,277.0,28.38,260.0,12.3,5.59
1990-09-18 14:00:00+00:00,486.0,582.05,174.0,12.15,5.59
1990-09-18 15:00:00+00:00,245.0,91.24,205.0,12.28,5.59
1990-09-18 16:00:00+00:00,44.0,0.0,44.0,12.24,5.24
1990-09-18 17:00:00+00:00,22.0,0.0,22.0,12.04,5.24
1990-09-18 18:00:00+00:00,0.0,0.0,0.0,11.72,5.24
1990-09-18 19:00:00+00:00,0.0,0.0,0.0,11.39,5.52
1990-09-18 20:00:00+00:00,0.0,0.0,0.0,11.0,5.52
1990-09-18 21:00:00+00:00,0.0,0.0,0.0,10.95,5.59
1990-09-18 22:00:00+00:00,0.0,0.0,0.0,11.05,5.66
1990-09-18 23:00:00+00:00,0.0,0.0,0.0,11.16,5.66
1990-09-19 00:00:00+00:00,0.0,0.0,0.0,11.38,5.79
1990-09-19 01:00:00+00:00,0.0,0.0,0.0,11.55,5.66
1990-09-19 02:00:00+00:00,0.0,0.0,0.0,11.85,5.52
1990-09-19 03:00:00+00:00,0.0,0.0,0.0,12.06,5.24
1990-09-19 04:00:00+00:00,0.0,0.0,0.0,12.19,5.24
1990-09-19 05:00:00+00:00,0.0,0.0,0.0,12.39,5.52
1990-09-19 06:00:00+00:00,10.0,0.0,10.0,12.47,5.52
1990-09-19 07:00:00+00:00,66.0,15.71,63.0,13.03,6.41
1990-09-19 08:00:00+00:00,194.0,138.09,148.0,13.74,6.48
1990-09-19 09:00:00+00:00,84.0,0.0,84.0,14.55,6.69
1990-09-19 10:00:00+00:00,266.0,45.83,241.0,15.36,7.1
1990-09-19 11:00:00+00:00,232.0,8.31,227.0,15.61,6.76
1990-09-19 12:00:00+00:00,209.0,3.24,207.0,15.96,6.69
1990-09-19 13:00:00+00:00,69.0,0.0,69.0,16.19,6.62
1990-09-19 14:00:00+00:00,97.0,0.0,97.0,16.26,6.0
1990-09-19 15:00:00+00:00,201.0,39.32,184.0,15.93,6.76
1990-09-19 16:00:00+00:00,182.0,150.06,136.0,15.36,6.34
1990-09-19 17:00:00+00:00,100.0,229.31,63.0,15.23,6.14
1990-09-19 18:00:00+00:00,0.0,0.0,0.0,15.19,5.93
1990-09-19 19:00:00+00:00,0.0,0.0,0.0,14.95,5.1
1990-09-19 20:00:00+00:00,0.0,0.0,0.0,15.07,5.72
1990-09-19 21:00:00+00:00,0.0,0.0,0.0,15.34,6.07
1990-09-19 22:00:00+00:00,0.0,0.0,0.0,15.29,5.72
1990-09-19 23:00:00+00:00,0.0,0.0,0.0,15.21,4.97
1990-09-20 00:00:00+00:00,0.0,0.0,0.0,14.95,4.48
1990-09-20 01:00:00+00:00,0.0,0.0,0.0,14.88,5.17
1990-09-20 02:00:00+00:00,0.0,0.0,0.0,15.18,6.07
1990-09-20 03:00:00+00:00,0.0,0.0,0.0,14.99,6.21
1990-09-20 04:00:00+00:00,0.0,0.0,0.0,14.77,5.79
1990-09-20 05:00:00+00:00,0.0,0.0,0.0,14.41,5.72
1990-09-20 06:00:00+00:00,6.0,0.0,6.0,13.87,5.31
1990-09-20 07:00:00+00:00,92.0,91.15,75.0,13.74,4.55
1990-09-20 08:00:00+00:00,272.0,511.32,104.0,14.27,4.41
1990-09-20 09:00:00+00:00,357.0,400.58,177.0,15.08,5.59
1990-09-20 10:00:00+00:00,233.0,22.2,221.0,15.66,5.93
1990-09-20 11:00:00+00:00,183.0,0.0,183.0,16.33,6.55
1990-09-20 12:00:00+00:00,311.0,50.63,280.0,16.82,6.9
1990-09-20 13:00:00+00:00,284.0,40.83,260.0,17.04,6.62
1990-09-20 14:00:00+00:00,176.0,1.91,175.0,17.18,6.62
1990-09-20 15:00:00+00:00,138.0,2.35,137.0,16.99,6.21
1990-09-20 16:00:00+00:00,134.0,39.96,122.0,16.65,6.07
1990-09-20 17:00:00+00:00,57.0,25.81,53.0,15.9,5.72
1990-09-20 18:00:00+00:00,0.0,0.0,0.0,15.26,5.59
1990-09-20 19:00:00+00:00,0.0,0.0,0.0,14.87,5.31
1990-09-20 20:00:00+00:00,0.0,0.0,0.0,14.71,4.62
1990-09-20 21:00:00+00:00,0.0,0.0,0.0,14.32,4.41
1990-09-20 22:00:00+00:00,0.0,0.0,0.0,14.2,4.41
1990-09-20 23:00:00+00:00,0.0,0.0,0.0,14.28,4.34
1990-09-21 00:00:00+00:00,0.0,0.0,0.0,14.39,4.07
1990-09-21 01:00:00+00:00,0.0,0.0,0.0,14.3,3.38
1990-09-21 02:00:00+00:00,0.0,0.0,0.0,14.01,2.97
1990-09-21 03:00:00+00:00,0.0,0.0,0.0,13.86,2.28
1990-09-21 04:00:00+00:00,0.0,0.0,0.0,13.64,1.66
1990-09-21 05:00:00+00:00,0.0,0.0,0.0,13.5,1.38
1990-09-21 06:00:00+00:00,5.0,0.0,5.0,13.64,2.41
1990-09-21 07:00:00+00:00,45.0,0.0,45.0,13.77,2.07
1990-09-21 08:00:00+00:00,151.0,52.47,134.0,14.1,2.69
1990-09-21 09:00:00+00:00,99.0,0.0,99.0,14.45,3.1
1990-09-21 10:00:00+00:00,134.0,0.0,134.0,14.82,2.55
1990-09-21 11:00:00+00:00,127.0,0.0,127.0,15.03,1.93
1990-09-21 12:00:00+00:00,290.0,37.9,267.0,15.2,2.41
1990-09-21 13:00:00+00:00,253.0,22.33,240.0,14.65,1.1
1990-09-21 14:00:00+00:00,316.0,136.95,245.0,14.59,0.07
1990-09-21 15:00:00+00:00,343.0,454.55,152.0,15.06,0.55
1990-09-21 16:00:00+00:00,222.0,384.29,109.0,15.07,0.83
1990-09-21 17:00:00+00:00,49.0,13.46,47.0,14.72,0.97
1990-09-21 18:00:00+00:00,0.0,0.0,0.0,14.15,1.52
1990-09-21 19:00:00+00:00,0.0,0.0,0.0,12.89,2.07
1990-09-21 20:00:00+00:00,0.0,0.0,0.0,12.21,1.52
1990-09-21 21:00:00+00:00,0.0,0.0,0.0,11.61,1.17
1990-09-21 22:00:00+00:00,0.0,0.0,0.0,10.38,1.59
1990-09-21 23:00:00+00:00,0.0,0.0,0.0,9.55,2.0
1990-09-22 00:00:00+00:00,0.0,0.0,0.0,9.05,2.0
1990-09-22 01:00:00+00:00,0.0,0.0,0.0,8.85,1.86
1990-09-22 02:00:00+00:00,0.0,0.0,0.0,9.06,1.66
1990-09-22 03:00:00+00:00,0.0,0.0,0.0,9.17,1.59
1990-09-22 04:00:00+00:00,0.0,0.0,0.0,9.2,1.79
1990-09-22 05:00:00+00:00,0.0,0.0,0.0,9.23,1.72
1990-09-22 06:00:00+00:00,1.0,0.0,1.0,9.15,1.86
1990-09-22 07:00:00+00:00,120.0,309.89,65.0,9.52,2.28
1990-09-22 08:00:00+00:00,179.0,112.73,143.0,9.99,2.48
1990-09-22 09:00:00+00:00,217.0,52.29,194.0,11.06,2.62
1990-09-22 10:00:00+00:00,235.0,24.49,222.0,12.51,3.1
1990-09-22 11:00:00+00:00,300.0,52.91,269.0,14.44,4.0
1990-09-22 12:00:00+00:00,180.0,0.0,180.0,16.09,4.41
1990-09-22 13:00:00+00:00,137.0,0.0,137.0,17.12,3.52
1990-09-22 14:00:00+00:00,221.0,21.46,210.0,17.55,2.69
1990-09-22 15:00:00+00:00,211.0,62.79,185.0,17.95,2.62
1990-09-22 16:00:00+00:00,145.0,72.97,124.0,18.17,2.97
1990-09-22 17:00:00+00:00,19.0,0.0,19.0,17.88,3.31
1990-09-22 18:00:00+00:00,0.0,0.0,0.0,16.9,3.38
1990-09-22 19:00:00+00:00,0.0,0.0,0.0,15.73,3.45
1990-09-22 20:00:00+00:00,0.0,0.0,0.0,14.99,3.86
1990-09-22 21:00:00+00:00,0.0,0.0,0.0,14.6,4.34
1990-09-22 22:00:00+00:00,0.0,0.0,0.0,14.09,4.48
1990-09-22 23:00:00+00:00,0.0,0.0,0.0,13.87,4.76
1990-09-23 00:00:00+00:00,0.0,0.0,0.0,13.67,5.1
1990-09-23 01:00:00+00:00,0.0,0.0,0.0,13.74,5.31
1990-09-23 02:00:00+00:00,0.0,0.0,0.0,13.84,5.59
1990-09-23 03:00:00+00:00,0.0,0.0,0.0,13.94,5.72
1990-09-23 04:00:00+00:00,0.0,0.0,0.0,13.91,5.86
1990-09-23 05:00:00+00:00,0.0,0.0,0.0,13.92,6.0
1990-09-23 06:00:00+00:00,0.0,0.0,0.0,14.09,5.79
1990-09-23 07:00:00+00:00,42.0,0.0,42.0,14.91,5.93
1990-09-23 08:00:00+00:00,56.0,0.0,56.0,15.55,5.79
1990-09-23 09:00:00+00:00,73.0,0.0,73.0,16.07,5.59
1990-09-23 10:00:00+00:00,116.0,0.0,116.0,16.58,5.1
1990-09-23 11:00:00+00:00,98.0,0.0,98.0,17.39,6.14
1990-09-23 12:00:00+00:00,132.0,0.0,132.0,17.68,5.24
1990-09-23 13:00:00+00:00,165.0,0.0,165.0,17.84,5.03
1990-09-23 14:00:00+00:00,187.0,7.9,183.0,17.83,4.83
1990-09-23 15:00:00+00:00,167.0,19.61,159.0,17.79,4.48
1990-09-23 16:00:00+00:00,44.0,0.0,44.0,17.47,4.14
1990-09-23 17:00:00+00:00,29.0,0.0,29.0,16.87,3.72
1990-09-23 18:00:00+00:00,0.0,0.0,0.0,16.51,3.59
1990-09-23 19:00:00+00:00,0.0,0.0,0.0,15.87,3.59
1990-09-23 20:00:00+00:00,0.0,0.0,0.0,15.64,3.59
1990-09-23 21:00:00+00:00,0.0,0.0,0.0,15.49,4.0
1990-09-23 22:00:00+00:00,0.0,0.0,0.0,15.51,4.9
1990-09-23 23:00:00+00:00,0.0,0.0,0.0,15.37,5.52
1990-09-24 00:00:00+00:00,0.0,0.0,0.0,15.13,5.72
1990-09-24 01:00:00+00:00,0.0,0.0,0.0,15.37,6.34
1990-09-24 02:00:00+00:00,0.0,0.0,0.0,15.54,5.52
1990-09-24 03:00:00+00:00,0.0,0.0,0.0,15.34,4.41
1990-09-24 04:00:00+00:00,0.0,0.0,0.0,14.52,2.55
1990-09-24 05:00:00+00:00,0.0,0.0,0.0,13.94,0.9
1990-09-24 06:00:00+00:00,0.0,0.0,0.0,12.86,9.59
1990-09-24 07:00:00+00:00,94.0,160.36,67.0,10.99,6.9
1990-09-24 08:00:00+00:00,233.0,374.13,117.0,10.62,6.62
1990-09-24 09:00:00+00:00,401.0,701.94,99.0,11.35,7.31
1990-09-24 10:00:00+00:00,161.0,1.92,160.0,12.2,8.34
1990-09-24 11:00:00+00:00,181.0,1.74,180.0,12.37,9.03
1990-09-24 12:00:00+00:00,98.0,0.0,98.0,12.18,9.1
1990-09-24 13:00:00+00:00,192.0,3.54,190.0,12.84,9.38
1990-09-24 14:00:00+00:00,215.0,21.97,204.0,13.89,10.07
1990-09-24 15:00:00+00:00,258.0,181.69,185.0,14.15,9.72
1990-09-24 16:00:00+00:00,200.0,334.31,108.0,14.13,8.9
1990-09-24 17:00:00+00:00,64.0,108.11,50.0,13.41,8.34
1990-09-24 18:00:00+00:00,0.0,0.0,0.0,12.68,7.38
1990-09-24 19:00:00+00:00,0.0,0.0,0.0,12.41,6.41
1990-09-24 20:00:00+00:00,0.0,0.0,0.0,12.44,6.28
1990-09-24 21:00:00+00:00,0.0,0.0,0.0,12.19,6.28
1990-09-24 22:00:00+00:00,0.0,0.0,0.0,11.74,6.34
1990-09-24 23:00:00+00:00,0.0,0.0,0.0,11.48,6.48
1990-09-25 00:00:00+00:00,0.0,0.0,0.0,11.29,6.0
1990-09-25 01:00:00+00:00,0.0,0.0,0.0,10.97,6.28
1990-09-25 02:00:00+00:00,0.0,0.0,0.0,10.86,6.34
1990-09-25 03:00:00+00:00,0.0,0.0,0.0,10.73,5.93
1990-09-25 04:00:00+00:00,0.0,0.0,0.0,10.75,5.66
1990-09-25 05:00:00+00:00,0.0,0.0,0.0,11.11,5.52
1990-09-25 06:00:00+00:00,0.0,0.0,0.0,11.12,5.24
1990-09-25 07:00:00+00:00,98.0,201.47,65.0,11.61,5.72
1990-09-25 08:00:00+00:00,209.0,255.44,131.0,11.68,5.86
1990-09-25 09:00:00+00:00,331.0,366.73,175.0,12.92,6.21
1990-09-25 10:00:00+00:00,371.0,252.09,241.0,13.59,6.69
1990-09-25 11:00:00+00:00,453.0,357.82,249.0,14.16,6.97
1990-09-25 12:00:00+00:00,555.0,671.84,162.0,14.22,7.24
1990-09-25 13:00:00+00:00,357.0,150.21,273.0,14.09,7.72
1990-09-25 14:00:00+00:00,287.0,103.11,236.0,13.87,8.0
1990-09-25 15:00:00+00:00,304.0,351.36,165.0,13.42,8.14
1990-09-25 16:00:00+00:00,227.0,550.42,79.0,13.1,8.14
1990-09-25 17:00:00+00:00,86.0,365.51,41.0,12.65,7.24
1990-09-25 18:00:00+00:00,0.0,0.0,0.0,12.08,6.62
1990-09-25 19:00:00+00:00,0.0,0.0,0.0,12.02,5.72
1990-09-25 20:00:00+00:00,0.0,0.0,0.0,11.8,5.38
1990-09-25 21:00:00+00:00,0.0,0.0,0.0,11.36,4.9
1990-09-25 22:00:00+00:00,0.0,0.0,0.0,10.9,4.34
1990-09-25 23:00:00+00:00,0.0,0.0,0.0,10.6,3.86
1990-09-26 00:00:00+00:00,0.0,0.0,0.0,10.04,3.72
1990-09-26 01:00:00+00:00,0.0,0.0,0.0,9.85,3.79
1990-09-26 02:00:00+00:00,0.0,0.0,0.0,9.72,3.86
1990-09-26 03:00:00+00:00,0.0,0.0,0.0,9.33,4.0
1990-09-26 04:00:00+00:00,0.0,0.0,0.0,8.88,4.28
1990-09-26 05:00:00+00:00,0.0,0.0,0.0,8.49,4.41
1990-09-26 06:00:00+00:00,0.0,0.0,0.0,7.97,4.76
1990-09-26 07:00:00+00:00,65.0,37.69,59.0,8.17,4.69
1990-09-26 08:00:00+00:00,199.0,219.53,133.0,8.38,5.38
1990-09-26 09:00:00+00:00,396.0,689.65,106.0,8.72,6.21
1990-09-26 10:00:00+00:00,510.0,787.31,108.0,9.17,6.14
1990-09-26 11:00:00+00:00,503.0,524.08,207.0,9.77,6.34
1990-09-26 12:00:00+00:00,485.0,415.95,244.0,10.32,6.48
1990-09-26 13:00:00+00:00,220.0,10.84,214.0,10.83,6.28
1990-09-26 14:00:00+00:00,342.0,221.03,234.0,10.92,6.14
1990-09-26 15:00:00+00:00,193.0,53.93,172.0,11.0,6.0
1990-09-26 16:00:00+00:00,111.0,30.47,103.0,10.85,5.86
1990-09-26 17:00:00+00:00,81.0,359.77,39.0,10.54,5.66
1990-09-26 18:00:00+00:00,0.0,0.0,0.0,9.82,5.45
1990-09-26 19:00:00+00:00,0.0,0.0,0.0,8.93,5.52
1990-09-26 20:00:00+00:00,0.0,0.0,0.0,8.36,5.38
1990-09-26 21:00:00+00:00,0.0,0.0,0.0,7.76,5.31
1990-09-26 22:00:00+00:00,0.0,0.0,0.0,7.29,5.17
1990-09-26 23:00:00+00:00,0.0,0.0,0.0,6.88,4.97
1990-09-27 00:00:00+00:00,0.0,0.0,0.0,6.59,4.69
1990-09-27 01:00:00+00:00,0.0,0.0,0.0,6.35,4.41
1990-09-27 02:00:00+00:00,0.0,0.0,0.0,6.25,4.21
1990-09-27 03:00:00+00:00,0.0,0.0,0.0,6.17,3.93
1990-09-27 04:00:00+00:00,0.0,0.0,0.0,6.11,3.86
1990-09-27 05:00:00+00:00,0.0,0.0,0.0,6.18,3.93
1990-09-27 06:00:00+00:00,0.0,0.0,0.0,6.18,3.72
1990-09-27 07:00:00+00:00,112.0,388.15,52.0,6.79,4.21
1990-09-27 08:00:00+00:00,233.0,415.67,110.0,7.69,4.48
1990-09-27 09:00:00+00:00,386.0,668.93,108.0,8.74,5.17
1990-09-27 10:00:00+00:00,333.0,174.09,245.0,9.7,5.52
1990-09-27 11:00:00+00:00,483.0,477.26,216.0,10.82,5.45
1990-09-27 12:00:00+00:00,432.0,284.07,269.0,11.48,4.83
1990-09-27 13:00:00+00:00,152.0,0.0,152.0,11.66,4.21
1990-09-27 14:00:00+00:00,80.0,0.0,80.0,12.11,4.34
1990-09-27 15:00:00+00:00,125.0,2.61,124.0,12.32,4.48
1990-09-27 16:00:00+00:00,140.0,105.36,113.0,12.16,4.21
1990-09-27 17:00:00+00:00,51.0,81.54,42.0,11.74,4.21
1990-09-27 18:00:00+00:00,0.0,0.0,0.0,11.18,4.14
1990-09-27 19:00:00+00:00,0.0,0.0,0.0,10.84,5.17
1990-09-27 20:00:00+00:00,0.0,0.0,0.0,10.66,5.03
1990-09-27 21:00:00+00:00,0.0,0.0,0.0,10.46,4.62
1990-09-27 22:00:00+00:00,0.0,0.0,0.0,10.05,4.14
1990-09-27 23:00:00+00:00,0.0,0.0,0.0,9.82,3.93
1990-09-28 00:00:00+00:00,0.0,0.0,0.0,9.66,3.86
1990-09-28 01:00:00+00:00,0.0,0.0,0.0,9.65,3.86
1990-09-28 02:00:00+00:00,0.0,0.0,0.0,9.72,3.86
1990-09-28 03:00:00+00:00,0.0,0.0,0.0,9.81,3.86
1990-09-28 04:00:00+00:00,0.0,0.0,0.0,9.92,3.93
1990-09-28 05:00:00+00:00,0.0,0.0,0.0,10.14,4.07
1990-09-28 06:00:00+00:00,0.0,0.0,0.0,10.3,4.28
1990-09-28 07:00:00+00:00,105.0,366.8,50.0,10.2,4.28
1990-09-28 08:00:00+00:00,130.0,41.22,118.0,10.76,4.41
1990-09-28 09:00:00+00:00,209.0,63.31,183.0,11.74,6.21
1990-09-28 10:00:00+00:00,184.0,6.0,181.0,12.65,5.66
1990-09-28 11:00:00+00:00,214.0,9.02,209.0,13.31,5.86
1990-09-28 12:00:00+00:00,121.0,0.0,121.0,13.92,5.66
1990-09-28 13:00:00+00:00,148.0,0.0,148.0,14.29,5.31
1990-09-28 14:00:00+00:00,118.0,0.0,118.0,14.25,5.24
1990-09-28 15:00:00+00:00,174.0,39.79,159.0,14.15,4.76
1990-09-28 16:00:00+00:00,50.0,0.0,50.0,13.83,4.48
1990-09-28 17:00:00+00:00,28.0,0.0,28.0,13.27,4.34
1990-09-28 18:00:00+00:00,0.0,0.0,0.0,12.54,4.07
1990-09-28 19:00:00+00:00,0.0,0.0,0.0,12.14,4.48
1990-09-28 20:00:00+00:00,0.0,0.0,0.0,12.0,4.48
1990-09-28 21:00:00+00:00,0.0,0.0,0.0,11.97,4.34
1990-09-28 22:00:00+00:00,0.0,0.0,0.0,11.96,4.14
1990-09-28 23:00:00+00:00,0.0,0.0,0.0,11.95,4.0
1990-09-29 00:00:00+00:00,0.0,0.0,0.0,11.91,3.79
1990-09-29 01:00:00+00:00,0.0,0.0,0.0,11.87,3.66
1990-09-29 02:00:00+00:00,0.0,0.0,0.0,11.85,3.45
1990-09-29 03:00:00+00:00,0.0,0.0,0.0,11.81,3.24
1990-09-29 04:00:00+00:00,0.0,0.0,0.0,11.77,3.03
1990-09-29 05:00:00+00:00,0.0,0.0,0.0,11.69,2.69
1990-09-29 06:00:00+00:00,0.0,0.0,0.0,11.58,2.48
1990-09-29 07:00:00+00:00,81.0,165.18,57.0,11.55,2.55
1990-09-29 08:00:00+00:00,158.0,115.24,125.0,11.87,2.69
1990-09-29 09:00:00+00:00,170.0,22.18,161.0,12.37,3.1
1990-09-29 10:00:00+00:00,186.0,8.08,182.0,13.01,3.52
1990-09-29 11:00:00+00:00,84.0,0.0,84.0,13.73,2.97
1990-09-29 12:00:00+00:00,116.0,0.0,116.0,14.51,2.34
1990-09-29 13:00:00+00:00,171.0,1.87,170.0,14.89,1.93
1990-09-29 14:00:00+00:00,166.0,4.25,164.0,15.42,2.48
1990-09-29 15:00:00+00:00,167.0,35.06,154.0,15.23,2.62
1990-09-29 16:00:00+00:00,176.0,332.45,95.0,14.76,2.76
1990-09-29 17:00:00+00:00,60.0,256.0,35.0,13.96,3.03
1990-09-29 18:00:00+00:00,0.0,0.0,0.0,13.05,3.24
1990-09-29 19:00:00+00:00,0.0,0.0,0.0,11.77,2.48
1990-09-29 20:00:00+00:00,0.0,0.0,0.0,11.04,2.41
1990-09-29 21:00:00+00:00,0.0,0.0,0.0,10.34,2.34
1990-09-29 22:00:00+00:00,0.0,0.0,0.0,9.79,2.21
1990-09-29 23:00:00+00:00,0.0,0.0,0.0,9.17,2.21
1990-09-30 00:00:00+00:00,0.0,0.0,0.0,8.58,2.14
1990-09-30 01:00:00+00:00,0.0,0.0,0.0,8.13,2.21
1990-09-30 02:00:00+00:00,0.0,0.0,0.0,7.77,2.21
1990-09-30 03:00:00+00:00,0.0,0.0,0.0,7.56,2.21
1990-09-30 04:00:00+00:00,0.0,0.0,0.0,7.39,2.48
1990-09-30 05:00:00+00:00,0.0,0.0,0.0,7.33,2.62
1990-09-30 06:00:00+00:00,0.0,0.0,0.0,7.3,2.76
1990-09-30 07:00:00+00:00,51.0,28.44,47.0,7.94,2.76
1990-09-30 08:00:00+00:00,85.0,3.55,84.0,8.96,3.1
1990-09-30 09:00:00+00:00,217.0,87.35,182.0,10.23,3.72
1990-09-30 10:00:00+00:00,330.0,202.06,231.0,11.28,4.0
1990-09-30 11:00:00+00:00,357.0,174.88,262.0,12.09,3.93
1990-09-30 12:00:00+00:00,377.0,193.93,269.0,12.84,3.66
1990-09-30 13:00:00+00:00,377.0,239.61,250.0,13.35,3.52
1990-09-30 14:00:00+00:00,247.0,71.05,214.0,13.7,3.45
1990-09-30 15:00:00+00:00,193.0,79.54,164.0,13.85,3.38
1990-09-30 16:00:00+00:00,114.0,67.41,98.0,12.21,2.75
1990-09-30 17:00:00+00:00,35.0,43.8,31.0,12.24,2.95
1990-09-30 18:00:00+00:00,0.0,0.0,0.0,12.27,3.16
1990-09-30 19:00:00+00:00,0.0,0.0,0.0,12.29,3.37
1990-09-30 20:00:00+00:00,0.0,0.0,0.0,12.32,3.57
1990-09-30 21:00:00+00:00,0.0,0.0,0.0,12.34,3.78
1990-09-30 22:00:00+00:00,0.0,0.0,0.0,12.37,3.99
1990-09-30 23:00:00+00:00,0.0,0.0,0.0,12.39,4.19
1990-10-01 00:00:00+00:00,0.0,0.0,0.0,12.42,4.4
1990-10-01 01:00:00+00:00,0.0,0.0,0.0,12.44,4.61
1990-10-01 02:00:00+00:00,0.0,0.0,0.0,12.47,4.81
1990-10-01 03:00:00+00:00,0.0,0.0,0.0,12.49,5.02
1990-10-01 04:00:00+00:00,0.0,0.0,0.0,12.52,5.23
1990-10-01 05:00:00+00:00,0.0,0.0,0.0,12.55,5.43
1990-10-01 06:00:00+00:00,0.0,0.0,0.0,12.57,5.64
1990-10-01 07:00:00+00:00,69.0,117.69,53.0,12.6,5.85
1990-10-01 08:00:00+00:00,172.0,180.68,122.0,12.09,6.69
1990-10-01 09:00:00+00:00,195.0,55.6,173.0,12.04,6.97
1990-10-01 10:00:00+00:00,382.0,367.21,204.0,12.18,6.69
1990-10-01 11:00:00+00:00,438.0,401.65,222.0,12.68,6.48
1990-10-01 12:00:00+00:00,423.0,317.48,248.0,13.19,6.69
1990-10-01 13:00:00+00:00,439.0,444.55,206.0,13.44,7.03
1990-10-01 14:00:00+00:00,380.0,442.88,177.0,13.29,6.83
1990-10-01 15:00:00+00:00,300.0,493.86,123.0,13.28,6.55
1990-10-01 16:00:00+00:00,170.0,354.9,88.0,13.18,5.72
1990-10-01 17:00:00+00:00,52.0,270.59,29.0,12.7,4.9
1990-10-01 18:00:00+00:00,0.0,0.0,0.0,12.05,4.62
1990-10-01 19:00:00+00:00,0.0,0.0,0.0,11.33,4.41
1990-10-01 20:00:00+00:00,0.0,0.0,0.0,11.11,4.07
1990-10-01 21:00:00+00:00,0.0,0.0,0.0,10.65,4.0
1990-10-01 22:00:00+00:00,0.0,0.0,0.0,10.63,3.66
1990-10-01 23:00:00+00:00,0.0,0.0,0.0,10.09,3.38
1990-10-02 00:00:00+00:00,0.0,0.0,0.0,9.86,3.72
1990-10-02 01:00:00+00:00,0.0,0.0,0.0,9.7,4.07
1990-10-02 02:00:00+00:00,0.0,0.0,0.0,9.74,4.21
1990-10-02 03:00:00+00:00,0.0,0.0,0.0,9.5,4.55
1990-10-02 04:00:00+00:00,0.0,0.0,0.0,9.36,4.9
1990-10-02 05:00:00+00:00,0.0,0.0,0.0,9.33,4.97
1990-10-02 06:00:00+00:00,0.0,0.0,0.0,9.35,4.83
1990-10-02 07:00:00+00:00,45.0,22.86,42.0,9.85,6.0
1990-10-02 08:00:00+00:00,63.0,0.0,63.0,10.2,6.48
1990-10-02 09:00:00+00:00,110.0,0.0,110.0,10.51,6.76
1990-10-02 10:00:00+00:00,77.0,0.0,77.0,10.63,7.24
1990-10-02 11:00:00+00:00,179.0,1.88,178.0,10.89,6.9
1990-10-02 12:00:00+00:00,129.0,0.0,129.0,11.33,6.21
1990-10-02 13:00:00+00:00,96.0,0.0,96.0,12.09,5.31
1990-10-02 14:00:00+00:00,97.0,0.0,97.0,12.45,5.03
1990-10-02 15:00:00+00:00,118.0,5.68,116.0,12.65,4.48
1990-10-02 16:00:00+00:00,30.0,0.0,30.0,12.41,4.28
1990-10-02 17:00:00+00:00,21.0,12.71,20.0,12.08,3.45
1990-10-02 18:00:00+00:00,0.0,0.0,0.0,11.61,3.03
1990-10-02 19:00:00+00:00,0.0,0.0,0.0,11.23,3.59
1990-10-02 20:00:00+00:00,0.0,0.0,0.0,10.66,5.66
1990-10-02 21:00:00+00:00,0.0,0.0,0.0,9.96,3.72
1990-10-02 22:00:00+00:00,0.0,0.0,0.0,9.69,2.62
1990-10-02 23:00:00+00:00,0.0,0.0,0.0,9.07,3.1
1990-10-03 00:00:00+00:00,0.0,0.0,0.0,8.67,3.72
1990-10-03 01:00:00+00:00,0.0,0.0,0.0,8.62,4.0
1990-10-03 02:00:00+00:00,0.0,0.0,0.0,8.49,4.14
1990-10-03 03:00:00+00:00,0.0,0.0,0.0,8.17,4.0
1990-10-03 04:00:00+00:00,0.0,0.0,0.0,7.87,4.14
1990-10-03 05:00:00+00:00,0.0,0.0,0.0,7.75,4.48
1990-10-03 06:00:00+00:00,0.0,0.0,0.0,7.86,4.69
1990-10-03 07:00:00+00:00,54.0,55.32,47.0,8.76,6.0
1990-10-03 08:00:00+00:00,115.0,33.71,106.0,9.8,6.0
1990-10-03 09:00:00+00:00,172.0,31.12,160.0,11.21,5.38
1990-10-03 10:00:00+00:00,90.0,0.0,90.0,12.16,6.41
1990-10-03 11:00:00+00:00,210.0,11.39,204.0,12.92,6.83
1990-10-03 12:00:00+00:00,391.0,250.09,256.0,13.32,6.62
1990-10-03 13:00:00+00:00,352.0,206.91,246.0,13.89,6.97
1990-10-03 14:00:00+00:00,386.0,513.22,157.0,14.08,6.34
1990-10-03 15:00:00+00:00,285.0,462.44,125.0,14.06,5.93
1990-10-03 16:00:00+00:00,182.0,549.19,62.0,13.77,5.38
1990-10-03 17:00:00+00:00,35.0,124.27,26.0,13.01,4.76
1990-10-03 18:00:00+00:00,0.0,0.0,0.0,12.25,4.48
1990-10-03 19:00:00+00:00,0.0,0.0,0.0,12.11,4.97
1990-10-03 20:00:00+00:00,0.0,0.0,0.0,11.74,4.69
1990-10-03 21:00:00+00:00,0.0,0.0,0.0,11.25,4.34
1990-10-03 22:00:00+00:00,0.0,0.0,0.0,10.78,4.0
1990-10-03 23:00:00+00:00,0.0,0.0,0.0,10.35,3.59
1990-10-04 00:00:00+00:00,0.0,0.0,0.0,9.8,3.31
1990-10-04 01:00:00+00:00,0.0,0.0,0.0,9.52,3.24
1990-10-04 02:00:00+00:00,0.0,0.0,0.0,9.12,3.38
1990-10-04 03:00:00+00:00,0.0,0.0,0.0,8.9,3.52
1990-10-04 04:00:00+00:00,0.0,0.0,0.0,8.89,3.59
1990-10-04 05:00:00+00:00,0.0,0.0,0.0,8.74,3.45
1990-10-04 06:00:00+00:00,0.0,0.0,0.0,8.66,3.38
1990-10-04 07:00:00+00:00,29.0,0.0,29.0,9.24,3.24
1990-10-04 08:00:00+00:00,98.0,15.26,94.0,10.22,2.97
1990-10-04 09:00:00+00:00,303.0,409.96,147.0,11.47,4.0
1990-10-04 10:00:00+00:00,431.0,635.5,133.0,12.5,4.34
1990-10-04 11:00:00+00:00,123.0,0.0,123.0,13.37,4.76
1990-10-04 12:00:00+00:00,259.0,41.19,237.0,13.85,5.03
1990-10-04 13:00:00+00:00,162.0,1.97,161.0,13.68,4.97
1990-10-04 14:00:00+00:00,202.0,34.08,187.0,13.2,4.97
1990-10-04 15:00:00+00:00,151.0,32.37,140.0,13.32,5.17
1990-10-04 16:00:00+00:00,79.0,18.85,75.0,12.97,4.69
1990-10-04 17:00:00+00:00,18.0,15.11,17.0,12.18,4.07
1990-10-04 18:00:00+00:00,0.0,0.0,0.0,11.41,3.66
1990-10-04 19:00:00+00:00,0.0,0.0,0.0,11.02,3.59
1990-10-04 20:00:00+00:00,0.0,0.0,0.0,10.68,4.07
1990-10-04 21:00:00+00:00,0.0,0.0,0.0,10.35,4.48
1990-10-04 22:00:00+00:00,0.0,0.0,0.0,10.46,5.1
1990-10-04 23:00:00+00:00,0.0,0.0,0.0,10.63,5.86
1990-10-05 00:00:00+00:00,0.0,0.0,0.0,10.76,5.93
1990-10-05 01:00:00+00:00,0.0,0.0,0.0,10.92,5.03
1990-10-05 02:00:00+00:00,0.0,0.0,0.0,11.2,3.79
1990-10-05 03:00:00+00:00,0.0,0.0,0.0,11.15,4.55
1990-10-05 04:00:00+00:00,0.0,0.0,0.0,10.88,4.69
1990-10-05 05:00:00+00:00,0.0,0.0,0.0,10.68,2.62
1990-10-05 06:00:00+00:00,0.0,0.0,0.0,10.49,3.38
1990-10-05 07:00:00+00:00,7.0,0.0,7.0,10.07,3.38
1990-10-05 08:00:00+00:00,113.0,38.88,103.0,10.34,6.62
1990-10-05 09:00:00+00:00,118.0,2.66,117.0,10.62,7.24
1990-10-05 10:00:00+00:00,54.0,0.0,54.0,10.91,8.48
1990-10-05 11:00:00+00:00,45.0,0.0,45.0,11.16,8.55
1990-10-05 12:00:00+00:00,438.0,425.87,213.0,11.47,8.83
1990-10-05 13:00:00+00:00,170.0,2.0,169.0,11.44,8.83
1990-10-05 14:00:00+00:00,78.0,0.0,78.0,11.42,8.9
1990-10-05 15:00:00+00:00,69.0,0.0,69.0,11.63,8.28
1990-10-05 16:00:00+00:00,160.0,446.56,68.0,11.82,8.0
1990-10-05 17:00:00+00:00,11.0,0.0,11.0,11.91,7.79
1990-10-05 18:00:00+00:00,0.0,0.0,0.0,11.8,7.66
1990-10-05 19:00:00+00:00,0.0,0.0,0.0,11.66,7.86
1990-10-05 20:00:00+00:00,0.0,0.0,0.0,11.58,8.0
1990-10-05 21:00:00+00:00,0.0,0.0,0.0,11.53,8.34
1990-10-05 22:00:00+00:00,0.0,0.0,0.0,11.49,8.55
1990-10-05 23:00:00+00:00,0.0,0.0,0.0,11.33,8.21
1990-10-06 00:00:00+00:00,0.0,0.0,0.0,11.26,7.93
1990-10-06 01:00:00+00:00,0.0,0.0,0.0,11.19,7.38
1990-10-06 02:00:00+00:00,0.0,0.0,0.0,10.96,6.9
1990-10-06 03:00:00+00:00,0.0,0.0,0.0,10.78,6.62
1990-10-06 04:00:00+00:00,0.0,0.0,0.0,10.71,6.34
1990-10-06 05:00:00+00:00,0.0,0.0,0.0,10.55,6.0
1990-10-06 06:00:00+00:00,0.0,0.0,0.0,10.42,5.59
1990-10-06 07:00:00+00:00,47.0,62.32,40.0,10.49,4.21
1990-10-06 08:00:00+00:00,145.0,142.68,109.0,11.16,3.66
1990-10-06 09:00:00+00:00,237.0,180.92,170.0,12.0,4.62
1990-10-06 10:00:00+00:00,288.0,154.92,217.0,12.58,4.83
1990-10-06 11:00:00+00:00,404.0,370.43,215.0,13.05,4.69
1990-10-06 12:00:00+00:00,440.0,459.26,200.0,13.22,4.41
1990-10-06 13:00:00+00:00,393.0,376.12,207.0,13.38,3.86
1990-10-06 14:00:00+00:00,233.0,84.12,197.0,13.44,2.9
1990-10-06 15:00:00+00:00,148.0,39.7,135.0,13.46,1.79
1990-10-06 16:00:00+00:00,22.0,0.0,22.0,13.31,1.24
1990-10-06 17:00:00+00:00,9.0,0.0,9.0,12.82,1.72
1990-10-06 18:00:00+00:00,0.0,0.0,0.0,12.35,2.41
1990-10-06 19:00:00+00:00,0.0,0.0,0.0,12.67,2.9
1990-10-06 20:00:00+00:00,0.0,0.0,0.0,12.79,3.31
1990-10-06 21:00:00+00:00,0.0,0.0,0.0,12.89,3.38
1990-10-06 22:00:00+00:00,0.0,0.0,0.0,12.94,3.38
1990-10-06 23:00:00+00:00,0.0,0.0,0.0,13.0,3.31
1990-10-07 00:00:00+00:00,0.0,0.0,0.0,13.29,3.31
1990-10-07 01:00:00+00:00,0.0,0.0,0.0,13.54,3.38
1990-10-07 02:00:00+00:00,0.0,0.0,0.0,13.72,3.17
1990-10-07 03:00:00+00:00,0.0,0.0,0.0,13.83,2.97
1990-10-07 04:00:00+00:00,0.0,0.0,0.0,13.99,2.83
1990-10-07 05:00:00+00:00,0.0,0.0,0.0,14.09,2.83
1990-10-07 06:00:00+00:00,0.0,0.0,0.0,14.13,2.9
1990-10-07 07:00:00+00:00,15.0,0.0,15.0,14.75,3.45
1990-10-07 08:00:00+00:00,51.0,0.0,51.0,15.44,3.45
1990-10-07 09:00:00+00:00,184.0,68.46,159.0,16.15,3.38
1990-10-07 10:00:00+00:00,275.0,143.51,210.0,17.42,3.86
1990-10-07 11:00:00+00:00,306.0,134.74,238.0,18.24,3.93
1990-10-07 12:00:00+00:00,394.0,334.74,221.0,18.93,4.34
1990-10-07 13:00:00+00:00,217.0,28.65,203.0,19.06,3.72
1990-10-07 14:00:00+00:00,65.0,0.0,65.0,19.07,3.72
1990-10-07 15:00:00+00:00,92.0,0.0,92.0,18.89,3.93
1990-10-07 16:00:00+00:00,83.0,46.48,74.0,18.43,3.86
1990-10-07 17:00:00+00:00,18.0,63.03,15.0,17.79,3.66
1990-10-07 18:00:00+00:00,0.0,0.0,0.0,17.11,3.31
1990-10-07 19:00:00+00:00,0.0,0.0,0.0,16.6,2.97
1990-10-07 20:00:00+00:00,0.0,0.0,0.0,16.22,2.83
1990-10-07 21:00:00+00:00,0.0,0.0,0.0,15.95,2.9
1990-10-07 22:00:00+00:00,0.0,0.0,0.0,15.71,2.9
1990-10-07 23:00:00+00:00,0.0,0.0,0.0,15.45,2.76
1990-10-08 00:00:00+00:00,0.0,0.0,0.0,15.09,2.62
1990-10-08 01:00:00+00:00,0.0,0.0,0.0,14.4,2.48
1990-10-08 02:00:00+00:00,0.0,0.0,0.0,14.07,2.28
1990-10-08 03:00:00+00:00,0.0,0.0,0.0,13.65,2.21
1990-10-08 04:00:00+00:00,0.0,0.0,0.0,13.3,2.28
1990-10-08 05:00:00+00:00,0.0,0.0,0.0,12.94,2.34
1990-10-08 06:00:00+00:00,0.0,0.0,0.0,12.82,2.48
1990-10-08 07:00:00+00:00,33.0,19.46,31.0,12.87,2.41
1990-10-08 08:00:00+00:00,117.0,74.25,99.0,13.74,2.0
1990-10-08 09:00:00+00:00,267.0,341.62,144.0,15.28,2.14
1990-10-08 10:00:00+00:00,405.0,652.39,113.0,16.35,2.41
1990-10-08 11:00:00+00:00,402.0,414.75,195.0,17.44,2.62
1990-10-08 12:00:00+00:00,0.0,0.0,0.0,18.51,2.55
1990-10-08 13:00:00+00:00,424.0,571.83,148.0,19.25,2.55
1990-10-08 14:00:00+00:00,370.0,620.42,112.0,19.7,2.14
1990-10-08 15:00:00+00:00,199.0,190.38,139.0,19.91,1.66
1990-10-08 16:00:00+00:00,133.0,357.39,66.0,19.61,1.03
1990-10-08 17:00:00+00:00,13.0,24.11,12.0,19.02,1.45
1990-10-08 18:00:00+00:00,0.0,0.0,0.0,17.75,2.07
1990-10-08 19:00:00+00:00,0.0,0.0,0.0,16.12,2.41
1990-10-08 20:00:00+00:00,0.0,0.0,0.0,15.63,2.41
1990-10-08 21:00:00+00:00,0.0,0.0,0.0,15.52,2.48
1990-10-08 22:00:00+00:00,0.0,0.0,0.0,15.26,2.76
1990-10-08 23:00:00+00:00,0.0,0.0,0.0,14.92,2.9
1990-10-09 00:00:00+00:00,0.0,0.0,0.0,14.74,2.9
1990-10-09 01:00:00+00:00,0.0,0.0,0.0,14.78,2.83
1990-10-09 02:00:00+00:00,0.0,0.0,0.0,14.62,2.83
1990-10-09 03:00:00+00:00,0.0,0.0,0.0,14.55,2.76
1990-10-09 04:00:00+00:00,0.0,0.0,0.0,14.46,2.62
1990-10-09 05:00:00+00:00,0.0,0.0,0.0,14.3,2.34
1990-10-09 06:00:00+00:00,0.0,0.0,0.0,14.17,2.14
1990-10-09 07:00:00+00:00,5.0,0.0,5.0,13.79,2.14
1990-10-09 08:00:00+00:00,23.0,0.0,23.0,14.37,2.0
1990-10-09 09:00:00+00:00,58.0,0.0,58.0,15.25,2.21
1990-10-09 10:00:00+00:00,146.0,2.26,145.0,15.85,2.21
1990-10-09 11:00:00+00:00,154.0,2.03,153.0,16.17,1.86
1990-10-09 12:00:00+00:00,267.0,69.27,232.0,16.5,1.45
1990-10-09 13:00:00+00:00,210.0,27.27,197.0,16.59,1.17
1990-10-09 14:00:00+00:00,109.0,0.0,109.0,16.45,1.03
1990-10-09 15:00:00+00:00,43.0,0.0,43.0,16.29,0.55
1990-10-09 16:00:00+00:00,32.0,0.0,32.0,16.09,0.9
1990-10-09 17:00:00+00:00,1.0,0.0,1.0,15.61,1.45
1990-10-09 18:00:00+00:00,0.0,0.0,0.0,15.03,1.45
1990-10-09 19:00:00+00:00,0.0,0.0,0.0,14.64,1.52
1990-10-09 20:00:00+00:00,0.0,0.0,0.0,14.49,1.52
1990-10-09 21:00:00+00:00,0.0,0.0,0.0,14.45,1.72
1990-10-09 22:00:00+00:00,0.0,0.0,0.0,14.4,2.21
1990-10-09 23:00:00+00:00,0.0,0.0,0.0,14.31,2.69
1990-10-10 00:00:00+00:00,0.0,0.0,0.0,13.99,3.72
1990-10-10 01:00:00+00:00,0.0,0.0,0.0,13.65,3.79
1990-10-10 02:00:00+00:00,0.0,0.0,0.0,13.22,3.45
1990-10-10 03:00:00+00:00,0.0,0.0,0.0,12.82,3.24
1990-10-10 04:00:00+00:00,0.0,0.0,0.0,12.28,3.45
1990-10-10 05:00:00+00:00,0.0,0.0,0.0,12.02,3.59
1990-10-10 06:00:00+00:00,0.0,0.0,0.0,11.86,3.38
1990-10-10 07:00:00+00:00,50.0,171.66,34.0,11.68,2.83
1990-10-10 08:00:00+00:00,183.0,460.2,76.0,12.49,2.76
1990-10-10 09:00:00+00:00,256.0,308.82,148.0,13.13,4.21
1990-10-10 10:00:00+00:00,335.0,338.8,187.0,13.41,4.28
1990-10-10 11:00:00+00:00,435.0,559.51,162.0,13.56,4.41
1990-10-10 12:00:00+00:00,407.0,400.39,207.0,13.33,4.48
1990-10-10 13:00:00+00:00,351.0,293.11,213.0,13.45,4.9
1990-10-10 14:00:00+00:00,282.0,242.71,184.0,13.08,4.83
1990-10-10 15:00:00+00:00,222.0,320.17,125.0,13.02,5.17
1990-10-10 16:00:00+00:00,113.0,245.36,70.0,12.84,5.31
1990-10-10 17:00:00+00:00,2.0,0.0,2.0,12.6,4.48
1990-10-10 18:00:00+00:00,0.0,0.0,0.0,12.52,4.14
1990-10-10 19:00:00+00:00,0.0,0.0,0.0,12.4,3.66
1990-10-10 20:00:00+00:00,0.0,0.0,0.0,12.3,3.66
1990-10-10 21:00:00+00:00,0.0,0.0,0.0,11.87,3.59
1990-10-10 22:00:00+00:00,0.0,0.0,0.0,11.57,3.52
1990-10-10 23:00:00+00:00,0.0,0.0,0.0,11.55,3.72
1990-10-11 00:00:00+00:00,0.0,0.0,0.0,11.31,3.66
1990-10-11 01:00:00+00:00,0.0,0.0,0.0,11.12,3.72
1990-10-11 02:00:00+00:00,0.0,0.0,0.0,11.12,3.79
1990-10-11 03:00:00+00:00,0.0,0.0,0.0,11.11,3.59
1990-10-11 04:00:00+00:00,0.0,0.0,0.0,10.98,3.24
1990-10-11 05:00:00+00:00,0.0,0.0,0.0,10.88,2.9
1990-10-11 06:00:00+00:00,0.0,0.0,0.0,10.72,2.69
1990-10-11 07:00:00+00:00,27.0,11.31,26.0,10.88,2.9
1990-10-11 08:00:00+00:00,89.0,21.98,84.0,11.71,3.1
1990-10-11 09:00:00+00:00,189.0,95.78,156.0,12.4,3.03
1990-10-11 10:00:00+00:00,283.0,190.06,201.0,13.2,4.97
1990-10-11 11:00:00+00:00,0.0,0.0,0.0,13.77,5.03
1990-10-11 12:00:00+00:00,390.0,366.58,209.0,13.94,4.83
1990-10-11 13:00:00+00:00,363.0,359.22,196.0,14.05,4.76
1990-10-11 14:00:00+00:00,256.0,178.5,185.0,13.98,4.9
1990-10-11 15:00:00+00:00,222.0,353.65,117.0,13.73,4.83
1990-10-11 16:00:00+00:00,92.0,130.03,70.0,13.16,4.14
1990-10-11 17:00:00+00:00,1.0,0.0,1.0,12.47,3.59
1990-10-11 18:00:00+00:00,0.0,0.0,0.0,11.74,3.38
1990-10-11 19:00:00+00:00,0.0,0.0,0.0,11.4,3.03
1990-10-11 20:00:00+00:00,0.0,0.0,0.0,11.21,3.24
1990-10-11 21:00:00+00:00,0.0,0.0,0.0,11.03,3.66
1990-10-11 22:00:00+00:00,0.0,0.0,0.0,11.24,4.0
1990-10-11 23:00:00+00:00,0.0,0.0,0.0,11.37,4.21
1990-10-12 00:00:00+00:00,0.0,0.0,0.0,11.51,4.28
1990-10-12 01:00:00+00:00,0.0,0.0,0.0,11.66,4.48
1990-10-12 02:00:00+00:00,0.0,0.0,0.0,11.72,4.48
1990-10-12 03:00:00+00:00,0.0,0.0,0.0,11.78,4.21
1990-10-12 04:00:00+00:00,0.0,0.0,0.0,11.77,4.07
1990-10-12 05:00:00+00:00,0.0,0.0,0.0,12.0,4.0
1990-10-12 06:00:00+00:00,0.0,0.0,0.0,12.06,4.07
1990-10-12 07:00:00+00:00,31.0,47.85,27.0,12.36,4.34
1990-10-12 08:00:00+00:00,96.0,40.44,87.0,12.71,4.76
1990-10-12 09:00:00+00:00,86.0,0.0,86.0,13.29,6.21
1990-10-12 10:00:00+00:00,192.0,32.86,178.0,13.68,6.21
1990-10-12 11:00:00+00:00,0.0,0.0,0.0,13.9,5.93
1990-10-12 12:00:00+00:00,126.0,0.0,126.0,14.43,5.52
1990-10-12 13:00:00+00:00,268.0,113.29,216.0,14.48,5.03
1990-10-12 14:00:00+00:00,104.0,0.0,104.0,14.47,4.69
1990-10-12 15:00:00+00:00,139.0,55.01,123.0,14.43,4.07
1990-10-12 16:00:00+00:00,102.0,232.88,64.0,14.22,3.72
1990-10-12 17:00:00+00:00,0.0,0.0,0.0,13.58,2.9
1990-10-12 18:00:00+00:00,0.0,0.0,0.0,13.15,2.34
1990-10-12 19:00:00+00:00,0.0,0.0,0.0,13.2,2.76
1990-10-12 20:00:00+00:00,0.0,0.0,0.0,12.93,2.34
1990-10-12 21:00:00+00:00,0.0,0.0,0.0,12.6,1.79
1990-10-12 22:00:00+00:00,0.0,0.0,0.0,12.32,1.38
1990-10-12 23:00:00+00:00,0.0,0.0,0.0,12.13,1.1
1990-10-13 00:00:00+00:00,0.0,0.0,0.0,11.94,1.17
1990-10-13 01:00:00+00:00,0.0,0.0,0.0,11.93,1.52
1990-10-13 02:00:00+00:00,0.0,0.0,0.0,11.86,1.72
1990-10-13 03:00:00+00:00,0.0,0.0,0.0,12.12,2.0
1990-10-13 04:00:00+00:00,0.0,0.0,0.0,12.43,2.48
1990-10-13 05:00:00+00:00,0.0,0.0,0.0,12.47,2.62
1990-10-13 06:00:00+00:00,0.0,0.0,0.0,12.64,2.69
1990-10-13 07:00:00+00:00,28.0,38.08,25.0,12.8,2.76
1990-10-13 08:00:00+00:00,47.0,0.0,47.0,13.02,3.17
1990-10-13 09:00:00+00:00,78.0,0.0,78.0,13.37,3.1
1990-10-13 10:00:00+00:00,131.0,2.38,130.0,13.89,4.0
1990-10-13 11:00:00+00:00,160.0,4.24,158.0,14.19,4.48
1990-10-13 12:00:00+00:00,82.0,0.0,82.0,14.27,4.48
1990-10-13 13:00:00+00:00,113.0,0.0,113.0,14.14,4.21
1990-10-13 14:00:00+00:00,95.0,0.0,95.0,13.98,4.07
1990-10-13 15:00:00+00:00,112.0,21.06,106.0,13.87,3.86
1990-10-13 16:00:00+00:00,82.0,114.51,64.0,13.59,3.24
1990-10-13 17:00:00+00:00,0.0,0.0,0.0,13.25,2.97
1990-10-13 18:00:00+00:00,0.0,0.0,0.0,12.83,2.76
1990-10-13 19:00:00+00:00,0.0,0.0,0.0,12.3,3.03
1990-10-13 20:00:00+00:00,0.0,0.0,0.0,12.12,3.03
1990-10-13 21:00:00+00:00,0.0,0.0,0.0,12.05,3.17
1990-10-13 22:00:00+00:00,0.0,0.0,0.0,11.97,3.1
1990-10-13 23:00:00+00:00,0.0,0.0,0.0,11.96,2.9
1990-10-14 00:00:00+00:00,0.0,0.0,0.0,11.83,2.62
1990-10-14 01:00:00+00:00,0.0,0.0,0.0,11.71,2.55
1990-10-14 02:00:00+00:00,0.0,0.0,0.0,11.7,2.55
1990-10-14 03:00:00+00:00,0.0,0.0,0.0,11.68,2.48
1990-10-14 04:00:00+00:00,0.0,0.0,0.0,11.8,2.62
1990-10-14 05:00:00+00:00,0.0,0.0,0.0,11.89,2.69
1990-10-14 06:00:00+00:00,0.0,0.0,0.0,11.77,2.69
1990-10-14 07:00:00+00:00,24.0,27.04,22.0,11.45,2.48
1990-10-14 08:00:00+00:00,153.0,343.48,80.0,12.13,2.41
1990-10-14 09:00:00+00:00,150.0,39.52,137.0,13.03,2.69
1990-10-14 10:00:00+00:00,211.0,57.8,187.0,13.8,4.21
1990-10-14 11:00:00+00:00,101.0,0.0,101.0,14.56,5.93
1990-10-14 12:00:00+00:00,73.0,0.0,73.0,14.78,6.21
1990-10-14 13:00:00+00:00,81.0,0.0,81.0,14.95,6.34
1990-10-14 14:00:00+00:00,93.0,0.0,93.0,15.04,5.93
1990-10-14 15:00:00+00:00,45.0,0.0,45.0,14.85,5.17
1990-10-14 16:00:00+00:00,23.0,0.0,23.0,14.42,4.97
1990-10-14 17:00:00+00:00,0.0,0.0,0.0,13.79,4.76
1990-10-14 18:00:00+00:00,0.0,0.0,0.0,13.37,4.62
1990-10-14 19:00:00+00:00,0.0,0.0,0.0,13.11,4.62
1990-10-14 20:00:00+00:00,0.0,0.0,0.0,13.08,4.97
1990-10-14 21:00:00+00:00,0.0,0.0,0.0,13.19,5.31
1990-10-14 22:00:00+00:00,0.0,0.0,0.0,13.4,5.66
1990-10-14 23:00:00+00:00,0.0,0.0,0.0,13.39,6.07
1990-10-15 00:00:00+00:00,0.0,0.0,0.0,13.27,5.79
1990-10-15 01:00:00+00:00,0.0,0.0,0.0,12.92,4.83
1990-10-15 02:00:00+00:00,0.0,0.0,0.0,12.33,4.28
1990-10-15 03:00:00+00:00,0.0,0.0,0.0,11.54,3.79
1990-10-15 04:00:00+00:00,0.0,0.0,0.0,11.03,3.1
1990-10-15 05:00:00+00:00,0.0,0.0,0.0,10.49,2.55
1990-10-15 06:00:00+00:00,0.0,0.0,0.0,9.68,2.48
1990-10-15 07:00:00+00:00,31.0,101.22,24.0,8.56,2.14
1990-10-15 08:00:00+00:00,174.0,554.17,59.0,8.66,2.34
1990-10-15 09:00:00+00:00,297.0,667.26,81.0,9.1,2.62
1990-10-15 10:00:00+00:00,389.0,707.64,99.0,9.71,2.62
1990-10-15 11:00:00+00:00,466.0,823.99,87.0,10.43,2.48
1990-10-15 12:00:00+00:00,406.0,488.61,176.0,11.13,2.34
1990-10-15 13:00:00+00:00,319.0,256.01,206.0,11.65,2.0
1990-10-15 14:00:00+00:00,305.0,427.89,145.0,11.83,1.59
1990-10-15 15:00:00+00:00,209.0,373.68,107.0,11.83,1.45
1990-10-15 16:00:00+00:00,100.0,323.32,53.0,11.65,1.52
1990-10-15 17:00:00+00:00,0.0,0.0,0.0,11.22,1.52
1990-10-15 18:00:00+00:00,0.0,0.0,0.0,10.4,1.86
1990-10-15 19:00:00+00:00,0.0,0.0,0.0,9.49,2.21
1990-10-15 20:00:00+00:00,0.0,0.0,0.0,8.66,2.48
1990-10-15 21:00:00+00:00,0.0,0.0,0.0,8.46,2.48
1990-10-15 22:00:00+00:00,0.0,0.0,0.0,8.05,2.48
1990-10-15 23:00:00+00:00,0.0,0.0,0.0,7.98,2.41
1990-10-16 00:00:00+00:00,0.0,0.0,0.0,7.88,2.34
1990-10-16 01:00:00+00:00,0.0,0.0,0.0,7.33,2.14
1990-10-16 02:00:00+00:00,0.0,0.0,0.0,6.76,1.79
1990-10-16 03:00:00+00:00,0.0,0.0,0.0,6.18,1.72
1990-10-16 04:00:00+00:00,0.0,0.0,0.0,5.5,1.72
1990-10-16 05:00:00+00:00,0.0,0.0,0.0,5.16,1.79
1990-10-16 06:00:00+00:00,0.0,0.0,0.0,5.39,1.93
1990-10-16 07:00:00+00:00,11.0,0.0,11.0,6.48,2.21
1990-10-16 08:00:00+00:00,64.0,4.94,63.0,7.81,2.21
1990-10-16 09:00:00+00:00,127.0,18.84,121.0,9.43,2.55
1990-10-16 10:00:00+00:00,133.0,2.47,132.0,10.98,2.69
1990-10-16 11:00:00+00:00,229.0,52.82,205.0,12.67,2.62
1990-10-16 12:00:00+00:00,310.0,187.1,223.0,13.73,2.48
1990-10-16 13:00:00+00:00,336.0,339.8,188.0,14.7,2.62
1990-10-16 14:00:00+00:00,224.0,141.29,172.0,15.26,2.69
1990-10-16 15:00:00+00:00,141.0,89.86,117.0,15.13,1.86
1990-10-16 16:00:00+00:00,75.0,129.01,57.0,14.93,1.86
1990-10-16 17:00:00+00:00,0.0,0.0,0.0,13.74,2.14
1990-10-16 18:00:00+00:00,0.0,0.0,0.0,12.51,2.48
1990-10-16 19:00:00+00:00,0.0,0.0,0.0,12.55,2.9
1990-10-16 20:00:00+00:00,0.0,0.0,0.0,12.59,3.1
1990-10-16 21:00:00+00:00,0.0,0.0,0.0,12.46,3.31
1990-10-16 22:00:00+00:00,0.0,0.0,0.0,12.09,3.45
1990-10-16 23:00:00+00:00,0.0,0.0,0.0,11.72,3.31
1990-10-17 00:00:00+00:00,0.0,0.0,0.0,11.54,3.86
1990-10-17 01:00:00+00:00,0.0,0.0,0.0,11.39,4.0
1990-10-17 02:00:00+00:00,0.0,0.0,0.0,11.37,3.86
1990-10-17 03:00:00+00:00,0.0,0.0,0.0,11.26,3.72
1990-10-17 04:00:00+00:00,0.0,0.0,0.0,11.36,3.86
1990-10-17 05:00:00+00:00,0.0,0.0,0.0,11.54,4.07
1990-10-17 06:00:00+00:00,0.0,0.0,0.0,11.66,4.21
1990-10-17 07:00:00+00:00,23.0,67.22,19.0,12.13,3.72
1990-10-17 08:00:00+00:00,90.0,60.76,78.0,12.64,3.45
1990-10-17 09:00:00+00:00,91.0,0.0,91.0,13.23,3.45
1990-10-17 10:00:00+00:00,306.0,355.9,164.0,14.27,3.52
1990-10-17 11:00:00+00:00,291.0,178.26,211.0,14.99,3.79
1990-10-17 12:00:00+00:00,241.0,69.68,209.0,15.63,4.41
1990-10-17 13:00:00+00:00,149.0,4.65,147.0,15.74,3.86
1990-10-17 14:00:00+00:00,129.0,8.28,126.0,15.78,3.79
1990-10-17 15:00:00+00:00,85.0,3.83,84.0,15.79,3.66
1990-10-17 16:00:00+00:00,77.0,186.94,52.0,15.68,3.24
1990-10-17 17:00:00+00:00,0.0,0.0,0.0,15.38,2.83
1990-10-17 18:00:00+00:00,0.0,0.0,0.0,14.93,2.62
1990-10-17 19:00:00+00:00,0.0,0.0,0.0,15.06,3.03
1990-10-17 20:00:00+00:00,0.0,0.0,0.0,14.95,2.97
1990-10-17 21:00:00+00:00,0.0,0.0,0.0,14.79,3.17
1990-10-17 22:00:00+00:00,0.0,0.0,0.0,14.36,3.03
1990-10-17 23:00:00+00:00,0.0,0.0,0.0,13.9,2.55
1990-10-18 00:00:00+00:00,0.0,0.0,0.0,13.42,2.34
1990-10-18 01:00:00+00:00,0.0,0.0,0.0,13.05,2.69
1990-10-18 02:00:00+00:00,0.0,0.0,0.0,12.49,2.9
1990-10-18 03:00:00+00:00,0.0,0.0,0.0,12.11,3.17
1990-10-18 04:00:00+00:00,0.0,0.0,0.0,11.85,3.45
1990-10-18 05:00:00+00:00,0.0,0.0,0.0,11.52,3.93
1990-10-18 06:00:00+00:00,0.0,0.0,0.0,11.05,4.28
1990-10-18 07:00:00+00:00,14.0,18.29,13.0,11.03,4.55
1990-10-18 08:00:00+00:00,88.0,62.35,76.0,11.39,5.03
1990-10-18 09:00:00+00:00,56.0,0.0,56.0,12.1,5.24
1990-10-18 10:00:00+00:00,74.0,0.0,74.0,13.11,5.24
1990-10-18 11:00:00+00:00,70.0,0.0,70.0,14.0,5.03
1990-10-18 12:00:00+00:00,82.0,0.0,82.0,14.81,4.69
1990-10-18 13:00:00+00:00,125.0,0.0,125.0,15.37,4.62
1990-10-18 14:00:00+00:00,77.0,0.0,77.0,15.95,4.41
1990-10-18 15:00:00+00:00,49.0,0.0,49.0,16.44,4.48
1990-10-18 16:00:00+00:00,43.0,15.63,41.0,16.52,3.93
1990-10-18 17:00:00+00:00,0.0,0.0,0.0,16.33,3.45
1990-10-18 18:00:00+00:00,0.0,0.0,0.0,16.22,2.97
1990-10-18 19:00:00+00:00,0.0,0.0,0.0,16.17,2.9
1990-10-18 20:00:00+00:00,0.0,0.0,0.0,16.08,2.62
1990-10-18 21:00:00+00:00,0.0,0.0,0.0,15.95,2.41
1990-10-18 22:00:00+00:00,0.0,0.0,0.0,15.51,2.21
1990-10-18 23:00:00+00:00,0.0,0.0,0.0,15.19,2.21
1990-10-19 00:00:00+00:00,0.0,0.0,0.0,14.69,2.14
1990-10-19 01:00:00+00:00,0.0,0.0,0.0,14.41,2.07
1990-10-19 02:00:00+00:00,0.0,0.0,0.0,14.1,2.28
1990-10-19 03:00:00+00:00,0.0,0.0,0.0,14.1,2.41
1990-10-19 04:00:00+00:00,0.0,0.0,0.0,13.96,2.34
1990-10-19 05:00:00+00:00,0.0,0.0,0.0,13.96,2.62
1990-10-19 06:00:00+00:00,0.0,0.0,0.0,14.03,2.97
1990-10-19 07:00:00+00:00,4.0,0.0,4.0,14.47,3.59
1990-10-19 08:00:00+00:00,31.0,0.0,31.0,15.55,4.48
1990-10-19 09:00:00+00:00,80.0,0.0,80.0,16.97,5.79
1990-10-19 10:00:00+00:00,103.0,0.0,103.0,17.59,6.0
1990-10-19 11:00:00+00:00,212.0,47.98,191.0,17.89,6.21
1990-10-19 12:00:00+00:00,143.0,2.23,142.0,18.07,6.41
1990-10-19 13:00:00+00:00,126.0,0.0,126.0,17.9,6.21
1990-10-19 14:00:00+00:00,38.0,0.0,38.0,17.79,5.66
1990-10-19 15:00:00+00:00,18.0,0.0,18.0,17.68,5.66
1990-10-19 16:00:00+00:00,37.0,8.18,36.0,17.28,5.72
1990-10-19 17:00:00+00:00,0.0,0.0,0.0,17.0,5.59
1990-10-19 18:00:00+00:00,0.0,0.0,0.0,16.85,5.45
1990-10-19 19:00:00+00:00,0.0,0.0,0.0,16.52,5.52
1990-10-19 20:00:00+00:00,0.0,0.0,0.0,16.11,5.03
1990-10-19 21:00:00+00:00,0.0,0.0,0.0,15.54,4.69
1990-10-19 22:00:00+00:00,0.0,0.0,0.0,14.85,4.48
1990-10-19 23:00:00+00:00,0.0,0.0,0.0,14.35,3.72
1990-10-20 00:00:00+00:00,0.0,0.0,0.0,13.95,3.52
1990-10-20 01:00:00+00:00,0.0,0.0,0.0,13.42,3.86
1990-10-20 02:00:00+00:00,0.0,0.0,0.0,13.02,4.0
1990-10-20 03:00:00+00:00,0.0,0.0,0.0,12.45,3.45
1990-10-20 04:00:00+00:00,0.0,0.0,0.0,12.1,2.83
1990-10-20 05:00:00+00:00,0.0,0.0,0.0,11.49,2.21
1990-10-20 06:00:00+00:00,0.0,0.0,0.0,10.79,2.14
1990-10-20 07:00:00+00:00,6.0,0.0,6.0,11.49,1.79
1990-10-20 08:00:00+00:00,32.0,0.0,32.0,11.8,1.31
1990-10-20 09:00:00+00:00,36.0,0.0,36.0,12.41,1.31
1990-10-20 10:00:00+00:00,32.0,0.0,32.0,13.06,2.07
1990-10-20 11:00:00+00:00,37.0,0.0,37.0,13.03,2.9
1990-10-20 12:00:00+00:00,249.0,92.71,208.0,12.92,3.45
1990-10-20 13:00:00+00:00,38.0,0.0,38.0,11.8,5.45
1990-10-20 14:00:00+00:00,183.0,81.2,155.0,10.96,5.72
1990-10-20 15:00:00+00:00,205.0,553.4,70.0,10.38,4.41
1990-10-20 16:00:00+00:00,68.0,197.1,45.0,10.18,3.31
1990-10-20 17:00:00+00:00,0.0,0.0,0.0,10.06,2.55
1990-10-20 18:00:00+00:00,0.0,0.0,0.0,9.47,2.34
1990-10-20 19:00:00+00:00,0.0,0.0,0.0,9.03,2.83
1990-10-20 20:00:00+00:00,0.0,0.0,0.0,9.21,4.14
1990-10-20 21:00:00+00:00,0.0,0.0,0.0,9.65,4.55
1990-10-20 22:00:00+00:00,0.0,0.0,0.0,9.66,4.21
1990-10-20 23:00:00+00:00,0.0,0.0,0.0,9.47,4.9
1990-10-21 00:00:00+00:00,0.0,0.0,0.0,9.25,5.93
1990-10-21 01:00:00+00:00,0.0,0.0,0.0,8.85,6.28
1990-10-21 02:00:00+00:00,0.0,0.0,0.0,8.8,7.17
1990-10-21 03:00:00+00:00,0.0,0.0,0.0,8.56,9.03
1990-10-21 04:00:00+00:00,0.0,0.0,0.0,7.56,8.55
1990-10-21 05:00:00+00:00,0.0,0.0,0.0,7.1,6.76
1990-10-21 06:00:00+00:00,0.0,0.0,0.0,6.96,5.66
1990-10-21 07:00:00+00:00,14.0,74.56,11.0,6.82,5.31
1990-10-21 08:00:00+00:00,143.0,512.92,52.0,7.24,5.03
1990-10-21 09:00:00+00:00,261.0,615.56,81.0,8.2,4.62
1990-10-21 10:00:00+00:00,342.0,601.49,115.0,9.06,5.24
1990-10-21 11:00:00+00:00,420.0,761.89,95.0,9.73,4.97
1990-10-21 12:00:00+00:00,445.0,829.16,83.0,10.29,5.03
1990-10-21 13:00:00+00:00,399.0,757.2,91.0,10.58,5.59
1990-10-21 14:00:00+00:00,302.0,583.86,104.0,10.54,6.14
1990-10-21 15:00:00+00:00,206.0,579.13,68.0,10.35,6.21
1990-10-21 16:00:00+00:00,67.0,224.97,42.0,9.88,5.72
1990-10-21 17:00:00+00:00,0.0,0.0,0.0,9.42,5.52
1990-10-21 18:00:00+00:00,0.0,0.0,0.0,9.29,5.24
1990-10-21 19:00:00+00:00,0.0,0.0,0.0,8.97,5.17
1990-10-21 20:00:00+00:00,0.0,0.0,0.0,9.11,5.59
1990-10-21 21:00:00+00:00,0.0,0.0,0.0,9.0,5.93
1990-10-21 22:00:00+00:00,0.0,0.0,0.0,9.36,6.21
1990-10-21 23:00:00+00:00,0.0,0.0,0.0,9.41,6.55
1990-10-22 00:00:00+00:00,0.0,0.0,0.0,9.36,6.48
1990-10-22 01:00:00+00:00,0.0,0.0,0.0,9.54,6.48
1990-10-22 02:00:00+00:00,0.0,0.0,0.0,9.46,6.76
1990-10-22 03:00:00+00:00,0.0,0.0,0.0,9.45,7.03
1990-10-22 04:00:00+00:00,0.0,0.0,0.0,9.45,7.24
1990-10-22 05:00:00+00:00,0.0,0.0,0.0,9.47,7.17
1990-10-22 06:00:00+00:00,0.0,0.0,0.0,9.61,7.03
1990-10-22 07:00:00+00:00,4.0,0.0,4.0,9.91,7.17
1990-10-22 08:00:00+00:00,78.0,58.0,68.0,9.83,6.83
1990-10-22 09:00:00+00:00,147.0,73.12,126.0,10.19,6.62
1990-10-22 10:00:00+00:00,153.0,18.82,146.0,10.58,6.62
1990-10-22 11:00:00+00:00,143.0,2.37,142.0,10.94,6.83
1990-10-22 12:00:00+00:00,104.0,0.0,104.0,11.1,6.69
1990-10-22 13:00:00+00:00,300.0,304.16,178.0,11.16,6.48
1990-10-22 14:00:00+00:00,100.0,0.0,100.0,11.0,5.24
1990-10-22 15:00:00+00:00,67.0,0.0,67.0,11.15,5.31
1990-10-22 16:00:00+00:00,61.0,198.82,40.0,11.0,4.0
1990-10-22 17:00:00+00:00,0.0,0.0,0.0,10.55,3.1
1990-10-22 18:00:00+00:00,0.0,0.0,0.0,9.98,2.55
1990-10-22 19:00:00+00:00,0.0,0.0,0.0,9.77,2.62
1990-10-22 20:00:00+00:00,0.0,0.0,0.0,9.71,2.62
1990-10-22 21:00:00+00:00,0.0,0.0,0.0,9.42,2.41
1990-10-22 22:00:00+00:00,0.0,0.0,0.0,9.04,2.07
1990-10-22 23:00:00+00:00,0.0,0.0,0.0,8.57,2.14
1990-10-23 00:00:00+00:00,0.0,0.0,0.0,8.13,2.41
1990-10-23 01:00:00+00:00,0.0,0.0,0.0,8.13,2.55
1990-10-23 02:00:00+00:00,0.0,0.0,0.0,7.95,2.62
1990-10-23 03:00:00+00:00,0.0,0.0,0.0,7.67,2.62
1990-10-23 04:00:00+00:00,0.0,0.0,0.0,7.39,2.69
1990-10-23 05:00:00+00:00,0.0,0.0,0.0,7.16,2.76
1990-10-23 06:00:00+00:00,0.0,0.0,0.0,7.01,3.03
1990-10-23 07:00:00+00:00,1.0,0.0,1.0,7.85,3.45
1990-10-23 08:00:00+00:00,38.0,0.0,38.0,8.49,3.79
1990-10-23 09:00:00+00:00,109.0,17.73,104.0,9.55,3.93
1990-10-23 10:00:00+00:00,172.0,40.91,157.0,10.49,4.41
1990-10-23 11:00:00+00:00,202.0,43.31,184.0,11.57,4.9
1990-10-23 12:00:00+00:00,129.0,0.0,129.0,12.44,5.1
1990-10-23 13:00:00+00:00,102.0,0.0,102.0,12.94,4.83
1990-10-23 14:00:00+00:00,85.0,0.0,85.0,13.23,4.9
1990-10-23 15:00:00+00:00,59.0,0.0,59.0,12.88,4.69
1990-10-23 16:00:00+00:00,23.0,0.0,23.0,12.64,4.76
1990-10-23 17:00:00+00:00,0.0,0.0,0.0,11.96,4.76
1990-10-23 18:00:00+00:00,0.0,0.0,0.0,11.42,4.62
1990-10-23 19:00:00+00:00,0.0,0.0,0.0,10.72,4.97
1990-10-23 20:00:00+00:00,0.0,0.0,0.0,10.03,4.83
1990-10-23 21:00:00+00:00,0.0,0.0,0.0,9.77,5.1
1990-10-23 22:00:00+00:00,0.0,0.0,0.0,9.96,5.59
1990-10-23 23:00:00+00:00,0.0,0.0,0.0,10.15,5.86
1990-10-24 00:00:00+00:00,0.0,0.0,0.0,10.48,5.93
1990-10-24 01:00:00+00:00,0.0,0.0,0.0,10.66,6.0
1990-10-24 02:00:00+00:00,0.0,0.0,0.0,10.86,6.07
1990-10-24 03:00:00+00:00,0.0,0.0,0.0,10.89,6.14
1990-10-24 04:00:00+00:00,0.0,0.0,0.0,10.75,6.07
1990-10-24 05:00:00+00:00,0.0,0.0,0.0,10.55,6.0
1990-10-24 06:00:00+00:00,0.0,0.0,0.0,10.49,6.0
1990-10-24 07:00:00+00:00,1.0,0.0,1.0,10.73,6.0
1990-10-24 08:00:00+00:00,22.0,0.0,22.0,10.93,6.07
1990-10-24 09:00:00+00:00,21.0,0.0,21.0,11.62,5.86
1990-10-24 10:00:00+00:00,89.0,0.0,89.0,12.36,5.66
1990-10-24 11:00:00+00:00,339.0,448.68,155.0,12.76,5.86
1990-10-24 12:00:00+00:00,275.0,183.4,198.0,13.24,6.0
1990-10-24 13:00:00+00:00,329.0,489.88,138.0,13.72,5.59
1990-10-24 14:00:00+00:00,185.0,117.9,147.0,13.9,5.24
1990-10-24 15:00:00+00:00,120.0,112.79,95.0,13.93,5.31
1990-10-24 16:00:00+00:00,28.0,10.55,27.0,13.47,4.69
1990-10-24 17:00:00+00:00,0.0,0.0,0.0,12.75,4.41
1990-10-24 18:00:00+00:00,0.0,0.0,0.0,12.1,4.41
1990-10-24 19:00:00+00:00,0.0,0.0,0.0,11.83,4.41
1990-10-24 20:00:00+00:00,0.0,0.0,0.0,11.63,4.48
1990-10-24 21:00:00+00:00,0.0,0.0,0.0,11.39,4.55
1990-10-24 22:00:00+00:00,0.0,0.0,0.0,11.24,4.62
1990-10-24 23:00:00+00:00,0.0,0.0,0.0,11.13,4.62
1990-10-25 00:00:00+00:00,0.0,0.0,0.0,11.13,4.48
1990-10-25 01:00:00+00:00,0.0,0.0,0.0,11.37,4.21
1990-10-25 02:00:00+00:00,0.0,0.0,0.0,11.4,3.93
1990-10-25 03:00:00+00:00,0.0,0.0,0.0,11.21,3.79
1990-10-25 04:00:00+00:00,0.0,0.0,0.0,10.82,3.66
1990-10-25 05:00:00+00:00,0.0,0.0,0.0,10.59,3.66
1990-10-25 06:00:00+00:00,0.0,0.0,0.0,10.13,3.24
1990-10-25 07:00:00+00:00,0.0,0.0,0.0,10.37,2.97
1990-10-25 08:00:00+00:00,34.0,0.0,34.0,10.25,2.9
1990-10-25 09:00:00+00:00,155.0,125.15,121.0,10.88,3.17
1990-10-25 10:00:00+00:00,214.0,134.83,166.0,11.71,3.66
1990-10-25 11:00:00+00:00,242.0,123.56,192.0,12.04,3.93
1990-10-25 12:00:00+00:00,343.0,441.69,160.0,12.64,4.41
1990-10-25 13:00:00+00:00,345.0,598.41,115.0,12.78,4.41
1990-10-25 14:00:00+00:00,133.0,25.25,125.0,12.75,4.34
1990-10-25 15:00:00+00:00,83.0,18.5,79.0,12.3,4.14
1990-10-25 16:00:00+00:00,55.0,268.1,31.0,11.9,3.72
1990-10-25 17:00:00+00:00,0.0,0.0,0.0,11.12,3.24
1990-10-25 18:00:00+00:00,0.0,0.0,0.0,10.29,2.83
1990-10-25 19:00:00+00:00,0.0,0.0,0.0,10.02,2.62
1990-10-25 20:00:00+00:00,0.0,0.0,0.0,9.62,2.48
1990-10-25 21:00:00+00:00,0.0,0.0,0.0,9.17,2.48
1990-10-25 22:00:00+00:00,0.0,0.0,0.0,8.88,2.62
1990-10-25 23:00:00+00:00,0.0,0.0,0.0,8.77,2.76
1990-10-26 00:00:00+00:00,0.0,0.0,0.0,9.02,2.83
1990-10-26 01:00:00+00:00,0.0,0.0,0.0,9.1,2.9
1990-10-26 02:00:00+00:00,0.0,0.0,0.0,9.12,2.97
1990-10-26 03:00:00+00:00,0.0,0.0,0.0,9.31,3.1
1990-10-26 04:00:00+00:00,0.0,0.0,0.0,9.59,3.24
1990-10-26 05:00:00+00:00,0.0,0.0,0.0,9.9,3.45
1990-10-26 06:00:00+00:00,0.0,0.0,0.0,9.94,3.86
1990-10-26 07:00:00+00:00,0.0,0.0,0.0,10.58,4.0
1990-10-26 08:00:00+00:00,56.0,26.24,52.0,11.28,4.55
1990-10-26 09:00:00+00:00,42.0,0.0,42.0,12.2,5.1
1990-10-26 10:00:00+00:00,212.0,142.58,162.0,13.22,5.1
1990-10-26 11:00:00+00:00,325.0,433.34,152.0,14.41,4.9
1990-10-26 12:00:00+00:00,132.0,2.45,131.0,15.16,5.93
1990-10-26 13:00:00+00:00,364.0,744.34,82.0,15.51,5.31
1990-10-26 14:00:00+00:00,235.0,356.53,124.0,15.84,5.72
1990-10-26 15:00:00+00:00,120.0,142.27,90.0,15.6,6.76
1990-10-26 16:00:00+00:00,32.0,47.45,28.0,15.16,6.9
1990-10-26 17:00:00+00:00,0.0,0.0,0.0,14.61,6.97
1990-10-26 18:00:00+00:00,0.0,0.0,0.0,14.3,6.97
1990-10-26 19:00:00+00:00,0.0,0.0,0.0,14.17,6.34
1990-10-26 20:00:00+00:00,0.0,0.0,0.0,14.26,6.62
1990-10-26 21:00:00+00:00,0.0,0.0,0.0,14.18,6.83
1990-10-26 22:00:00+00:00,0.0,0.0,0.0,14.11,6.83
1990-10-26 23:00:00+00:00,0.0,0.0,0.0,14.08,6.83
1990-10-27 00:00:00+00:00,0.0,0.0,0.0,14.2,6.76
1990-10-27 01:00:00+00:00,0.0,0.0,0.0,14.14,6.76
1990-10-27 02:00:00+00:00,0.0,0.0,0.0,14.35,6.55
1990-10-27 03:00:00+00:00,0.0,0.0,0.0,14.65,6.34
1990-10-27 04:00:00+00:00,0.0,0.0,0.0,14.8,6.14
1990-10-27 05:00:00+00:00,0.0,0.0,0.0,14.77,5.93
1990-10-27 06:00:00+00:00,0.0,0.0,0.0,14.71,5.79
1990-10-27 07:00:00+00:00,0.0,0.0,0.0,15.25,6.48
1990-10-27 08:00:00+00:00,83.0,162.71,59.0,15.28,6.83
1990-10-27 09:00:00+00:00,100.0,19.13,95.0,15.53,6.76
1990-10-27 10:00:00+00:00,147.0,26.06,138.0,15.75,6.97
1990-10-27 11:00:00+00:00,121.0,2.54,120.0,15.94,6.97
1990-10-27 12:00:00+00:00,120.0,0.0,120.0,16.17,6.9
1990-10-27 13:00:00+00:00,89.0,0.0,89.0,16.38,6.69
1990-10-27 14:00:00+00:00,74.0,0.0,74.0,16.34,6.76
1990-10-27 15:00:00+00:00,32.0,0.0,32.0,16.15,6.9
1990-10-27 16:00:00+00:00,7.0,0.0,7.0,15.79,6.83
1990-10-27 17:00:00+00:00,0.0,0.0,0.0,15.55,6.83
1990-10-27 18:00:00+00:00,0.0,0.0,0.0,15.31,6.83
1990-10-27 19:00:00+00:00,0.0,0.0,0.0,15.65,7.31
1990-10-27 20:00:00+00:00,0.0,0.0,0.0,15.46,7.31
1990-10-27 21:00:00+00:00,0.0,0.0,0.0,15.1,7.45
1990-10-27 22:00:00+00:00,0.0,0.0,0.0,14.91,7.24
1990-10-27 23:00:00+00:00,0.0,0.0,0.0,14.5,6.9
1990-10-28 00:00:00+00:00,0.0,0.0,0.0,14.16,6.97
1990-10-28 01:00:00+00:00,0.0,0.0,0.0,14.05,7.24
1990-10-28 02:00:00+00:00,0.0,0.0,0.0,14.08,6.9
1990-10-28 03:00:00+00:00,0.0,0.0,0.0,14.22,6.55
1990-10-28 04:00:00+00:00,0.0,0.0,0.0,14.2,6.28
1990-10-28 05:00:00+00:00,0.0,0.0,0.0,14.15,6.14
1990-10-28 06:00:00+00:00,0.0,0.0,0.0,14.17,6.07
1990-10-28 07:00:00+00:00,0.0,0.0,0.0,14.71,6.14
1990-10-28 08:00:00+00:00,24.0,0.0,24.0,14.86,6.48
1990-10-28 09:00:00+00:00,28.0,0.0,28.0,14.93,6.76
1990-10-28 10:00:00+00:00,44.0,0.0,44.0,15.05,7.1
1990-10-28 11:00:00+00:00,46.0,0.0,46.0,15.29,7.1
1990-10-28 12:00:00+00:00,64.0,0.0,64.0,15.8,7.45
1990-10-28 13:00:00+00:00,51.0,0.0,51.0,15.64,7.86
1990-10-28 14:00:00+00:00,42.0,0.0,42.0,15.38,7.66
1990-10-28 15:00:00+00:00,27.0,0.0,27.0,15.43,6.62
1990-10-28 16:00:00+00:00,4.0,0.0,4.0,15.31,5.66
1990-10-28 17:00:00+00:00,0.0,0.0,0.0,15.01,4.9
1990-10-28 18:00:00+00:00,0.0,0.0,0.0,14.51,4.21
1990-10-28 19:00:00+00:00,0.0,0.0,0.0,13.8,5.93
1990-10-28 20:00:00+00:00,0.0,0.0,0.0,13.58,4.97
1990-10-28 21:00:00+00:00,0.0,0.0,0.0,13.38,4.14
1990-10-28 22:00:00+00:00,0.0,0.0,0.0,13.14,3.24
1990-10-28 23:00:00+00:00,0.0,0.0,0.0,12.99,2.34
1990-10-29 00:00:00+00:00,0.0,0.0,0.0,12.9,2.0
1990-10-29 01:00:00+00:00,0.0,0.0,0.0,12.83,2.07
1990-10-29 02:00:00+00:00,0.0,0.0,0.0,12.69,2.62
1990-10-29 03:00:00+00:00,0.0,0.0,0.0,13.02,3.59
1990-10-29 04:00:00+00:00,0.0,0.0,0.0,13.3,4.9
1990-10-29 05:00:00+00:00,0.0,0.0,0.0,13.5,7.31
1990-10-29 06:00:00+00:00,0.0,0.0,0.0,13.59,8.69
1990-10-29 07:00:00+00:00,0.0,0.0,0.0,13.31,7.52
1990-10-29 08:00:00+00:00,33.0,0.0,33.0,13.33,8.0
1990-10-29 09:00:00+00:00,69.0,0.0,69.0,13.38,7.66
1990-10-29 10:00:00+00:00,234.0,259.77,147.0,12.36,6.76
1990-10-29 11:00:00+00:00,103.0,0.0,103.0,10.95,8.97
1990-10-29 12:00:00+00:00,142.0,7.64,139.0,10.31,6.97
1990-10-29 13:00:00+00:00,75.0,0.0,75.0,10.73,5.17
1990-10-29 14:00:00+00:00,251.0,541.79,91.0,11.74,4.9
1990-10-29 15:00:00+00:00,98.0,87.1,81.0,11.83,3.66
1990-10-29 16:00:00+00:00,5.0,0.0,5.0,11.59,3.52
1990-10-29 17:00:00+00:00,0.0,0.0,0.0,10.94,3.66
1990-10-29 18:00:00+00:00,0.0,0.0,0.0,10.38,3.79
1990-10-29 19:00:00+00:00,0.0,0.0,0.0,10.48,3.72
1990-10-29 20:00:00+00:00,0.0,0.0,0.0,10.19,3.93
1990-10-29 21:00:00+00:00,0.0,0.0,0.0,9.82,4.21
1990-10-29 22:00:00+00:00,0.0,0.0,0.0,9.62,4.69
1990-10-29 23:00:00+00:00,0.0,0.0,0.0,9.7,5.31
1990-10-30 00:00:00+00:00,0.0,0.0,0.0,9.97,5.59
1990-10-30 01:00:00+00:00,0.0,0.0,0.0,10.02,5.38
1990-10-30 02:00:00+00:00,0.0,0.0,0.0,10.0,5.38
1990-10-30 03:00:00+00:00,0.0,0.0,0.0,10.19,5.59
1990-10-30 04:00:00+00:00,0.0,0.0,0.0,9.92,6.0
1990-10-30 05:00:00+00:00,0.0,0.0,0.0,9.96,6.41
1990-10-30 06:00:00+00:00,0.0,0.0,0.0,10.02,6.48
1990-10-30 07:00:00+00:00,0.0,0.0,0.0,9.82,4.41
1990-10-30 08:00:00+00:00,65.0,97.94,52.0,9.76,3.86
1990-10-30 09:00:00+00:00,140.0,125.97,109.0,9.59,4.41
1990-10-30 10:00:00+00:00,275.0,482.24,116.0,9.86,4.07
1990-10-30 11:00:00+00:00,247.0,185.25,177.0,10.76,4.07
1990-10-30 12:00:00+00:00,372.0,733.26,88.0,11.31,4.0
1990-10-30 13:00:00+00:00,334.0,688.36,88.0,11.61,4.07
1990-10-30 14:00:00+00:00,147.0,68.94,127.0,11.83,4.07
1990-10-30 15:00:00+00:00,134.0,320.9,73.0,11.74,3.86
1990-10-30 16:00:00+00:00,29.0,109.14,22.0,11.29,3.45
1990-10-30 17:00:00+00:00,0.0,0.0,0.0,10.3,3.1
1990-10-30 18:00:00+00:00,0.0,0.0,0.0,9.66,2.9
1990-10-30 19:00:00+00:00,0.0,0.0,0.0,9.24,2.9
1990-10-30 20:00:00+00:00,0.0,0.0,0.0,8.55,2.9
1990-10-30 21:00:00+00:00,0.0,0.0,0.0,8.23,3.24
1990-10-30 22:00:00+00:00,0.0,0.0,0.0,7.88,3.66
1990-10-30 23:00:00+00:00,0.0,0.0,0.0,7.73,3.93
1990-10-31 00:00:00+00:00,0.0,0.0,0.0,7.5,4.28
1990-10-31 01:00:00+00:00,0.0,0.0,0.0,7.45,4.83
1990-10-31 02:00:00+00:00,0.0,0.0,0.0,7.49,5.52
1990-10-31 03:00:00+00:00,0.0,0.0,0.0,7.89,6.41
1990-10-31 04:00:00+00:00,0.0,0.0,0.0,8.74,7.17
1990-10-31 05:00:00+00:00,0.0,0.0,0.0,9.63,7.93
1990-10-31 06:00:00+00:00,0.0,0.0,0.0,10.03,8.48
1990-10-31 07:00:00+00:00,0.0,0.0,0.0,9.93,7.31
1990-10-31 08:00:00+00:00,32.0,0.0,32.0,10.36,7.31
1990-10-31 09:00:00+00:00,42.0,0.0,42.0,10.78,6.55
1990-10-31 10:00:00+00:00,26.0,0.0,26.0,10.64,5.31
1990-10-31 11:00:00+00:00,89.0,0.0,89.0,10.54,4.28
1990-10-31 12:00:00+00:00,342.0,588.94,117.0,10.98,4.69
1990-10-31 13:00:00+00:00,92.0,0.0,92.0,11.54,5.38
1990-10-31 14:00:00+00:00,34.0,0.0,34.0,11.47,6.0
1990-10-31 15:00:00+00:00,70.0,21.61,66.0,11.16,5.93
1990-10-31 16:00:00+00:00,10.0,0.0,10.0,9.53,7.32
1990-10-31 17:00:00+00:00,0.0,0.0,0.0,9.82,7.11
1990-10-31 18:00:00+00:00,0.0,0.0,0.0,10.11,6.89
1990-10-31 19:00:00+00:00,0.0,0.0,0.0,10.4,6.67
1990-10-31 20:00:00+00:00,0.0,0.0,0.0,10.69,6.45
1990-10-31 21:00:00+00:00,0.0,0.0,0.0,10.97,6.24
1990-10-31 22:00:00+00:00,0.0,0.0,0.0,11.26,6.02
1990-10-31 23:00:00+00:00,0.0,0.0,0.0,11.55,5.8
1990-11-01 00:00:00+00:00,0.0,0.0,0.0,11.84,5.59
1990-11-01 01:00:00+00:00,0.0,0.0,0.0,12.13,5.37
1990-11-01 02:00:00+00:00,0.0,0.0,0.0,12.41,5.15
1990-11-01 03:00:00+00:00,0.0,0.0,0.0,12.7,4.93
1990-11-01 04:00:00+00:00,0.0,0.0,0.0,12.99,4.72
1990-11-01 05:00:00+00:00,0.0,0.0,0.0,13.28,4.5
1990-11-01 06:00:00+00:00,0.0,0.0,0.0,13.57,4.28
1990-11-01 07:00:00+00:00,0.0,0.0,0.0,13.86,4.07
1990-11-01 08:00:00+00:00,89.0,422.77,37.0,11.49,3.72
1990-11-01 09:00:00+00:00,197.0,555.01,66.0,11.95,3.93
1990-11-01 10:00:00+00:00,280.0,601.12,88.0,12.64,4.69
1990-11-01 11:00:00+00:00,228.0,157.86,170.0,13.31,5.59
1990-11-01 12:00:00+00:00,205.0,84.92,173.0,13.76,5.66
1990-11-01 13:00:00+00:00,252.0,299.74,148.0,13.85,5.52
1990-11-01 14:00:00+00:00,96.0,7.15,94.0,13.97,5.72
1990-11-01 15:00:00+00:00,36.0,0.0,36.0,13.86,6.21
1990-11-01 16:00:00+00:00,8.0,0.0,8.0,13.61,6.83
1990-11-01 17:00:00+00:00,0.0,0.0,0.0,13.22,7.24
1990-11-01 18:00:00+00:00,0.0,0.0,0.0,13.0,8.21
1990-11-01 19:00:00+00:00,0.0,0.0,0.0,13.21,8.9
1990-11-01 20:00:00+00:00,0.0,0.0,0.0,13.3,8.97
1990-11-01 21:00:00+00:00,0.0,0.0,0.0,13.47,8.83
1990-11-01 22:00:00+00:00,0.0,0.0,0.0,13.76,8.83
1990-11-01 23:00:00+00:00,0.0,0.0,0.0,14.04,8.28
1990-11-02 00:00:00+00:00,0.0,0.0,0.0,14.04,7.17
1990-11-02 01:00:00+00:00,0.0,0.0,0.0,13.79,5.93
1990-11-02 02:00:00+00:00,0.0,0.0,0.0,13.68,5.31
1990-11-02 03:00:00+00:00,0.0,0.0,0.0,13.28,4.83
1990-11-02 04:00:00+00:00,0.0,0.0,0.0,12.89,4.83
1990-11-02 05:00:00+00:00,0.0,0.0,0.0,12.56,4.62
1990-11-02 06:00:00+00:00,0.0,0.0,0.0,12.23,4.21
1990-11-02 07:00:00+00:00,0.0,0.0,0.0,12.07,4.14
1990-11-02 08:00:00+00:00,55.0,84.63,45.0,11.67,4.0
1990-11-02 09:00:00+00:00,72.0,4.33,71.0,11.55,3.93
1990-11-02 10:00:00+00:00,279.0,614.06,86.0,11.58,4.07
1990-11-02 11:00:00+00:00,337.0,687.35,88.0,11.78,4.21
1990-11-02 12:00:00+00:00,273.0,293.28,164.0,12.15,4.34
1990-11-02 13:00:00+00:00,159.0,40.95,145.0,12.37,4.55
1990-11-02 14:00:00+00:00,35.0,0.0,35.0,12.43,4.28
1990-11-02 15:00:00+00:00,35.0,0.0,35.0,11.93,3.66
1990-11-02 16:00:00+00:00,12.0,0.0,12.0,11.24,3.72
1990-11-02 17:00:00+00:00,0.0,0.0,0.0,10.68,3.93
1990-11-02 18:00:00+00:00,0.0,0.0,0.0,10.13,4.21
1990-11-02 19:00:00+00:00,0.0,0.0,0.0,9.81,4.41
1990-11-02 20:00:00+00:00,0.0,0.0,0.0,9.49,4.76
1990-11-02 21:00:00+00:00,0.0,0.0,0.0,9.18,5.17
1990-11-02 22:00:00+00:00,0.0,0.0,0.0,8.98,5.38
1990-11-02 23:00:00+00:00,0.0,0.0,0.0,8.77,5.59
1990-11-03 00:00:00+00:00,0.0,0.0,0.0,8.68,5.79
1990-11-03 01:00:00+00:00,0.0,0.0,0.0,8.46,5.79
1990-11-03 02:00:00+00:00,0.0,0.0,0.0,8.09,6.0
1990-11-03 03:00:00+00:00,0.0,0.0,0.0,8.05,6.28
1990-11-03 04:00:00+00:00,0.0,0.0,0.0,8.21,5.79
1990-11-03 05:00:00+00:00,0.0,0.0,0.0,7.92,4.9
1990-11-03 06:00:00+00:00,0.0,0.0,0.0,7.49,4.83
1990-11-03 07:00:00+00:00,0.0,0.0,0.0,7.16,4.41
1990-11-03 08:00:00+00:00,79.0,370.49,37.0,7.0,4.34
1990-11-03 09:00:00+00:00,195.0,592.69,61.0,7.49,4.07
1990-11-03 10:00:00+00:00,287.0,688.79,74.0,8.3,4.55
1990-11-03 11:00:00+00:00,336.0,699.99,86.0,9.11,4.76
1990-11-03 12:00:00+00:00,352.0,736.6,82.0,9.91,5.1
1990-11-03 13:00:00+00:00,303.0,611.63,97.0,10.39,5.38
1990-11-03 14:00:00+00:00,152.0,111.14,122.0,10.51,5.59
1990-11-03 15:00:00+00:00,134.0,475.04,53.0,10.24,5.45
1990-11-03 16:00:00+00:00,16.0,44.15,14.0,9.54,5.03
1990-11-03 17:00:00+00:00,0.0,0.0,0.0,9.13,4.83
1990-11-03 18:00:00+00:00,0.0,0.0,0.0,8.71,4.48
1990-11-03 19:00:00+00:00,0.0,0.0,0.0,8.43,3.66
1990-11-03 20:00:00+00:00,0.0,0.0,0.0,7.99,3.17
1990-11-03 21:00:00+00:00,0.0,0.0,0.0,7.72,2.83
1990-11-03 22:00:00+00:00,0.0,0.0,0.0,7.26,2.55
1990-11-03 23:00:00+00:00,0.0,0.0,0.0,6.81,2.62
1990-11-04 00:00:00+00:00,0.0,0.0,0.0,6.48,2.76
1990-11-04 01:00:00+00:00,0.0,0.0,0.0,6.13,2.9
1990-11-04 02:00:00+00:00,0.0,0.0,0.0,5.89,2.76
1990-11-04 03:00:00+00:00,0.0,0.0,0.0,5.57,2.55
1990-11-04 04:00:00+00:00,0.0,0.0,0.0,5.17,2.48
1990-11-04 05:00:00+00:00,0.0,0.0,0.0,4.79,2.28
1990-11-04 06:00:00+00:00,0.0,0.0,0.0,4.33,2.14
1990-11-04 07:00:00+00:00,0.0,0.0,0.0,4.28,1.66
1990-11-04 08:00:00+00:00,49.0,73.67,41.0,4.44,1.52
1990-11-04 09:00:00+00:00,113.0,76.87,96.0,5.48,1.17
1990-11-04 10:00:00+00:00,242.0,407.6,118.0,6.55,0.97
1990-11-04 11:00:00+00:00,226.0,170.42,166.0,7.49,0.28
1990-11-04 12:00:00+00:00,210.0,110.65,170.0,8.14,0.97
1990-11-04 13:00:00+00:00,196.0,123.56,155.0,8.51,1.86
1990-11-04 14:00:00+00:00,203.0,369.7,105.0,8.62,2.28
1990-11-04 15:00:00+00:00,111.0,271.38,66.0,8.53,2.34
1990-11-04 16:00:00+00:00,11.0,24.51,10.0,7.99,2.34
1990-11-04 17:00:00+00:00,0.0,0.0,0.0,7.16,2.62
1990-11-04 18:00:00+00:00,0.0,0.0,0.0,6.54,2.76
1990-11-04 19:00:00+00:00,0.0,0.0,0.0,7.26,2.97
1990-11-04 20:00:00+00:00,0.0,0.0,0.0,7.07,3.17
1990-11-04 21:00:00+00:00,0.0,0.0,0.0,7.47,3.1
1990-11-04 22:00:00+00:00,0.0,0.0,0.0,7.49,3.17
1990-11-04 23:00:00+00:00,0.0,0.0,0.0,7.49,3.17
1990-11-05 00:00:00+00:00,0.0,0.0,0.0,7.22,3.45
1990-11-05 01:00:00+00:00,0.0,0.0,0.0,7.21,3.79
1990-11-05 02:00:00+00:00,0.0,0.0,0.0,7.17,3.93
1990-11-05 03:00:00+00:00,0.0,0.0,0.0,7.04,4.07
1990-11-05 04:00:00+00:00,0.0,0.0,0.0,6.94,4.14
1990-11-05 05:00:00+00:00,0.0,0.0,0.0,6.78,4.14
1990-11-05 06:00:00+00:00,0.0,0.0,0.0,6.72,4.0
1990-11-05 07:00:00+00:00,0.0,0.0,0.0,6.85,3.79
1990-11-05 08:00:00+00:00,68.0,308.15,36.0,6.61,3.45
1990-11-05 09:00:00+00:00,187.0,591.82,59.0,7.3,3.38
1990-11-05 10:00:00+00:00,277.0,681.73,73.0,8.02,3.79
1990-11-05 11:00:00+00:00,328.0,703.04,84.0,8.43,3.86
1990-11-05 12:00:00+00:00,339.0,712.47,85.0,8.62,3.72
1990-11-05 13:00:00+00:00,299.0,639.32,90.0,8.71,3.45
1990-11-05 14:00:00+00:00,227.0,580.1,76.0,8.63,3.17
1990-11-05 15:00:00+00:00,123.0,434.2,53.0,8.39,2.69
1990-11-05 16:00:00+00:00,10.0,0.0,10.0,7.64,2.21
1990-11-05 17:00:00+00:00,0.0,0.0,0.0,6.66,2.21
1990-11-05 18:00:00+00:00,0.0,0.0,0.0,5.35,1.66
1990-11-05 19:00:00+00:00,0.0,0.0,0.0,6.71,0.34
1990-11-05 20:00:00+00:00,0.0,0.0,0.0,6.26,0.69
1990-11-05 21:00:00+00:00,0.0,0.0,0.0,3.43,1.59
1990-11-05 22:00:00+00:00,0.0,0.0,0.0,1.83,2.07
1990-11-05 23:00:00+00:00,0.0,0.0,0.0,2.09,2.76
1990-11-06 00:00:00+00:00,0.0,0.0,0.0,2.87,3.03
1990-11-06 01:00:00+00:00,0.0,0.0,0.0,3.61,3.38
1990-11-06 02:00:00+00:00,0.0,0.0,0.0,4.2,3.93
1990-11-06 03:00:00+00:00,0.0,0.0,0.0,4.64,4.41
1990-11-06 04:00:00+00:00,0.0,0.0,0.0,4.98,4.76
1990-11-06 05:00:00+00:00,0.0,0.0,0.0,5.33,5.1
1990-11-06 06:00:00+00:00,0.0,0.0,0.0,5.7,5.38
1990-11-06 07:00:00+00:00,0.0,0.0,0.0,5.9,6.0
1990-11-06 08:00:00+00:00,17.0,0.0,17.0,6.42,6.62
1990-11-06 09:00:00+00:00,54.0,0.0,54.0,7.08,7.17
1990-11-06 10:00:00+00:00,103.0,6.8,101.0,7.69,7.45
1990-11-06 11:00:00+00:00,59.0,0.0,59.0,8.23,7.38
1990-11-06 12:00:00+00:00,41.0,0.0,41.0,8.73,7.93
1990-11-06 13:00:00+00:00,74.0,0.0,74.0,9.29,8.21
1990-11-06 14:00:00+00:00,29.0,0.0,29.0,9.84,8.21
1990-11-06 15:00:00+00:00,96.0,210.6,63.0,10.23,8.21
1990-11-06 16:00:00+00:00,6.0,0.0,6.0,10.42,8.21
1990-11-06 17:00:00+00:00,0.0,0.0,0.0,10.55,8.07
1990-11-06 18:00:00+00:00,0.0,0.0,0.0,10.75,7.86
1990-11-06 19:00:00+00:00,0.0,0.0,0.0,10.83,8.48
1990-11-06 20:00:00+00:00,0.0,0.0,0.0,10.97,8.48
1990-11-06 21:00:00+00:00,0.0,0.0,0.0,11.07,8.69
1990-11-06 22:00:00+00:00,0.0,0.0,0.0,11.18,8.55
1990-11-06 23:00:00+00:00,0.0,0.0,0.0,11.31,8.28
1990-11-07 00:00:00+00:00,0.0,0.0,0.0,11.31,8.0
1990-11-07 01:00:00+00:00,0.0,0.0,0.0,11.18,7.66
1990-11-07 02:00:00+00:00,0.0,0.0,0.0,11.19,7.66
1990-11-07 03:00:00+00:00,0.0,0.0,0.0,11.33,7.1
1990-11-07 04:00:00+00:00,0.0,0.0,0.0,11.56,6.14
1990-11-07 05:00:00+00:00,0.0,0.0,0.0,11.56,5.31
1990-11-07 06:00:00+00:00,0.0,0.0,0.0,11.43,5.59
1990-11-07 07:00:00+00:00,0.0,0.0,0.0,11.07,2.76
1990-11-07 08:00:00+00:00,22.0,0.0,22.0,10.85,3.1
1990-11-07 09:00:00+00:00,101.0,72.59,86.0,10.41,4.69
1990-11-07 10:00:00+00:00,40.0,0.0,40.0,10.14,5.52
1990-11-07 11:00:00+00:00,30.0,0.0,30.0,10.02,5.17
1990-11-07 12:00:00+00:00,92.0,0.0,92.0,10.05,5.72
1990-11-07 13:00:00+00:00,86.0,0.0,86.0,10.05,6.28
1990-11-07 14:00:00+00:00,43.0,0.0,43.0,10.04,6.0
1990-11-07 15:00:00+00:00,46.0,6.57,45.0,9.97,5.31
1990-11-07 16:00:00+00:00,4.0,0.0,4.0,9.59,4.69
1990-11-07 17:00:00+00:00,0.0,0.0,0.0,8.92,4.41
1990-11-07 18:00:00+00:00,0.0,0.0,0.0,8.54,4.34
1990-11-07 19:00:00+00:00,0.0,0.0,0.0,8.54,4.34
1990-11-07 20:00:00+00:00,0.0,0.0,0.0,8.48,4.62
1990-11-07 21:00:00+00:00,0.0,0.0,0.0,8.35,4.83
1990-11-07 22:00:00+00:00,0.0,0.0,0.0,8.4,4.83
1990-11-07 23:00:00+00:00,0.0,0.0,0.0,8.38,4.9
1990-11-08 00:00:00+00:00,0.0,0.0,0.0,8.45,4.69
1990-11-08 01:00:00+00:00,0.0,0.0,0.0,8.21,4.48
1990-11-08 02:00:00+00:00,0.0,0.0,0.0,7.91,4.55
1990-11-08 03:00:00+00:00,0.0,0.0,0.0,7.7,4.41
1990-11-08 04:00:00+00:00,0.0,0.0,0.0,7.41,4.21
1990-11-08 05:00:00+00:00,0.0,0.0,0.0,7.13,4.0
1990-11-08 06:00:00+00:00,0.0,0.0,0.0,7.04,4.21
1990-11-08 07:00:00+00:00,0.0,0.0,0.0,6.55,4.55
1990-11-08 08:00:00+00:00,17.0,0.0,17.0,6.52,5.1
1990-11-08 09:00:00+00:00,44.0,0.0,44.0,7.39,5.52
1990-11-08 10:00:00+00:00,45.0,0.0,45.0,7.9,6.0
1990-11-08 11:00:00+00:00,41.0,0.0,41.0,8.33,6.48
1990-11-08 12:00:00+00:00,147.0,23.4,139.0,8.97,6.55
1990-11-08 13:00:00+00:00,152.0,51.18,136.0,10.03,6.55
1990-11-08 14:00:00+00:00,138.0,117.67,109.0,11.11,6.07
1990-11-08 15:00:00+00:00,51.0,13.52,49.0,11.46,6.14
1990-11-08 16:00:00+00:00,2.0,0.0,2.0,10.92,6.34
1990-11-08 17:00:00+00:00,0.0,0.0,0.0,10.21,6.48
1990-11-08 18:00:00+00:00,0.0,0.0,0.0,9.72,6.48
1990-11-08 19:00:00+00:00,0.0,0.0,0.0,9.55,5.59
1990-11-08 20:00:00+00:00,0.0,0.0,0.0,9.44,5.79
1990-11-08 21:00:00+00:00,0.0,0.0,0.0,9.01,5.03
1990-11-08 22:00:00+00:00,0.0,0.0,0.0,8.5,4.21
1990-11-08 23:00:00+00:00,0.0,0.0,0.0,7.91,3.52
1990-11-09 00:00:00+00:00,0.0,0.0,0.0,7.3,3.38
1990-11-09 01:00:00+00:00,0.0,0.0,0.0,6.78,3.45
1990-11-09 02:00:00+00:00,0.0,0.0,0.0,6.55,3.45
1990-11-09 03:00:00+00:00,0.0,0.0,0.0,6.4,3.45
1990-11-09 04:00:00+00:00,0.0,0.0,0.0,6.21,3.38
1990-11-09 05:00:00+00:00,0.0,0.0,0.0,6.0,3.38
1990-11-09 06:00:00+00:00,0.0,0.0,0.0,5.77,3.38
1990-11-09 07:00:00+00:00,0.0,0.0,0.0,5.73,3.03
1990-11-09 08:00:00+00:00,39.0,93.86,31.0,5.56,2.97
1990-11-09 09:00:00+00:00,145.0,360.13,74.0,6.3,2.69
1990-11-09 10:00:00+00:00,253.0,650.45,71.0,7.7,2.62
1990-11-09 11:00:00+00:00,305.0,686.88,80.0,9.01,2.69
1990-11-09 12:00:00+00:00,227.0,210.57,156.0,9.9,2.69
1990-11-09 13:00:00+00:00,168.0,90.91,140.0,10.31,2.83
1990-11-09 14:00:00+00:00,131.0,99.18,107.0,10.72,2.9
1990-11-09 15:00:00+00:00,70.0,83.52,58.0,10.59,2.55
1990-11-09 16:00:00+00:00,0.0,0.0,0.0,9.77,2.62
1990-11-09 17:00:00+00:00,0.0,0.0,0.0,8.92,2.83
1990-11-09 18:00:00+00:00,0.0,0.0,0.0,8.24,3.03
1990-11-09 19:00:00+00:00,0.0,0.0,0.0,7.42,3.03
1990-11-09 20:00:00+00:00,0.0,0.0,0.0,6.88,3.1
1990-11-09 21:00:00+00:00,0.0,0.0,0.0,6.54,3.1
1990-11-09 22:00:00+00:00,0.0,0.0,0.0,6.34,2.97
1990-11-09 23:00:00+00:00,0.0,0.0,0.0,6.16,3.1
1990-11-10 00:00:00+00:00,0.0,0.0,0.0,6.19,3.31
1990-11-10 01:00:00+00:00,0.0,0.0,0.0,6.15,3.38
1990-11-10 02:00:00+00:00,0.0,0.0,0.0,6.29,3.24
1990-11-10 03:00:00+00:00,0.0,0.0,0.0,6.46,3.1
1990-11-10 04:00:00+00:00,0.0,0.0,0.0,6.67,2.97
1990-11-10 05:00:00+00:00,0.0,0.0,0.0,6.89,2.9
1990-11-10 06:00:00+00:00,0.0,0.0,0.0,6.99,2.97
1990-11-10 07:00:00+00:00,0.0,0.0,0.0,6.37,3.03
1990-11-10 08:00:00+00:00,29.0,37.18,26.0,6.45,3.1
1990-11-10 09:00:00+00:00,60.0,5.2,59.0,7.04,3.03
1990-11-10 10:00:00+00:00,225.0,472.59,95.0,8.0,3.31
1990-11-10 11:00:00+00:00,292.0,631.88,88.0,9.1,4.07
1990-11-10 12:00:00+00:00,225.0,219.53,152.0,9.85,4.21
1990-11-10 13:00:00+00:00,183.0,141.7,140.0,10.45,3.86
1990-11-10 14:00:00+00:00,185.0,412.41,87.0,10.73,3.72
1990-11-10 15:00:00+00:00,90.0,265.19,53.0,10.43,4.0
1990-11-10 16:00:00+00:00,0.0,0.0,0.0,9.87,4.62
1990-11-10 17:00:00+00:00,0.0,0.0,0.0,9.18,5.17
1990-11-10 18:00:00+00:00,0.0,0.0,0.0,8.98,5.52
1990-11-10 19:00:00+00:00,0.0,0.0,0.0,9.41,6.0
1990-11-10 20:00:00+00:00,0.0,0.0,0.0,9.66,6.28
1990-11-10 21:00:00+00:00,0.0,0.0,0.0,9.76,6.69
1990-11-10 22:00:00+00:00,0.0,0.0,0.0,9.74,6.97
1990-11-10 23:00:00+00:00,0.0,0.0,0.0,9.84,7.17
1990-11-11 00:00:00+00:00,0.0,0.0,0.0,10.17,7.59
1990-11-11 01:00:00+00:00,0.0,0.0,0.0,10.37,7.66
1990-11-11 02:00:00+00:00,0.0,0.0,0.0,10.47,7.52
1990-11-11 03:00:00+00:00,0.0,0.0,0.0,10.62,7.24
1990-11-11 04:00:00+00:00,0.0,0.0,0.0,10.66,7.03
1990-11-11 05:00:00+00:00,0.0,0.0,0.0,10.6,6.83
1990-11-11 06:00:00+00:00,0.0,0.0,0.0,10.51,6.83
1990-11-11 07:00:00+00:00,0.0,0.0,0.0,10.52,6.55
1990-11-11 08:00:00+00:00,4.0,0.0,4.0,10.39,6.55
1990-11-11 09:00:00+00:00,37.0,0.0,37.0,10.4,6.97
1990-11-11 10:00:00+00:00,84.0,3.7,83.0,10.39,7.1
1990-11-11 11:00:00+00:00,54.0,0.0,54.0,10.37,7.24
1990-11-11 12:00:00+00:00,50.0,0.0,50.0,10.29,7.1
1990-11-11 13:00:00+00:00,46.0,0.0,46.0,10.22,7.1
1990-11-11 14:00:00+00:00,39.0,0.0,39.0,10.26,7.03
1990-11-11 15:00:00+00:00,33.0,0.0,33.0,10.23,7.17
1990-11-11 16:00:00+00:00,0.0,0.0,0.0,10.29,7.03
1990-11-11 17:00:00+00:00,0.0,0.0,0.0,10.43,6.9
1990-11-11 18:00:00+00:00,0.0,0.0,0.0,10.54,6.97
1990-11-11 19:00:00+00:00,0.0,0.0,0.0,10.79,7.03
1990-11-11 20:00:00+00:00,0.0,0.0,0.0,10.76,6.9
1990-11-11 21:00:00+00:00,0.0,0.0,0.0,10.72,6.83
1990-11-11 22:00:00+00:00,0.0,0.0,0.0,10.66,6.48
1990-11-11 23:00:00+00:00,0.0,0.0,0.0,10.5,6.21
1990-11-12 00:00:00+00:00,0.0,0.0,0.0,10.5,5.93
1990-11-12 01:00:00+00:00,0.0,0.0,0.0,10.51,6.07
1990-11-12 02:00:00+00:00,0.0,0.0,0.0,10.55,6.14
1990-11-12 03:00:00+00:00,0.0,0.0,0.0,10.67,6.07
1990-11-12 04:00:00+00:00,0.0,0.0,0.0,10.75,6.21
1990-11-12 05:00:00+00:00,0.0,0.0,0.0,10.61,6.21
1990-11-12 06:00:00+00:00,0.0,0.0,0.0,10.43,6.28
1990-11-12 07:00:00+00:00,0.0,0.0,0.0,10.22,5.66
1990-11-12 08:00:00+00:00,41.0,250.98,23.0,10.1,5.59
1990-11-12 09:00:00+00:00,77.0,38.19,70.0,10.25,5.86
1990-11-12 10:00:00+00:00,60.0,0.0,60.0,10.32,5.93
1990-11-12 11:00:00+00:00,192.0,149.87,145.0,10.36,6.34
1990-11-12 12:00:00+00:00,165.0,68.02,143.0,10.55,6.55
1990-11-12 13:00:00+00:00,168.0,115.4,134.0,10.9,6.34
1990-11-12 14:00:00+00:00,122.0,100.36,99.0,11.08,6.41
1990-11-12 15:00:00+00:00,100.0,463.86,39.0,10.94,5.79
1990-11-12 16:00:00+00:00,0.0,0.0,0.0,10.47,5.31
1990-11-12 17:00:00+00:00,0.0,0.0,0.0,9.92,4.83
1990-11-12 18:00:00+00:00,0.0,0.0,0.0,9.38,4.76
1990-11-12 19:00:00+00:00,0.0,0.0,0.0,9.03,5.38
1990-11-12 20:00:00+00:00,0.0,0.0,0.0,8.78,5.45
1990-11-12 21:00:00+00:00,0.0,0.0,0.0,8.66,5.45
1990-11-12 22:00:00+00:00,0.0,0.0,0.0,8.48,5.45
1990-11-12 23:00:00+00:00,0.0,0.0,0.0,8.58,5.45
1990-11-13 00:00:00+00:00,0.0,0.0,0.0,8.87,5.38
1990-11-13 01:00:00+00:00,0.0,0.0,0.0,9.18,5.38
1990-11-13 02:00:00+00:00,0.0,0.0,0.0,9.37,5.31
1990-11-13 03:00:00+00:00,0.0,0.0,0.0,9.44,5.45
1990-11-13 04:00:00+00:00,0.0,0.0,0.0,9.29,5.72
1990-11-13 05:00:00+00:00,0.0,0.0,0.0,9.29,6.0
1990-11-13 06:00:00+00:00,0.0,0.0,0.0,9.33,6.41
1990-11-13 07:00:00+00:00,0.0,0.0,0.0,9.66,6.83
1990-11-13 08:00:00+00:00,10.0,0.0,10.0,9.88,7.24
1990-11-13 09:00:00+00:00,39.0,0.0,39.0,10.2,7.45
1990-11-13 10:00:00+00:00,80.0,3.83,79.0,10.58,7.45
1990-11-13 11:00:00+00:00,65.0,0.0,65.0,11.01,8.28
1990-11-13 12:00:00+00:00,66.0,0.0,66.0,11.36,8.76
1990-11-13 13:00:00+00:00,36.0,0.0,36.0,11.52,9.72
1990-11-13 14:00:00+00:00,25.0,0.0,25.0,11.64,10.9
1990-11-13 15:00:00+00:00,22.0,0.0,22.0,11.82,11.59
1990-11-13 16:00:00+00:00,0.0,0.0,0.0,12.09,11.1
1990-11-13 17:00:00+00:00,0.0,0.0,0.0,12.6,9.17
1990-11-13 18:00:00+00:00,0.0,0.0,0.0,12.75,6.69
1990-11-13 19:00:00+00:00,0.0,0.0,0.0,11.88,4.14
1990-11-13 20:00:00+00:00,0.0,0.0,0.0,11.04,4.28
1990-11-13 21:00:00+00:00,0.0,0.0,0.0,10.65,5.38
1990-11-13 22:00:00+00:00,0.0,0.0,0.0,10.67,6.07
1990-11-13 23:00:00+00:00,0.0,0.0,0.0,11.01,6.62
1990-11-14 00:00:00+00:00,0.0,0.0,0.0,11.52,7.24
1990-11-14 01:00:00+00:00,0.0,0.0,0.0,11.92,7.79
1990-11-14 02:00:00+00:00,0.0,0.0,0.0,12.21,8.07
1990-11-14 03:00:00+00:00,0.0,0.0,0.0,12.28,8.48
1990-11-14 04:00:00+00:00,0.0,0.0,0.0,12.1,8.9
1990-11-14 05:00:00+00:00,0.0,0.0,0.0,11.82,9.66
1990-11-14 06:00:00+00:00,0.0,0.0,0.0,11.68,9.72
1990-11-14 07:00:00+00:00,0.0,0.0,0.0,11.92,8.83
1990-11-14 08:00:00+00:00,16.0,0.0,16.0,11.78,7.52
1990-11-14 09:00:00+00:00,23.0,0.0,23.0,11.27,5.93
1990-11-14 10:00:00+00:00,37.0,0.0,37.0,11.06,4.48
1990-11-14 11:00:00+00:00,103.0,6.57,101.0,10.79,3.38
1990-11-14 12:00:00+00:00,215.0,235.18,141.0,11.12,3.24
1990-11-14 13:00:00+00:00,169.0,136.28,130.0,11.6,3.03
1990-11-14 14:00:00+00:00,180.0,511.09,67.0,11.68,2.69
1990-11-14 15:00:00+00:00,61.0,104.94,48.0,11.4,2.9
1990-11-14 16:00:00+00:00,0.0,0.0,0.0,10.59,3.31
1990-11-14 17:00:00+00:00,0.0,0.0,0.0,9.58,3.72
1990-11-14 18:00:00+00:00,0.0,0.0,0.0,8.92,4.28
1990-11-14 19:00:00+00:00,0.0,0.0,0.0,8.56,4.28
1990-11-14 20:00:00+00:00,0.0,0.0,0.0,8.22,4.28
1990-11-14 21:00:00+00:00,0.0,0.0,0.0,7.97,4.62
1990-11-14 22:00:00+00:00,0.0,0.0,0.0,7.77,4.62
1990-11-14 23:00:00+00:00,0.0,0.0,0.0,7.61,4.41
1990-11-15 00:00:00+00:00,0.0,0.0,0.0,7.6,4.62
1990-11-15 01:00:00+00:00,0.0,0.0,0.0,7.56,4.83
1990-11-15 02:00:00+00:00,0.0,0.0,0.0,7.71,4.83
1990-11-15 03:00:00+00:00,0.0,0.0,0.0,7.85,4.69
1990-11-15 04:00:00+00:00,0.0,0.0,0.0,7.97,4.62
1990-11-15 05:00:00+00:00,0.0,0.0,0.0,8.1,4.55
1990-11-15 06:00:00+00:00,0.0,0.0,0.0,8.22,4.21
1990-11-15 07:00:00+00:00,0.0,0.0,0.0,7.7,3.52
1990-11-15 08:00:00+00:00,31.0,187.58,20.0,7.76,3.45
1990-11-15 09:00:00+00:00,46.0,0.0,46.0,8.06,3.59
1990-11-15 10:00:00+00:00,88.0,7.93,86.0,8.59,4.41
1990-11-15 11:00:00+00:00,133.0,33.3,123.0,9.25,4.14
1990-11-15 12:00:00+00:00,76.0,0.0,76.0,9.8,4.07
1990-11-15 13:00:00+00:00,116.0,21.27,110.0,10.1,3.52
1990-11-15 14:00:00+00:00,39.0,0.0,39.0,10.12,3.1
1990-11-15 15:00:00+00:00,28.0,0.0,28.0,9.97,2.83
1990-11-15 16:00:00+00:00,0.0,0.0,0.0,9.57,2.76
1990-11-15 17:00:00+00:00,0.0,0.0,0.0,9.04,2.9
1990-11-15 18:00:00+00:00,0.0,0.0,0.0,8.77,3.24
1990-11-15 19:00:00+00:00,0.0,0.0,0.0,8.84,2.83
1990-11-15 20:00:00+00:00,0.0,0.0,0.0,8.65,2.97
1990-11-15 21:00:00+00:00,0.0,0.0,0.0,8.48,2.76
1990-11-15 22:00:00+00:00,0.0,0.0,0.0,8.45,2.41
1990-11-15 23:00:00+00:00,0.0,0.0,0.0,8.27,2.07
1990-11-16 00:00:00+00:00,0.0,0.0,0.0,8.36,1.93
1990-11-16 01:00:00+00:00,0.0,0.0,0.0,8.31,1.86
1990-11-16 02:00:00+00:00,0.0,0.0,0.0,8.35,2.21
1990-11-16 03:00:00+00:00,0.0,0.0,0.0,8.32,2.62
1990-11-16 04:00:00+00:00,0.0,0.0,0.0,8.42,2.76
1990-11-16 05:00:00+00:00,0.0,0.0,0.0,8.38,2.62
1990-11-16 06:00:00+00:00,0.0,0.0,0.0,8.35,2.62
1990-11-16 07:00:00+00:00,0.0,0.0,0.0,8.36,2.62
1990-11-16 08:00:00+00:00,23.0,91.93,18.0,8.33,2.55
1990-11-16 09:00:00+00:00,86.0,102.65,69.0,8.55,2.62
1990-11-16 10:00:00+00:00,180.0,318.53,101.0,8.8,2.76
1990-11-16 11:00:00+00:00,147.0,60.82,129.0,9.07,2.55
1990-11-16 12:00:00+00:00,158.0,68.58,137.0,9.45,2.41
1990-11-16 13:00:00+00:00,115.0,21.58,109.0,9.75,2.34
1990-11-16 14:00:00+00:00,108.0,79.66,91.0,9.98,2.14
1990-11-16 15:00:00+00:00,55.0,85.71,45.0,9.99,2.34
1990-11-16 16:00:00+00:00,0.0,0.0,0.0,9.77,2.48
1990-11-16 17:00:00+00:00,0.0,0.0,0.0,9.56,2.55
1990-11-16 18:00:00+00:00,0.0,0.0,0.0,9.23,2.62
1990-11-16 19:00:00+00:00,0.0,0.0,0.0,8.9,2.48
1990-11-16 20:00:00+00:00,0.0,0.0,0.0,8.59,3.03
1990-11-16 21:00:00+00:00,0.0,0.0,0.0,8.63,3.59
1990-11-16 22:00:00+00:00,0.0,0.0,0.0,8.72,4.0
1990-11-16 23:00:00+00:00,0.0,0.0,0.0,8.61,4.14
1990-11-17 00:00:00+00:00,0.0,0.0,0.0,8.56,4.28
1990-11-17 01:00:00+00:00,0.0,0.0,0.0,8.38,4.41
1990-11-17 02:00:00+00:00,0.0,0.0,0.0,8.05,4.62
1990-11-17 03:00:00+00:00,0.0,0.0,0.0,8.02,4.83
1990-11-17 04:00:00+00:00,0.0,0.0,0.0,8.15,4.9
1990-11-17 05:00:00+00:00,0.0,0.0,0.0,8.46,5.1
1990-11-17 06:00:00+00:00,0.0,0.0,0.0,8.74,5.31
1990-11-17 07:00:00+00:00,0.0,0.0,0.0,9.23,5.45
1990-11-17 08:00:00+00:00,3.0,0.0,3.0,9.37,5.38
1990-11-17 09:00:00+00:00,31.0,0.0,31.0,9.58,5.17
1990-11-17 10:00:00+00:00,39.0,0.0,39.0,9.9,5.38
1990-11-17 11:00:00+00:00,40.0,0.0,40.0,10.32,4.83
1990-11-17 12:00:00+00:00,73.0,0.0,73.0,10.6,5.38
1990-11-17 13:00:00+00:00,141.0,72.96,121.0,10.61,4.97
1990-11-17 14:00:00+00:00,159.0,400.55,75.0,10.65,4.9
1990-11-17 15:00:00+00:00,59.0,141.31,43.0,10.38,3.86
1990-11-17 16:00:00+00:00,0.0,0.0,0.0,9.7,3.38
1990-11-17 17:00:00+00:00,0.0,0.0,0.0,9.11,3.24
1990-11-17 18:00:00+00:00,0.0,0.0,0.0,8.76,3.31
1990-11-17 19:00:00+00:00,0.0,0.0,0.0,8.68,3.45
1990-11-17 20:00:00+00:00,0.0,0.0,0.0,8.79,3.66
1990-11-17 21:00:00+00:00,0.0,0.0,0.0,8.92,3.72
1990-11-17 22:00:00+00:00,0.0,0.0,0.0,9.06,3.72
1990-11-17 23:00:00+00:00,0.0,0.0,0.0,9.18,3.72
1990-11-18 00:00:00+00:00,0.0,0.0,0.0,9.16,3.59
1990-11-18 01:00:00+00:00,0.0,0.0,0.0,9.16,3.52
1990-11-18 02:00:00+00:00,0.0,0.0,0.0,9.09,3.59
1990-11-18 03:00:00+00:00,0.0,0.0,0.0,8.94,3.59
1990-11-18 04:00:00+00:00,0.0,0.0,0.0,8.77,3.59
1990-11-18 05:00:00+00:00,0.0,0.0,0.0,8.59,3.59
1990-11-18 06:00:00+00:00,0.0,0.0,0.0,8.61,3.52
1990-11-18 07:00:00+00:00,0.0,0.0,0.0,7.28,3.03
1990-11-18 08:00:00+00:00,20.0,130.26,14.0,6.85,3.03
1990-11-18 09:00:00+00:00,121.0,451.81,50.0,7.15,3.03
1990-11-18 10:00:00+00:00,105.0,33.4,97.0,8.13,3.03
1990-11-18 11:00:00+00:00,221.0,368.54,115.0,9.37,3.79
1990-11-18 12:00:00+00:00,280.0,704.41,70.0,10.32,4.83
1990-11-18 13:00:00+00:00,232.0,554.89,82.0,10.82,4.69
1990-11-18 14:00:00+00:00,178.0,601.6,54.0,11.14,3.59
1990-11-18 15:00:00+00:00,45.0,45.5,40.0,10.9,3.1
1990-11-18 16:00:00+00:00,0.0,0.0,0.0,9.91,3.1
1990-11-18 17:00:00+00:00,0.0,0.0,0.0,9.21,3.38
1990-11-18 18:00:00+00:00,0.0,0.0,0.0,8.76,4.0
1990-11-18 19:00:00+00:00,0.0,0.0,0.0,8.55,4.41
1990-11-18 20:00:00+00:00,0.0,0.0,0.0,8.55,4.76
1990-11-18 21:00:00+00:00,0.0,0.0,0.0,8.58,4.9
1990-11-18 22:00:00+00:00,0.0,0.0,0.0,8.47,4.62
1990-11-18 23:00:00+00:00,0.0,0.0,0.0,8.49,4.34
1990-11-19 00:00:00+00:00,0.0,0.0,0.0,8.37,4.28
1990-11-19 01:00:00+00:00,0.0,0.0,0.0,8.43,4.55
1990-11-19 02:00:00+00:00,0.0,0.0,0.0,8.61,4.76
1990-11-19 03:00:00+00:00,0.0,0.0,0.0,8.66,4.76
1990-11-19 04:00:00+00:00,0.0,0.0,0.0,8.68,4.83
1990-11-19 05:00:00+00:00,0.0,0.0,0.0,8.77,4.69
1990-11-19 06:00:00+00:00,0.0,0.0,0.0,8.81,4.41
1990-11-19 07:00:00+00:00,0.0,0.0,0.0,8.64,4.69
1990-11-19 08:00:00+00:00,18.0,119.07,13.0,8.69,4.69
1990-11-19 09:00:00+00:00,54.0,13.07,52.0,8.86,4.41
1990-11-19 10:00:00+00:00,157.0,233.63,102.0,9.17,5.38
1990-11-19 11:00:00+00:00,227.0,426.7,106.0,9.62,5.52
1990-11-19 12:00:00+00:00,155.0,78.18,132.0,10.1,5.31
1990-11-19 13:00:00+00:00,117.0,33.76,108.0,10.36,5.24
1990-11-19 14:00:00+00:00,38.0,0.0,38.0,10.4,4.62
1990-11-19 15:00:00+00:00,19.0,0.0,19.0,10.34,4.21
1990-11-19 16:00:00+00:00,0.0,0.0,0.0,9.97,3.79
1990-11-19 17:00:00+00:00,0.0,0.0,0.0,9.53,3.72
1990-11-19 18:00:00+00:00,0.0,0.0,0.0,9.22,3.86
1990-11-19 19:00:00+00:00,0.0,0.0,0.0,9.17,3.86
1990-11-19 20:00:00+00:00,0.0,0.0,0.0,8.86,4.07
1990-11-19 21:00:00+00:00,0.0,0.0,0.0,8.62,3.79
1990-11-19 22:00:00+00:00,0.0,0.0,0.0,8.31,3.52
1990-11-19 23:00:00+00:00,0.0,0.0,0.0,8.23,3.72
1990-11-20 00:00:00+00:00,0.0,0.0,0.0,8.23,4.0
1990-11-20 01:00:00+00:00,0.0,0.0,0.0,8.13,4.07
1990-11-20 02:00:00+00:00,0.0,0.0,0.0,8.08,4.14
1990-11-20 03:00:00+00:00,0.0,0.0,0.0,8.0,4.14
1990-11-20 04:00:00+00:00,0.0,0.0,0.0,7.85,4.07
1990-11-20 05:00:00+00:00,0.0,0.0,0.0,7.72,4.0
1990-11-20 06:00:00+00:00,0.0,0.0,0.0,7.52,3.86
1990-11-20 07:00:00+00:00,0.0,0.0,0.0,7.49,3.52
1990-11-20 08:00:00+00:00,10.0,0.0,10.0,7.31,3.59
1990-11-20 09:00:00+00:00,69.0,67.14,59.0,7.47,3.59
1990-11-20 10:00:00+00:00,124.0,95.09,102.0,7.69,4.28
1990-11-20 11:00:00+00:00,159.0,110.87,128.0,8.36,4.69
1990-11-20 12:00:00+00:00,206.0,272.04,127.0,8.81,4.83
1990-11-20 13:00:00+00:00,139.0,83.66,117.0,9.39,4.76
1990-11-20 14:00:00+00:00,76.0,20.08,72.0,9.33,4.07
1990-11-20 15:00:00+00:00,63.0,241.48,38.0,9.21,3.45
1990-11-20 16:00:00+00:00,0.0,0.0,0.0,8.55,3.03
1990-11-20 17:00:00+00:00,0.0,0.0,0.0,7.98,2.97
1990-11-20 18:00:00+00:00,0.0,0.0,0.0,7.77,3.1
1990-11-20 19:00:00+00:00,0.0,0.0,0.0,7.79,3.17
1990-11-20 20:00:00+00:00,0.0,0.0,0.0,7.82,3.24
1990-11-20 21:00:00+00:00,0.0,0.0,0.0,7.92,3.31
1990-11-20 22:00:00+00:00,0.0,0.0,0.0,7.83,3.24
1990-11-20 23:00:00+00:00,0.0,0.0,0.0,7.63,3.52
1990-11-21 00:00:00+00:00,0.0,0.0,0.0,7.87,3.86
1990-11-21 01:00:00+00:00,0.0,0.0,0.0,8.01,4.21
1990-11-21 02:00:00+00:00,0.0,0.0,0.0,8.01,4.41
1990-11-21 03:00:00+00:00,0.0,0.0,0.0,7.84,4.41
1990-11-21 04:00:00+00:00,0.0,0.0,0.0,7.54,4.69
1990-11-21 05:00:00+00:00,0.0,0.0,0.0,7.15,4.9
1990-11-21 06:00:00+00:00,0.0,0.0,0.0,6.89,4.9
1990-11-21 07:00:00+00:00,0.0,0.0,0.0,6.6,5.1
1990-11-21 08:00:00+00:00,8.0,0.0,8.0,6.49,5.59
1990-11-21 09:00:00+00:00,43.0,6.9,42.0,6.77,6.41
1990-11-21 10:00:00+00:00,66.0,0.0,66.0,7.17,7.1
1990-11-21 11:00:00+00:00,69.0,0.0,69.0,7.39,7.03
1990-11-21 12:00:00+00:00,32.0,0.0,32.0,7.37,7.03
1990-11-21 13:00:00+00:00,27.0,0.0,27.0,7.45,6.76
1990-11-21 14:00:00+00:00,57.0,0.0,57.0,7.28,7.03
1990-11-21 15:00:00+00:00,19.0,0.0,19.0,7.24,7.1
1990-11-21 16:00:00+00:00,0.0,0.0,0.0,7.21,7.38
1990-11-21 17:00:00+00:00,0.0,0.0,0.0,7.22,7.59
1990-11-21 18:00:00+00:00,0.0,0.0,0.0,7.22,7.86
1990-11-21 19:00:00+00:00,0.0,0.0,0.0,7.46,7.52
1990-11-21 20:00:00+00:00,0.0,0.0,0.0,7.52,7.45
1990-11-21 21:00:00+00:00,0.0,0.0,0.0,7.54,7.45
1990-11-21 22:00:00+00:00,0.0,0.0,0.0,7.6,7.31
1990-11-21 23:00:00+00:00,0.0,0.0,0.0,7.71,7.03
1990-11-22 00:00:00+00:00,0.0,0.0,0.0,7.84,6.55
1990-11-22 01:00:00+00:00,0.0,0.0,0.0,8.08,6.21
1990-11-22 02:00:00+00:00,0.0,0.0,0.0,8.42,6.0
1990-11-22 03:00:00+00:00,0.0,0.0,0.0,8.91,5.59
1990-11-22 04:00:00+00:00,0.0,0.0,0.0,9.56,5.38
1990-11-22 05:00:00+00:00,0.0,0.0,0.0,10.13,5.03
1990-11-22 06:00:00+00:00,0.0,0.0,0.0,10.77,4.97
1990-11-22 07:00:00+00:00,0.0,0.0,0.0,10.41,4.34
1990-11-22 08:00:00+00:00,9.0,0.0,9.0,10.73,4.14
1990-11-22 09:00:00+00:00,57.0,35.45,52.0,11.24,3.86
1990-11-22 10:00:00+00:00,101.0,44.74,91.0,11.83,3.52
1990-11-22 11:00:00+00:00,243.0,643.5,68.0,12.43,3.24
1990-11-22 12:00:00+00:00,157.0,105.99,127.0,12.48,2.9
1990-11-22 13:00:00+00:00,196.0,390.54,96.0,12.54,2.76
1990-11-22 14:00:00+00:00,30.0,0.0,30.0,12.44,2.55
1990-11-22 15:00:00+00:00,33.0,20.49,31.0,12.1,2.48
1990-11-22 16:00:00+00:00,0.0,0.0,0.0,11.08,2.69
1990-11-22 17:00:00+00:00,0.0,0.0,0.0,10.14,2.76
1990-11-22 18:00:00+00:00,0.0,0.0,0.0,9.7,2.9
1990-11-22 19:00:00+00:00,0.0,0.0,0.0,9.13,3.1
1990-11-22 20:00:00+00:00,0.0,0.0,0.0,8.84,3.24
1990-11-22 21:00:00+00:00,0.0,0.0,0.0,8.83,3.1
1990-11-22 22:00:00+00:00,0.0,0.0,0.0,8.94,3.03
1990-11-22 23:00:00+00:00,0.0,0.0,0.0,8.84,2.97
1990-11-23 00:00:00+00:00,0.0,0.0,0.0,8.76,2.83
1990-11-23 01:00:00+00:00,0.0,0.0,0.0,8.67,2.69
1990-11-23 02:00:00+00:00,0.0,0.0,0.0,8.46,2.83
1990-11-23 03:00:00+00:00,0.0,0.0,0.0,8.28,3.17
1990-11-23 04:00:00+00:00,0.0,0.0,0.0,8.12,3.52
1990-11-23 05:00:00+00:00,0.0,0.0,0.0,8.06,3.38
1990-11-23 06:00:00+00:00,0.0,0.0,0.0,7.93,3.1
1990-11-23 07:00:00+00:00,0.0,0.0,0.0,7.8,3.31
1990-11-23 08:00:00+00:00,6.0,0.0,6.0,7.72,3.38
1990-11-23 09:00:00+00:00,47.0,14.58,45.0,7.7,3.24
1990-11-23 10:00:00+00:00,96.0,36.41,88.0,7.91,3.24
1990-11-23 11:00:00+00:00,124.0,44.73,112.0,8.1,3.72
1990-11-23 12:00:00+00:00,183.0,200.34,127.0,8.33,4.28
1990-11-23 13:00:00+00:00,212.0,518.31,81.0,8.21,4.62
1990-11-23 14:00:00+00:00,138.0,347.83,72.0,8.22,4.9
1990-11-23 15:00:00+00:00,59.0,284.74,32.0,7.87,4.62
1990-11-23 16:00:00+00:00,0.0,0.0,0.0,7.2,4.34
1990-11-23 17:00:00+00:00,0.0,0.0,0.0,6.64,4.14
1990-11-23 18:00:00+00:00,0.0,0.0,0.0,6.31,3.72
1990-11-23 19:00:00+00:00,0.0,0.0,0.0,6.51,3.59
1990-11-23 20:00:00+00:00,0.0,0.0,0.0,6.3,3.52
1990-11-23 21:00:00+00:00,0.0,0.0,0.0,6.15,3.52
1990-11-23 22:00:00+00:00,0.0,0.0,0.0,6.03,3.59
1990-11-23 23:00:00+00:00,0.0,0.0,0.0,6.03,3.59
1990-11-24 00:00:00+00:00,0.0,0.0,0.0,6.08,3.66
1990-11-24 01:00:00+00:00,0.0,0.0,0.0,6.15,3.66
1990-11-24 02:00:00+00:00,0.0,0.0,0.0,6.19,3.66
1990-11-24 03:00:00+00:00,0.0,0.0,0.0,6.16,3.59
1990-11-24 04:00:00+00:00,0.0,0.0,0.0,6.08,3.52
1990-11-24 05:00:00+00:00,0.0,0.0,0.0,6.06,3.45
1990-11-24 06:00:00+00:00,0.0,0.0,0.0,5.93,3.24
1990-11-24 07:00:00+00:00,0.0,0.0,0.0,6.19,3.31
1990-11-24 08:00:00+00:00,0.0,0.0,0.0,6.19,2.9
1990-11-24 09:00:00+00:00,63.0,74.93,53.0,6.27,2.41
1990-11-24 10:00:00+00:00,73.0,9.26,71.0,6.93,2.14
1990-11-24 11:00:00+00:00,130.0,56.68,115.0,7.75,2.21
1990-11-24 12:00:00+00:00,190.0,242.66,123.0,8.29,2.48
1990-11-24 13:00:00+00:00,230.0,685.25,59.0,8.66,2.62
1990-11-24 14:00:00+00:00,132.0,321.2,72.0,8.69,2.21
1990-11-24 15:00:00+00:00,55.0,249.59,32.0,8.38,1.72
1990-11-24 16:00:00+00:00,0.0,0.0,0.0,7.43,1.86
1990-11-24 17:00:00+00:00,0.0,0.0,0.0,5.97,2.0
1990-11-24 18:00:00+00:00,0.0,0.0,0.0,5.19,2.21
1990-11-24 19:00:00+00:00,0.0,0.0,0.0,4.94,2.28
1990-11-24 20:00:00+00:00,0.0,0.0,0.0,4.8,2.41
1990-11-24 21:00:00+00:00,0.0,0.0,0.0,4.59,2.41
1990-11-24 22:00:00+00:00,0.0,0.0,0.0,4.33,2.34
1990-11-24 23:00:00+00:00,0.0,0.0,0.0,3.98,2.34
1990-11-25 00:00:00+00:00,0.0,0.0,0.0,3.65,2.34
1990-11-25 01:00:00+00:00,0.0,0.0,0.0,3.32,2.28
1990-11-25 02:00:00+00:00,0.0,0.0,0.0,3.15,2.21
1990-11-25 03:00:00+00:00,0.0,0.0,0.0,2.71,2.28
1990-11-25 04:00:00+00:00,0.0,0.0,0.0,2.64,2.34
1990-11-25 05:00:00+00:00,0.0,0.0,0.0,2.15,2.21
1990-11-25 06:00:00+00:00,0.0,0.0,0.0,1.87,1.86
1990-11-25 07:00:00+00:00,0.0,0.0,0.0,2.43,1.79
1990-11-25 08:00:00+00:00,0.0,0.0,0.0,2.19,1.93
1990-11-25 09:00:00+00:00,81.0,231.15,51.0,2.16,2.14
1990-11-25 10:00:00+00:00,186.0,612.08,56.0,2.98,2.07
1990-11-25 11:00:00+00:00,203.0,390.56,101.0,3.91,2.07
1990-11-25 12:00:00+00:00,220.0,439.91,100.0,4.62,2.28
1990-11-25 13:00:00+00:00,179.0,308.38,103.0,5.13,2.34
1990-11-25 14:00:00+00:00,113.0,190.25,78.0,5.28,2.28
1990-11-25 15:00:00+00:00,41.0,89.29,33.0,4.98,2.34
1990-11-25 16:00:00+00:00,0.0,0.0,0.0,4.34,2.55
1990-11-25 17:00:00+00:00,0.0,0.0,0.0,3.93,2.76
1990-11-25 18:00:00+00:00,0.0,0.0,0.0,3.8,2.69
1990-11-25 19:00:00+00:00,0.0,0.0,0.0,3.93,2.48
1990-11-25 20:00:00+00:00,0.0,0.0,0.0,3.99,2.21
1990-11-25 21:00:00+00:00,0.0,0.0,0.0,4.16,2.14
1990-11-25 22:00:00+00:00,0.0,0.0,0.0,4.55,2.21
1990-11-25 23:00:00+00:00,0.0,0.0,0.0,4.66,2.21
1990-11-26 00:00:00+00:00,0.0,0.0,0.0,4.6,2.14
1990-11-26 01:00:00+00:00,0.0,0.0,0.0,4.71,2.07
1990-11-26 02:00:00+00:00,0.0,0.0,0.0,4.99,2.21
1990-11-26 03:00:00+00:00,0.0,0.0,0.0,5.16,2.28
1990-11-26 04:00:00+00:00,0.0,0.0,0.0,5.34,2.21
1990-11-26 05:00:00+00:00,0.0,0.0,0.0,5.56,2.07
1990-11-26 06:00:00+00:00,0.0,0.0,0.0,5.86,2.0
1990-11-26 07:00:00+00:00,0.0,0.0,0.0,6.35,2.0
1990-11-26 08:00:00+00:00,0.0,0.0,0.0,6.55,2.28
1990-11-26 09:00:00+00:00,35.0,0.0,35.0,6.78,2.21
1990-11-26 10:00:00+00:00,26.0,0.0,26.0,7.08,2.07
1990-11-26 11:00:00+00:00,56.0,0.0,56.0,7.53,2.07
1990-11-26 12:00:00+00:00,49.0,0.0,49.0,7.88,2.14
1990-11-26 13:00:00+00:00,60.0,0.0,60.0,7.99,1.79
1990-11-26 14:00:00+00:00,57.0,5.52,56.0,8.0,1.45
1990-11-26 15:00:00+00:00,19.0,0.0,19.0,7.84,1.03
1990-11-26 16:00:00+00:00,0.0,0.0,0.0,7.54,0.97
1990-11-26 17:00:00+00:00,0.0,0.0,0.0,7.32,0.9
1990-11-26 18:00:00+00:00,0.0,0.0,0.0,7.11,0.83
1990-11-26 19:00:00+00:00,0.0,0.0,0.0,6.99,0.76
1990-11-26 20:00:00+00:00,0.0,0.0,0.0,6.97,0.83
1990-11-26 21:00:00+00:00,0.0,0.0,0.0,7.0,0.97
1990-11-26 22:00:00+00:00,0.0,0.0,0.0,7.03,1.1
1990-11-26 23:00:00+00:00,0.0,0.0,0.0,7.02,1.31
1990-11-27 00:00:00+00:00,0.0,0.0,0.0,7.01,1.38
1990-11-27 01:00:00+00:00,0.0,0.0,0.0,6.94,1.17
1990-11-27 02:00:00+00:00,0.0,0.0,0.0,6.92,1.03
1990-11-27 03:00:00+00:00,0.0,0.0,0.0,6.82,0.97
1990-11-27 04:00:00+00:00,0.0,0.0,0.0,6.8,1.1
1990-11-27 05:00:00+00:00,0.0,0.0,0.0,6.7,1.24
1990-11-27 06:00:00+00:00,0.0,0.0,0.0,6.62,1.1
1990-11-27 07:00:00+00:00,0.0,0.0,0.0,6.69,1.52
1990-11-27 08:00:00+00:00,0.0,0.0,0.0,6.66,1.86
1990-11-27 09:00:00+00:00,24.0,0.0,24.0,6.68,2.21
1990-11-27 10:00:00+00:00,47.0,0.0,47.0,6.79,2.62
1990-11-27 11:00:00+00:00,79.0,3.93,78.0,7.05,3.1
1990-11-27 12:00:00+00:00,40.0,0.0,40.0,7.28,3.31
1990-11-27 13:00:00+00:00,38.0,0.0,38.0,7.52,3.45
1990-11-27 14:00:00+00:00,28.0,0.0,28.0,7.68,3.59
1990-11-27 15:00:00+00:00,26.0,11.79,25.0,7.57,2.97
1990-11-27 16:00:00+00:00,0.0,0.0,0.0,7.55,2.9
1990-11-27 17:00:00+00:00,0.0,0.0,0.0,7.43,2.97
1990-11-27 18:00:00+00:00,0.0,0.0,0.0,7.31,3.17
1990-11-27 19:00:00+00:00,0.0,0.0,0.0,6.84,3.72
1990-11-27 20:00:00+00:00,0.0,0.0,0.0,6.65,3.86
1990-11-27 21:00:00+00:00,0.0,0.0,0.0,6.72,4.0
1990-11-27 22:00:00+00:00,0.0,0.0,0.0,6.87,4.0
1990-11-27 23:00:00+00:00,0.0,0.0,0.0,7.09,4.0
1990-11-28 00:00:00+00:00,0.0,0.0,0.0,6.95,3.93
1990-11-28 01:00:00+00:00,0.0,0.0,0.0,7.28,3.79
1990-11-28 02:00:00+00:00,0.0,0.0,0.0,7.52,4.0
1990-11-28 03:00:00+00:00,0.0,0.0,0.0,7.97,4.21
1990-11-28 04:00:00+00:00,0.0,0.0,0.0,8.22,4.28
1990-11-28 05:00:00+00:00,0.0,0.0,0.0,8.43,4.21
1990-11-28 06:00:00+00:00,0.0,0.0,0.0,8.57,4.07
1990-11-28 07:00:00+00:00,0.0,0.0,0.0,8.38,4.07
1990-11-28 08:00:00+00:00,0.0,0.0,0.0,8.43,4.21
1990-11-28 09:00:00+00:00,25.0,0.0,25.0,8.73,3.93
1990-11-28 10:00:00+00:00,92.0,49.48,82.0,9.24,3.93
1990-11-28 11:00:00+00:00,34.0,0.0,34.0,9.74,4.21
1990-11-28 12:00:00+00:00,53.0,0.0,53.0,10.1,4.34
1990-11-28 13:00:00+00:00,25.0,0.0,25.0,10.55,4.48
1990-11-28 14:00:00+00:00,17.0,0.0,17.0,10.79,4.14
1990-11-28 15:00:00+00:00,31.0,48.42,27.0,10.85,4.14
1990-11-28 16:00:00+00:00,0.0,0.0,0.0,10.63,4.21
1990-11-28 17:00:00+00:00,0.0,0.0,0.0,10.38,4.34
1990-11-28 18:00:00+00:00,0.0,0.0,0.0,10.09,4.48
1990-11-28 19:00:00+00:00,0.0,0.0,0.0,9.86,4.48
1990-11-28 20:00:00+00:00,0.0,0.0,0.0,9.59,4.48
1990-11-28 21:00:00+00:00,0.0,0.0,0.0,9.39,4.41
1990-11-28 22:00:00+00:00,0.0,0.0,0.0,9.2,4.21
1990-11-28 23:00:00+00:00,0.0,0.0,0.0,9.16,4.0
1990-11-29 00:00:00+00:00,0.0,0.0,0.0,9.17,3.79
1990-11-29 01:00:00+00:00,0.0,0.0,0.0,9.0,3.66
1990-11-29 02:00:00+00:00,0.0,0.0,0.0,8.86,3.52
1990-11-29 03:00:00+00:00,0.0,0.0,0.0,8.61,3.45
1990-11-29 04:00:00+00:00,0.0,0.0,0.0,8.59,3.66
1990-11-29 05:00:00+00:00,0.0,0.0,0.0,8.66,3.72
1990-11-29 06:00:00+00:00,0.0,0.0,0.0,8.64,3.66
1990-11-29 07:00:00+00:00,0.0,0.0,0.0,8.87,2.97
1990-11-29 08:00:00+00:00,0.0,0.0,0.0,8.91,2.55
1990-11-29 09:00:00+00:00,78.0,344.98,38.0,8.92,2.62
1990-11-29 10:00:00+00:00,142.0,336.95,75.0,9.24,3.86
1990-11-29 11:00:00+00:00,59.0,0.0,59.0,9.63,4.76
1990-11-29 12:00:00+00:00,60.0,0.0,60.0,10.02,4.21
1990-11-29 13:00:00+00:00,47.0,0.0,47.0,10.25,3.52
1990-11-29 14:00:00+00:00,32.0,0.0,32.0,10.34,2.69
1990-11-29 15:00:00+00:00,23.0,12.42,22.0,10.27,2.21
1990-11-29 16:00:00+00:00,0.0,0.0,0.0,9.85,2.48
1990-11-29 17:00:00+00:00,0.0,0.0,0.0,9.46,3.03
1990-11-29 18:00:00+00:00,0.0,0.0,0.0,9.19,2.69
1990-11-29 19:00:00+00:00,0.0,0.0,0.0,9.04,2.34
1990-11-29 20:00:00+00:00,0.0,0.0,0.0,8.91,2.21
1990-11-29 21:00:00+00:00,0.0,0.0,0.0,8.92,1.93
1990-11-29 22:00:00+00:00,0.0,0.0,0.0,9.01,1.86
1990-11-29 23:00:00+00:00,0.0,0.0,0.0,9.15,2.0
1990-11-30 00:00:00+00:00,0.0,0.0,0.0,9.46,2.14
1990-11-30 01:00:00+00:00,0.0,0.0,0.0,9.74,2.9
1990-11-30 02:00:00+00:00,0.0,0.0,0.0,9.92,3.72
1990-11-30 03:00:00+00:00,0.0,0.0,0.0,9.89,3.86
1990-11-30 04:00:00+00:00,0.0,0.0,0.0,9.79,3.66
1990-11-30 05:00:00+00:00,0.0,0.0,0.0,9.82,3.93
1990-11-30 06:00:00+00:00,0.0,0.0,0.0,9.77,4.07
1990-11-30 07:00:00+00:00,0.0,0.0,0.0,9.62,4.07
1990-11-30 08:00:00+00:00,0.0,0.0,0.0,9.45,3.79
1990-11-30 09:00:00+00:00,74.0,310.52,39.0,9.45,3.52
1990-11-30 10:00:00+00:00,153.0,449.68,65.0,9.8,3.72
1990-11-30 11:00:00+00:00,206.0,530.22,76.0,10.27,4.28
1990-11-30 12:00:00+00:00,216.0,515.91,83.0,10.42,4.48
1990-11-30 13:00:00+00:00,208.0,648.96,57.0,10.42,4.62
1990-11-30 14:00:00+00:00,121.0,338.1,63.0,10.21,3.66
1990-11-30 15:00:00+00:00,40.0,165.47,27.0,9.78,2.9
1990-11-30 16:00:00+00:00,0.0,0.0,0.0,7.77,2.53
1990-11-30 17:00:00+00:00,0.0,0.0,0.0,7.67,2.36
1990-11-30 18:00:00+00:00,0.0,0.0,0.0,7.57,2.2
1990-11-30 19:00:00+00:00,0.0,0.0,0.0,7.47,2.04
1990-11-30 20:00:00+00:00,0.0,0.0,0.0,7.37,1.88
1990-11-30 21:00:00+00:00,0.0,0.0,0.0,7.27,1.72
1990-11-30 22:00:00+00:00,0.0,0.0,0.0,7.17,1.56
1990-11-30 23:00:00+00:00,0.0,0.0,0.0,7.07,1.4
1990-12-01 00:00:00+00:00,0.0,0.0,0.0,6.97,1.24
1990-12-01 01:00:00+00:00,0.0,0.0,0.0,6.87,1.08
1990-12-01 02:00:00+00:00,0.0,0.0,0.0,6.77,0.92
1990-12-01 03:00:00+00:00,0.0,0.0,0.0,6.67,0.76
1990-12-01 04:00:00+00:00,0.0,0.0,0.0,6.57,0.6
1990-12-01 05:00:00+00:00,0.0,0.0,0.0,6.47,0.43
1990-12-01 06:00:00+00:00,0.0,0.0,0.0,6.37,0.27
1990-12-01 07:00:00+00:00,0.0,0.0,0.0,6.27,0.11
1990-12-01 08:00:00+00:00,0.0,0.0,0.0,6.62,0.55
1990-12-01 09:00:00+00:00,8.0,0.0,8.0,6.98,0.97
1990-12-01 10:00:00+00:00,14.0,0.0,14.0,7.55,1.45
1990-12-01 11:00:00+00:00,112.0,45.4,101.0,7.81,1.86
1990-12-01 12:00:00+00:00,56.0,0.0,56.0,7.95,1.66
1990-12-01 13:00:00+00:00,60.0,0.0,60.0,8.03,1.45
1990-12-01 14:00:00+00:00,13.0,0.0,13.0,8.05,1.38
1990-12-01 15:00:00+00:00,8.0,0.0,8.0,8.0,1.52
1990-12-01 16:00:00+00:00,0.0,0.0,0.0,7.63,1.72
1990-12-01 17:00:00+00:00,0.0,0.0,0.0,7.48,1.72
1990-12-01 18:00:00+00:00,0.0,0.0,0.0,7.27,1.79
1990-12-01 19:00:00+00:00,0.0,0.0,0.0,7.51,1.59
1990-12-01 20:00:00+00:00,0.0,0.0,0.0,7.52,1.72
1990-12-01 21:00:00+00:00,0.0,0.0,0.0,7.66,2.0
1990-12-01 22:00:00+00:00,0.0,0.0,0.0,7.9,2.34
1990-12-01 23:00:00+00:00,0.0,0.0,0.0,8.24,3.24
1990-12-02 00:00:00+00:00,0.0,0.0,0.0,8.6,5.59
1990-12-02 01:00:00+00:00,0.0,0.0,0.0,8.57,6.83
1990-12-02 02:00:00+00:00,0.0,0.0,0.0,8.2,7.17
1990-12-02 03:00:00+00:00,0.0,0.0,0.0,7.8,7.31
1990-12-02 04:00:00+00:00,0.0,0.0,0.0,7.46,7.24
1990-12-02 05:00:00+00:00,0.0,0.0,0.0,7.19,7.17
1990-12-02 06:00:00+00:00,0.0,0.0,0.0,6.87,6.76
1990-12-02 07:00:00+00:00,0.0,0.0,0.0,6.61,6.41
1990-12-02 08:00:00+00:00,0.0,0.0,0.0,6.25,6.28
1990-12-02 09:00:00+00:00,0.0,0.0,0.0,5.96,6.21
1990-12-02 10:00:00+00:00,0.0,0.0,0.0,6.16,6.41
1990-12-02 11:00:00+00:00,0.0,0.0,0.0,6.37,6.21
1990-12-02 12:00:00+00:00,0.0,0.0,0.0,6.53,6.28
1990-12-02 13:00:00+00:00,0.0,0.0,0.0,6.58,6.14
1990-12-02 14:00:00+00:00,0.0,0.0,0.0,6.49,5.93
1990-12-02 15:00:00+00:00,0.0,0.0,0.0,6.09,5.45
1990-12-02 16:00:00+00:00,0.0,0.0,0.0,5.41,4.97
1990-12-02 17:00:00+00:00,0.0,0.0,0.0,4.88,4.48
1990-12-02 18:00:00+00:00,0.0,0.0,0.0,4.39,3.93
1990-12-02 19:00:00+00:00,0.0,0.0,0.0,3.86,3.86
1990-12-02 20:00:00+00:00,0.0,0.0,0.0,3.67,3.72
1990-12-02 21:00:00+00:00,0.0,0.0,0.0,3.47,3.38
1990-12-02 22:00:00+00:00,0.0,0.0,0.0,3.19,2.97
1990-12-02 23:00:00+00:00,0.0,0.0,0.0,2.87,2.69
1990-12-03 00:00:00+00:00,0.0,0.0,0.0,2.53,2.48
1990-12-03 01:00:00+00:00,0.0,0.0,0.0,1.99,2.21
1990-12-03 02:00:00+00:00,0.0,0.0,0.0,1.31,1.93
1990-12-03 03:00:00+00:00,0.0,0.0,0.0,1.21,1.59
1990-12-03 04:00:00+00:00,0.0,0.0,0.0,1.7,1.31
1990-12-03 05:00:00+00:00,0.0,0.0,0.0,1.72,1.31
1990-12-03 06:00:00+00:00,0.0,0.0,0.0,1.34,1.38
1990-12-03 07:00:00+00:00,0.0,0.0,0.0,0.99,1.59
1990-12-03 08:00:00+00:00,0.0,0.0,0.0,1.1,1.45
1990-12-03 09:00:00+00:00,74.0,405.49,32.0,1.44,1.31
1990-12-03 10:00:00+00:00,125.0,251.5,78.0,2.78,0.97
1990-12-03 11:00:00+00:00,210.0,620.6,63.0,4.65,0.83
1990-12-03 12:00:00+00:00,222.0,615.63,68.0,5.68,0.83
1990-12-03 13:00:00+00:00,0.0,0.0,0.0,6.12,0.83
1990-12-03 14:00:00+00:00,0.0,0.0,0.0,6.13,0.76
1990-12-03 15:00:00+00:00,35.0,122.64,26.0,5.77,0.9
1990-12-03 16:00:00+00:00,0.0,0.0,0.0,4.36,1.1
1990-12-03 17:00:00+00:00,0.0,0.0,0.0,3.14,1.17
1990-12-03 18:00:00+00:00,0.0,0.0,0.0,2.74,1.1
1990-12-03 19:00:00+00:00,0.0,0.0,0.0,2.37,0.9
1990-12-03 20:00:00+00:00,0.0,0.0,0.0,1.8,0.76
1990-12-03 21:00:00+00:00,0.0,0.0,0.0,1.48,0.83
1990-12-03 22:00:00+00:00,0.0,0.0,0.0,0.34,0.9
1990-12-03 23:00:00+00:00,0.0,0.0,0.0,-0.09,0.83
1990-12-04 00:00:00+00:00,0.0,0.0,0.0,-0.35,0.76
1990-12-04 01:00:00+00:00,0.0,0.0,0.0,0.07,0.69
1990-12-04 02:00:00+00:00,0.0,0.0,0.0,-0.04,0.62
1990-12-04 03:00:00+00:00,0.0,0.0,0.0,-0.07,0.62
1990-12-04 04:00:00+00:00,0.0,0.0,0.0,-0.09,0.62
1990-12-04 05:00:00+00:00,0.0,0.0,0.0,0.22,0.62
1990-12-04 06:00:00+00:00,0.0,0.0,0.0,0.33,0.69
1990-12-04 07:00:00+00:00,0.0,0.0,0.0,0.46,0.62
1990-12-04 08:00:00+00:00,0.0,0.0,0.0,0.69,0.69
1990-12-04 09:00:00+00:00,17.0,0.0,17.0,0.91,0.69
1990-12-04 10:00:00+00:00,33.0,0.0,33.0,1.37,0.62
1990-12-04 11:00:00+00:00,56.0,0.0,56.0,2.06,0.48
1990-12-04 12:00:00+00:00,56.0,0.0,56.0,2.6,0.48
1990-12-04 13:00:00+00:00,39.0,0.0,39.0,3.12,0.62
1990-12-04 14:00:00+00:00,27.0,0.0,27.0,3.61,0.76
1990-12-04 15:00:00+00:00,22.0,13.91,21.0,3.85,0.69
1990-12-04 16:00:00+00:00,0.0,0.0,0.0,3.65,0.69
1990-12-04 17:00:00+00:00,0.0,0.0,0.0,3.35,0.55
1990-12-04 18:00:00+00:00,0.0,0.0,0.0,3.65,0.48
1990-12-04 19:00:00+00:00,0.0,0.0,0.0,4.13,0.55
1990-12-04 20:00:00+00:00,0.0,0.0,0.0,3.99,0.69
1990-12-04 21:00:00+00:00,0.0,0.0,0.0,3.12,0.97
1990-12-04 22:00:00+00:00,0.0,0.0,0.0,2.71,1.17
1990-12-04 23:00:00+00:00,0.0,0.0,0.0,2.18,1.31
1990-12-05 00:00:00+00:00,0.0,0.0,0.0,1.75,1.38
1990-12-05 01:00:00+00:00,0.0,0.0,0.0,1.81,1.59
1990-12-05 02:00:00+00:00,0.0,0.0,0.0,2.28,1.79
1990-12-05 03:00:00+00:00,0.0,0.0,0.0,2.39,2.14
1990-12-05 04:00:00+00:00,0.0,0.0,0.0,2.64,2.34
1990-12-05 05:00:00+00:00,0.0,0.0,0.0,3.19,2.28
1990-12-05 06:00:00+00:00,0.0,0.0,0.0,3.92,2.62
1990-12-05 07:00:00+00:00,0.0,0.0,0.0,5.72,5.1
1990-12-05 08:00:00+00:00,0.0,0.0,0.0,6.15,6.21
1990-12-05 09:00:00+00:00,25.0,0.0,25.0,5.96,6.48
1990-12-05 10:00:00+00:00,132.0,341.55,70.0,5.61,6.48
1990-12-05 11:00:00+00:00,187.0,448.49,83.0,5.91,6.14
1990-12-05 12:00:00+00:00,221.0,639.14,64.0,6.22,6.14
1990-12-05 13:00:00+00:00,112.0,72.12,96.0,6.07,6.41
1990-12-05 14:00:00+00:00,130.0,511.95,47.0,5.51,6.83
1990-12-05 15:00:00+00:00,6.0,0.0,6.0,5.22,6.83
1990-12-05 16:00:00+00:00,0.0,0.0,0.0,4.93,6.48
1990-12-05 17:00:00+00:00,0.0,0.0,0.0,5.06,6.07
1990-12-05 18:00:00+00:00,0.0,0.0,0.0,5.0,5.72
1990-12-05 19:00:00+00:00,0.0,0.0,0.0,4.85,5.45
1990-12-05 20:00:00+00:00,0.0,0.0,0.0,4.74,5.17
1990-12-05 21:00:00+00:00,0.0,0.0,0.0,4.55,4.97
1990-12-05 22:00:00+00:00,0.0,0.0,0.0,4.25,4.76
1990-12-05 23:00:00+00:00,0.0,0.0,0.0,4.07,4.41
1990-12-06 00:00:00+00:00,0.0,0.0,0.0,4.14,4.07
1990-12-06 01:00:00+00:00,0.0,0.0,0.0,3.74,3.59
1990-12-06 02:00:00+00:00,0.0,0.0,0.0,3.57,3.03
1990-12-06 03:00:00+00:00,0.0,0.0,0.0,3.48,2.69
1990-12-06 04:00:00+00:00,0.0,0.0,0.0,3.41,2.55
1990-12-06 05:00:00+00:00,0.0,0.0,0.0,3.37,2.69
1990-12-06 06:00:00+00:00,0.0,0.0,0.0,3.57,2.21
1990-12-06 07:00:00+00:00,0.0,0.0,0.0,2.84,1.45
1990-12-06 08:00:00+00:00,0.0,0.0,0.0,1.8,1.72
1990-12-06 09:00:00+00:00,30.0,10.49,29.0,1.97,2.21
1990-12-06 10:00:00+00:00,47.0,0.0,47.0,3.97,2.55
1990-12-06 11:00:00+00:00,124.0,100.19,101.0,5.59,2.9
1990-12-06 12:00:00+00:00,120.0,65.69,104.0,6.75,3.31
1990-12-06 13:00:00+00:00,91.0,27.27,85.0,7.64,3.66
1990-12-06 14:00:00+00:00,75.0,68.49,64.0,8.05,4.21
1990-12-06 15:00:00+00:00,14.0,0.0,14.0,7.87,4.28
1990-12-06 16:00:00+00:00,0.0,0.0,0.0,7.32,3.93
1990-12-06 17:00:00+00:00,0.0,0.0,0.0,6.99,4.07
1990-12-06 18:00:00+00:00,0.0,0.0,0.0,6.9,4.48
1990-12-06 19:00:00+00:00,0.0,0.0,0.0,7.05,4.62
1990-12-06 20:00:00+00:00,0.0,0.0,0.0,7.29,4.9
1990-12-06 21:00:00+00:00,0.0,0.0,0.0,7.8,5.52
1990-12-06 22:00:00+00:00,0.0,0.0,0.0,8.37,5.59
1990-12-06 23:00:00+00:00,0.0,0.0,0.0,8.8,5.86
1990-12-07 00:00:00+00:00,0.0,0.0,0.0,9.17,5.93
1990-12-07 01:00:00+00:00,0.0,0.0,0.0,9.39,5.93
1990-12-07 02:00:00+00:00,0.0,0.0,0.0,9.57,6.14
1990-12-07 03:00:00+00:00,0.0,0.0,0.0,9.61,6.69
1990-12-07 04:00:00+00:00,0.0,0.0,0.0,9.77,7.59
1990-12-07 05:00:00+00:00,0.0,0.0,0.0,9.57,8.14
1990-12-07 06:00:00+00:00,0.0,0.0,0.0,8.77,8.62
1990-12-07 07:00:00+00:00,0.0,0.0,0.0,8.86,8.28
1990-12-07 08:00:00+00:00,0.0,0.0,0.0,7.84,8.21
1990-12-07 09:00:00+00:00,57.0,258.64,33.0,6.86,8.41
1990-12-07 10:00:00+00:00,28.0,0.0,28.0,6.21,8.41
1990-12-07 11:00:00+00:00,24.0,0.0,24.0,6.11,8.62
1990-12-07 12:00:00+00:00,62.0,0.0,62.0,6.12,8.83
1990-12-07 13:00:00+00:00,32.0,0.0,32.0,5.93,8.76
1990-12-07 14:00:00+00:00,11.0,0.0,11.0,5.71,8.34
1990-12-07 15:00:00+00:00,4.0,0.0,4.0,5.57,7.93
1990-12-07 16:00:00+00:00,0.0,0.0,0.0,5.33,7.66
1990-12-07 17:00:00+00:00,0.0,0.0,0.0,5.27,7.79
1990-12-07 18:00:00+00:00,0.0,0.0,0.0,5.22,7.72
1990-12-07 19:00:00+00:00,0.0,0.0,0.0,5.24,7.24
1990-12-07 20:00:00+00:00,0.0,0.0,0.0,5.3,6.97
1990-12-07 21:00:00+00:00,0.0,0.0,0.0,5.29,6.9
1990-12-07 22:00:00+00:00,0.0,0.0,0.0,4.86,6.97
1990-12-07 23:00:00+00:00,0.0,0.0,0.0,4.48,6.97
1990-12-08 00:00:00+00:00,0.0,0.0,0.0,4.29,6.48
1990-12-08 01:00:00+00:00,0.0,0.0,0.0,4.17,6.41
1990-12-08 02:00:00+00:00,0.0,0.0,0.0,3.81,6.21
1990-12-08 03:00:00+00:00,0.0,0.0,0.0,3.43,6.0
1990-12-08 04:00:00+00:00,0.0,0.0,0.0,3.12,5.93
1990-12-08 05:00:00+00:00,0.0,0.0,0.0,3.49,5.93
1990-12-08 06:00:00+00:00,0.0,0.0,0.0,3.58,6.14
1990-12-08 07:00:00+00:00,0.0,0.0,0.0,3.06,5.93
1990-12-08 08:00:00+00:00,0.0,0.0,0.0,3.27,6.21
1990-12-08 09:00:00+00:00,37.0,55.34,32.0,3.16,6.41
1990-12-08 10:00:00+00:00,93.0,108.99,74.0,3.73,6.76
1990-12-08 11:00:00+00:00,17.0,0.0,17.0,4.61,7.45
1990-12-08 12:00:00+00:00,112.0,45.87,101.0,5.32,8.07
1990-12-08 13:00:00+00:00,188.0,594.97,59.0,5.84,8.34
1990-12-08 14:00:00+00:00,23.0,0.0,23.0,5.92,8.21
1990-12-08 15:00:00+00:00,4.0,0.0,4.0,5.92,7.93
1990-12-08 16:00:00+00:00,0.0,0.0,0.0,5.88,7.52
1990-12-08 17:00:00+00:00,0.0,0.0,0.0,5.89,6.62
1990-12-08 18:00:00+00:00,0.0,0.0,0.0,5.58,5.79
1990-12-08 19:00:00+00:00,0.0,0.0,0.0,4.96,5.1
1990-12-08 20:00:00+00:00,0.0,0.0,0.0,4.72,4.55
1990-12-08 21:00:00+00:00,0.0,0.0,0.0,4.53,4.07
1990-12-08 22:00:00+00:00,0.0,0.0,0.0,4.15,3.86
1990-12-08 23:00:00+00:00,0.0,0.0,0.0,3.83,3.38
1990-12-09 00:00:00+00:00,0.0,0.0,0.0,3.55,3.17
1990-12-09 01:00:00+00:00,0.0,0.0,0.0,3.43,2.83
1990-12-09 02:00:00+00:00,0.0,0.0,0.0,3.08,2.97
1990-12-09 03:00:00+00:00,0.0,0.0,0.0,2.93,3.1
1990-12-09 04:00:00+00:00,0.0,0.0,0.0,2.79,3.31
1990-12-09 05:00:00+00:00,0.0,0.0,0.0,2.97,3.38
1990-12-09 06:00:00+00:00,0.0,0.0,0.0,3.14,3.45
1990-12-09 07:00:00+00:00,0.0,0.0,0.0,3.37,4.0
1990-12-09 08:00:00+00:00,0.0,0.0,0.0,3.46,4.55
1990-12-09 09:00:00+00:00,11.0,0.0,11.0,3.92,5.38
1990-12-09 10:00:00+00:00,49.0,0.0,49.0,4.76,6.34
1990-12-09 11:00:00+00:00,57.0,0.0,57.0,5.79,6.76
1990-12-09 12:00:00+00:00,96.0,21.0,91.0,6.84,6.97
1990-12-09 13:00:00+00:00,31.0,0.0,31.0,8.1,8.07
1990-12-09 14:00:00+00:00,43.0,0.0,43.0,9.04,8.55
1990-12-09 15:00:00+00:00,24.0,45.21,21.0,9.87,8.55
1990-12-09 16:00:00+00:00,0.0,0.0,0.0,10.42,8.41
1990-12-09 17:00:00+00:00,0.0,0.0,0.0,10.33,8.28
1990-12-09 18:00:00+00:00,0.0,0.0,0.0,10.48,8.0
1990-12-09 19:00:00+00:00,0.0,0.0,0.0,10.96,8.62
1990-12-09 20:00:00+00:00,0.0,0.0,0.0,11.12,8.41
1990-12-09 21:00:00+00:00,0.0,0.0,0.0,10.72,8.28
1990-12-09 22:00:00+00:00,0.0,0.0,0.0,9.3,8.69
1990-12-09 23:00:00+00:00,0.0,0.0,0.0,8.05,8.76
1990-12-10 00:00:00+00:00,0.0,0.0,0.0,7.2,8.97
1990-12-10 01:00:00+00:00,0.0,0.0,0.0,6.41,9.31
1990-12-10 02:00:00+00:00,0.0,0.0,0.0,5.58,10.07
1990-12-10 03:00:00+00:00,0.0,0.0,0.0,5.46,9.45
1990-12-10 04:00:00+00:00,0.0,0.0,0.0,5.05,9.45
1990-12-10 05:00:00+00:00,0.0,0.0,0.0,4.97,9.31
1990-12-10 06:00:00+00:00,0.0,0.0,0.0,5.04,8.76
1990-12-10 07:00:00+00:00,0.0,0.0,0.0,5.29,8.21
1990-12-10 08:00:00+00:00,0.0,0.0,0.0,5.45,8.14
1990-12-10 09:00:00+00:00,12.0,0.0,12.0,5.56,8.34
1990-12-10 10:00:00+00:00,98.0,146.98,73.0,5.98,8.83
1990-12-10 11:00:00+00:00,32.0,0.0,32.0,6.32,9.52
1990-12-10 12:00:00+00:00,183.0,384.79,92.0,6.33,9.79
1990-12-10 13:00:00+00:00,129.0,154.14,96.0,6.35,9.79
1990-12-10 14:00:00+00:00,97.0,205.38,65.0,6.29,9.52
1990-12-10 15:00:00+00:00,41.0,350.51,18.0,6.07,9.24
1990-12-10 16:00:00+00:00,0.0,0.0,0.0,5.75,9.1
1990-12-10 17:00:00+00:00,0.0,0.0,0.0,5.37,9.24
1990-12-10 18:00:00+00:00,0.0,0.0,0.0,5.1,9.31
1990-12-10 19:00:00+00:00,0.0,0.0,0.0,5.57,9.17
1990-12-10 20:00:00+00:00,0.0,0.0,0.0,5.47,9.31
1990-12-10 21:00:00+00:00,0.0,0.0,0.0,5.54,9.59
1990-12-10 22:00:00+00:00,0.0,0.0,0.0,5.3,10.0
1990-12-10 23:00:00+00:00,0.0,0.0,0.0,5.0,9.79
1990-12-11 00:00:00+00:00,0.0,0.0,0.0,5.06,9.59
1990-12-11 01:00:00+00:00,0.0,0.0,0.0,4.86,10.14
1990-12-11 02:00:00+00:00,0.0,0.0,0.0,4.48,10.34
1990-12-11 03:00:00+00:00,0.0,0.0,0.0,4.44,10.48
1990-12-11 04:00:00+00:00,0.0,0.0,0.0,4.16,10.48
1990-12-11 05:00:00+00:00,0.0,0.0,0.0,4.32,10.62
1990-12-11 06:00:00+00:00,0.0,0.0,0.0,4.39,10.9
1990-12-11 07:00:00+00:00,0.0,0.0,0.0,4.89,10.62
1990-12-11 08:00:00+00:00,0.0,0.0,0.0,4.98,10.48
1990-12-11 09:00:00+00:00,28.0,23.89,26.0,5.11,10.41
1990-12-11 10:00:00+00:00,77.0,53.52,68.0,5.13,10.28
1990-12-11 11:00:00+00:00,132.0,150.16,99.0,5.32,9.79
1990-12-11 12:00:00+00:00,22.0,0.0,22.0,5.54,10.07
1990-12-11 13:00:00+00:00,85.0,23.48,80.0,5.62,10.0
1990-12-11 14:00:00+00:00,24.0,0.0,24.0,5.81,9.79
1990-12-11 15:00:00+00:00,12.0,0.0,12.0,5.54,9.24
1990-12-11 16:00:00+00:00,0.0,0.0,0.0,5.23,8.07
1990-12-11 17:00:00+00:00,0.0,0.0,0.0,5.18,7.66
1990-12-11 18:00:00+00:00,0.0,0.0,0.0,5.16,6.83
1990-12-11 19:00:00+00:00,0.0,0.0,0.0,5.29,6.07
1990-12-11 20:00:00+00:00,0.0,0.0,0.0,5.12,5.31
1990-12-11 21:00:00+00:00,0.0,0.0,0.0,5.38,4.69
1990-12-11 22:00:00+00:00,0.0,0.0,0.0,5.71,4.55
1990-12-11 23:00:00+00:00,0.0,0.0,0.0,6.02,4.83
1990-12-12 00:00:00+00:00,0.0,0.0,0.0,6.32,4.69
1990-12-12 01:00:00+00:00,0.0,0.0,0.0,6.31,4.28
1990-12-12 02:00:00+00:00,0.0,0.0,0.0,6.03,3.31
1990-12-12 03:00:00+00:00,0.0,0.0,0.0,5.47,2.0
1990-12-12 04:00:00+00:00,0.0,0.0,0.0,4.99,2.48
1990-12-12 05:00:00+00:00,0.0,0.0,0.0,4.57,3.38
1990-12-12 06:00:00+00:00,0.0,0.0,0.0,4.17,4.28
1990-12-12 07:00:00+00:00,0.0,0.0,0.0,3.59,4.14
1990-12-12 08:00:00+00:00,0.0,0.0,0.0,3.38,4.21
1990-12-12 09:00:00+00:00,49.0,244.79,29.0,3.29,4.97
1990-12-12 10:00:00+00:00,135.0,523.08,48.0,3.75,5.03
1990-12-12 11:00:00+00:00,157.0,311.68,89.0,4.48,5.1
1990-12-12 12:00:00+00:00,18.0,0.0,18.0,4.8,5.93
1990-12-12 13:00:00+00:00,16.0,0.0,16.0,4.62,6.9
1990-12-12 14:00:00+00:00,24.0,0.0,24.0,4.49,6.48
1990-12-12 15:00:00+00:00,23.0,46.5,20.0,4.18,5.93
1990-12-12 16:00:00+00:00,0.0,0.0,0.0,3.9,5.72
1990-12-12 17:00:00+00:00,0.0,0.0,0.0,3.73,5.72
1990-12-12 18:00:00+00:00,0.0,0.0,0.0,3.82,5.86
1990-12-12 19:00:00+00:00,0.0,0.0,0.0,3.96,6.34
1990-12-12 20:00:00+00:00,0.0,0.0,0.0,4.08,6.28
1990-12-12 21:00:00+00:00,0.0,0.0,0.0,4.28,5.31
1990-12-12 22:00:00+00:00,0.0,0.0,0.0,4.39,3.93
1990-12-12 23:00:00+00:00,0.0,0.0,0.0,4.24,3.52
1990-12-13 00:00:00+00:00,0.0,0.0,0.0,4.08,3.66
1990-12-13 01:00:00+00:00,0.0,0.0,0.0,3.79,3.66
1990-12-13 02:00:00+00:00,0.0,0.0,0.0,3.45,3.66
1990-12-13 03:00:00+00:00,0.0,0.0,0.0,3.26,3.72
1990-12-13 04:00:00+00:00,0.0,0.0,0.0,3.01,3.79
1990-12-13 05:00:00+00:00,0.0,0.0,0.0,2.87,3.72
1990-12-13 06:00:00+00:00,0.0,0.0,0.0,2.63,3.45
1990-12-13 07:00:00+00:00,0.0,0.0,0.0,2.49,3.03
1990-12-13 08:00:00+00:00,0.0,0.0,0.0,2.39,2.97
1990-12-13 09:00:00+00:00,51.0,325.74,25.0,2.26,3.03
1990-12-13 10:00:00+00:00,84.0,85.05,70.0,3.13,3.17
1990-12-13 11:00:00+00:00,195.0,650.68,54.0,4.31,3.45
1990-12-13 12:00:00+00:00,165.0,279.56,100.0,5.11,4.0
1990-12-13 13:00:00+00:00,132.0,180.12,94.0,5.37,4.76
1990-12-13 14:00:00+00:00,84.0,130.25,64.0,5.25,4.97
1990-12-13 15:00:00+00:00,23.0,46.76,20.0,4.91,4.76
1990-12-13 16:00:00+00:00,0.0,0.0,0.0,4.25,4.69
1990-12-13 17:00:00+00:00,0.0,0.0,0.0,4.1,4.48
1990-12-13 18:00:00+00:00,0.0,0.0,0.0,4.11,4.41
1990-12-13 19:00:00+00:00,0.0,0.0,0.0,4.22,4.41
1990-12-13 20:00:00+00:00,0.0,0.0,0.0,4.0,4.48
1990-12-13 21:00:00+00:00,0.0,0.0,0.0,3.84,4.55
1990-12-13 22:00:00+00:00,0.0,0.0,0.0,3.72,4.62
1990-12-13 23:00:00+00:00,0.0,0.0,0.0,3.85,4.69
1990-12-14 00:00:00+00:00,0.0,0.0,0.0,3.9,4.9
1990-12-14 01:00:00+00:00,0.0,0.0,0.0,4.31,5.1
1990-12-14 02:00:00+00:00,0.0,0.0,0.0,4.9,5.17
1990-12-14 03:00:00+00:00,0.0,0.0,0.0,5.44,5.24
1990-12-14 04:00:00+00:00,0.0,0.0,0.0,5.83,5.31
1990-12-14 05:00:00+00:00,0.0,0.0,0.0,6.02,5.31
1990-12-14 06:00:00+00:00,0.0,0.0,0.0,6.25,5.24
1990-12-14 07:00:00+00:00,0.0,0.0,0.0,6.9,5.93
1990-12-14 08:00:00+00:00,0.0,0.0,0.0,7.32,6.0
1990-12-14 09:00:00+00:00,40.0,153.75,28.0,7.65,6.07
1990-12-14 10:00:00+00:00,31.0,0.0,31.0,7.89,6.07
1990-12-14 11:00:00+00:00,52.0,0.0,52.0,8.11,6.14
1990-12-14 12:00:00+00:00,140.0,159.87,103.0,8.37,6.21
1990-12-14 13:00:00+00:00,103.0,66.61,89.0,8.5,6.41
1990-12-14 14:00:00+00:00,35.0,0.0,35.0,8.6,6.62
1990-12-14 15:00:00+00:00,7.0,0.0,7.0,8.6,6.76
1990-12-14 16:00:00+00:00,0.0,0.0,0.0,8.51,6.76
1990-12-14 17:00:00+00:00,0.0,0.0,0.0,8.16,6.34
1990-12-14 18:00:00+00:00,0.0,0.0,0.0,7.86,6.0
1990-12-14 19:00:00+00:00,0.0,0.0,0.0,7.63,6.21
1990-12-14 20:00:00+00:00,0.0,0.0,0.0,6.93,6.34
1990-12-14 21:00:00+00:00,0.0,0.0,0.0,6.44,6.83
1990-12-14 22:00:00+00:00,0.0,0.0,0.0,6.02,7.03
1990-12-14 23:00:00+00:00,0.0,0.0,0.0,5.82,7.24
1990-12-15 00:00:00+00:00,0.0,0.0,0.0,5.7,7.1
1990-12-15 01:00:00+00:00,0.0,0.0,0.0,5.62,7.17
1990-12-15 02:00:00+00:00,0.0,0.0,0.0,5.59,7.17
1990-12-15 03:00:00+00:00,0.0,0.0,0.0,5.45,7.03
1990-12-15 04:00:00+00:00,0.0,0.0,0.0,5.26,6.9
1990-12-15 05:00:00+00:00,0.0,0.0,0.0,5.21,6.76
1990-12-15 06:00:00+00:00,0.0,0.0,0.0,5.25,6.48
1990-12-15 07:00:00+00:00,0.0,0.0,0.0,5.42,6.14
1990-12-15 08:00:00+00:00,0.0,0.0,0.0,5.32,5.93
1990-12-15 09:00:00+00:00,27.0,39.27,24.0,5.26,5.45
1990-12-15 10:00:00+00:00,91.0,136.16,69.0,5.45,5.31
1990-12-15 11:00:00+00:00,181.0,551.07,63.0,5.94,5.24
1990-12-15 12:00:00+00:00,117.0,73.76,100.0,6.24,5.17
1990-12-15 13:00:00+00:00,107.0,81.13,90.0,6.3,5.38
1990-12-15 14:00:00+00:00,71.0,65.5,61.0,6.17,5.45
1990-12-15 15:00:00+00:00,11.0,0.0,11.0,5.84,4.76
1990-12-15 16:00:00+00:00,0.0,0.0,0.0,5.36,4.21
1990-12-15 17:00:00+00:00,0.0,0.0,0.0,5.09,3.86
1990-12-15 18:00:00+00:00,0.0,0.0,0.0,4.8,3.86
1990-12-15 19:00:00+00:00,0.0,0.0,0.0,5.15,3.93
1990-12-15 20:00:00+00:00,0.0,0.0,0.0,4.89,4.14
1990-12-15 21:00:00+00:00,0.0,0.0,0.0,4.92,4.69
1990-12-15 22:00:00+00:00,0.0,0.0,0.0,5.04,4.97
1990-12-15 23:00:00+00:00,0.0,0.0,0.0,5.12,5.17
1990-12-16 00:00:00+00:00,0.0,0.0,0.0,5.23,5.38
1990-12-16 01:00:00+00:00,0.0,0.0,0.0,5.48,5.79
1990-12-16 02:00:00+00:00,0.0,0.0,0.0,5.53,6.07
1990-12-16 03:00:00+00:00,0.0,0.0,0.0,5.71,6.07
1990-12-16 04:00:00+00:00,0.0,0.0,0.0,5.68,6.62
1990-12-16 05:00:00+00:00,0.0,0.0,0.0,5.74,6.69
1990-12-16 06:00:00+00:00,0.0,0.0,0.0,5.84,6.41
1990-12-16 07:00:00+00:00,0.0,0.0,0.0,5.83,6.83
1990-12-16 08:00:00+00:00,0.0,0.0,0.0,5.99,6.69
1990-12-16 09:00:00+00:00,48.0,334.0,23.0,5.86,6.48
1990-12-16 10:00:00+00:00,69.0,43.69,62.0,5.94,5.79
1990-12-16 11:00:00+00:00,148.0,281.64,88.0,6.26,5.1
1990-12-16 12:00:00+00:00,115.0,69.66,99.0,6.67,4.28
1990-12-16 13:00:00+00:00,112.0,100.48,91.0,6.85,4.0
1990-12-16 14:00:00+00:00,46.0,6.56,45.0,6.88,4.0
1990-12-16 15:00:00+00:00,24.0,62.66,20.0,6.63,3.38
1990-12-16 16:00:00+00:00,0.0,0.0,0.0,6.19,3.31
1990-12-16 17:00:00+00:00,0.0,0.0,0.0,6.0,3.1
1990-12-16 18:00:00+00:00,0.0,0.0,0.0,5.66,2.97
1990-12-16 19:00:00+00:00,0.0,0.0,0.0,5.69,3.79
1990-12-16 20:00:00+00:00,0.0,0.0,0.0,5.76,4.55
1990-12-16 21:00:00+00:00,0.0,0.0,0.0,6.1,5.24
1990-12-16 22:00:00+00:00,0.0,0.0,0.0,6.58,5.93
1990-12-16 23:00:00+00:00,0.0,0.0,0.0,7.59,6.34
1990-12-17 00:00:00+00:00,0.0,0.0,0.0,8.91,6.76
1990-12-17 01:00:00+00:00,0.0,0.0,0.0,9.98,8.14
1990-12-17 02:00:00+00:00,0.0,0.0,0.0,10.44,8.62
1990-12-17 03:00:00+00:00,0.0,0.0,0.0,10.57,8.48
1990-12-17 04:00:00+00:00,0.0,0.0,0.0,10.58,8.41
1990-12-17 05:00:00+00:00,0.0,0.0,0.0,10.58,8.14
1990-12-17 06:00:00+00:00,0.0,0.0,0.0,10.54,7.79
1990-12-17 07:00:00+00:00,0.0,0.0,0.0,10.08,7.1
1990-12-17 08:00:00+00:00,0.0,0.0,0.0,10.05,6.83
1990-12-17 09:00:00+00:00,31.0,81.71,25.0,10.04,6.62
1990-12-17 10:00:00+00:00,22.0,0.0,22.0,10.12,6.62
1990-12-17 11:00:00+00:00,15.0,0.0,15.0,10.21,6.55
1990-12-17 12:00:00+00:00,56.0,0.0,56.0,10.29,6.14
1990-12-17 13:00:00+00:00,28.0,0.0,28.0,10.41,5.86
1990-12-17 14:00:00+00:00,63.0,45.95,56.0,10.59,5.72
1990-12-17 15:00:00+00:00,17.0,15.63,16.0,10.56,5.45
1990-12-17 16:00:00+00:00,0.0,0.0,0.0,10.45,4.76
1990-12-17 17:00:00+00:00,0.0,0.0,0.0,10.36,4.14
1990-12-17 18:00:00+00:00,0.0,0.0,0.0,10.38,4.14
1990-12-17 19:00:00+00:00,0.0,0.0,0.0,10.41,5.17
1990-12-17 20:00:00+00:00,0.0,0.0,0.0,10.45,5.17
1990-12-17 21:00:00+00:00,0.0,0.0,0.0,10.53,5.24
1990-12-17 22:00:00+00:00,0.0,0.0,0.0,10.62,5.38
1990-12-17 23:00:00+00:00,0.0,0.0,0.0,10.71,5.66
1990-12-18 00:00:00+00:00,0.0,0.0,0.0,10.87,5.93
1990-12-18 01:00:00+00:00,0.0,0.0,0.0,11.08,6.28
1990-12-18 02:00:00+00:00,0.0,0.0,0.0,11.29,6.69
1990-12-18 03:00:00+00:00,0.0,0.0,0.0,11.44,6.83
1990-12-18 04:00:00+00:00,0.0,0.0,0.0,11.58,6.9
1990-12-18 05:00:00+00:00,0.0,0.0,0.0,11.64,6.97
1990-12-18 06:00:00+00:00,0.0,0.0,0.0,11.74,6.83
1990-12-18 07:00:00+00:00,0.0,0.0,0.0,11.31,6.9
1990-12-18 08:00:00+00:00,0.0,0.0,0.0,11.35,7.52
1990-12-18 09:00:00+00:00,35.0,138.65,25.0,11.3,8.0
1990-12-18 10:00:00+00:00,21.0,0.0,21.0,11.55,8.41
1990-12-18 11:00:00+00:00,65.0,4.73,64.0,11.85,8.55
1990-12-18 12:00:00+00:00,54.0,0.0,54.0,12.09,8.62
1990-12-18 13:00:00+00:00,18.0,0.0,18.0,12.21,8.69
1990-12-18 14:00:00+00:00,14.0,0.0,14.0,12.37,8.41
1990-12-18 15:00:00+00:00,21.0,31.13,19.0,12.37,8.34
1990-12-18 16:00:00+00:00,0.0,0.0,0.0,12.3,8.28
1990-12-18 17:00:00+00:00,0.0,0.0,0.0,12.25,8.07
1990-12-18 18:00:00+00:00,0.0,0.0,0.0,12.07,7.72
1990-12-18 19:00:00+00:00,0.0,0.0,0.0,11.79,7.79
1990-12-18 20:00:00+00:00,0.0,0.0,0.0,11.55,7.1
1990-12-18 21:00:00+00:00,0.0,0.0,0.0,11.04,6.48
1990-12-18 22:00:00+00:00,0.0,0.0,0.0,10.66,6.28
1990-12-18 23:00:00+00:00,0.0,0.0,0.0,10.14,6.48
1990-12-19 00:00:00+00:00,0.0,0.0,0.0,9.44,6.48
1990-12-19 01:00:00+00:00,0.0,0.0,0.0,8.78,6.76
1990-12-19 02:00:00+00:00,0.0,0.0,0.0,8.14,7.03
1990-12-19 03:00:00+00:00,0.0,0.0,0.0,7.8,7.03
1990-12-19 04:00:00+00:00,0.0,0.0,0.0,7.29,7.31
1990-12-19 05:00:00+00:00,0.0,0.0,0.0,6.67,7.45
1990-12-19 06:00:00+00:00,0.0,0.0,0.0,6.42,7.86
1990-12-19 07:00:00+00:00,0.0,0.0,0.0,6.65,8.07
1990-12-19 08:00:00+00:00,0.0,0.0,0.0,6.61,8.21
1990-12-19 09:00:00+00:00,21.0,14.1,20.0,6.52,8.28
1990-12-19 10:00:00+00:00,109.0,312.21,60.0,6.66,8.83
1990-12-19 11:00:00+00:00,110.0,85.5,92.0,6.9,8.83
1990-12-19 12:00:00+00:00,181.0,438.59,81.0,7.2,8.69
1990-12-19 13:00:00+00:00,39.0,0.0,39.0,7.25,9.38
1990-12-19 14:00:00+00:00,31.0,0.0,31.0,6.92,9.31
1990-12-19 15:00:00+00:00,6.0,0.0,6.0,6.89,8.9
1990-12-19 16:00:00+00:00,0.0,0.0,0.0,6.68,8.41
1990-12-19 17:00:00+00:00,0.0,0.0,0.0,6.63,8.21
1990-12-19 18:00:00+00:00,0.0,0.0,0.0,6.71,8.14
1990-12-19 19:00:00+00:00,0.0,0.0,0.0,6.61,7.72
1990-12-19 20:00:00+00:00,0.0,0.0,0.0,6.39,7.86
1990-12-19 21:00:00+00:00,0.0,0.0,0.0,6.33,8.14
1990-12-19 22:00:00+00:00,0.0,0.0,0.0,6.38,8.34
1990-12-19 23:00:00+00:00,0.0,0.0,0.0,6.33,8.62
1990-12-20 00:00:00+00:00,0.0,0.0,0.0,6.39,8.76
1990-12-20 01:00:00+00:00,0.0,0.0,0.0,6.57,8.97
1990-12-20 02:00:00+00:00,0.0,0.0,0.0,6.71,9.38
1990-12-20 03:00:00+00:00,0.0,0.0,0.0,6.81,9.59
1990-12-20 04:00:00+00:00,0.0,0.0,0.0,6.78,9.72
1990-12-20 05:00:00+00:00,0.0,0.0,0.0,6.74,10.0
1990-12-20 06:00:00+00:00,0.0,0.0,0.0,6.73,9.86
1990-12-20 07:00:00+00:00,0.0,0.0,0.0,6.91,10.21
1990-12-20 08:00:00+00:00,0.0,0.0,0.0,6.91,10.0
1990-12-20 09:00:00+00:00,45.0,343.47,21.0,6.86,9.66
1990-12-20 10:00:00+00:00,83.0,115.31,65.0,7.05,9.24
1990-12-20 11:00:00+00:00,173.0,514.43,65.0,7.37,9.03
1990-12-20 12:00:00+00:00,102.0,39.52,93.0,7.63,9.03
1990-12-20 13:00:00+00:00,121.0,144.08,91.0,7.71,8.76
1990-12-20 14:00:00+00:00,56.0,19.64,53.0,7.69,8.14
1990-12-20 15:00:00+00:00,12.0,0.0,12.0,7.6,7.1
1990-12-20 16:00:00+00:00,0.0,0.0,0.0,7.46,6.55
1990-12-20 17:00:00+00:00,0.0,0.0,0.0,7.38,6.0
1990-12-20 18:00:00+00:00,0.0,0.0,0.0,7.35,5.31
1990-12-20 19:00:00+00:00,0.0,0.0,0.0,7.33,5.31
1990-12-20 20:00:00+00:00,0.0,0.0,0.0,7.11,5.17
1990-12-20 21:00:00+00:00,0.0,0.0,0.0,7.08,5.03
1990-12-20 22:00:00+00:00,0.0,0.0,0.0,6.99,4.97
1990-12-20 23:00:00+00:00,0.0,0.0,0.0,6.94,4.97
1990-12-21 00:00:00+00:00,0.0,0.0,0.0,6.95,4.76
1990-12-21 01:00:00+00:00,0.0,0.0,0.0,6.97,4.76
1990-12-21 02:00:00+00:00,0.0,0.0,0.0,7.21,4.83
1990-12-21 03:00:00+00:00,0.0,0.0,0.0,7.11,4.83
1990-12-21 04:00:00+00:00,0.0,0.0,0.0,7.0,5.03
1990-12-21 05:00:00+00:00,0.0,0.0,0.0,7.06,5.38
1990-12-21 06:00:00+00:00,0.0,0.0,0.0,7.12,5.72
1990-12-21 07:00:00+00:00,0.0,0.0,0.0,7.74,5.79
1990-12-21 08:00:00+00:00,0.0,0.0,0.0,8.18,6.14
1990-12-21 09:00:00+00:00,23.0,29.01,21.0,8.63,6.69
1990-12-21 10:00:00+00:00,35.0,0.0,35.0,9.17,6.9
1990-12-21 11:00:00+00:00,99.0,57.28,87.0,9.78,7.31
1990-12-21 12:00:00+00:00,100.0,39.55,91.0,10.32,7.66
1990-12-21 13:00:00+00:00,107.0,86.4,89.0,10.61,7.93
1990-12-21 14:00:00+00:00,72.0,78.35,60.0,10.79,8.0
1990-12-21 15:00:00+00:00,31.0,152.0,21.0,10.69,7.93
1990-12-21 16:00:00+00:00,0.0,0.0,0.0,10.55,8.21
1990-12-21 17:00:00+00:00,0.0,0.0,0.0,10.62,8.55
1990-12-21 18:00:00+00:00,0.0,0.0,0.0,10.67,8.48
1990-12-21 19:00:00+00:00,0.0,0.0,0.0,11.24,8.48
1990-12-21 20:00:00+00:00,0.0,0.0,0.0,11.46,8.28
1990-12-21 21:00:00+00:00,0.0,0.0,0.0,11.6,8.34
1990-12-21 22:00:00+00:00,0.0,0.0,0.0,11.72,8.41
1990-12-21 23:00:00+00:00,0.0,0.0,0.0,11.77,8.62
1990-12-22 00:00:00+00:00,0.0,0.0,0.0,11.75,8.69
1990-12-22 01:00:00+00:00,0.0,0.0,0.0,11.6,8.69
1990-12-22 02:00:00+00:00,0.0,0.0,0.0,11.38,8.48
1990-12-22 03:00:00+00:00,0.0,0.0,0.0,11.18,8.55
1990-12-22 04:00:00+00:00,0.0,0.0,0.0,10.96,8.48
1990-12-22 05:00:00+00:00,0.0,0.0,0.0,10.67,8.69
1990-12-22 06:00:00+00:00,0.0,0.0,0.0,10.51,8.9
1990-12-22 07:00:00+00:00,0.0,0.0,0.0,10.7,9.24
1990-12-22 08:00:00+00:00,0.0,0.0,0.0,10.85,9.45
1990-12-22 09:00:00+00:00,11.0,0.0,11.0,11.01,9.45
1990-12-22 10:00:00+00:00,34.0,0.0,34.0,11.26,9.24
1990-12-22 11:00:00+00:00,18.0,0.0,18.0,11.5,9.1
1990-12-22 12:00:00+00:00,95.0,30.77,88.0,11.67,9.1
1990-12-22 13:00:00+00:00,48.0,0.0,48.0,11.85,9.17
1990-12-22 14:00:00+00:00,23.0,0.0,23.0,11.91,8.97
1990-12-22 15:00:00+00:00,3.0,0.0,3.0,11.94,8.83
1990-12-22 16:00:00+00:00,0.0,0.0,0.0,11.79,8.55
1990-12-22 17:00:00+00:00,0.0,0.0,0.0,11.59,8.21
1990-12-22 18:00:00+00:00,0.0,0.0,0.0,11.46,8.21
1990-12-22 19:00:00+00:00,0.0,0.0,0.0,11.27,8.34
1990-12-22 20:00:00+00:00,0.0,0.0,0.0,11.3,8.48
1990-12-22 21:00:00+00:00,0.0,0.0,0.0,11.32,8.62
1990-12-22 22:00:00+00:00,0.0,0.0,0.0,11.33,8.55
1990-12-22 23:00:00+00:00,0.0,0.0,0.0,11.34,8.48
1990-12-23 00:00:00+00:00,0.0,0.0,0.0,11.33,8.34
1990-12-23 01:00:00+00:00,0.0,0.0,0.0,11.34,8.21
1990-12-23 02:00:00+00:00,0.0,0.0,0.0,11.29,8.14
1990-12-23 03:00:00+00:00,0.0,0.0,0.0,11.24,8.07
1990-12-23 04:00:00+00:00,0.0,0.0,0.0,11.15,8.07
1990-12-23 05:00:00+00:00,0.0,0.0,0.0,11.0,8.14
1990-12-23 06:00:00+00:00,0.0,0.0,0.0,10.74,7.93
1990-12-23 07:00:00+00:00,0.0,0.0,0.0,10.83,8.21
1990-12-23 08:00:00+00:00,0.0,0.0,0.0,10.8,8.0
1990-12-23 09:00:00+00:00,6.0,0.0,6.0,10.95,8.0
1990-12-23 10:00:00+00:00,15.0,0.0,15.0,11.26,8.0
1990-12-23 11:00:00+00:00,52.0,0.0,52.0,11.39,8.0
1990-12-23 12:00:00+00:00,20.0,0.0,20.0,11.4,8.07
1990-12-23 13:00:00+00:00,43.0,0.0,43.0,11.36,8.34
1990-12-23 14:00:00+00:00,10.0,0.0,10.0,11.34,8.48
1990-12-23 15:00:00+00:00,30.0,118.62,22.0,11.25,8.48
1990-12-23 16:00:00+00:00,0.0,0.0,0.0,11.24,8.21
1990-12-23 17:00:00+00:00,0.0,0.0,0.0,11.22,7.93
1990-12-23 18:00:00+00:00,0.0,0.0,0.0,11.23,7.66
1990-12-23 19:00:00+00:00,0.0,0.0,0.0,11.04,6.97
1990-12-23 20:00:00+00:00,0.0,0.0,0.0,11.06,6.83
1990-12-23 21:00:00+00:00,0.0,0.0,0.0,10.9,7.03
1990-12-23 22:00:00+00:00,0.0,0.0,0.0,10.91,6.76
1990-12-23 23:00:00+00:00,0.0,0.0,0.0,10.4,6.0
1990-12-24 00:00:00+00:00,0.0,0.0,0.0,9.2,6.34
1990-12-24 01:00:00+00:00,0.0,0.0,0.0,8.18,6.14
1990-12-24 02:00:00+00:00,0.0,0.0,0.0,7.82,6.14
1990-12-24 03:00:00+00:00,0.0,0.0,0.0,7.34,6.48
1990-12-24 04:00:00+00:00,0.0,0.0,0.0,6.78,6.83
1990-12-24 05:00:00+00:00,0.0,0.0,0.0,6.71,6.9
1990-12-24 06:00:00+00:00,0.0,0.0,0.0,6.48,6.9
1990-12-24 07:00:00+00:00,0.0,0.0,0.0,6.11,6.9
1990-12-24 08:00:00+00:00,0.0,0.0,0.0,5.82,6.97
1990-12-24 09:00:00+00:00,26.0,59.85,22.0,5.69,7.31
1990-12-24 10:00:00+00:00,67.0,45.46,60.0,5.84,7.72
1990-12-24 11:00:00+00:00,117.0,119.66,92.0,6.17,7.72
1990-12-24 12:00:00+00:00,144.0,188.72,101.0,6.46,8.07
1990-12-24 13:00:00+00:00,93.0,42.96,84.0,6.73,8.69
1990-12-24 14:00:00+00:00,42.0,0.0,42.0,6.73,8.69
1990-12-24 15:00:00+00:00,10.0,0.0,10.0,6.64,8.34
1990-12-24 16:00:00+00:00,0.0,0.0,0.0,6.5,7.86
1990-12-24 17:00:00+00:00,0.0,0.0,0.0,6.47,7.52
1990-12-24 18:00:00+00:00,0.0,0.0,0.0,6.41,7.24
1990-12-24 19:00:00+00:00,0.0,0.0,0.0,6.4,7.45
1990-12-24 20:00:00+00:00,0.0,0.0,0.0,6.25,7.59
1990-12-24 21:00:00+00:00,0.0,0.0,0.0,6.09,7.79
1990-12-24 22:00:00+00:00,0.0,0.0,0.0,6.06,7.86
1990-12-24 23:00:00+00:00,0.0,0.0,0.0,6.11,7.79
1990-12-25 00:00:00+00:00,0.0,0.0,0.0,6.13,7.66
1990-12-25 01:00:00+00:00,0.0,0.0,0.0,5.98,7.45
1990-12-25 02:00:00+00:00,0.0,0.0,0.0,5.84,7.17
1990-12-25 03:00:00+00:00,0.0,0.0,0.0,5.69,7.17
1990-12-25 04:00:00+00:00,0.0,0.0,0.0,5.68,7.24
1990-12-25 05:00:00+00:00,0.0,0.0,0.0,5.57,7.24
1990-12-25 06:00:00+00:00,0.0,0.0,0.0,5.63,7.1
1990-12-25 07:00:00+00:00,0.0,0.0,0.0,5.54,6.83
1990-12-25 08:00:00+00:00,0.0,0.0,0.0,5.49,6.76
1990-12-25 09:00:00+00:00,19.0,15.06,18.0,5.49,6.55
1990-12-25 10:00:00+00:00,91.0,169.06,65.0,5.77,6.48
1990-12-25 11:00:00+00:00,16.0,0.0,16.0,6.14,6.9
1990-12-25 12:00:00+00:00,61.0,0.0,61.0,6.33,6.9
1990-12-25 13:00:00+00:00,111.0,90.41,92.0,6.46,7.03
1990-12-25 14:00:00+00:00,39.0,0.0,39.0,6.31,6.9
1990-12-25 15:00:00+00:00,24.0,28.74,22.0,6.18,6.14
1990-12-25 16:00:00+00:00,0.0,0.0,0.0,5.7,5.52
1990-12-25 17:00:00+00:00,0.0,0.0,0.0,5.59,4.9
1990-12-25 18:00:00+00:00,0.0,0.0,0.0,5.37,4.41
1990-12-25 19:00:00+00:00,0.0,0.0,0.0,4.84,4.21
1990-12-25 20:00:00+00:00,0.0,0.0,0.0,4.54,3.66
1990-12-25 21:00:00+00:00,0.0,0.0,0.0,4.24,3.1
1990-12-25 22:00:00+00:00,0.0,0.0,0.0,4.06,2.83
1990-12-25 23:00:00+00:00,0.0,0.0,0.0,3.96,2.62
1990-12-26 00:00:00+00:00,0.0,0.0,0.0,4.02,2.41
1990-12-26 01:00:00+00:00,0.0,0.0,0.0,4.13,2.41
1990-12-26 02:00:00+00:00,0.0,0.0,0.0,4.2,2.41
1990-12-26 03:00:00+00:00,0.0,0.0,0.0,4.19,2.48
1990-12-26 04:00:00+00:00,0.0,0.0,0.0,4.12,2.41
1990-12-26 05:00:00+00:00,0.0,0.0,0.0,4.19,2.55
1990-12-26 06:00:00+00:00,0.0,0.0,0.0,4.19,2.48
1990-12-26 07:00:00+00:00,0.0,0.0,0.0,4.04,2.48
1990-12-26 08:00:00+00:00,0.0,0.0,0.0,3.85,2.62
1990-12-26 09:00:00+00:00,20.0,15.14,19.0,3.72,2.76
1990-12-26 10:00:00+00:00,57.0,19.52,54.0,3.94,2.76
1990-12-26 11:00:00+00:00,113.0,105.17,91.0,4.26,2.83
1990-12-26 12:00:00+00:00,77.0,4.37,76.0,4.53,2.97
1990-12-26 13:00:00+00:00,57.0,0.0,57.0,4.59,3.45
1990-12-26 14:00:00+00:00,31.0,0.0,31.0,4.5,3.86
1990-12-26 15:00:00+00:00,21.0,14.12,20.0,4.21,4.69
1990-12-26 16:00:00+00:00,0.0,0.0,0.0,3.59,5.38
1990-12-26 17:00:00+00:00,0.0,0.0,0.0,2.95,5.66
1990-12-26 18:00:00+00:00,0.0,0.0,0.0,2.39,5.45
1990-12-26 19:00:00+00:00,0.0,0.0,0.0,1.77,6.0
1990-12-26 20:00:00+00:00,0.0,0.0,0.0,1.72,5.79
1990-12-26 21:00:00+00:00,0.0,0.0,0.0,1.68,5.72
1990-12-26 22:00:00+00:00,0.0,0.0,0.0,1.81,6.21
1990-12-26 23:00:00+00:00,0.0,0.0,0.0,1.96,6.0
1990-12-27 00:00:00+00:00,0.0,0.0,0.0,2.31,5.93
1990-12-27 01:00:00+00:00,0.0,0.0,0.0,2.6,5.86
1990-12-27 02:00:00+00:00,0.0,0.0,0.0,2.76,5.59
1990-12-27 03:00:00+00:00,0.0,0.0,0.0,2.67,5.38
1990-12-27 04:00:00+00:00,0.0,0.0,0.0,2.52,5.24
1990-12-27 05:00:00+00:00,0.0,0.0,0.0,2.54,4.9
1990-12-27 06:00:00+00:00,0.0,0.0,0.0,2.48,4.28
1990-12-27 07:00:00+00:00,0.0,0.0,0.0,2.13,4.14
1990-12-27 08:00:00+00:00,0.0,0.0,0.0,2.32,3.93
1990-12-27 09:00:00+00:00,3.0,0.0,3.0,2.23,4.0
1990-12-27 10:00:00+00:00,65.0,39.02,59.0,2.64,4.07
1990-12-27 11:00:00+00:00,64.0,4.77,63.0,2.93,4.41
1990-12-27 12:00:00+00:00,150.0,213.66,101.0,3.01,4.07
1990-12-27 13:00:00+00:00,17.0,0.0,17.0,3.19,3.66
1990-12-27 14:00:00+00:00,47.0,6.32,46.0,3.2,3.24
1990-12-27 15:00:00+00:00,35.0,138.51,25.0,3.09,3.17
1990-12-27 16:00:00+00:00,0.0,0.0,0.0,2.73,3.1
1990-12-27 17:00:00+00:00,0.0,0.0,0.0,2.42,3.38
1990-12-27 18:00:00+00:00,0.0,0.0,0.0,2.03,3.45
1990-12-27 19:00:00+00:00,0.0,0.0,0.0,1.8,3.52
1990-12-27 20:00:00+00:00,0.0,0.0,0.0,1.67,3.59
1990-12-27 21:00:00+00:00,0.0,0.0,0.0,1.38,3.38
1990-12-27 22:00:00+00:00,0.0,0.0,0.0,1.4,3.59
1990-12-27 23:00:00+00:00,0.0,0.0,0.0,1.8,3.72
1990-12-28 00:00:00+00:00,0.0,0.0,0.0,1.82,3.66
1990-12-28 01:00:00+00:00,0.0,0.0,0.0,1.86,3.52
1990-12-28 02:00:00+00:00,0.0,0.0,0.0,1.91,3.24
1990-12-28 03:00:00+00:00,0.0,0.0,0.0,1.88,2.83
1990-12-28 04:00:00+00:00,0.0,0.0,0.0,1.35,2.41
1990-12-28 05:00:00+00:00,0.0,0.0,0.0,0.83,2.14
1990-12-28 06:00:00+00:00,0.0,0.0,0.0,0.2,2.0
1990-12-28 07:00:00+00:00,0.0,0.0,0.0,1.03,2.34
1990-12-28 08:00:00+00:00,0.0,0.0,0.0,1.09,2.07
1990-12-28 09:00:00+00:00,37.0,243.28,21.0,0.7,1.52
1990-12-28 10:00:00+00:00,96.0,207.88,64.0,1.81,0.55
1990-12-28 11:00:00+00:00,182.0,595.28,57.0,2.55,0.28
1990-12-28 12:00:00+00:00,203.0,608.45,63.0,3.1,1.03
1990-12-28 13:00:00+00:00,165.0,403.97,79.0,3.38,1.72
1990-12-28 14:00:00+00:00,107.0,269.53,64.0,3.59,1.45
1990-12-28 15:00:00+00:00,46.0,325.69,22.0,3.6,1.1
1990-12-28 16:00:00+00:00,0.0,0.0,0.0,3.06,1.31
1990-12-28 17:00:00+00:00,0.0,0.0,0.0,1.91,1.72
1990-12-28 18:00:00+00:00,0.0,0.0,0.0,1.22,2.0
1990-12-28 19:00:00+00:00,0.0,0.0,0.0,1.26,2.62
1990-12-28 20:00:00+00:00,0.0,0.0,0.0,1.37,2.76
1990-12-28 21:00:00+00:00,0.0,0.0,0.0,1.52,2.83
1990-12-28 22:00:00+00:00,0.0,0.0,0.0,1.56,2.97
1990-12-28 23:00:00+00:00,0.0,0.0,0.0,1.76,3.1
1990-12-29 00:00:00+00:00,0.0,0.0,0.0,1.84,2.97
1990-12-29 01:00:00+00:00,0.0,0.0,0.0,2.13,3.03
1990-12-29 02:00:00+00:00,0.0,0.0,0.0,2.21,3.17
1990-12-29 03:00:00+00:00,0.0,0.0,0.0,2.21,3.17
1990-12-29 04:00:00+00:00,0.0,0.0,0.0,2.3,3.03
1990-12-29 05:00:00+00:00,0.0,0.0,0.0,2.53,2.97
1990-12-29 06:00:00+00:00,0.0,0.0,0.0,2.27,3.03
1990-12-29 07:00:00+00:00,0.0,0.0,0.0,2.22,3.17
1990-12-29 08:00:00+00:00,0.0,0.0,0.0,2.15,3.17
1990-12-29 09:00:00+00:00,30.0,121.56,22.0,2.11,2.9
1990-12-29 10:00:00+00:00,96.0,207.46,64.0,2.47,2.69
1990-12-29 11:00:00+00:00,184.0,603.1,57.0,3.19,2.76
1990-12-29 12:00:00+00:00,180.0,393.98,89.0,3.82,2.69
1990-12-29 13:00:00+00:00,88.0,28.03,82.0,4.28,2.69
1990-12-29 14:00:00+00:00,47.0,6.21,46.0,4.33,2.76
1990-12-29 15:00:00+00:00,34.0,106.25,26.0,4.09,2.69
1990-12-29 16:00:00+00:00,0.0,0.0,0.0,3.5,2.69
1990-12-29 17:00:00+00:00,0.0,0.0,0.0,2.94,2.62
1990-12-29 18:00:00+00:00,0.0,0.0,0.0,2.48,2.41
1990-12-29 19:00:00+00:00,0.0,0.0,0.0,2.49,2.55
1990-12-29 20:00:00+00:00,0.0,0.0,0.0,2.01,2.62
1990-12-29 21:00:00+00:00,0.0,0.0,0.0,1.65,2.62
1990-12-29 22:00:00+00:00,0.0,0.0,0.0,1.6,2.69
1990-12-29 23:00:00+00:00,0.0,0.0,0.0,1.75,2.62
1990-12-30 00:00:00+00:00,0.0,0.0,0.0,1.86,2.76
1990-12-30 01:00:00+00:00,0.0,0.0,0.0,1.89,2.97
1990-12-30 02:00:00+00:00,0.0,0.0,0.0,1.86,3.03
1990-12-30 03:00:00+00:00,0.0,0.0,0.0,2.1,2.97
1990-12-30 04:00:00+00:00,0.0,0.0,0.0,2.04,2.97
1990-12-30 05:00:00+00:00,0.0,0.0,0.0,2.28,2.83
1990-12-30 06:00:00+00:00,0.0,0.0,0.0,2.32,2.76
1990-12-30 07:00:00+00:00,0.0,0.0,0.0,2.3,2.97
1990-12-30 08:00:00+00:00,0.0,0.0,0.0,2.34,2.97
1990-12-30 09:00:00+00:00,8.0,0.0,8.0,2.28,2.9
1990-12-30 10:00:00+00:00,27.0,0.0,27.0,3.14,2.62
1990-12-30 11:00:00+00:00,90.0,33.13,83.0,4.27,2.41
1990-12-30 12:00:00+00:00,146.0,176.73,105.0,5.31,2.34
1990-12-30 13:00:00+00:00,128.0,148.6,96.0,5.81,2.34
1990-12-30 14:00:00+00:00,104.0,227.71,67.0,6.06,2.28
1990-12-30 15:00:00+00:00,48.0,324.58,23.0,5.77,2.48
1990-12-30 16:00:00+00:00,0.0,0.0,0.0,4.62,2.76
1990-12-30 17:00:00+00:00,0.0,0.0,0.0,3.62,2.97
1990-12-30 18:00:00+00:00,0.0,0.0,0.0,3.1,3.03
1990-12-30 19:00:00+00:00,0.0,0.0,0.0,3.0,3.03
1990-12-30 20:00:00+00:00,0.0,0.0,0.0,2.57,2.97
1990-12-30 21:00:00+00:00,0.0,0.0,0.0,2.19,3.03
1990-12-30 22:00:00+00:00,0.0,0.0,0.0,1.94,3.17
1990-12-30 23:00:00+00:00,0.0,0.0,0.0,1.72,3.38
1990-12-31 00:00:00+00:00,0.0,0.0,0.0,1.58,3.45
1990-12-31 01:00:00+00:00,0.0,0.0,0.0,1.47,3.52
1990-12-31 02:00:00+00:00,0.0,0.0,0.0,1.42,3.59
1990-12-31 03:00:00+00:00,0.0,0.0,0.0,1.42,3.66
1990-12-31 04:00:00+00:00,0.0,0.0,0.0,1.44,3.86
1990-12-31 05:00:00+00:00,0.0,0.0,0.0,1.58,3.93
1990-12-31 06:00:00+00:00,0.0,0.0,0.0,1.77,4.0
1990-12-31 07:00:00+00:00,0.0,0.0,0.0,2.23,3.93
1990-12-31 08:00:00+00:00,0.0,0.0,0.0,2.43,4.07
1990-12-31 09:00:00+00:00,39.0,286.67,20.0,2.74,4.34
1990-12-31 10:00:00+00:00,58.0,19.32,55.0,3.58,4.28
1990-12-31 11:00:00+00:00,119.0,122.55,93.0,4.91,4.21
1990-12-31 12:00:00+00:00,61.0,0.0,61.0,6.25,3.93
1990-12-31 13:00:00+00:00,56.0,0.0,56.0,7.13,4.21
1990-12-31 14:00:00+00:00,40.0,0.0,40.0,7.39,4.34
1990-12-31 15:00:00+00:00,26.0,25.36,24.0,7.52,4.55
1990-12-31 16:00:00+00:00,0.0,0.0,0.0,8.2,5.44
1990-12-31 17:00:00+00:00,0.0,0.0,0.0,7.97,5.42
1990-12-31 18:00:00+00:00,0.0,0.0,0.0,7.73,5.41
1990-12-31 19:00:00+00:00,0.0,0.0,0.0,7.49,5.39
1990-12-31 20:00:00+00:00,0.0,0.0,0.0,7.25,5.38
1990-12-31 21:00:00+00:00,0.0,0.0,0.0,7.02,5.36
1990-12-31 22:00:00+00:00,0.0,0.0,0.0,6.78,5.35
1990-12-31 23:00:00+00:00,0.0,0.0,0.0,6.54,5.33
