time(UTC),ghi,dni,dhi,temp_air,wind_speed
1990-01-01 00:00:00+00:00,0.0,0.0,0.0,7.3,6.46
1990-01-01 01:00:00+00:00,0.0,0.0,0.0,7.32,6.49
1990-01-01 02:00:00+00:00,0.0,0.0,0.0,7.34,6.52
1990-01-01 03:00:00+00:00,0.0,0.0,0.0,7.36,6.55
1990-01-01 04:00:00+00:00,0.0,0.0,0.0,7.39,6.58
1990-01-01 05:00:00+00:00,0.0,0.0,0.0,7.41,6.61
1990-01-01 06:00:00+00:00,0.0,0.0,0.0,7.43,6.64
1990-01-01 07:00:00+00:00,0.0,0.0,0.0,7.45,6.67
1990-01-01 08:00:00+00:00,0.0,0.0,0.0,8.29,8.9
1990-01-01 09:00:00+00:00,31.0,9.05,30.0,8.19,9.79
1990-01-01 10:00:00+00:00,61.0,4.96,60.0,8.18,10.07
1990-01-01 11:00:00+00:00,70.0,0.0,70.0,8.43,12.0
1990-01-01 12:00:00+00:00,63.0,0.0,63.0,8.87,12.62
1990-01-01 13:00:00+00:00,53.0,0.0,53.0,9.64,11.93
1990-01-01 14:00:00+00:00,19.0,0.0,19.0,10.02,11.24
1990-01-01 15:00:00+00:00,33.0,19.31,31.0,10.23,10.83
1990-01-01 16:00:00+00:00,0.0,0.0,0.0,10.29,10.28
1990-01-01 17:00:00+00:00,0.0,0.0,0.0,10.27,9.72
1990-01-01 18:00:00+00:00,0.0,0.0,0.0,10.32,9.45
1990-01-01 19:00:00+00:00,0.0,0.0,0.0,10.72,9.66
1990-01-01 20:00:00+00:00,0.0,0.0,0.0,10.46,9.86
1990-01-01 21:00:00+00:00,0.0,0.0,0.0,9.98,9.45
1990-01-01 22:00:00+00:00,0.0,0.0,0.0,9.68,9.1
1990-01-01 23:00:00+00:00,0.0,0.0,0.0,9.34,8.14
1990-01-02 00:00:00+00:00,0.0,0.0,0.0,9.0,7.86
1990-01-02 01:00:00+00:00,0.0,0.0,0.0,8.97,6.9
1990-01-02 02:00:00+00:00,0.0,0.0,0.0,8.75,5.17
1990-01-02 03:00:00+00:00,0.0,0.0,0.0,8.25,5.45
1990-01-02 04:00:00+00:00,0.0,0.0,0.0,7.32,5.52
1990-01-02 05:00:00+00:00,0.0,0.0,0.0,7.05,4.97
1990-01-02 06:00:00+00:00,0.0,0.0,0.0,6.7,4.55
1990-01-02 07:00:00+00:00,0.0,0.0,0.0,6.67,5.17
1990-01-02 08:00:00+00:00,0.0,0.0,0.0,6.64,4.97
1990-01-02 09:00:00+00:00,78.0,396.47,34.0,6.9,4.83
1990-01-02 10:00:00+00:00,168.0,543.22,58.0,7.75,4.83
1990-01-02 11:00:00+00:00,232.0,639.42,66.0,8.68,4.41
1990-01-02 12:00:00+00:00,243.0,581.84,81.0,9.37,5.38
1990-01-02 13:00:00+00:00,227.0,617.06,68.0,9.58,6.0
1990-01-02 14:00:00+00:00,133.0,256.6,82.0,9.58,5.86
1990-01-02 15:00:00+00:00,68.0,312.23,35.0,9.27,5.52
1990-01-02 16:00:00+00:00,0.0,0.0,0.0,8.86,5.52
1990-01-02 17:00:00+00:00,0.0,0.0,0.0,8.74,6.14
1990-01-02 18:00:00+00:00,0.0,0.0,0.0,8.78,6.48
1990-01-02 19:00:00+00:00,0.0,0.0,0.0,9.27,6.55
1990-01-02 20:00:00+00:00,0.0,0.0,0.0,9.52,7.52
1990-01-02 21:00:00+00:00,0.0,0.0,0.0,9.53,8.28
1990-01-02 22:00:00+00:00,0.0,0.0,0.0,9.52,9.1
1990-01-02 23:00:00+00:00,0.0,0.0,0.0,9.59,10.28
1990-01-03 00:00:00+00:00,0.0,0.0,0.0,10.3,11.03
1990-01-03 01:00:00+00:00,0.0,0.0,0.0,10.75,9.31
1990-01-03 02:00:00+00:00,0.0,0.0,0.0,10.21,7.59
1990-01-03 03:00:00+00:00,0.0,0.0,0.0,9.6,7.03
1990-01-03 04:00:00+00:00,0.0,0.0,0.0,9.43,7.59
1990-01-03 05:00:00+00:00,0.0,0.0,0.0,8.89,8.55
1990-01-03 06:00:00+00:00,0.0,0.0,0.0,8.49,8.83
1990-01-03 07:00:00+00:00,0.0,0.0,0.0,9.0,8.69
1990-01-03 08:00:00+00:00,0.0,0.0,0.0,8.76,8.83
1990-01-03 09:00:00+00:00,45.0,44.79,40.0,8.44,8.34
1990-01-03 10:00:00+00:00,177.0,614.39,52.0,8.27,10.21
1990-01-03 11:00:00+00:00,112.0,30.67,104.0,8.16,10.48
1990-01-03 12:00:00+00:00,70.0,0.0,70.0,8.2,10.69
1990-01-03 13:00:00+00:00,20.0,0.0,20.0,7.95,11.38
1990-01-03 14:00:00+00:00,120.0,174.28,85.0,7.59,11.1
1990-01-03 15:00:00+00:00,30.0,9.26,29.0,7.75,11.17
1990-01-03 16:00:00+00:00,0.0,0.0,0.0,7.09,10.83
1990-01-03 17:00:00+00:00,0.0,0.0,0.0,6.94,10.41
1990-01-03 18:00:00+00:00,0.0,0.0,0.0,7.32,11.24
1990-01-03 19:00:00+00:00,0.0,0.0,0.0,8.02,9.93
1990-01-03 20:00:00+00:00,0.0,0.0,0.0,8.29,9.86
1990-01-03 21:00:00+00:00,0.0,0.0,0.0,8.41,9.86
1990-01-03 22:00:00+00:00,0.0,0.0,0.0,8.42,9.03
1990-01-03 23:00:00+00:00,0.0,0.0,0.0,8.46,7.86
1990-01-04 00:00:00+00:00,0.0,0.0,0.0,8.39,7.38
1990-01-04 01:00:00+00:00,0.0,0.0,0.0,8.21,7.03
1990-01-04 02:00:00+00:00,0.0,0.0,0.0,8.12,6.9
1990-01-04 03:00:00+00:00,0.0,0.0,0.0,8.24,6.48
1990-01-04 04:00:00+00:00,0.0,0.0,0.0,8.27,7.03
1990-01-04 05:00:00+00:00,0.0,0.0,0.0,8.45,7.38
1990-01-04 06:00:00+00:00,0.0,0.0,0.0,8.46,7.79
1990-01-04 07:00:00+00:00,0.0,0.0,0.0,8.66,9.66
1990-01-04 08:00:00+00:00,0.0,0.0,0.0,8.61,9.45
1990-01-04 09:00:00+00:00,33.0,8.89,32.0,8.53,8.97
1990-01-04 10:00:00+00:00,48.0,0.0,48.0,8.32,8.21
1990-01-04 11:00:00+00:00,111.0,26.69,104.0,8.13,6.83
1990-01-04 12:00:00+00:00,130.0,42.6,118.0,7.91,5.45
1990-01-04 13:00:00+00:00,36.0,0.0,36.0,7.54,4.48
1990-01-04 14:00:00+00:00,112.0,123.14,87.0,6.99,5.03
1990-01-04 15:00:00+00:00,35.0,18.14,33.0,5.86,6.34
1990-01-04 16:00:00+00:00,0.0,0.0,0.0,4.99,6.0
1990-01-04 17:00:00+00:00,0.0,0.0,0.0,4.92,4.69
1990-01-04 18:00:00+00:00,0.0,0.0,0.0,4.49,4.0
1990-01-04 19:00:00+00:00,0.0,0.0,0.0,5.08,4.14
1990-01-04 20:00:00+00:00,0.0,0.0,0.0,4.94,4.28
1990-01-04 21:00:00+00:00,0.0,0.0,0.0,4.62,3.66
1990-01-04 22:00:00+00:00,0.0,0.0,0.0,4.08,3.1
1990-01-04 23:00:00+00:00,0.0,0.0,0.0,3.93,2.97
1990-01-05 00:00:00+00:00,0.0,0.0,0.0,4.13,2.69
1990-01-05 01:00:00+00:00,0.0,0.0,0.0,3.99,2.28
1990-01-05 02:00:00+00:00,0.0,0.0,0.0,3.67,2.14
1990-01-05 03:00:00+00:00,0.0,0.0,0.0,3.15,2.28
1990-01-05 04:00:00+00:00,0.0,0.0,0.0,2.47,2.55
1990-01-05 05:00:00+00:00,0.0,0.0,0.0,2.25,2.69
1990-01-05 06:00:00+00:00,0.0,0.0,0.0,2.3,3.03
1990-01-05 07:00:00+00:00,0.0,0.0,0.0,2.75,2.76
1990-01-05 08:00:00+00:00,0.0,0.0,0.0,3.14,2.9
1990-01-05 09:00:00+00:00,50.0,70.59,42.0,4.18,3.03
1990-01-05 10:00:00+00:00,52.0,0.0,52.0,5.86,3.72
1990-01-05 11:00:00+00:00,84.0,3.79,83.0,7.09,4.83
1990-01-05 12:00:00+00:00,103.0,10.58,100.0,7.58,6.0
1990-01-05 13:00:00+00:00,46.0,0.0,46.0,7.75,6.76
1990-01-05 14:00:00+00:00,52.0,0.0,52.0,8.05,7.45
1990-01-05 15:00:00+00:00,50.0,70.96,42.0,8.42,7.86
1990-01-05 16:00:00+00:00,0.0,0.0,0.0,8.68,8.83
1990-01-05 17:00:00+00:00,0.0,0.0,0.0,9.07,8.76
1990-01-05 18:00:00+00:00,0.0,0.0,0.0,9.7,8.69
1990-01-05 19:00:00+00:00,0.0,0.0,0.0,10.04,8.83
1990-01-05 20:00:00+00:00,0.0,0.0,0.0,10.92,9.1
1990-01-05 21:00:00+00:00,0.0,0.0,0.0,11.53,9.31
1990-01-05 22:00:00+00:00,0.0,0.0,0.0,11.86,9.93
1990-01-05 23:00:00+00:00,0.0,0.0,0.0,12.01,10.76
1990-01-06 00:00:00+00:00,0.0,0.0,0.0,12.0,10.62
1990-01-06 01:00:00+00:00,0.0,0.0,0.0,12.02,9.59
1990-01-06 02:00:00+00:00,0.0,0.0,0.0,11.88,9.45
1990-01-06 03:00:00+00:00,0.0,0.0,0.0,11.41,8.97
1990-01-06 04:00:00+00:00,0.0,0.0,0.0,10.77,9.1
1990-01-06 05:00:00+00:00,0.0,0.0,0.0,10.34,8.83
1990-01-06 06:00:00+00:00,0.0,0.0,0.0,9.93,9.17
1990-01-06 07:00:00+00:00,0.0,0.0,0.0,10.19,9.86
1990-01-06 08:00:00+00:00,0.0,0.0,0.0,9.96,10.34
1990-01-06 09:00:00+00:00,81.0,410.94,34.0,10.16,10.0
1990-01-06 10:00:00+00:00,147.0,323.54,80.0,10.65,9.93
1990-01-06 11:00:00+00:00,217.0,478.46,90.0,10.7,10.21
1990-01-06 12:00:00+00:00,208.0,315.29,118.0,10.92,10.69
1990-01-06 13:00:00+00:00,200.0,364.97,103.0,11.0,10.55
1990-01-06 14:00:00+00:00,54.0,0.0,54.0,10.78,10.69
1990-01-06 15:00:00+00:00,81.0,416.3,33.0,10.2,10.28
1990-01-06 16:00:00+00:00,0.0,0.0,0.0,9.64,10.41
1990-01-06 17:00:00+00:00,0.0,0.0,0.0,9.4,10.48
1990-01-06 18:00:00+00:00,0.0,0.0,0.0,9.41,10.14
1990-01-06 19:00:00+00:00,0.0,0.0,0.0,9.65,10.21
1990-01-06 20:00:00+00:00,0.0,0.0,0.0,9.56,10.69
1990-01-06 21:00:00+00:00,0.0,0.0,0.0,9.56,10.48
1990-01-06 22:00:00+00:00,0.0,0.0,0.0,9.5,10.55
1990-01-06 23:00:00+00:00,0.0,0.0,0.0,9.46,9.72
1990-01-07 00:00:00+00:00,0.0,0.0,0.0,9.31,10.07
1990-01-07 01:00:00+00:00,0.0,0.0,0.0,9.31,9.72
1990-01-07 02:00:00+00:00,0.0,0.0,0.0,9.34,9.72
1990-01-07 03:00:00+00:00,0.0,0.0,0.0,9.23,10.41
1990-01-07 04:00:00+00:00,0.0,0.0,0.0,9.1,10.07
1990-01-07 05:00:00+00:00,0.0,0.0,0.0,9.08,9.79
1990-01-07 06:00:00+00:00,0.0,0.0,0.0,9.14,9.79
1990-01-07 07:00:00+00:00,0.0,0.0,0.0,9.27,10.48
1990-01-07 08:00:00+00:00,0.0,0.0,0.0,9.28,10.55
1990-01-07 09:00:00+00:00,24.0,0.0,24.0,9.35,9.93
1990-01-07 10:00:00+00:00,107.0,86.31,89.0,9.57,9.79
1990-01-07 11:00:00+00:00,202.0,355.53,107.0,9.91,9.45
1990-01-07 12:00:00+00:00,229.0,420.84,108.0,10.29,8.69
1990-01-07 13:00:00+00:00,202.0,354.35,107.0,10.65,8.14
1990-01-07 14:00:00+00:00,136.0,223.53,89.0,10.7,8.97
1990-01-07 15:00:00+00:00,53.0,76.29,44.0,10.62,8.55
1990-01-07 16:00:00+00:00,0.0,0.0,0.0,10.16,8.07
1990-01-07 17:00:00+00:00,0.0,0.0,0.0,10.05,7.72
1990-01-07 18:00:00+00:00,0.0,0.0,0.0,9.82,7.45
1990-01-07 19:00:00+00:00,0.0,0.0,0.0,9.65,6.83
1990-01-07 20:00:00+00:00,0.0,0.0,0.0,9.55,6.28
1990-01-07 21:00:00+00:00,0.0,0.0,0.0,9.22,5.93
1990-01-07 22:00:00+00:00,0.0,0.0,0.0,8.62,5.72
1990-01-07 23:00:00+00:00,0.0,0.0,0.0,8.24,5.45
1990-01-08 00:00:00+00:00,0.0,0.0,0.0,8.18,6.0
1990-01-08 01:00:00+00:00,0.0,0.0,0.0,8.08,6.14
1990-01-08 02:00:00+00:00,0.0,0.0,0.0,8.21,5.79
1990-01-08 03:00:00+00:00,0.0,0.0,0.0,8.12,5.45
1990-01-08 04:00:00+00:00,0.0,0.0,0.0,8.1,5.31
1990-01-08 05:00:00+00:00,0.0,0.0,0.0,8.13,5.03
1990-01-08 06:00:00+00:00,0.0,0.0,0.0,8.19,4.9
1990-01-08 07:00:00+00:00,0.0,0.0,0.0,8.29,4.62
1990-01-08 08:00:00+00:00,0.0,0.0,0.0,8.44,4.69
1990-01-08 09:00:00+00:00,77.0,316.76,40.0,8.55,4.34
1990-01-08 10:00:00+00:00,80.0,19.04,76.0,9.32,4.07
1990-01-08 11:00:00+00:00,150.0,107.77,121.0,10.03,4.83
1990-01-08 12:00:00+00:00,114.0,17.26,109.0,10.37,5.03
1990-01-08 13:00:00+00:00,107.0,18.48,102.0,10.51,5.45
1990-01-08 14:00:00+00:00,90.0,32.88,83.0,10.24,5.1
1990-01-08 15:00:00+00:00,43.0,24.85,40.0,9.89,4.28
1990-01-08 16:00:00+00:00,0.0,0.0,0.0,9.62,4.28
1990-01-08 17:00:00+00:00,0.0,0.0,0.0,9.48,4.21
1990-01-08 18:00:00+00:00,0.0,0.0,0.0,9.59,4.69
1990-01-08 19:00:00+00:00,0.0,0.0,0.0,10.29,6.62
1990-01-08 20:00:00+00:00,0.0,0.0,0.0,10.59,6.9
1990-01-08 21:00:00+00:00,0.0,0.0,0.0,11.18,7.17
1990-01-08 22:00:00+00:00,0.0,0.0,0.0,11.42,7.31
1990-01-08 23:00:00+00:00,0.0,0.0,0.0,11.41,7.45
1990-01-09 00:00:00+00:00,0.0,0.0,0.0,11.41,8.0
1990-01-09 01:00:00+00:00,0.0,0.0,0.0,11.48,8.55
1990-01-09 02:00:00+00:00,0.0,0.0,0.0,11.18,9.1
1990-01-09 03:00:00+00:00,0.0,0.0,0.0,10.79,9.24
1990-01-09 04:00:00+00:00,0.0,0.0,0.0,10.27,9.45
1990-01-09 05:00:00+00:00,0.0,0.0,0.0,9.71,9.38
1990-01-09 06:00:00+00:00,0.0,0.0,0.0,9.37,9.24
1990-01-09 07:00:00+00:00,0.0,0.0,0.0,9.58,7.38
1990-01-09 08:00:00+00:00,0.0,0.0,0.0,8.96,7.03
1990-01-09 09:00:00+00:00,84.0,414.53,35.0,8.11,7.03
1990-01-09 10:00:00+00:00,143.0,259.64,88.0,7.53,6.55
1990-01-09 11:00:00+00:00,237.0,593.86,76.0,7.49,6.69
1990-01-09 12:00:00+00:00,166.0,113.01,133.0,7.95,7.17
1990-01-09 13:00:00+00:00,69.0,0.0,69.0,8.28,6.62
1990-01-09 14:00:00+00:00,136.0,199.4,93.0,8.2,6.07
1990-01-09 15:00:00+00:00,84.0,355.99,40.0,7.91,5.38
1990-01-09 16:00:00+00:00,0.0,0.0,0.0,7.39,4.55
1990-01-09 17:00:00+00:00,0.0,0.0,0.0,6.64,4.0
1990-01-09 18:00:00+00:00,0.0,0.0,0.0,5.97,3.72
1990-01-09 19:00:00+00:00,0.0,0.0,0.0,6.04,4.0
1990-01-09 20:00:00+00:00,0.0,0.0,0.0,5.76,3.86
1990-01-09 21:00:00+00:00,0.0,0.0,0.0,5.51,3.72
1990-01-09 22:00:00+00:00,0.0,0.0,0.0,5.31,3.66
1990-01-09 23:00:00+00:00,0.0,0.0,0.0,5.13,3.52
1990-01-10 00:00:00+00:00,0.0,0.0,0.0,4.92,3.38
1990-01-10 01:00:00+00:00,0.0,0.0,0.0,4.76,3.24
1990-01-10 02:00:00+00:00,0.0,0.0,0.0,4.6,3.03
1990-01-10 03:00:00+00:00,0.0,0.0,0.0,4.46,2.83
1990-01-10 04:00:00+00:00,0.0,0.0,0.0,4.44,2.69
1990-01-10 05:00:00+00:00,0.0,0.0,0.0,4.34,2.62
1990-01-10 06:00:00+00:00,0.0,0.0,0.0,4.28,2.48
1990-01-10 07:00:00+00:00,0.0,0.0,0.0,4.71,2.62
1990-01-10 08:00:00+00:00,0.0,0.0,0.0,4.93,2.69
1990-01-10 09:00:00+00:00,72.0,225.51,45.0,5.49,2.83
1990-01-10 10:00:00+00:00,179.0,556.96,60.0,7.0,3.1
1990-01-10 11:00:00+00:00,230.0,519.69,88.0,8.25,3.59
1990-01-10 12:00:00+00:00,122.0,23.78,115.0,9.05,4.48
1990-01-10 13:00:00+00:00,70.0,0.0,70.0,9.21,4.69
1990-01-10 14:00:00+00:00,56.0,0.0,56.0,8.81,4.83
1990-01-10 15:00:00+00:00,37.0,7.9,36.0,8.56,4.83
1990-01-10 16:00:00+00:00,0.0,0.0,0.0,8.02,4.69
1990-01-10 17:00:00+00:00,0.0,0.0,0.0,7.65,4.48
1990-01-10 18:00:00+00:00,0.0,0.0,0.0,7.6,4.41
1990-01-10 19:00:00+00:00,0.0,0.0,0.0,8.15,4.62
1990-01-10 20:00:00+00:00,0.0,0.0,0.0,8.06,4.76
1990-01-10 21:00:00+00:00,0.0,0.0,0.0,8.03,4.62
1990-01-10 22:00:00+00:00,0.0,0.0,0.0,8.03,4.48
1990-01-10 23:00:00+00:00,0.0,0.0,0.0,7.84,4.41
1990-01-11 00:00:00+00:00,0.0,0.0,0.0,7.89,4.55
1990-01-11 01:00:00+00:00,0.0,0.0,0.0,7.92,4.76
1990-01-11 02:00:00+00:00,0.0,0.0,0.0,8.05,4.69
1990-01-11 03:00:00+00:00,0.0,0.0,0.0,8.16,4.62
1990-01-11 04:00:00+00:00,0.0,0.0,0.0,8.14,4.34
1990-01-11 05:00:00+00:00,0.0,0.0,0.0,7.85,4.21
1990-01-11 06:00:00+00:00,0.0,0.0,0.0,7.23,4.21
1990-01-11 07:00:00+00:00,0.0,0.0,0.0,6.19,4.34
1990-01-11 08:00:00+00:00,0.0,0.0,0.0,5.2,4.07
1990-01-11 09:00:00+00:00,88.0,420.19,37.0,4.76,3.66
1990-01-11 10:00:00+00:00,187.0,598.31,58.0,5.22,3.17
1990-01-11 11:00:00+00:00,257.0,693.3,66.0,6.0,3.66
1990-01-11 12:00:00+00:00,279.0,703.82,70.0,6.68,3.72
1990-01-11 13:00:00+00:00,261.0,703.74,65.0,7.08,3.72
1990-01-11 14:00:00+00:00,183.0,519.32,68.0,7.15,3.52
1990-01-11 15:00:00+00:00,95.0,439.73,38.0,6.77,2.9
1990-01-11 16:00:00+00:00,0.0,0.0,0.0,5.8,2.07
1990-01-11 17:00:00+00:00,0.0,0.0,0.0,4.24,1.17
1990-01-11 18:00:00+00:00,0.0,0.0,0.0,4.45,0.76
1990-01-11 19:00:00+00:00,0.0,0.0,0.0,2.93,1.24
1990-01-11 20:00:00+00:00,0.0,0.0,0.0,3.46,1.03
1990-01-11 21:00:00+00:00,0.0,0.0,0.0,0.6,1.66
1990-01-11 22:00:00+00:00,0.0,0.0,0.0,-0.48,2.0
1990-01-11 23:00:00+00:00,0.0,0.0,0.0,-0.58,2.34
1990-01-12 00:00:00+00:00,0.0,0.0,0.0,-0.18,2.69
1990-01-12 01:00:00+00:00,0.0,0.0,0.0,0.77,3.03
1990-01-12 02:00:00+00:00,0.0,0.0,0.0,1.84,3.45
1990-01-12 03:00:00+00:00,0.0,0.0,0.0,2.75,3.66
1990-01-12 04:00:00+00:00,0.0,0.0,0.0,3.42,3.72
1990-01-12 05:00:00+00:00,0.0,0.0,0.0,3.84,4.14
1990-01-12 06:00:00+00:00,0.0,0.0,0.0,4.2,5.03
1990-01-12 07:00:00+00:00,0.0,0.0,0.0,4.22,5.52
1990-01-12 08:00:00+00:00,0.0,0.0,0.0,4.41,5.79
1990-01-12 09:00:00+00:00,43.0,16.24,41.0,4.85,5.72
1990-01-12 10:00:00+00:00,59.0,0.0,59.0,5.94,6.14
1990-01-12 11:00:00+00:00,38.0,0.0,38.0,6.56,5.93
1990-01-12 12:00:00+00:00,65.0,0.0,65.0,7.01,5.93
1990-01-12 13:00:00+00:00,40.0,0.0,40.0,7.48,6.07
1990-01-12 14:00:00+00:00,42.0,0.0,42.0,7.89,5.86
1990-01-12 15:00:00+00:00,58.0,60.25,50.0,8.13,5.59
1990-01-12 16:00:00+00:00,0.0,0.0,0.0,8.22,5.66
1990-01-12 17:00:00+00:00,0.0,0.0,0.0,8.26,5.86
1990-01-12 18:00:00+00:00,0.0,0.0,0.0,8.37,6.21
1990-01-12 19:00:00+00:00,0.0,0.0,0.0,8.61,6.14
1990-01-12 20:00:00+00:00,0.0,0.0,0.0,8.87,6.9
1990-01-12 21:00:00+00:00,0.0,0.0,0.0,9.53,7.86
1990-01-12 22:00:00+00:00,0.0,0.0,0.0,10.0,7.03
1990-01-12 23:00:00+00:00,0.0,0.0,0.0,9.43,6.9
1990-01-13 00:00:00+00:00,0.0,0.0,0.0,8.07,5.66
1990-01-13 01:00:00+00:00,0.0,0.0,0.0,7.18,4.97
1990-01-13 02:00:00+00:00,0.0,0.0,0.0,6.8,4.76
1990-01-13 03:00:00+00:00,0.0,0.0,0.0,6.74,5.1
1990-01-13 04:00:00+00:00,0.0,0.0,0.0,6.73,5.03
1990-01-13 05:00:00+00:00,0.0,0.0,0.0,6.59,4.48
1990-01-13 06:00:00+00:00,0.0,0.0,0.0,6.24,4.0
1990-01-13 07:00:00+00:00,0.0,0.0,0.0,6.26,4.0
1990-01-13 08:00:00+00:00,0.0,0.0,0.0,5.99,3.93
1990-01-13 09:00:00+00:00,92.0,439.92,37.0,6.22,4.14
1990-01-13 10:00:00+00:00,82.0,13.64,79.0,7.14,4.76
1990-01-13 11:00:00+00:00,93.0,3.57,92.0,7.95,5.93
1990-01-13 12:00:00+00:00,140.0,39.69,128.0,8.25,6.48
1990-01-13 13:00:00+00:00,141.0,59.78,124.0,8.34,6.28
1990-01-13 14:00:00+00:00,104.0,43.93,94.0,8.23,6.76
1990-01-13 15:00:00+00:00,98.0,404.32,43.0,7.74,7.52
1990-01-13 16:00:00+00:00,0.0,0.0,0.0,7.19,6.48
1990-01-13 17:00:00+00:00,0.0,0.0,0.0,7.05,5.45
1990-01-13 18:00:00+00:00,0.0,0.0,0.0,7.02,4.9
1990-01-13 19:00:00+00:00,0.0,0.0,0.0,6.16,5.66
1990-01-13 20:00:00+00:00,0.0,0.0,0.0,5.94,4.62
1990-01-13 21:00:00+00:00,0.0,0.0,0.0,5.74,4.0
1990-01-13 22:00:00+00:00,0.0,0.0,0.0,5.68,3.59
1990-01-13 23:00:00+00:00,0.0,0.0,0.0,5.19,3.03
1990-01-14 00:00:00+00:00,0.0,0.0,0.0,4.63,2.97
1990-01-14 01:00:00+00:00,0.0,0.0,0.0,3.94,2.97
1990-01-14 02:00:00+00:00,0.0,0.0,0.0,3.47,3.03
1990-01-14 03:00:00+00:00,0.0,0.0,0.0,3.05,3.24
1990-01-14 04:00:00+00:00,0.0,0.0,0.0,2.74,3.17
1990-01-14 05:00:00+00:00,0.0,0.0,0.0,2.48,3.03
1990-01-14 06:00:00+00:00,0.0,0.0,0.0,2.26,3.03
1990-01-14 07:00:00+00:00,0.0,0.0,0.0,1.74,3.59
1990-01-14 08:00:00+00:00,0.0,0.0,0.0,1.58,3.38
1990-01-14 09:00:00+00:00,94.0,448.72,37.0,1.69,3.1
1990-01-14 10:00:00+00:00,186.0,540.11,66.0,2.8,3.17
1990-01-14 11:00:00+00:00,249.0,586.66,83.0,4.16,3.24
1990-01-14 12:00:00+00:00,275.0,619.21,86.0,5.18,3.31
1990-01-14 13:00:00+00:00,252.0,577.44,86.0,5.78,3.17
1990-01-14 14:00:00+00:00,122.0,90.95,101.0,6.16,3.03
1990-01-14 15:00:00+00:00,105.0,466.38,40.0,6.13,2.83
1990-01-14 16:00:00+00:00,0.0,0.0,0.0,5.53,2.62
1990-01-14 17:00:00+00:00,0.0,0.0,0.0,4.93,2.55
1990-01-14 18:00:00+00:00,0.0,0.0,0.0,5.23,2.76
1990-01-14 19:00:00+00:00,0.0,0.0,0.0,6.33,4.14
1990-01-14 20:00:00+00:00,0.0,0.0,0.0,6.74,4.97
1990-01-14 21:00:00+00:00,0.0,0.0,0.0,6.96,5.79
1990-01-14 22:00:00+00:00,0.0,0.0,0.0,7.23,6.34
1990-01-14 23:00:00+00:00,0.0,0.0,0.0,7.49,6.62
1990-01-15 00:00:00+00:00,0.0,0.0,0.0,8.12,6.28
1990-01-15 01:00:00+00:00,0.0,0.0,0.0,8.98,5.1
1990-01-15 02:00:00+00:00,0.0,0.0,0.0,9.58,4.9
1990-01-15 03:00:00+00:00,0.0,0.0,0.0,9.71,4.76
1990-01-15 04:00:00+00:00,0.0,0.0,0.0,9.64,4.69
1990-01-15 05:00:00+00:00,0.0,0.0,0.0,9.64,4.83
1990-01-15 06:00:00+00:00,0.0,0.0,0.0,9.64,5.17
1990-01-15 07:00:00+00:00,0.0,0.0,0.0,9.64,5.31
1990-01-15 08:00:00+00:00,0.0,0.0,0.0,9.6,5.24
1990-01-15 09:00:00+00:00,47.0,30.97,43.0,9.7,5.79
1990-01-15 10:00:00+00:00,80.0,13.36,77.0,9.88,6.55
1990-01-15 11:00:00+00:00,106.0,10.5,103.0,9.94,6.34
1990-01-15 12:00:00+00:00,147.0,48.67,132.0,10.02,6.41
1990-01-15 13:00:00+00:00,153.0,82.57,129.0,9.95,7.24
1990-01-15 14:00:00+00:00,99.0,34.15,91.0,9.89,7.45
1990-01-15 15:00:00+00:00,82.0,182.07,56.0,9.79,7.66
1990-01-15 16:00:00+00:00,0.0,0.0,0.0,9.84,7.1
1990-01-15 17:00:00+00:00,0.0,0.0,0.0,9.7,6.41
1990-01-15 18:00:00+00:00,0.0,0.0,0.0,9.67,6.83
1990-01-15 19:00:00+00:00,0.0,0.0,0.0,9.76,7.31
1990-01-15 20:00:00+00:00,0.0,0.0,0.0,9.96,7.52
1990-01-15 21:00:00+00:00,0.0,0.0,0.0,9.89,8.07
1990-01-15 22:00:00+00:00,0.0,0.0,0.0,9.83,8.07
1990-01-15 23:00:00+00:00,0.0,0.0,0.0,9.94,8.69
1990-01-16 00:00:00+00:00,0.0,0.0,0.0,9.33,6.76
1990-01-16 01:00:00+00:00,0.0,0.0,0.0,8.91,5.66
1990-01-16 02:00:00+00:00,0.0,0.0,0.0,8.37,5.59
1990-01-16 03:00:00+00:00,0.0,0.0,0.0,7.99,5.31
1990-01-16 04:00:00+00:00,0.0,0.0,0.0,7.89,5.79
1990-01-16 05:00:00+00:00,0.0,0.0,0.0,7.69,5.45
1990-01-16 06:00:00+00:00,0.0,0.0,0.0,7.68,5.79
1990-01-16 07:00:00+00:00,0.0,0.0,0.0,6.96,5.1
1990-01-16 08:00:00+00:00,0.0,0.0,0.0,7.24,5.79
1990-01-16 09:00:00+00:00,8.0,0.0,8.0,7.31,5.59
1990-01-16 10:00:00+00:00,39.0,0.0,39.0,7.58,6.0
1990-01-16 11:00:00+00:00,87.0,0.0,87.0,8.03,7.52
1990-01-16 12:00:00+00:00,172.0,96.37,142.0,8.26,7.31
1990-01-16 13:00:00+00:00,68.0,0.0,68.0,8.46,7.66
1990-01-16 14:00:00+00:00,125.0,92.55,103.0,8.48,6.9
1990-01-16 15:00:00+00:00,83.0,177.7,57.0,8.56,6.9
1990-01-16 16:00:00+00:00,0.0,0.0,0.0,8.14,7.52
1990-01-16 17:00:00+00:00,0.0,0.0,0.0,7.99,7.45
1990-01-16 18:00:00+00:00,0.0,0.0,0.0,7.77,7.31
1990-01-16 19:00:00+00:00,0.0,0.0,0.0,7.64,7.79
1990-01-16 20:00:00+00:00,0.0,0.0,0.0,7.5,7.86
1990-01-16 21:00:00+00:00,0.0,0.0,0.0,7.55,7.59
1990-01-16 22:00:00+00:00,0.0,0.0,0.0,7.71,8.21
1990-01-16 23:00:00+00:00,0.0,0.0,0.0,7.6,8.14
1990-01-17 00:00:00+00:00,0.0,0.0,0.0,7.5,7.86
1990-01-17 01:00:00+00:00,0.0,0.0,0.0,7.61,7.59
1990-01-17 02:00:00+00:00,0.0,0.0,0.0,7.52,7.72
1990-01-17 03:00:00+00:00,0.0,0.0,0.0,7.43,7.66
1990-01-17 04:00:00+00:00,0.0,0.0,0.0,7.32,7.59
1990-01-17 05:00:00+00:00,0.0,0.0,0.0,7.35,7.59
1990-01-17 06:00:00+00:00,0.0,0.0,0.0,7.27,7.38
1990-01-17 07:00:00+00:00,0.0,0.0,0.0,7.28,6.76
1990-01-17 08:00:00+00:00,0.0,0.0,0.0,7.21,6.41
1990-01-17 09:00:00+00:00,76.0,171.97,53.0,7.45,6.48
1990-01-17 10:00:00+00:00,122.0,95.74,100.0,7.86,6.62
1990-01-17 11:00:00+00:00,234.0,432.32,108.0,8.51,6.41
1990-01-17 12:00:00+00:00,92.0,0.0,92.0,8.87,6.76
1990-01-17 13:00:00+00:00,28.0,0.0,28.0,9.08,6.62
1990-01-17 14:00:00+00:00,18.0,0.0,18.0,9.07,5.93
1990-01-17 15:00:00+00:00,82.0,146.75,60.0,8.82,5.38
1990-01-17 16:00:00+00:00,5.0,0.0,5.0,8.33,4.41
1990-01-17 17:00:00+00:00,0.0,0.0,0.0,7.62,3.79
1990-01-17 18:00:00+00:00,0.0,0.0,0.0,7.37,3.45
1990-01-17 19:00:00+00:00,0.0,0.0,0.0,7.26,3.38
1990-01-17 20:00:00+00:00,0.0,0.0,0.0,7.22,3.1
1990-01-17 21:00:00+00:00,0.0,0.0,0.0,6.94,2.9
1990-01-17 22:00:00+00:00,0.0,0.0,0.0,7.0,2.9
1990-01-17 23:00:00+00:00,0.0,0.0,0.0,7.29,3.38
1990-01-18 00:00:00+00:00,0.0,0.0,0.0,7.66,4.28
1990-01-18 01:00:00+00:00,0.0,0.0,0.0,8.13,5.17
1990-01-18 02:00:00+00:00,0.0,0.0,0.0,8.36,5.93
1990-01-18 03:00:00+00:00,0.0,0.0,0.0,8.39,6.0
1990-01-18 04:00:00+00:00,0.0,0.0,0.0,8.18,5.86
1990-01-18 05:00:00+00:00,0.0,0.0,0.0,8.08,6.0
1990-01-18 06:00:00+00:00,0.0,0.0,0.0,7.87,5.79
1990-01-18 07:00:00+00:00,0.0,0.0,0.0,7.81,6.21
1990-01-18 08:00:00+00:00,0.0,0.0,0.0,7.73,6.21
1990-01-18 09:00:00+00:00,62.0,73.41,52.0,7.89,6.41
1990-01-18 10:00:00+00:00,43.0,0.0,43.0,8.32,6.76
1990-01-18 11:00:00+00:00,150.0,67.91,130.0,8.61,6.83
1990-01-18 12:00:00+00:00,149.0,44.05,135.0,8.92,6.69
1990-01-18 13:00:00+00:00,146.0,56.5,129.0,9.06,6.48
1990-01-18 14:00:00+00:00,125.0,81.68,105.0,9.0,6.55
1990-01-18 15:00:00+00:00,101.0,292.96,56.0,9.08,6.48
1990-01-18 16:00:00+00:00,6.0,0.0,6.0,9.0,6.28
1990-01-18 17:00:00+00:00,0.0,0.0,0.0,9.07,6.48
1990-01-18 18:00:00+00:00,0.0,0.0,0.0,8.89,6.55
1990-01-18 19:00:00+00:00,0.0,0.0,0.0,8.63,6.83
1990-01-18 20:00:00+00:00,0.0,0.0,0.0,8.38,6.97
1990-01-18 21:00:00+00:00,0.0,0.0,0.0,8.18,6.9
1990-01-18 22:00:00+00:00,0.0,0.0,0.0,7.89,6.48
1990-01-18 23:00:00+00:00,0.0,0.0,0.0,7.69,5.93
1990-01-19 00:00:00+00:00,0.0,0.0,0.0,7.37,4.76
1990-01-19 01:00:00+00:00,0.0,0.0,0.0,7.09,3.31
1990-01-19 02:00:00+00:00,0.0,0.0,0.0,6.54,2.28
1990-01-19 03:00:00+00:00,0.0,0.0,0.0,6.15,1.66
1990-01-19 04:00:00+00:00,0.0,0.0,0.0,5.78,2.07
1990-01-19 05:00:00+00:00,0.0,0.0,0.0,5.36,2.76
1990-01-19 06:00:00+00:00,0.0,0.0,0.0,5.12,3.03
1990-01-19 07:00:00+00:00,0.0,0.0,0.0,4.28,2.97
1990-01-19 08:00:00+00:00,0.0,0.0,0.0,3.64,3.03
1990-01-19 09:00:00+00:00,101.0,410.66,44.0,3.59,2.83
1990-01-19 10:00:00+00:00,201.0,569.12,67.0,4.51,2.55
1990-01-19 11:00:00+00:00,273.0,665.18,75.0,5.66,2.55
1990-01-19 12:00:00+00:00,305.0,725.4,72.0,6.57,2.62
1990-01-19 13:00:00+00:00,194.0,174.08,141.0,7.16,2.9
1990-01-19 14:00:00+00:00,213.0,567.22,72.0,7.43,2.83
1990-01-19 15:00:00+00:00,119.0,457.52,47.0,7.42,2.55
1990-01-19 16:00:00+00:00,9.0,0.0,9.0,6.83,2.07
1990-01-19 17:00:00+00:00,0.0,0.0,0.0,5.82,2.14
1990-01-19 18:00:00+00:00,0.0,0.0,0.0,5.07,2.21
1990-01-19 19:00:00+00:00,0.0,0.0,0.0,4.84,2.62
1990-01-19 20:00:00+00:00,0.0,0.0,0.0,4.91,2.69
1990-01-19 21:00:00+00:00,0.0,0.0,0.0,4.88,2.76
1990-01-19 22:00:00+00:00,0.0,0.0,0.0,5.13,2.76
1990-01-19 23:00:00+00:00,0.0,0.0,0.0,5.02,2.76
1990-01-20 00:00:00+00:00,0.0,0.0,0.0,5.03,2.48
1990-01-20 01:00:00+00:00,0.0,0.0,0.0,4.95,2.34
1990-01-20 02:00:00+00:00,0.0,0.0,0.0,4.67,2.21
1990-01-20 03:00:00+00:00,0.0,0.0,0.0,4.4,2.07
1990-01-20 04:00:00+00:00,0.0,0.0,0.0,3.82,2.0
1990-01-20 05:00:00+00:00,0.0,0.0,0.0,3.29,2.0
1990-01-20 06:00:00+00:00,0.0,0.0,0.0,3.03,2.0
1990-01-20 07:00:00+00:00,0.0,0.0,0.0,3.02,2.14
1990-01-20 08:00:00+00:00,0.0,0.0,0.0,3.19,2.21
1990-01-20 09:00:00+00:00,94.0,303.88,51.0,3.53,2.0
1990-01-20 10:00:00+00:00,188.0,436.16,84.0,6.15,1.52
1990-01-20 11:00:00+00:00,270.0,621.4,83.0,7.45,1.79
1990-01-20 12:00:00+00:00,308.0,717.57,75.0,8.13,2.14
1990-01-20 13:00:00+00:00,262.0,515.98,103.0,8.28,1.93
1990-01-20 14:00:00+00:00,165.0,213.96,111.0,8.28,2.0
1990-01-20 15:00:00+00:00,112.0,334.96,58.0,8.08,2.28
1990-01-20 16:00:00+00:00,14.0,97.91,10.0,7.2,2.41
1990-01-20 17:00:00+00:00,0.0,0.0,0.0,6.19,2.69
1990-01-20 18:00:00+00:00,0.0,0.0,0.0,5.56,2.62
1990-01-20 19:00:00+00:00,0.0,0.0,0.0,5.86,2.34
1990-01-20 20:00:00+00:00,0.0,0.0,0.0,5.73,2.14
1990-01-20 21:00:00+00:00,0.0,0.0,0.0,5.56,1.72
1990-01-20 22:00:00+00:00,0.0,0.0,0.0,5.34,1.52
1990-01-20 23:00:00+00:00,0.0,0.0,0.0,5.18,1.72
1990-01-21 00:00:00+00:00,0.0,0.0,0.0,5.0,1.72
1990-01-21 01:00:00+00:00,0.0,0.0,0.0,4.32,1.52
1990-01-21 02:00:00+00:00,0.0,0.0,0.0,4.06,0.97
1990-01-21 03:00:00+00:00,0.0,0.0,0.0,4.68,0.48
1990-01-21 04:00:00+00:00,0.0,0.0,0.0,2.96,1.1
1990-01-21 05:00:00+00:00,0.0,0.0,0.0,2.13,1.72
1990-01-21 06:00:00+00:00,0.0,0.0,0.0,2.26,2.14
1990-01-21 07:00:00+00:00,0.0,0.0,0.0,2.4,2.55
1990-01-21 08:00:00+00:00,0.0,0.0,0.0,2.87,2.62
1990-01-21 09:00:00+00:00,40.0,0.0,40.0,3.67,2.48
1990-01-21 10:00:00+00:00,149.0,173.88,107.0,5.46,2.62
1990-01-21 11:00:00+00:00,157.0,69.01,136.0,7.28,3.66
1990-01-21 12:00:00+00:00,204.0,152.29,154.0,8.07,5.66
1990-01-21 13:00:00+00:00,296.0,724.53,70.0,8.2,6.48
1990-01-21 14:00:00+00:00,236.0,698.48,57.0,7.96,6.14
1990-01-21 15:00:00+00:00,100.0,205.89,66.0,7.6,5.79
1990-01-21 16:00:00+00:00,16.0,89.42,12.0,7.1,5.86
1990-01-21 17:00:00+00:00,0.0,0.0,0.0,6.83,6.07
1990-01-21 18:00:00+00:00,0.0,0.0,0.0,6.88,6.48
1990-01-21 19:00:00+00:00,0.0,0.0,0.0,7.46,6.76
1990-01-21 20:00:00+00:00,0.0,0.0,0.0,7.47,6.97
1990-01-21 21:00:00+00:00,0.0,0.0,0.0,7.15,7.24
1990-01-21 22:00:00+00:00,0.0,0.0,0.0,7.04,7.24
1990-01-21 23:00:00+00:00,0.0,0.0,0.0,7.04,7.1
1990-01-22 00:00:00+00:00,0.0,0.0,0.0,7.11,6.9
1990-01-22 01:00:00+00:00,0.0,0.0,0.0,7.25,6.48
1990-01-22 02:00:00+00:00,0.0,0.0,0.0,7.47,5.86
1990-01-22 03:00:00+00:00,0.0,0.0,0.0,7.73,4.28
1990-01-22 04:00:00+00:00,0.0,0.0,0.0,7.91,2.76
1990-01-22 05:00:00+00:00,0.0,0.0,0.0,7.6,2.34
1990-01-22 06:00:00+00:00,0.0,0.0,0.0,7.12,2.48
1990-01-22 07:00:00+00:00,0.0,0.0,0.0,6.77,2.9
1990-01-22 08:00:00+00:00,0.0,0.0,0.0,6.39,2.28
1990-01-22 09:00:00+00:00,109.0,441.46,44.0,5.97,1.93
1990-01-22 10:00:00+00:00,211.0,592.42,66.0,6.87,2.41
1990-01-22 11:00:00+00:00,289.0,714.79,69.0,7.91,2.69
1990-01-22 12:00:00+00:00,305.0,668.65,83.0,8.67,3.03
1990-01-22 13:00:00+00:00,192.0,145.66,146.0,9.24,3.66
1990-01-22 14:00:00+00:00,77.0,0.0,77.0,9.4,3.31
1990-01-22 15:00:00+00:00,108.0,248.33,66.0,9.29,2.83
1990-01-22 16:00:00+00:00,20.0,143.8,13.0,8.74,2.41
1990-01-22 17:00:00+00:00,0.0,0.0,0.0,7.71,2.69
1990-01-22 18:00:00+00:00,0.0,0.0,0.0,6.98,2.97
1990-01-22 19:00:00+00:00,0.0,0.0,0.0,6.66,3.31
1990-01-22 20:00:00+00:00,0.0,0.0,0.0,6.14,3.45
1990-01-22 21:00:00+00:00,0.0,0.0,0.0,5.86,3.59
1990-01-22 22:00:00+00:00,0.0,0.0,0.0,5.3,3.45
1990-01-22 23:00:00+00:00,0.0,0.0,0.0,5.06,3.31
1990-01-23 00:00:00+00:00,0.0,0.0,0.0,4.54,3.1
1990-01-23 01:00:00+00:00,0.0,0.0,0.0,4.18,3.03
1990-01-23 02:00:00+00:00,0.0,0.0,0.0,3.95,3.1
1990-01-23 03:00:00+00:00,0.0,0.0,0.0,3.73,3.24
1990-01-23 04:00:00+00:00,0.0,0.0,0.0,3.58,3.03
1990-01-23 05:00:00+00:00,0.0,0.0,0.0,3.41,3.03
1990-01-23 06:00:00+00:00,0.0,0.0,0.0,3.48,3.17
1990-01-23 07:00:00+00:00,0.0,0.0,0.0,4.21,3.17
1990-01-23 08:00:00+00:00,0.0,0.0,0.0,4.91,3.79
1990-01-23 09:00:00+00:00,58.0,26.62,54.0,6.26,4.69
1990-01-23 10:00:00+00:00,191.0,391.0,94.0,7.25,5.66
1990-01-23 11:00:00+00:00,181.0,118.83,144.0,7.49,6.48
1990-01-23 12:00:00+00:00,218.0,181.65,157.0,7.93,6.55
1990-01-23 13:00:00+00:00,290.0,634.86,87.0,8.05,7.31
1990-01-23 14:00:00+00:00,232.0,609.17,71.0,7.96,7.1
1990-01-23 15:00:00+00:00,144.0,577.36,44.0,7.6,6.97
1990-01-23 16:00:00+00:00,26.0,246.73,13.0,6.88,5.93
1990-01-23 17:00:00+00:00,0.0,0.0,0.0,6.22,5.38
1990-01-23 18:00:00+00:00,0.0,0.0,0.0,5.74,5.17
1990-01-23 19:00:00+00:00,0.0,0.0,0.0,5.28,5.72
1990-01-23 20:00:00+00:00,0.0,0.0,0.0,5.05,5.24
1990-01-23 21:00:00+00:00,0.0,0.0,0.0,4.83,4.62
1990-01-23 22:00:00+00:00,0.0,0.0,0.0,4.51,4.07
1990-01-23 23:00:00+00:00,0.0,0.0,0.0,4.3,3.52
1990-01-24 00:00:00+00:00,0.0,0.0,0.0,3.96,3.31
1990-01-24 01:00:00+00:00,0.0,0.0,0.0,3.68,2.97
1990-01-24 02:00:00+00:00,0.0,0.0,0.0,3.79,2.48
1990-01-24 03:00:00+00:00,0.0,0.0,0.0,3.94,2.07
1990-01-24 04:00:00+00:00,0.0,0.0,0.0,4.08,1.52
1990-01-24 05:00:00+00:00,0.0,0.0,0.0,4.22,1.38
1990-01-24 06:00:00+00:00,0.0,0.0,0.0,4.48,1.59
1990-01-24 07:00:00+00:00,0.0,0.0,0.0,5.12,2.0
1990-01-24 08:00:00+00:00,3.0,0.0,3.0,5.42,2.83
1990-01-24 09:00:00+00:00,70.0,71.7,59.0,5.8,3.59
1990-01-24 10:00:00+00:00,67.0,0.0,67.0,6.21,4.0
1990-01-24 11:00:00+00:00,61.0,0.0,61.0,6.65,4.28
1990-01-24 12:00:00+00:00,90.0,0.0,90.0,7.0,4.34
1990-01-24 13:00:00+00:00,82.0,0.0,82.0,7.33,4.41
1990-01-24 14:00:00+00:00,86.0,3.73,85.0,7.64,4.76
1990-01-24 15:00:00+00:00,59.0,11.28,57.0,7.72,4.69
1990-01-24 16:00:00+00:00,11.0,0.0,11.0,7.74,4.69
1990-01-24 17:00:00+00:00,0.0,0.0,0.0,7.7,4.69
1990-01-24 18:00:00+00:00,0.0,0.0,0.0,7.68,4.83
1990-01-24 19:00:00+00:00,0.0,0.0,0.0,7.78,4.41
1990-01-24 20:00:00+00:00,0.0,0.0,0.0,7.96,4.21
1990-01-24 21:00:00+00:00,0.0,0.0,0.0,8.12,3.93
1990-01-24 22:00:00+00:00,0.0,0.0,0.0,8.29,3.24
1990-01-24 23:00:00+00:00,0.0,0.0,0.0,8.47,2.14
1990-01-25 00:00:00+00:00,0.0,0.0,0.0,8.56,1.45
1990-01-25 01:00:00+00:00,0.0,0.0,0.0,8.75,2.07
1990-01-25 02:00:00+00:00,0.0,0.0,0.0,9.08,3.17
1990-01-25 03:00:00+00:00,0.0,0.0,0.0,9.41,3.93
1990-01-25 04:00:00+00:00,0.0,0.0,0.0,9.35,3.79
1990-01-25 05:00:00+00:00,0.0,0.0,0.0,8.8,3.31
1990-01-25 06:00:00+00:00,0.0,0.0,0.0,7.88,3.1
1990-01-25 07:00:00+00:00,0.0,0.0,0.0,7.77,2.41
1990-01-25 08:00:00+00:00,7.0,0.0,7.0,6.84,2.83
1990-01-25 09:00:00+00:00,115.0,421.28,49.0,6.96,2.9
1990-01-25 10:00:00+00:00,171.0,243.11,109.0,8.08,3.59
1990-01-25 11:00:00+00:00,224.0,263.48,140.0,9.12,3.59
1990-01-25 12:00:00+00:00,249.0,285.15,151.0,10.05,4.69
1990-01-25 13:00:00+00:00,273.0,484.87,114.0,10.52,6.83
1990-01-25 14:00:00+00:00,207.0,374.14,105.0,10.38,8.34
1990-01-25 15:00:00+00:00,84.0,66.1,72.0,10.26,8.83
1990-01-25 16:00:00+00:00,11.0,0.0,11.0,10.05,11.86
1990-01-25 17:00:00+00:00,0.0,0.0,0.0,8.18,10.69
1990-01-25 18:00:00+00:00,0.0,0.0,0.0,7.34,9.03
1990-01-25 19:00:00+00:00,0.0,0.0,0.0,7.58,7.93
1990-01-25 20:00:00+00:00,0.0,0.0,0.0,6.9,7.24
1990-01-25 21:00:00+00:00,0.0,0.0,0.0,6.34,6.34
1990-01-25 22:00:00+00:00,0.0,0.0,0.0,5.77,5.59
1990-01-25 23:00:00+00:00,0.0,0.0,0.0,5.31,5.24
1990-01-26 00:00:00+00:00,0.0,0.0,0.0,4.96,4.76
1990-01-26 01:00:00+00:00,0.0,0.0,0.0,4.58,3.72
1990-01-26 02:00:00+00:00,0.0,0.0,0.0,4.1,3.31
1990-01-26 03:00:00+00:00,0.0,0.0,0.0,4.0,2.9
1990-01-26 04:00:00+00:00,0.0,0.0,0.0,4.09,3.17
1990-01-26 05:00:00+00:00,0.0,0.0,0.0,4.75,3.31
1990-01-26 06:00:00+00:00,0.0,0.0,0.0,5.43,3.66
1990-01-26 07:00:00+00:00,0.0,0.0,0.0,6.06,4.69
1990-01-26 08:00:00+00:00,4.0,0.0,4.0,7.05,6.21
1990-01-26 09:00:00+00:00,34.0,0.0,34.0,7.62,7.59
1990-01-26 10:00:00+00:00,37.0,0.0,37.0,7.57,8.62
1990-01-26 11:00:00+00:00,47.0,0.0,47.0,7.91,9.1
1990-01-26 12:00:00+00:00,44.0,0.0,44.0,8.25,9.24
1990-01-26 13:00:00+00:00,158.0,45.16,143.0,8.83,8.62
1990-01-26 14:00:00+00:00,117.0,28.89,109.0,9.96,8.69
1990-01-26 15:00:00+00:00,151.0,543.53,50.0,9.03,8.0
1990-01-26 16:00:00+00:00,22.0,46.08,19.0,7.84,8.34
1990-01-26 17:00:00+00:00,0.0,0.0,0.0,6.38,7.93
1990-01-26 18:00:00+00:00,0.0,0.0,0.0,5.61,7.72
1990-01-26 19:00:00+00:00,0.0,0.0,0.0,5.19,7.17
1990-01-26 20:00:00+00:00,0.0,0.0,0.0,4.69,6.69
1990-01-26 21:00:00+00:00,0.0,0.0,0.0,4.3,6.62
1990-01-26 22:00:00+00:00,0.0,0.0,0.0,4.07,6.83
1990-01-26 23:00:00+00:00,0.0,0.0,0.0,3.68,7.1
1990-01-27 00:00:00+00:00,0.0,0.0,0.0,3.3,6.83
1990-01-27 01:00:00+00:00,0.0,0.0,0.0,3.31,6.9
1990-01-27 02:00:00+00:00,0.0,0.0,0.0,3.14,6.76
1990-01-27 03:00:00+00:00,0.0,0.0,0.0,3.04,6.62
1990-01-27 04:00:00+00:00,0.0,0.0,0.0,3.2,6.55
1990-01-27 05:00:00+00:00,0.0,0.0,0.0,3.9,6.9
1990-01-27 06:00:00+00:00,0.0,0.0,0.0,4.14,7.24
1990-01-27 07:00:00+00:00,0.0,0.0,0.0,3.63,5.93
1990-01-27 08:00:00+00:00,9.0,0.0,9.0,4.36,6.0
1990-01-27 09:00:00+00:00,102.0,220.21,66.0,4.84,6.14
1990-01-27 10:00:00+00:00,224.0,548.81,80.0,5.41,5.72
1990-01-27 11:00:00+00:00,282.0,523.49,111.0,6.15,7.03
1990-01-27 12:00:00+00:00,331.0,690.53,88.0,6.7,7.79
1990-01-27 13:00:00+00:00,295.0,549.91,110.0,6.95,7.52
1990-01-27 14:00:00+00:00,120.0,28.44,112.0,6.95,6.97
1990-01-27 15:00:00+00:00,149.0,468.03,60.0,6.81,6.48
1990-01-27 16:00:00+00:00,20.0,14.42,19.0,6.46,6.0
1990-01-27 17:00:00+00:00,0.0,0.0,0.0,5.93,5.31
1990-01-27 18:00:00+00:00,0.0,0.0,0.0,5.6,4.97
1990-01-27 19:00:00+00:00,0.0,0.0,0.0,5.54,5.45
1990-01-27 20:00:00+00:00,0.0,0.0,0.0,5.54,5.17
1990-01-27 21:00:00+00:00,0.0,0.0,0.0,5.46,5.1
1990-01-27 22:00:00+00:00,0.0,0.0,0.0,5.57,4.97
1990-01-27 23:00:00+00:00,0.0,0.0,0.0,5.65,4.83
1990-01-28 00:00:00+00:00,0.0,0.0,0.0,5.73,4.69
1990-01-28 01:00:00+00:00,0.0,0.0,0.0,5.84,4.48
1990-01-28 02:00:00+00:00,0.0,0.0,0.0,5.71,4.34
1990-01-28 03:00:00+00:00,0.0,0.0,0.0,5.75,4.41
1990-01-28 04:00:00+00:00,0.0,0.0,0.0,5.69,4.48
1990-01-28 05:00:00+00:00,0.0,0.0,0.0,5.7,4.55
1990-01-28 06:00:00+00:00,0.0,0.0,0.0,5.76,4.62
1990-01-28 07:00:00+00:00,0.0,0.0,0.0,5.76,4.62
1990-01-28 08:00:00+00:00,11.0,0.0,11.0,5.79,5.03
1990-01-28 09:00:00+00:00,135.0,538.77,45.0,6.33,5.52
1990-01-28 10:00:00+00:00,209.0,416.96,98.0,7.01,6.07
1990-01-28 11:00:00+00:00,62.0,0.0,62.0,7.64,6.76
1990-01-28 12:00:00+00:00,147.0,16.85,141.0,7.93,6.41
1990-01-28 13:00:00+00:00,63.0,0.0,63.0,8.05,6.41
1990-01-28 14:00:00+00:00,201.0,269.55,124.0,7.52,6.69
1990-01-28 15:00:00+00:00,14.0,0.0,14.0,7.16,6.97
1990-01-28 16:00:00+00:00,4.0,0.0,4.0,6.72,6.48
1990-01-28 17:00:00+00:00,0.0,0.0,0.0,6.35,5.79
1990-01-28 18:00:00+00:00,0.0,0.0,0.0,6.26,5.45
1990-01-28 19:00:00+00:00,0.0,0.0,0.0,6.1,5.17
1990-01-28 20:00:00+00:00,0.0,0.0,0.0,6.02,5.31
1990-01-28 21:00:00+00:00,0.0,0.0,0.0,5.95,4.97
1990-01-28 22:00:00+00:00,0.0,0.0,0.0,5.82,4.28
1990-01-28 23:00:00+00:00,0.0,0.0,0.0,5.76,3.72
1990-01-29 00:00:00+00:00,0.0,0.0,0.0,5.59,3.72
1990-01-29 01:00:00+00:00,0.0,0.0,0.0,5.38,3.86
1990-01-29 02:00:00+00:00,0.0,0.0,0.0,5.27,3.86
1990-01-29 03:00:00+00:00,0.0,0.0,0.0,5.19,3.45
1990-01-29 04:00:00+00:00,0.0,0.0,0.0,5.13,3.03
1990-01-29 05:00:00+00:00,0.0,0.0,0.0,5.05,2.9
1990-01-29 06:00:00+00:00,0.0,0.0,0.0,4.89,2.83
1990-01-29 07:00:00+00:00,0.0,0.0,0.0,4.69,3.1
1990-01-29 08:00:00+00:00,14.0,69.19,11.0,4.54,3.24
1990-01-29 09:00:00+00:00,127.0,415.91,56.0,4.8,3.59
1990-01-29 10:00:00+00:00,198.0,325.76,110.0,5.05,4.0
1990-01-29 11:00:00+00:00,142.0,23.89,134.0,5.16,4.34
1990-01-29 12:00:00+00:00,86.0,0.0,86.0,5.12,4.21
1990-01-29 13:00:00+00:00,67.0,0.0,67.0,5.08,3.86
1990-01-29 14:00:00+00:00,39.0,0.0,39.0,5.12,3.66
1990-01-29 15:00:00+00:00,14.0,0.0,14.0,5.04,3.72
1990-01-29 16:00:00+00:00,4.0,0.0,4.0,4.73,3.86
1990-01-29 17:00:00+00:00,0.0,0.0,0.0,4.42,3.31
1990-01-29 18:00:00+00:00,0.0,0.0,0.0,4.21,3.24
1990-01-29 19:00:00+00:00,0.0,0.0,0.0,4.25,3.38
1990-01-29 20:00:00+00:00,0.0,0.0,0.0,4.16,3.59
1990-01-29 21:00:00+00:00,0.0,0.0,0.0,4.01,3.86
1990-01-29 22:00:00+00:00,0.0,0.0,0.0,3.88,4.0
1990-01-29 23:00:00+00:00,0.0,0.0,0.0,3.7,3.86
1990-01-30 00:00:00+00:00,0.0,0.0,0.0,3.62,3.66
1990-01-30 01:00:00+00:00,0.0,0.0,0.0,3.36,3.45
1990-01-30 02:00:00+00:00,0.0,0.0,0.0,3.34,3.38
1990-01-30 03:00:00+00:00,0.0,0.0,0.0,3.25,3.17
1990-01-30 04:00:00+00:00,0.0,0.0,0.0,3.23,3.1
1990-01-30 05:00:00+00:00,0.0,0.0,0.0,3.17,2.9
1990-01-30 06:00:00+00:00,0.0,0.0,0.0,3.13,2.62
1990-01-30 07:00:00+00:00,0.0,0.0,0.0,3.15,2.76
1990-01-30 08:00:00+00:00,9.0,0.0,9.0,3.15,2.76
1990-01-30 09:00:00+00:00,67.0,22.93,63.0,3.44,2.48
1990-01-30 10:00:00+00:00,127.0,43.77,115.0,3.67,2.28
1990-01-30 11:00:00+00:00,109.0,2.95,108.0,4.2,1.66
1990-01-30 12:00:00+00:00,125.0,2.74,124.0,4.7,1.1
1990-01-30 13:00:00+00:00,99.0,0.0,99.0,5.15,0.69
1990-01-30 14:00:00+00:00,78.0,0.0,78.0,5.4,0.41
1990-01-30 15:00:00+00:00,68.0,9.83,66.0,5.49,0.62
1990-01-30 16:00:00+00:00,24.0,12.13,23.0,5.46,0.69
1990-01-30 17:00:00+00:00,0.0,0.0,0.0,5.25,0.76
1990-01-30 18:00:00+00:00,0.0,0.0,0.0,4.94,0.9
1990-01-30 19:00:00+00:00,0.0,0.0,0.0,4.31,1.24
1990-01-30 20:00:00+00:00,0.0,0.0,0.0,4.05,1.03
1990-01-30 21:00:00+00:00,0.0,0.0,0.0,3.76,0.69
1990-01-30 22:00:00+00:00,0.0,0.0,0.0,3.42,0.83
1990-01-30 23:00:00+00:00,0.0,0.0,0.0,2.93,1.1
1990-01-31 00:00:00+00:00,0.0,0.0,0.0,3.01,1.31
1990-01-31 01:00:00+00:00,0.0,0.0,0.0,2.54,1.1
1990-01-31 02:00:00+00:00,0.0,0.0,0.0,2.55,1.1
1990-01-31 03:00:00+00:00,0.0,0.0,0.0,2.59,1.38
1990-01-31 04:00:00+00:00,0.0,0.0,0.0,2.83,1.86
1990-01-31 05:00:00+00:00,0.0,0.0,0.0,2.79,2.28
1990-01-31 06:00:00+00:00,0.0,0.0,0.0,3.34,2.48
1990-01-31 07:00:00+00:00,0.0,0.0,0.0,3.67,2.41
1990-01-31 08:00:00+00:00,2.0,0.0,2.0,4.36,3.59
1990-01-31 09:00:00+00:00,49.0,0.0,49.0,5.69,5.1
1990-01-31 10:00:00+00:00,88.0,3.59,87.0,6.46,6.62
1990-01-31 11:00:00+00:00,94.0,0.0,94.0,6.66,7.38
1990-01-31 12:00:00+00:00,89.0,0.0,89.0,6.79,8.0
1990-01-31 13:00:00+00:00,67.0,0.0,67.0,6.69,8.41
1990-01-31 14:00:00+00:00,88.0,0.0,88.0,6.79,8.76
1990-01-31 15:00:00+00:00,41.0,0.0,41.0,7.06,9.31
1990-01-31 16:00:00+00:00,10.0,0.0,10.0,9.1,10.41
1990-01-31 17:00:00+00:00,0.0,0.0,0.0,8.91,10.09
1990-01-31 18:00:00+00:00,0.0,0.0,0.0,8.71,9.77
1990-01-31 19:00:00+00:00,0.0,0.0,0.0,8.52,9.44
1990-01-31 20:00:00+00:00,0.0,0.0,0.0,8.32,9.12
1990-01-31 21:00:00+00:00,0.0,0.0,0.0,8.13,8.79
1990-01-31 22:00:00+00:00,0.0,0.0,0.0,7.93,8.47
1990-01-31 23:00:00+00:00,0.0,0.0,0.0,7.74,8.14
1990-02-01 00:00:00+00:00,0.0,0.0,0.0,7.54,7.82
1990-02-01 01:00:00+00:00,0.0,0.0,0.0,7.35,7.5
1990-02-01 02:00:00+00:00,0.0,0.0,0.0,7.15,7.17
1990-02-01 03:00:00+00:00,0.0,0.0,0.0,6.96,6.85
1990-02-01 04:00:00+00:00,0.0,0.0,0.0,6.76,6.52
1990-02-01 05:00:00+00:00,0.0,0.0,0.0,6.57,6.2
1990-02-01 06:00:00+00:00,0.0,0.0,0.0,6.37,5.88
1990-02-01 07:00:00+00:00,0.0,0.0,0.0,6.18,5.55
1990-02-01 08:00:00+00:00,28.0,258.52,14.0,4.07,6.34
1990-02-01 09:00:00+00:00,142.0,471.74,56.0,4.55,7.1
1990-02-01 10:00:00+00:00,215.0,361.11,113.0,5.65,6.9
1990-02-01 11:00:00+00:00,331.0,718.77,81.0,6.55,8.28
1990-02-01 12:00:00+00:00,316.0,476.06,138.0,7.47,9.66
1990-02-01 13:00:00+00:00,336.0,688.12,89.0,8.08,10.07
1990-02-01 14:00:00+00:00,271.0,618.48,83.0,7.73,9.24
1990-02-01 15:00:00+00:00,96.0,51.71,85.0,7.24,8.34
1990-02-01 16:00:00+00:00,55.0,306.35,27.0,6.87,8.9
1990-02-01 17:00:00+00:00,0.0,0.0,0.0,6.46,10.07
1990-02-01 18:00:00+00:00,0.0,0.0,0.0,6.28,10.0
1990-02-01 19:00:00+00:00,0.0,0.0,0.0,6.56,9.86
1990-02-01 20:00:00+00:00,0.0,0.0,0.0,6.65,9.38
1990-02-01 21:00:00+00:00,0.0,0.0,0.0,6.87,8.97
1990-02-01 22:00:00+00:00,0.0,0.0,0.0,7.12,8.62
1990-02-01 23:00:00+00:00,0.0,0.0,0.0,7.1,8.48
1990-02-02 00:00:00+00:00,0.0,0.0,0.0,7.11,8.0
1990-02-02 01:00:00+00:00,0.0,0.0,0.0,6.88,7.03
1990-02-02 02:00:00+00:00,0.0,0.0,0.0,6.63,6.21
1990-02-02 03:00:00+00:00,0.0,0.0,0.0,6.16,5.45
1990-02-02 04:00:00+00:00,0.0,0.0,0.0,5.71,4.97
1990-02-02 05:00:00+00:00,0.0,0.0,0.0,5.36,4.83
1990-02-02 06:00:00+00:00,0.0,0.0,0.0,5.17,4.69
1990-02-02 07:00:00+00:00,0.0,0.0,0.0,5.56,4.83
1990-02-02 08:00:00+00:00,30.0,241.57,16.0,5.34,4.62
1990-02-02 09:00:00+00:00,145.0,461.47,59.0,5.92,4.69
1990-02-02 10:00:00+00:00,243.0,523.09,93.0,6.89,4.69
1990-02-02 11:00:00+00:00,307.0,539.31,117.0,7.69,5.38
1990-02-02 12:00:00+00:00,322.0,480.8,140.0,8.27,5.93
1990-02-02 13:00:00+00:00,301.0,442.72,140.0,8.65,6.07
1990-02-02 14:00:00+00:00,167.0,90.71,139.0,8.7,5.93
1990-02-02 15:00:00+00:00,173.0,473.82,70.0,8.63,5.1
1990-02-02 16:00:00+00:00,49.0,156.33,34.0,8.32,4.28
1990-02-02 17:00:00+00:00,0.0,0.0,0.0,7.29,3.72
1990-02-02 18:00:00+00:00,0.0,0.0,0.0,6.57,3.72
1990-02-02 19:00:00+00:00,0.0,0.0,0.0,6.52,4.14
1990-02-02 20:00:00+00:00,0.0,0.0,0.0,6.72,4.34
1990-02-02 21:00:00+00:00,0.0,0.0,0.0,6.68,4.41
1990-02-02 22:00:00+00:00,0.0,0.0,0.0,6.6,4.76
1990-02-02 23:00:00+00:00,0.0,0.0,0.0,6.78,5.24
1990-02-03 00:00:00+00:00,0.0,0.0,0.0,6.59,5.45
1990-02-03 01:00:00+00:00,0.0,0.0,0.0,6.31,5.45
1990-02-03 02:00:00+00:00,0.0,0.0,0.0,6.11,5.52
1990-02-03 03:00:00+00:00,0.0,0.0,0.0,6.07,5.86
1990-02-03 04:00:00+00:00,0.0,0.0,0.0,6.01,6.14
1990-02-03 05:00:00+00:00,0.0,0.0,0.0,6.01,6.34
1990-02-03 06:00:00+00:00,0.0,0.0,0.0,6.08,6.62
1990-02-03 07:00:00+00:00,0.0,0.0,0.0,6.0,6.48
1990-02-03 08:00:00+00:00,14.0,0.0,14.0,5.89,6.83
1990-02-03 09:00:00+00:00,104.0,120.73,81.0,6.27,7.38
1990-02-03 10:00:00+00:00,67.0,0.0,67.0,6.66,9.1
1990-02-03 11:00:00+00:00,139.0,11.21,135.0,7.0,9.45
1990-02-03 12:00:00+00:00,224.0,109.59,182.0,7.2,9.38
1990-02-03 13:00:00+00:00,238.0,171.0,175.0,7.52,9.1
1990-02-03 14:00:00+00:00,171.0,89.32,143.0,7.6,8.21
1990-02-03 15:00:00+00:00,184.0,535.8,65.0,7.64,7.66
1990-02-03 16:00:00+00:00,65.0,358.06,29.0,7.46,7.45
1990-02-03 17:00:00+00:00,0.0,0.0,0.0,7.16,7.24
1990-02-03 18:00:00+00:00,0.0,0.0,0.0,7.23,7.24
1990-02-03 19:00:00+00:00,0.0,0.0,0.0,6.8,7.03
1990-02-03 20:00:00+00:00,0.0,0.0,0.0,6.92,6.83
1990-02-03 21:00:00+00:00,0.0,0.0,0.0,6.83,6.28
1990-02-03 22:00:00+00:00,0.0,0.0,0.0,6.65,6.34
1990-02-03 23:00:00+00:00,0.0,0.0,0.0,6.5,6.21
1990-02-04 00:00:00+00:00,0.0,0.0,0.0,6.4,4.76
1990-02-04 01:00:00+00:00,0.0,0.0,0.0,5.85,5.1
1990-02-04 02:00:00+00:00,0.0,0.0,0.0,5.33,4.69
1990-02-04 03:00:00+00:00,0.0,0.0,0.0,5.02,3.93
1990-02-04 04:00:00+00:00,0.0,0.0,0.0,4.66,4.21
1990-02-04 05:00:00+00:00,0.0,0.0,0.0,4.67,5.38
1990-02-04 06:00:00+00:00,0.0,0.0,0.0,4.75,5.52
1990-02-04 07:00:00+00:00,0.0,0.0,0.0,5.2,5.79
1990-02-04 08:00:00+00:00,25.0,75.93,20.0,5.15,5.79
1990-02-04 09:00:00+00:00,14.0,0.0,14.0,5.53,6.14
1990-02-04 10:00:00+00:00,23.0,0.0,23.0,6.24,6.28
1990-02-04 11:00:00+00:00,194.0,77.45,166.0,6.74,6.69
1990-02-04 12:00:00+00:00,234.0,128.87,184.0,7.27,6.62
1990-02-04 13:00:00+00:00,164.0,26.79,154.0,7.65,6.76
1990-02-04 14:00:00+00:00,82.0,0.0,82.0,7.75,7.52
1990-02-04 15:00:00+00:00,154.0,268.89,93.0,7.78,8.14
1990-02-04 16:00:00+00:00,34.0,19.02,32.0,7.74,8.0
1990-02-04 17:00:00+00:00,0.0,0.0,0.0,7.86,8.62
1990-02-04 18:00:00+00:00,0.0,0.0,0.0,8.0,9.66
1990-02-04 19:00:00+00:00,0.0,0.0,0.0,7.53,10.21
1990-02-04 20:00:00+00:00,0.0,0.0,0.0,7.44,11.17
1990-02-04 21:00:00+00:00,0.0,0.0,0.0,6.99,11.1
1990-02-04 22:00:00+00:00,0.0,0.0,0.0,6.69,11.1
1990-02-04 23:00:00+00:00,0.0,0.0,0.0,6.49,11.93
1990-02-05 00:00:00+00:00,0.0,0.0,0.0,6.42,11.24
1990-02-05 01:00:00+00:00,0.0,0.0,0.0,6.71,10.55
1990-02-05 02:00:00+00:00,0.0,0.0,0.0,7.1,9.31
1990-02-05 03:00:00+00:00,0.0,0.0,0.0,6.9,9.66
1990-02-05 04:00:00+00:00,0.0,0.0,0.0,6.65,9.38
1990-02-05 05:00:00+00:00,0.0,0.0,0.0,6.39,8.97
1990-02-05 06:00:00+00:00,0.0,0.0,0.0,6.56,9.31
1990-02-05 07:00:00+00:00,0.0,0.0,0.0,6.92,10.28
1990-02-05 08:00:00+00:00,27.0,71.49,22.0,6.99,11.1
1990-02-05 09:00:00+00:00,95.0,70.32,81.0,7.16,11.79
1990-02-05 10:00:00+00:00,113.0,13.33,109.0,7.32,12.9
1990-02-05 11:00:00+00:00,66.0,0.0,66.0,7.11,13.38
1990-02-05 12:00:00+00:00,56.0,0.0,56.0,6.74,12.83
1990-02-05 13:00:00+00:00,76.0,0.0,76.0,7.19,11.38
1990-02-05 14:00:00+00:00,200.0,157.81,149.0,8.6,10.07
1990-02-05 15:00:00+00:00,107.0,56.12,94.0,9.27,9.93
1990-02-05 16:00:00+00:00,15.0,0.0,15.0,9.36,10.55
1990-02-05 17:00:00+00:00,0.0,0.0,0.0,9.16,10.62
1990-02-05 18:00:00+00:00,0.0,0.0,0.0,9.08,10.76
1990-02-05 19:00:00+00:00,0.0,0.0,0.0,8.74,10.55
1990-02-05 20:00:00+00:00,0.0,0.0,0.0,8.26,10.34
1990-02-05 21:00:00+00:00,0.0,0.0,0.0,7.83,10.07
1990-02-05 22:00:00+00:00,0.0,0.0,0.0,7.58,9.72
1990-02-05 23:00:00+00:00,0.0,0.0,0.0,7.31,9.24
1990-02-06 00:00:00+00:00,0.0,0.0,0.0,7.29,8.83
1990-02-06 01:00:00+00:00,0.0,0.0,0.0,7.15,8.34
1990-02-06 02:00:00+00:00,0.0,0.0,0.0,7.21,8.14
1990-02-06 03:00:00+00:00,0.0,0.0,0.0,7.22,8.0
1990-02-06 04:00:00+00:00,0.0,0.0,0.0,7.26,7.59
1990-02-06 05:00:00+00:00,0.0,0.0,0.0,7.27,6.9
1990-02-06 06:00:00+00:00,0.0,0.0,0.0,7.05,6.21
1990-02-06 07:00:00+00:00,0.0,0.0,0.0,7.41,5.66
1990-02-06 08:00:00+00:00,14.0,0.0,14.0,7.42,5.93
1990-02-06 09:00:00+00:00,40.0,0.0,40.0,7.64,5.79
1990-02-06 10:00:00+00:00,49.0,0.0,49.0,7.54,5.59
1990-02-06 11:00:00+00:00,89.0,0.0,89.0,7.54,6.34
1990-02-06 12:00:00+00:00,59.0,0.0,59.0,7.32,7.1
1990-02-06 13:00:00+00:00,61.0,0.0,61.0,6.78,7.17
1990-02-06 14:00:00+00:00,78.0,0.0,78.0,6.62,7.03
1990-02-06 15:00:00+00:00,50.0,0.0,50.0,6.87,5.72
1990-02-06 16:00:00+00:00,13.0,0.0,13.0,7.9,3.17
1990-02-06 17:00:00+00:00,0.0,0.0,0.0,9.07,4.34
1990-02-06 18:00:00+00:00,0.0,0.0,0.0,9.84,5.17
1990-02-06 19:00:00+00:00,0.0,0.0,0.0,10.03,7.03
1990-02-06 20:00:00+00:00,0.0,0.0,0.0,9.98,6.62
1990-02-06 21:00:00+00:00,0.0,0.0,0.0,9.8,6.62
1990-02-06 22:00:00+00:00,0.0,0.0,0.0,9.56,6.83
1990-02-06 23:00:00+00:00,0.0,0.0,0.0,9.43,6.76
1990-02-07 00:00:00+00:00,0.0,0.0,0.0,9.34,5.79
1990-02-07 01:00:00+00:00,0.0,0.0,0.0,9.44,4.83
1990-02-07 02:00:00+00:00,0.0,0.0,0.0,9.43,4.14
1990-02-07 03:00:00+00:00,0.0,0.0,0.0,9.12,2.9
1990-02-07 04:00:00+00:00,0.0,0.0,0.0,7.8,4.69
1990-02-07 05:00:00+00:00,0.0,0.0,0.0,4.39,8.48
1990-02-07 06:00:00+00:00,0.0,0.0,0.0,3.31,7.86
1990-02-07 07:00:00+00:00,0.0,0.0,0.0,3.85,7.66
1990-02-07 08:00:00+00:00,21.0,12.76,20.0,4.68,7.03
1990-02-07 09:00:00+00:00,104.0,81.73,87.0,5.29,6.62
1990-02-07 10:00:00+00:00,267.0,555.79,95.0,5.88,7.45
1990-02-07 11:00:00+00:00,352.0,691.73,92.0,6.74,7.72
1990-02-07 12:00:00+00:00,195.0,44.7,177.0,7.37,7.66
1990-02-07 13:00:00+00:00,342.0,559.14,125.0,7.85,6.83
1990-02-07 14:00:00+00:00,298.0,621.48,91.0,8.29,6.69
1990-02-07 15:00:00+00:00,195.0,488.83,77.0,8.31,6.48
1990-02-07 16:00:00+00:00,83.0,402.38,35.0,7.93,5.86
1990-02-07 17:00:00+00:00,0.0,0.0,0.0,7.38,5.72
1990-02-07 18:00:00+00:00,0.0,0.0,0.0,6.78,6.97
1990-02-07 19:00:00+00:00,0.0,0.0,0.0,7.04,8.14
1990-02-07 20:00:00+00:00,0.0,0.0,0.0,7.06,8.21
1990-02-07 21:00:00+00:00,0.0,0.0,0.0,7.1,8.21
1990-02-07 22:00:00+00:00,0.0,0.0,0.0,7.19,9.45
1990-02-07 23:00:00+00:00,0.0,0.0,0.0,7.42,10.28
1990-02-08 00:00:00+00:00,0.0,0.0,0.0,7.76,10.83
1990-02-08 01:00:00+00:00,0.0,0.0,0.0,8.24,11.66
1990-02-08 02:00:00+00:00,0.0,0.0,0.0,8.84,10.69
1990-02-08 03:00:00+00:00,0.0,0.0,0.0,8.98,9.45
1990-02-08 04:00:00+00:00,0.0,0.0,0.0,8.29,8.0
1990-02-08 05:00:00+00:00,0.0,0.0,0.0,7.68,7.79
1990-02-08 06:00:00+00:00,0.0,0.0,0.0,7.41,8.14
1990-02-08 07:00:00+00:00,0.0,0.0,0.0,6.87,8.21
1990-02-08 08:00:00+00:00,32.0,60.42,27.0,6.9,9.17
1990-02-08 09:00:00+00:00,44.0,0.0,44.0,6.85,10.0
1990-02-08 10:00:00+00:00,155.0,57.28,137.0,7.01,9.72
1990-02-08 11:00:00+00:00,362.0,719.54,88.0,7.13,11.59
1990-02-08 12:00:00+00:00,237.0,107.92,193.0,6.86,11.45
1990-02-08 13:00:00+00:00,325.0,442.59,151.0,7.12,10.28
1990-02-08 14:00:00+00:00,303.0,615.22,95.0,7.07,10.62
1990-02-08 15:00:00+00:00,102.0,28.42,95.0,7.05,10.69
1990-02-08 16:00:00+00:00,16.0,0.0,16.0,6.9,11.17
1990-02-08 17:00:00+00:00,0.0,0.0,0.0,6.59,11.31
1990-02-08 18:00:00+00:00,0.0,0.0,0.0,6.56,10.21
1990-02-08 19:00:00+00:00,0.0,0.0,0.0,6.78,9.31
1990-02-08 20:00:00+00:00,0.0,0.0,0.0,6.68,9.93
1990-02-08 21:00:00+00:00,0.0,0.0,0.0,6.58,10.21
1990-02-08 22:00:00+00:00,0.0,0.0,0.0,6.33,10.21
1990-02-08 23:00:00+00:00,0.0,0.0,0.0,6.24,10.28
1990-02-09 00:00:00+00:00,0.0,0.0,0.0,6.27,10.28
1990-02-09 01:00:00+00:00,0.0,0.0,0.0,6.18,10.0
1990-02-09 02:00:00+00:00,0.0,0.0,0.0,5.94,10.14
1990-02-09 03:00:00+00:00,0.0,0.0,0.0,5.68,10.34
1990-02-09 04:00:00+00:00,0.0,0.0,0.0,5.73,10.55
1990-02-09 05:00:00+00:00,0.0,0.0,0.0,5.63,10.55
1990-02-09 06:00:00+00:00,0.0,0.0,0.0,5.49,10.28
1990-02-09 07:00:00+00:00,0.0,0.0,0.0,5.77,9.31
1990-02-09 08:00:00+00:00,33.0,45.86,29.0,5.75,9.24
1990-02-09 09:00:00+00:00,152.0,303.78,86.0,5.91,9.45
1990-02-09 10:00:00+00:00,181.0,106.55,147.0,6.34,9.38
1990-02-09 11:00:00+00:00,261.0,204.78,182.0,6.76,9.93
1990-02-09 12:00:00+00:00,381.0,625.03,123.0,7.07,9.52
1990-02-09 13:00:00+00:00,353.0,547.42,135.0,7.58,9.24
1990-02-09 14:00:00+00:00,311.0,620.73,98.0,7.47,9.17
1990-02-09 15:00:00+00:00,181.0,314.41,102.0,7.07,7.93
1990-02-09 16:00:00+00:00,83.0,294.9,45.0,6.71,7.59
1990-02-09 17:00:00+00:00,0.0,0.0,0.0,5.99,6.41
1990-02-09 18:00:00+00:00,0.0,0.0,0.0,5.4,5.72
1990-02-09 19:00:00+00:00,0.0,0.0,0.0,4.9,5.38
1990-02-09 20:00:00+00:00,0.0,0.0,0.0,4.77,4.48
1990-02-09 21:00:00+00:00,0.0,0.0,0.0,4.57,3.72
1990-02-09 22:00:00+00:00,0.0,0.0,0.0,4.25,2.97
1990-02-09 23:00:00+00:00,0.0,0.0,0.0,4.17,2.41
1990-02-10 00:00:00+00:00,0.0,0.0,0.0,4.03,2.07
1990-02-10 01:00:00+00:00,0.0,0.0,0.0,3.81,1.86
1990-02-10 02:00:00+00:00,0.0,0.0,0.0,3.53,1.79
1990-02-10 03:00:00+00:00,0.0,0.0,0.0,3.55,1.86
1990-02-10 04:00:00+00:00,0.0,0.0,0.0,3.67,1.93
1990-02-10 05:00:00+00:00,0.0,0.0,0.0,3.8,1.86
1990-02-10 06:00:00+00:00,0.0,0.0,0.0,3.4,1.72
1990-02-10 07:00:00+00:00,0.0,0.0,0.0,2.78,2.0
1990-02-10 08:00:00+00:00,38.0,76.29,31.0,2.98,1.86
1990-02-10 09:00:00+00:00,155.0,297.28,89.0,4.57,1.59
1990-02-10 10:00:00+00:00,307.0,719.08,74.0,6.87,2.21
1990-02-10 11:00:00+00:00,359.0,626.85,114.0,7.81,3.59
1990-02-10 12:00:00+00:00,198.0,35.89,183.0,8.19,5.03
1990-02-10 13:00:00+00:00,224.0,84.29,190.0,8.09,5.59
1990-02-10 14:00:00+00:00,184.0,74.66,158.0,8.01,5.72
1990-02-10 15:00:00+00:00,103.0,23.41,97.0,8.0,6.48
1990-02-10 16:00:00+00:00,52.0,37.4,47.0,7.6,6.14
1990-02-10 17:00:00+00:00,0.0,0.0,0.0,6.78,6.14
1990-02-10 18:00:00+00:00,0.0,0.0,0.0,5.79,5.86
1990-02-10 19:00:00+00:00,0.0,0.0,0.0,5.28,5.52
1990-02-10 20:00:00+00:00,0.0,0.0,0.0,5.12,5.24
1990-02-10 21:00:00+00:00,0.0,0.0,0.0,4.67,4.76
1990-02-10 22:00:00+00:00,0.0,0.0,0.0,4.4,4.55
1990-02-10 23:00:00+00:00,0.0,0.0,0.0,3.94,3.93
1990-02-11 00:00:00+00:00,0.0,0.0,0.0,3.53,3.86
1990-02-11 01:00:00+00:00,0.0,0.0,0.0,3.49,3.72
1990-02-11 02:00:00+00:00,0.0,0.0,0.0,4.05,3.86
1990-02-11 03:00:00+00:00,0.0,0.0,0.0,5.09,4.48
1990-02-11 04:00:00+00:00,0.0,0.0,0.0,6.12,6.83
1990-02-11 05:00:00+00:00,0.0,0.0,0.0,6.53,8.21
1990-02-11 06:00:00+00:00,0.0,0.0,0.0,6.78,9.1
1990-02-11 07:00:00+00:00,0.0,0.0,0.0,6.79,9.24
1990-02-11 08:00:00+00:00,29.0,10.38,28.0,6.87,10.34
1990-02-11 09:00:00+00:00,45.0,0.0,45.0,7.02,11.45
1990-02-11 10:00:00+00:00,140.0,24.31,132.0,7.23,11.1
1990-02-11 11:00:00+00:00,242.0,131.33,190.0,6.87,8.55
1990-02-11 12:00:00+00:00,432.0,836.72,78.0,5.49,7.52
1990-02-11 13:00:00+00:00,387.0,682.89,108.0,6.21,7.52
1990-02-11 14:00:00+00:00,236.0,203.76,164.0,7.06,7.45
1990-02-11 15:00:00+00:00,219.0,520.55,83.0,7.02,6.9
1990-02-11 16:00:00+00:00,73.0,137.15,54.0,6.52,6.14
1990-02-11 17:00:00+00:00,0.0,0.0,0.0,5.75,6.0
1990-02-11 18:00:00+00:00,0.0,0.0,0.0,5.14,5.93
1990-02-11 19:00:00+00:00,0.0,0.0,0.0,4.68,5.17
1990-02-11 20:00:00+00:00,0.0,0.0,0.0,4.47,5.66
1990-02-11 21:00:00+00:00,0.0,0.0,0.0,4.16,5.45
1990-02-11 22:00:00+00:00,0.0,0.0,0.0,3.72,5.45
1990-02-11 23:00:00+00:00,0.0,0.0,0.0,3.51,5.52
1990-02-12 00:00:00+00:00,0.0,0.0,0.0,3.72,5.45
1990-02-12 01:00:00+00:00,0.0,0.0,0.0,3.94,5.03
1990-02-12 02:00:00+00:00,0.0,0.0,0.0,3.96,5.03
1990-02-12 03:00:00+00:00,0.0,0.0,0.0,4.23,4.83
1990-02-12 04:00:00+00:00,0.0,0.0,0.0,4.58,4.48
1990-02-12 05:00:00+00:00,0.0,0.0,0.0,5.08,5.24
1990-02-12 06:00:00+00:00,0.0,0.0,0.0,5.64,6.76
1990-02-12 07:00:00+00:00,0.0,0.0,0.0,6.41,7.59
1990-02-12 08:00:00+00:00,9.0,0.0,9.0,6.79,8.76
1990-02-12 09:00:00+00:00,44.0,0.0,44.0,7.07,9.93
1990-02-12 10:00:00+00:00,169.0,62.86,148.0,7.19,12.14
1990-02-12 11:00:00+00:00,94.0,0.0,94.0,7.27,12.48
1990-02-12 12:00:00+00:00,57.0,0.0,57.0,7.08,13.31
1990-02-12 13:00:00+00:00,47.0,0.0,47.0,7.24,13.45
1990-02-12 14:00:00+00:00,61.0,0.0,61.0,7.78,14.76
1990-02-12 15:00:00+00:00,177.0,232.82,115.0,8.06,10.69
1990-02-12 16:00:00+00:00,101.0,390.48,45.0,8.25,10.0
1990-02-12 17:00:00+00:00,0.0,0.0,0.0,7.57,10.41
1990-02-12 18:00:00+00:00,0.0,0.0,0.0,6.93,10.07
1990-02-12 19:00:00+00:00,0.0,0.0,0.0,6.64,9.66
1990-02-12 20:00:00+00:00,0.0,0.0,0.0,5.96,9.24
1990-02-12 21:00:00+00:00,0.0,0.0,0.0,5.7,9.1
1990-02-12 22:00:00+00:00,0.0,0.0,0.0,5.67,9.1
1990-02-12 23:00:00+00:00,0.0,0.0,0.0,5.51,8.9
1990-02-13 00:00:00+00:00,0.0,0.0,0.0,5.36,8.48
1990-02-13 01:00:00+00:00,0.0,0.0,0.0,5.36,8.14
1990-02-13 02:00:00+00:00,0.0,0.0,0.0,5.12,7.66
1990-02-13 03:00:00+00:00,0.0,0.0,0.0,4.8,6.62
1990-02-13 04:00:00+00:00,0.0,0.0,0.0,4.75,5.93
1990-02-13 05:00:00+00:00,0.0,0.0,0.0,4.54,5.1
1990-02-13 06:00:00+00:00,0.0,0.0,0.0,4.54,4.48
1990-02-13 07:00:00+00:00,0.0,0.0,0.0,4.66,4.14
1990-02-13 08:00:00+00:00,29.0,9.45,28.0,4.4,3.79
1990-02-13 09:00:00+00:00,213.0,659.01,57.0,4.67,3.93
1990-02-13 10:00:00+00:00,284.0,468.74,125.0,5.35,4.69
1990-02-13 11:00:00+00:00,408.0,804.72,81.0,6.02,6.28
1990-02-13 12:00:00+00:00,416.0,691.91,116.0,6.69,7.52
1990-02-13 13:00:00+00:00,429.0,842.41,76.0,7.03,7.72
1990-02-13 14:00:00+00:00,340.0,670.87,96.0,7.1,8.28
1990-02-13 15:00:00+00:00,252.0,700.16,62.0,6.89,8.07
1990-02-13 16:00:00+00:00,40.0,0.0,40.0,5.75,7.31
1990-02-13 17:00:00+00:00,0.0,0.0,0.0,5.04,6.34
1990-02-13 18:00:00+00:00,0.0,0.0,0.0,4.73,5.72
1990-02-13 19:00:00+00:00,0.0,0.0,0.0,4.87,6.28
1990-02-13 20:00:00+00:00,0.0,0.0,0.0,4.66,5.86
1990-02-13 21:00:00+00:00,0.0,0.0,0.0,4.44,5.79
1990-02-13 22:00:00+00:00,0.0,0.0,0.0,4.38,5.72
1990-02-13 23:00:00+00:00,0.0,0.0,0.0,4.37,5.38
1990-02-14 00:00:00+00:00,0.0,0.0,0.0,4.28,4.9
1990-02-14 01:00:00+00:00,0.0,0.0,0.0,4.02,4.41
1990-02-14 02:00:00+00:00,0.0,0.0,0.0,3.81,3.72
1990-02-14 03:00:00+00:00,0.0,0.0,0.0,3.75,2.83
1990-02-14 04:00:00+00:00,0.0,0.0,0.0,3.85,2.62
1990-02-14 05:00:00+00:00,0.0,0.0,0.0,4.43,3.17
1990-02-14 06:00:00+00:00,0.0,0.0,0.0,4.99,4.48
1990-02-14 07:00:00+00:00,0.0,0.0,0.0,5.51,6.55
1990-02-14 08:00:00+00:00,26.0,0.0,26.0,5.18,7.17
1990-02-14 09:00:00+00:00,82.0,8.27,80.0,4.92,8.07
1990-02-14 10:00:00+00:00,51.0,0.0,51.0,5.09,9.17
1990-02-14 11:00:00+00:00,56.0,0.0,56.0,5.71,9.66
1990-02-14 12:00:00+00:00,91.0,0.0,91.0,6.89,8.62
1990-02-14 13:00:00+00:00,73.0,0.0,73.0,8.65,8.62
1990-02-14 14:00:00+00:00,63.0,0.0,63.0,10.07,9.86
1990-02-14 15:00:00+00:00,128.0,47.02,115.0,10.87,11.1
1990-02-14 16:00:00+00:00,23.0,0.0,23.0,11.05,12.28
1990-02-14 17:00:00+00:00,0.0,0.0,0.0,10.85,12.97
1990-02-14 18:00:00+00:00,0.0,0.0,0.0,10.8,13.17
1990-02-14 19:00:00+00:00,0.0,0.0,0.0,10.31,13.52
1990-02-14 20:00:00+00:00,0.0,0.0,0.0,9.71,14.28
1990-02-14 21:00:00+00:00,0.0,0.0,0.0,9.49,15.17
1990-02-14 22:00:00+00:00,0.0,0.0,0.0,9.26,15.52
1990-02-14 23:00:00+00:00,0.0,0.0,0.0,8.9,15.52
1990-02-15 00:00:00+00:00,0.0,0.0,0.0,8.32,14.9
1990-02-15 01:00:00+00:00,0.0,0.0,0.0,8.14,14.07
1990-02-15 02:00:00+00:00,0.0,0.0,0.0,8.06,13.52
1990-02-15 03:00:00+00:00,0.0,0.0,0.0,7.84,13.1
1990-02-15 04:00:00+00:00,0.0,0.0,0.0,7.74,12.62
1990-02-15 05:00:00+00:00,0.0,0.0,0.0,7.78,12.14
1990-02-15 06:00:00+00:00,0.0,0.0,0.0,7.8,11.66
1990-02-15 07:00:00+00:00,0.0,0.0,0.0,7.6,11.72
1990-02-15 08:00:00+00:00,37.0,17.29,35.0,7.72,11.31
1990-02-15 09:00:00+00:00,59.0,0.0,59.0,7.9,11.1
1990-02-15 10:00:00+00:00,201.0,108.68,163.0,8.21,12.0
1990-02-15 11:00:00+00:00,317.0,314.17,186.0,8.5,11.24
1990-02-15 12:00:00+00:00,335.0,297.13,203.0,8.8,10.62
1990-02-15 13:00:00+00:00,74.0,0.0,74.0,9.0,10.07
1990-02-15 14:00:00+00:00,326.0,537.19,125.0,9.17,9.59
1990-02-15 15:00:00+00:00,118.0,28.41,110.0,8.91,9.1
1990-02-15 16:00:00+00:00,99.0,240.27,61.0,8.4,7.31
1990-02-15 17:00:00+00:00,0.0,0.0,0.0,7.88,5.66
1990-02-15 18:00:00+00:00,0.0,0.0,0.0,7.22,4.62
1990-02-15 19:00:00+00:00,0.0,0.0,0.0,6.61,4.69
1990-02-15 20:00:00+00:00,0.0,0.0,0.0,5.97,4.48
1990-02-15 21:00:00+00:00,0.0,0.0,0.0,5.51,4.34
1990-02-15 22:00:00+00:00,0.0,0.0,0.0,5.27,4.28
1990-02-15 23:00:00+00:00,0.0,0.0,0.0,5.02,4.14
1990-02-16 00:00:00+00:00,0.0,0.0,0.0,4.72,4.0
1990-02-16 01:00:00+00:00,0.0,0.0,0.0,4.39,4.0
1990-02-16 02:00:00+00:00,0.0,0.0,0.0,4.05,3.86
1990-02-16 03:00:00+00:00,0.0,0.0,0.0,3.7,3.66
1990-02-16 04:00:00+00:00,0.0,0.0,0.0,3.35,3.45
1990-02-16 05:00:00+00:00,0.0,0.0,0.0,3.04,3.24
1990-02-16 06:00:00+00:00,0.0,0.0,0.0,2.72,3.03
1990-02-16 07:00:00+00:00,0.0,0.0,0.0,2.78,2.97
1990-02-16 08:00:00+00:00,83.0,372.81,38.0,2.84,2.76
1990-02-16 09:00:00+00:00,220.0,599.04,69.0,4.24,2.34
1990-02-16 10:00:00+00:00,343.0,735.31,82.0,6.2,2.55
1990-02-16 11:00:00+00:00,411.0,729.26,103.0,7.51,2.9
1990-02-16 12:00:00+00:00,453.0,796.17,95.0,8.29,2.97
1990-02-16 13:00:00+00:00,362.0,416.08,181.0,8.7,3.17
1990-02-16 14:00:00+00:00,303.0,376.88,160.0,8.88,3.31
1990-02-16 15:00:00+00:00,224.0,394.16,111.0,8.78,3.38
1990-02-16 16:00:00+00:00,97.0,196.19,65.0,8.35,3.03
1990-02-16 17:00:00+00:00,0.0,0.0,0.0,7.3,2.62
1990-02-16 18:00:00+00:00,0.0,0.0,0.0,6.28,2.34
1990-02-16 19:00:00+00:00,0.0,0.0,0.0,6.07,2.28
1990-02-16 20:00:00+00:00,0.0,0.0,0.0,5.85,2.21
1990-02-16 21:00:00+00:00,0.0,0.0,0.0,5.55,2.48
1990-02-16 22:00:00+00:00,0.0,0.0,0.0,5.59,2.69
1990-02-16 23:00:00+00:00,0.0,0.0,0.0,5.71,2.97
1990-02-17 00:00:00+00:00,0.0,0.0,0.0,6.12,3.38
1990-02-17 01:00:00+00:00,0.0,0.0,0.0,6.28,4.14
1990-02-17 02:00:00+00:00,0.0,0.0,0.0,6.46,4.62
1990-02-17 03:00:00+00:00,0.0,0.0,0.0,6.61,4.97
1990-02-17 04:00:00+00:00,0.0,0.0,0.0,6.67,5.31
1990-02-17 05:00:00+00:00,0.0,0.0,0.0,6.72,5.66
1990-02-17 06:00:00+00:00,0.0,0.0,0.0,6.79,5.93
1990-02-17 07:00:00+00:00,0.0,0.0,0.0,7.49,6.14
1990-02-17 08:00:00+00:00,9.0,0.0,9.0,7.74,6.62
1990-02-17 09:00:00+00:00,104.0,27.2,97.0,8.03,7.03
1990-02-17 10:00:00+00:00,172.0,47.18,155.0,8.16,7.1
1990-02-17 11:00:00+00:00,230.0,74.81,198.0,8.32,6.76
1990-02-17 12:00:00+00:00,252.0,83.5,214.0,8.45,6.83
1990-02-17 13:00:00+00:00,233.0,68.12,203.0,8.65,7.38
1990-02-17 14:00:00+00:00,219.0,103.97,179.0,8.97,7.79
1990-02-17 15:00:00+00:00,146.0,68.53,126.0,8.78,6.97
1990-02-17 16:00:00+00:00,47.0,5.95,46.0,8.41,6.97
1990-02-17 17:00:00+00:00,0.0,0.0,0.0,8.0,6.97
1990-02-17 18:00:00+00:00,0.0,0.0,0.0,7.78,6.97
1990-02-17 19:00:00+00:00,0.0,0.0,0.0,8.14,6.07
1990-02-17 20:00:00+00:00,0.0,0.0,0.0,8.2,6.41
1990-02-17 21:00:00+00:00,0.0,0.0,0.0,8.3,6.62
1990-02-17 22:00:00+00:00,0.0,0.0,0.0,8.27,6.69
1990-02-17 23:00:00+00:00,0.0,0.0,0.0,8.2,6.21
1990-02-18 00:00:00+00:00,0.0,0.0,0.0,8.18,5.72
1990-02-18 01:00:00+00:00,0.0,0.0,0.0,8.16,5.31
1990-02-18 02:00:00+00:00,0.0,0.0,0.0,8.05,4.9
1990-02-18 03:00:00+00:00,0.0,0.0,0.0,7.82,4.28
1990-02-18 04:00:00+00:00,0.0,0.0,0.0,7.55,3.86
1990-02-18 05:00:00+00:00,0.0,0.0,0.0,7.41,3.59
1990-02-18 06:00:00+00:00,0.0,0.0,0.0,7.2,3.31
1990-02-18 07:00:00+00:00,0.0,0.0,0.0,6.84,3.31
1990-02-18 08:00:00+00:00,41.0,15.27,39.0,7.13,3.52
1990-02-18 09:00:00+00:00,126.0,60.92,110.0,7.76,3.66
1990-02-18 10:00:00+00:00,195.0,79.29,166.0,8.33,3.66
1990-02-18 11:00:00+00:00,301.0,226.2,203.0,8.91,3.72
1990-02-18 12:00:00+00:00,270.0,106.39,221.0,9.49,4.0
1990-02-18 13:00:00+00:00,273.0,132.34,214.0,9.8,4.41
1990-02-18 14:00:00+00:00,76.0,0.0,76.0,9.82,4.55
1990-02-18 15:00:00+00:00,23.0,0.0,23.0,9.6,4.41
1990-02-18 16:00:00+00:00,56.0,11.56,54.0,9.32,4.0
1990-02-18 17:00:00+00:00,0.0,0.0,0.0,8.57,3.1
1990-02-18 18:00:00+00:00,0.0,0.0,0.0,7.41,2.76
1990-02-18 19:00:00+00:00,0.0,0.0,0.0,7.41,2.55
1990-02-18 20:00:00+00:00,0.0,0.0,0.0,6.91,2.55
1990-02-18 21:00:00+00:00,0.0,0.0,0.0,6.64,2.55
1990-02-18 22:00:00+00:00,0.0,0.0,0.0,6.05,2.69
1990-02-18 23:00:00+00:00,0.0,0.0,0.0,5.82,2.69
1990-02-19 00:00:00+00:00,0.0,0.0,0.0,5.42,2.62
1990-02-19 01:00:00+00:00,0.0,0.0,0.0,5.14,2.48
1990-02-19 02:00:00+00:00,0.0,0.0,0.0,4.63,2.41
1990-02-19 03:00:00+00:00,0.0,0.0,0.0,4.21,2.28
1990-02-19 04:00:00+00:00,0.0,0.0,0.0,3.92,2.34
1990-02-19 05:00:00+00:00,0.0,0.0,0.0,3.71,2.41
1990-02-19 06:00:00+00:00,0.0,0.0,0.0,3.71,2.48
1990-02-19 07:00:00+00:00,0.0,0.0,0.0,4.69,2.62
1990-02-19 08:00:00+00:00,61.0,73.43,51.0,5.45,2.34
1990-02-19 09:00:00+00:00,103.0,18.66,98.0,6.59,3.59
1990-02-19 10:00:00+00:00,125.0,2.69,124.0,7.54,4.21
1990-02-19 11:00:00+00:00,374.0,478.64,164.0,8.2,4.34
1990-02-19 12:00:00+00:00,142.0,0.0,142.0,8.73,4.69
1990-02-19 13:00:00+00:00,70.0,0.0,70.0,9.04,4.83
1990-02-19 14:00:00+00:00,188.0,43.0,171.0,9.11,4.41
1990-02-19 15:00:00+00:00,149.0,62.88,130.0,9.5,4.48
1990-02-19 16:00:00+00:00,118.0,292.1,66.0,9.43,3.86
1990-02-19 17:00:00+00:00,5.0,0.0,5.0,8.96,4.0
1990-02-19 18:00:00+00:00,0.0,0.0,0.0,8.77,4.48
1990-02-19 19:00:00+00:00,0.0,0.0,0.0,8.89,4.9
1990-02-19 20:00:00+00:00,0.0,0.0,0.0,9.11,5.17
1990-02-19 21:00:00+00:00,0.0,0.0,0.0,9.29,5.52
1990-02-19 22:00:00+00:00,0.0,0.0,0.0,9.25,5.52
1990-02-19 23:00:00+00:00,0.0,0.0,0.0,9.16,5.52
1990-02-20 00:00:00+00:00,0.0,0.0,0.0,9.26,5.79
1990-02-20 01:00:00+00:00,0.0,0.0,0.0,9.39,6.07
1990-02-20 02:00:00+00:00,0.0,0.0,0.0,9.51,6.41
1990-02-20 03:00:00+00:00,0.0,0.0,0.0,9.66,6.62
1990-02-20 04:00:00+00:00,0.0,0.0,0.0,9.82,6.76
1990-02-20 05:00:00+00:00,0.0,0.0,0.0,9.89,7.03
1990-02-20 06:00:00+00:00,0.0,0.0,0.0,9.83,7.66
1990-02-20 07:00:00+00:00,0.0,0.0,0.0,9.78,7.31
1990-02-20 08:00:00+00:00,33.0,0.0,33.0,9.87,7.59
1990-02-20 09:00:00+00:00,110.0,21.94,104.0,9.94,7.86
1990-02-20 10:00:00+00:00,84.0,0.0,84.0,9.93,7.72
1990-02-20 11:00:00+00:00,158.0,4.5,156.0,9.84,6.48
1990-02-20 12:00:00+00:00,307.0,169.64,227.0,9.97,5.17
1990-02-20 13:00:00+00:00,422.0,643.75,128.0,10.24,5.17
1990-02-20 14:00:00+00:00,299.0,314.47,173.0,10.21,6.55
1990-02-20 15:00:00+00:00,223.0,315.62,126.0,9.78,7.03
1990-02-20 16:00:00+00:00,133.0,398.88,60.0,9.3,6.9
1990-02-20 17:00:00+00:00,8.0,0.0,8.0,8.6,6.55
1990-02-20 18:00:00+00:00,0.0,0.0,0.0,7.96,6.07
1990-02-20 19:00:00+00:00,0.0,0.0,0.0,7.45,4.28
1990-02-20 20:00:00+00:00,0.0,0.0,0.0,6.78,3.93
1990-02-20 21:00:00+00:00,0.0,0.0,0.0,6.35,3.72
1990-02-20 22:00:00+00:00,0.0,0.0,0.0,5.9,3.31
1990-02-20 23:00:00+00:00,0.0,0.0,0.0,5.64,3.1
1990-02-21 00:00:00+00:00,0.0,0.0,0.0,5.19,3.1
1990-02-21 01:00:00+00:00,0.0,0.0,0.0,4.86,3.38
1990-02-21 02:00:00+00:00,0.0,0.0,0.0,4.54,3.79
1990-02-21 03:00:00+00:00,0.0,0.0,0.0,4.18,3.93
1990-02-21 04:00:00+00:00,0.0,0.0,0.0,3.86,4.0
1990-02-21 05:00:00+00:00,0.0,0.0,0.0,3.57,3.93
1990-02-21 06:00:00+00:00,0.0,0.0,0.0,3.41,4.0
1990-02-21 07:00:00+00:00,0.0,0.0,0.0,3.75,4.21
1990-02-21 08:00:00+00:00,109.0,442.65,44.0,4.11,4.34
1990-02-21 09:00:00+00:00,245.0,609.53,75.0,5.34,4.28
1990-02-21 10:00:00+00:00,357.0,674.93,99.0,6.63,5.52
1990-02-21 11:00:00+00:00,246.0,75.58,212.0,7.68,7.03
1990-02-21 12:00:00+00:00,472.0,762.9,108.0,8.16,7.66
1990-02-21 13:00:00+00:00,318.0,205.55,223.0,8.4,8.07
1990-02-21 14:00:00+00:00,345.0,475.34,152.0,8.59,8.48
1990-02-21 15:00:00+00:00,214.0,239.99,139.0,8.54,8.07
1990-02-21 16:00:00+00:00,110.0,164.89,79.0,8.19,7.24
1990-02-21 17:00:00+00:00,17.0,195.15,9.0,7.54,6.34
1990-02-21 18:00:00+00:00,0.0,0.0,0.0,6.89,6.14
1990-02-21 19:00:00+00:00,0.0,0.0,0.0,6.56,6.48
1990-02-21 20:00:00+00:00,0.0,0.0,0.0,6.45,6.41
1990-02-21 21:00:00+00:00,0.0,0.0,0.0,6.43,6.34
1990-02-21 22:00:00+00:00,0.0,0.0,0.0,6.41,6.21
1990-02-21 23:00:00+00:00,0.0,0.0,0.0,6.26,5.59
1990-02-22 00:00:00+00:00,0.0,0.0,0.0,5.8,5.03
1990-02-22 01:00:00+00:00,0.0,0.0,0.0,5.55,4.83
1990-02-22 02:00:00+00:00,0.0,0.0,0.0,5.29,4.62
1990-02-22 03:00:00+00:00,0.0,0.0,0.0,4.98,4.34
1990-02-22 04:00:00+00:00,0.0,0.0,0.0,4.67,4.07
1990-02-22 05:00:00+00:00,0.0,0.0,0.0,4.5,4.0
1990-02-22 06:00:00+00:00,0.0,0.0,0.0,4.47,4.0
1990-02-22 07:00:00+00:00,0.0,0.0,0.0,4.65,4.0
1990-02-22 08:00:00+00:00,105.0,348.08,52.0,4.92,3.86
1990-02-22 09:00:00+00:00,246.0,576.58,82.0,6.17,3.59
1990-02-22 10:00:00+00:00,360.0,660.03,104.0,7.54,4.41
1990-02-22 11:00:00+00:00,437.0,704.74,116.0,8.6,4.62
1990-02-22 12:00:00+00:00,355.0,261.03,229.0,9.43,5.17
1990-02-22 13:00:00+00:00,339.0,252.32,221.0,9.98,5.66
1990-02-22 14:00:00+00:00,408.0,790.02,83.0,9.84,5.66
1990-02-22 15:00:00+00:00,282.0,607.48,89.0,9.71,6.14
1990-02-22 16:00:00+00:00,140.0,367.86,69.0,9.26,5.59
1990-02-22 17:00:00+00:00,13.0,43.67,11.0,8.52,5.24
1990-02-22 18:00:00+00:00,0.0,0.0,0.0,8.12,5.17
1990-02-22 19:00:00+00:00,0.0,0.0,0.0,7.9,5.31
1990-02-22 20:00:00+00:00,0.0,0.0,0.0,8.08,5.79
1990-02-22 21:00:00+00:00,0.0,0.0,0.0,8.23,6.34
1990-02-22 22:00:00+00:00,0.0,0.0,0.0,8.49,6.76
1990-02-22 23:00:00+00:00,0.0,0.0,0.0,8.46,6.97
1990-02-23 00:00:00+00:00,0.0,0.0,0.0,8.53,7.17
1990-02-23 01:00:00+00:00,0.0,0.0,0.0,8.78,7.59
1990-02-23 02:00:00+00:00,0.0,0.0,0.0,9.03,7.93
1990-02-23 03:00:00+00:00,0.0,0.0,0.0,9.1,8.0
1990-02-23 04:00:00+00:00,0.0,0.0,0.0,9.08,8.28
1990-02-23 05:00:00+00:00,0.0,0.0,0.0,9.15,8.55
1990-02-23 06:00:00+00:00,0.0,0.0,0.0,9.19,8.41
1990-02-23 07:00:00+00:00,0.0,0.0,0.0,9.44,8.62
1990-02-23 08:00:00+00:00,50.0,12.68,48.0,9.63,8.76
1990-02-23 09:00:00+00:00,76.0,0.0,76.0,9.92,8.9
1990-02-23 10:00:00+00:00,49.0,0.0,49.0,10.16,9.17
1990-02-23 11:00:00+00:00,94.0,0.0,94.0,10.34,8.83
1990-02-23 12:00:00+00:00,160.0,2.05,159.0,10.46,8.48
1990-02-23 13:00:00+00:00,199.0,16.91,191.0,10.81,9.38
1990-02-23 14:00:00+00:00,293.0,242.35,192.0,11.09,8.97
1990-02-23 15:00:00+00:00,202.0,170.33,147.0,11.2,7.72
1990-02-23 16:00:00+00:00,105.0,116.15,82.0,10.95,7.93
1990-02-23 17:00:00+00:00,17.0,59.29,14.0,10.73,7.72
1990-02-23 18:00:00+00:00,0.0,0.0,0.0,10.31,7.52
1990-02-23 19:00:00+00:00,0.0,0.0,0.0,10.07,7.24
1990-02-23 20:00:00+00:00,0.0,0.0,0.0,9.78,6.76
1990-02-23 21:00:00+00:00,0.0,0.0,0.0,9.49,6.41
1990-02-23 22:00:00+00:00,0.0,0.0,0.0,9.15,6.41
1990-02-23 23:00:00+00:00,0.0,0.0,0.0,8.87,6.55
1990-02-24 00:00:00+00:00,0.0,0.0,0.0,8.63,6.48
1990-02-24 01:00:00+00:00,0.0,0.0,0.0,8.4,6.28
1990-02-24 02:00:00+00:00,0.0,0.0,0.0,8.22,6.14
1990-02-24 03:00:00+00:00,0.0,0.0,0.0,8.12,6.0
1990-02-24 04:00:00+00:00,0.0,0.0,0.0,8.03,5.86
1990-02-24 05:00:00+00:00,0.0,0.0,0.0,7.83,5.66
1990-02-24 06:00:00+00:00,0.0,0.0,0.0,7.77,5.66
1990-02-24 07:00:00+00:00,0.0,0.0,0.0,7.66,5.38
1990-02-24 08:00:00+00:00,121.0,440.96,49.0,8.12,5.38
1990-02-24 09:00:00+00:00,256.0,585.15,83.0,9.24,5.1
1990-02-24 10:00:00+00:00,392.0,786.62,78.0,10.2,6.21
1990-02-24 11:00:00+00:00,89.0,0.0,89.0,10.75,6.97
1990-02-24 12:00:00+00:00,154.0,0.0,154.0,10.74,7.17
1990-02-24 13:00:00+00:00,106.0,0.0,106.0,10.85,7.24
1990-02-24 14:00:00+00:00,71.0,0.0,71.0,10.68,7.1
1990-02-24 15:00:00+00:00,62.0,0.0,62.0,10.23,6.48
1990-02-24 16:00:00+00:00,42.0,0.0,42.0,9.92,5.72
1990-02-24 17:00:00+00:00,11.0,0.0,11.0,9.84,5.86
1990-02-24 18:00:00+00:00,0.0,0.0,0.0,9.62,5.93
1990-02-24 19:00:00+00:00,0.0,0.0,0.0,9.63,5.79
1990-02-24 20:00:00+00:00,0.0,0.0,0.0,9.76,6.55
1990-02-24 21:00:00+00:00,0.0,0.0,0.0,9.8,7.38
1990-02-24 22:00:00+00:00,0.0,0.0,0.0,9.48,8.34
1990-02-24 23:00:00+00:00,0.0,0.0,0.0,9.01,8.76
1990-02-25 00:00:00+00:00,0.0,0.0,0.0,8.46,8.55
1990-02-25 01:00:00+00:00,0.0,0.0,0.0,8.16,8.48
1990-02-25 02:00:00+00:00,0.0,0.0,0.0,8.25,8.62
1990-02-25 03:00:00+00:00,0.0,0.0,0.0,8.32,7.93
1990-02-25 04:00:00+00:00,0.0,0.0,0.0,8.14,7.93
1990-02-25 05:00:00+00:00,0.0,0.0,0.0,7.53,6.69
1990-02-25 06:00:00+00:00,0.0,0.0,0.0,7.07,6.07
1990-02-25 07:00:00+00:00,0.0,0.0,0.0,7.24,5.38
1990-02-25 08:00:00+00:00,12.0,0.0,12.0,7.21,5.31
1990-02-25 09:00:00+00:00,111.0,9.96,108.0,7.31,6.41
1990-02-25 10:00:00+00:00,395.0,768.11,84.0,7.78,6.34
1990-02-25 11:00:00+00:00,370.0,349.21,205.0,8.39,6.55
1990-02-25 12:00:00+00:00,318.0,148.13,244.0,8.83,6.41
1990-02-25 13:00:00+00:00,409.0,454.36,189.0,8.81,6.9
1990-02-25 14:00:00+00:00,313.0,280.71,193.0,8.97,6.97
1990-02-25 15:00:00+00:00,315.0,732.08,71.0,9.17,7.17
1990-02-25 16:00:00+00:00,167.0,523.98,58.0,8.83,6.34
1990-02-25 17:00:00+00:00,26.0,132.85,18.0,8.28,5.38
1990-02-25 18:00:00+00:00,0.0,0.0,0.0,7.45,4.62
1990-02-25 19:00:00+00:00,0.0,0.0,0.0,6.78,4.69
1990-02-25 20:00:00+00:00,0.0,0.0,0.0,6.51,4.14
1990-02-25 21:00:00+00:00,0.0,0.0,0.0,6.05,3.52
1990-02-25 22:00:00+00:00,0.0,0.0,0.0,5.84,3.17
1990-02-25 23:00:00+00:00,0.0,0.0,0.0,5.67,3.03
1990-02-26 00:00:00+00:00,0.0,0.0,0.0,5.36,2.97
1990-02-26 01:00:00+00:00,0.0,0.0,0.0,5.11,2.9
1990-02-26 02:00:00+00:00,0.0,0.0,0.0,4.81,2.9
1990-02-26 03:00:00+00:00,0.0,0.0,0.0,4.64,2.9
1990-02-26 04:00:00+00:00,0.0,0.0,0.0,4.51,2.97
1990-02-26 05:00:00+00:00,0.0,0.0,0.0,4.32,3.1
1990-02-26 06:00:00+00:00,0.0,0.0,0.0,4.38,3.17
1990-02-26 07:00:00+00:00,0.0,0.0,0.0,4.33,3.17
1990-02-26 08:00:00+00:00,137.0,498.54,50.0,4.85,3.1
1990-02-26 09:00:00+00:00,276.0,644.86,78.0,6.34,3.24
1990-02-26 10:00:00+00:00,385.0,674.57,108.0,7.65,4.14
1990-02-26 11:00:00+00:00,388.0,382.67,205.0,8.6,5.17
1990-02-26 12:00:00+00:00,331.0,162.31,249.0,8.94,5.1
1990-02-26 13:00:00+00:00,347.0,228.7,235.0,9.43,5.45
1990-02-26 14:00:00+00:00,183.0,18.48,175.0,9.56,5.79
1990-02-26 15:00:00+00:00,222.0,194.98,156.0,9.6,5.59
1990-02-26 16:00:00+00:00,124.0,159.6,90.0,9.34,4.62
1990-02-26 17:00:00+00:00,25.0,76.89,20.0,8.66,4.0
1990-02-26 18:00:00+00:00,0.0,0.0,0.0,7.42,4.14
1990-02-26 19:00:00+00:00,0.0,0.0,0.0,7.12,4.28
1990-02-26 20:00:00+00:00,0.0,0.0,0.0,6.63,4.48
1990-02-26 21:00:00+00:00,0.0,0.0,0.0,6.49,4.83
1990-02-26 22:00:00+00:00,0.0,0.0,0.0,6.63,5.24
1990-02-26 23:00:00+00:00,0.0,0.0,0.0,6.92,5.72
1990-02-27 00:00:00+00:00,0.0,0.0,0.0,7.21,6.76
1990-02-27 01:00:00+00:00,0.0,0.0,0.0,7.39,7.66
1990-02-27 02:00:00+00:00,0.0,0.0,0.0,7.32,8.14
1990-02-27 03:00:00+00:00,0.0,0.0,0.0,6.91,8.07
1990-02-27 04:00:00+00:00,0.0,0.0,0.0,6.83,8.62
1990-02-27 05:00:00+00:00,0.0,0.0,0.0,6.89,8.62
1990-02-27 06:00:00+00:00,0.0,0.0,0.0,7.51,7.59
1990-02-27 07:00:00+00:00,0.0,0.0,0.0,8.06,6.76
1990-02-27 08:00:00+00:00,114.0,238.62,71.0,7.22,6.0
1990-02-27 09:00:00+00:00,281.0,639.39,81.0,7.23,5.24
1990-02-27 10:00:00+00:00,351.0,470.69,155.0,8.03,6.21
1990-02-27 11:00:00+00:00,373.0,320.27,218.0,8.81,6.55
1990-02-27 12:00:00+00:00,393.0,311.24,234.0,9.29,6.34
1990-02-27 13:00:00+00:00,420.0,452.28,196.0,9.53,6.14
1990-02-27 14:00:00+00:00,443.0,830.58,79.0,9.25,6.0
1990-02-27 15:00:00+00:00,183.0,81.47,155.0,8.66,5.17
1990-02-27 16:00:00+00:00,17.0,0.0,17.0,7.78,4.83
1990-02-27 17:00:00+00:00,36.0,229.11,20.0,6.95,3.93
1990-02-27 18:00:00+00:00,0.0,0.0,0.0,6.1,3.72
1990-02-27 19:00:00+00:00,0.0,0.0,0.0,5.9,3.93
1990-02-27 20:00:00+00:00,0.0,0.0,0.0,5.3,3.72
1990-02-27 21:00:00+00:00,0.0,0.0,0.0,4.73,3.24
1990-02-27 22:00:00+00:00,0.0,0.0,0.0,4.44,3.45
1990-02-27 23:00:00+00:00,0.0,0.0,0.0,4.64,3.52
1990-02-28 00:00:00+00:00,0.0,0.0,0.0,5.01,3.52
1990-02-28 01:00:00+00:00,0.0,0.0,0.0,5.36,4.34
1990-02-28 02:00:00+00:00,0.0,0.0,0.0,5.64,5.93
1990-02-28 03:00:00+00:00,0.0,0.0,0.0,5.27,7.1
1990-02-28 04:00:00+00:00,0.0,0.0,0.0,5.55,5.52
1990-02-28 05:00:00+00:00,0.0,0.0,0.0,5.92,3.24
1990-02-28 06:00:00+00:00,0.0,0.0,0.0,5.61,2.48
1990-02-28 07:00:00+00:00,4.0,0.0,4.0,5.01,1.66
1990-02-28 08:00:00+00:00,93.0,91.43,76.0,4.93,1.17
1990-02-28 09:00:00+00:00,289.0,659.15,79.0,6.46,1.03
1990-02-28 10:00:00+00:00,392.0,653.71,116.0,7.36,1.24
1990-02-28 11:00:00+00:00,372.0,300.17,225.0,8.0,2.28
1990-02-28 12:00:00+00:00,100.0,0.0,100.0,8.32,3.59
1990-02-28 13:00:00+00:00,269.0,65.89,236.0,8.03,4.76
1990-02-28 14:00:00+00:00,323.0,265.99,205.0,7.05,5.86
1990-02-28 15:00:00+00:00,56.0,0.0,56.0,5.99,5.72
1990-02-28 16:00:00+00:00,66.0,4.48,65.0,5.66,5.65
1990-02-28 17:00:00+00:00,15.0,0.0,15.0,5.31,5.5
1990-02-28 18:00:00+00:00,0.0,0.0,0.0,4.96,5.36
1990-02-28 19:00:00+00:00,0.0,0.0,0.0,4.61,5.21
1990-02-28 20:00:00+00:00,0.0,0.0,0.0,4.26,5.07
1990-02-28 21:00:00+00:00,0.0,0.0,0.0,3.91,4.92
1990-02-28 22:00:00+00:00,0.0,0.0,0.0,3.56,4.78
1990-02-28 23:00:00+00:00,0.0,0.0,0.0,3.21,4.63
1990-03-01 00:00:00+00:00,0.0,0.0,0.0,2.86,4.49
1990-03-01 01:00:00+00:00,0.0,0.0,0.0,2.51,4.34
1990-03-01 02:00:00+00:00,0.0,0.0,0.0,2.15,4.2
1990-03-01 03:00:00+00:00,0.0,0.0,0.0,1.8,4.05
1990-03-01 04:00:00+00:00,0.0,0.0,0.0,1.45,3.91
1990-03-01 05:00:00+00:00,0.0,0.0,0.0,1.1,3.76
1990-03-01 06:00:00+00:00,0.0,0.0,0.0,0.75,3.62
1990-03-01 07:00:00+00:00,5.0,0.0,5.0,0.4,3.48
1990-03-01 08:00:00+00:00,52.0,0.0,52.0,2.13,4.14
1990-03-01 09:00:00+00:00,100.0,3.08,99.0,3.31,5.79
1990-03-01 10:00:00+00:00,123.0,0.0,123.0,4.09,5.66
1990-03-01 11:00:00+00:00,201.0,12.11,195.0,4.85,5.59
1990-03-01 12:00:00+00:00,0.0,0.0,0.0,5.21,5.45
1990-03-01 13:00:00+00:00,89.0,0.0,89.0,5.68,5.45
1990-03-01 14:00:00+00:00,70.0,0.0,70.0,5.95,5.38
1990-03-01 15:00:00+00:00,78.0,0.0,78.0,6.03,5.31
1990-03-01 16:00:00+00:00,76.0,8.77,74.0,5.88,5.17
1990-03-01 17:00:00+00:00,22.0,12.59,21.0,5.53,4.55
1990-03-01 18:00:00+00:00,0.0,0.0,0.0,4.87,4.41
1990-03-01 19:00:00+00:00,0.0,0.0,0.0,3.93,5.1
1990-03-01 20:00:00+00:00,0.0,0.0,0.0,3.65,5.03
1990-03-01 21:00:00+00:00,0.0,0.0,0.0,3.35,4.9
1990-03-01 22:00:00+00:00,0.0,0.0,0.0,3.13,4.83
1990-03-01 23:00:00+00:00,0.0,0.0,0.0,2.9,4.76
1990-03-02 00:00:00+00:00,0.0,0.0,0.0,2.75,4.62
1990-03-02 01:00:00+00:00,0.0,0.0,0.0,2.48,4.41
1990-03-02 02:00:00+00:00,0.0,0.0,0.0,2.36,4.41
1990-03-02 03:00:00+00:00,0.0,0.0,0.0,2.28,4.41
1990-03-02 04:00:00+00:00,0.0,0.0,0.0,2.18,4.48
1990-03-02 05:00:00+00:00,0.0,0.0,0.0,2.06,4.55
1990-03-02 06:00:00+00:00,0.0,0.0,0.0,2.06,4.69
1990-03-02 07:00:00+00:00,3.0,0.0,3.0,1.93,5.1
1990-03-02 08:00:00+00:00,14.0,0.0,14.0,2.19,4.9
1990-03-02 09:00:00+00:00,112.0,6.06,110.0,2.98,6.28
1990-03-02 10:00:00+00:00,301.0,212.04,209.0,3.99,5.93
1990-03-02 11:00:00+00:00,489.0,698.21,139.0,5.0,5.79
1990-03-02 12:00:00+00:00,0.0,0.0,0.0,6.03,5.52
1990-03-02 13:00:00+00:00,510.0,746.28,128.0,6.92,5.52
1990-03-02 14:00:00+00:00,442.0,710.91,119.0,7.54,5.66
1990-03-02 15:00:00+00:00,332.0,643.05,101.0,7.74,5.79
1990-03-02 16:00:00+00:00,192.0,515.04,72.0,7.54,5.59
1990-03-02 17:00:00+00:00,48.0,261.15,26.0,6.79,5.03
1990-03-02 18:00:00+00:00,0.0,0.0,0.0,5.51,4.97
1990-03-02 19:00:00+00:00,0.0,0.0,0.0,3.84,5.31
1990-03-02 20:00:00+00:00,0.0,0.0,0.0,3.04,5.31
1990-03-02 21:00:00+00:00,0.0,0.0,0.0,2.3,5.24
1990-03-02 22:00:00+00:00,0.0,0.0,0.0,1.69,5.17
1990-03-02 23:00:00+00:00,0.0,0.0,0.0,1.11,5.03
1990-03-03 00:00:00+00:00,0.0,0.0,0.0,0.74,5.03
1990-03-03 01:00:00+00:00,0.0,0.0,0.0,0.63,4.97
1990-03-03 02:00:00+00:00,0.0,0.0,0.0,0.26,4.83
1990-03-03 03:00:00+00:00,0.0,0.0,0.0,0.1,4.83
1990-03-03 04:00:00+00:00,0.0,0.0,0.0,-0.01,4.9
1990-03-03 05:00:00+00:00,0.0,0.0,0.0,-0.07,5.03
1990-03-03 06:00:00+00:00,0.0,0.0,0.0,-0.14,5.17
1990-03-03 07:00:00+00:00,20.0,118.85,14.0,-0.45,5.24
1990-03-03 08:00:00+00:00,135.0,245.82,85.0,0.08,5.93
1990-03-03 09:00:00+00:00,183.0,83.29,155.0,0.95,6.0
1990-03-03 10:00:00+00:00,355.0,368.39,193.0,2.22,5.86
1990-03-03 11:00:00+00:00,288.0,80.86,247.0,3.77,5.72
1990-03-03 12:00:00+00:00,393.0,239.9,265.0,5.07,5.66
1990-03-03 13:00:00+00:00,248.0,32.86,231.0,5.91,5.59
1990-03-03 14:00:00+00:00,328.0,228.41,223.0,6.32,5.52
1990-03-03 15:00:00+00:00,318.0,515.93,130.0,6.33,5.52
1990-03-03 16:00:00+00:00,201.0,533.7,74.0,5.91,5.52
1990-03-03 17:00:00+00:00,53.0,292.02,27.0,5.07,5.17
1990-03-03 18:00:00+00:00,0.0,0.0,0.0,3.88,5.31
1990-03-03 19:00:00+00:00,0.0,0.0,0.0,2.51,5.59
1990-03-03 20:00:00+00:00,0.0,0.0,0.0,1.82,5.66
1990-03-03 21:00:00+00:00,0.0,0.0,0.0,1.35,5.72
1990-03-03 22:00:00+00:00,0.0,0.0,0.0,1.08,5.79
1990-03-03 23:00:00+00:00,0.0,0.0,0.0,0.73,5.52
1990-03-04 00:00:00+00:00,0.0,0.0,0.0,0.58,5.17
1990-03-04 01:00:00+00:00,0.0,0.0,0.0,0.44,4.83
1990-03-04 02:00:00+00:00,0.0,0.0,0.0,0.38,4.62
1990-03-04 03:00:00+00:00,0.0,0.0,0.0,0.34,4.69
1990-03-04 04:00:00+00:00,0.0,0.0,0.0,0.37,4.69
1990-03-04 05:00:00+00:00,0.0,0.0,0.0,0.33,4.69
1990-03-04 06:00:00+00:00,0.0,0.0,0.0,0.13,4.69
1990-03-04 07:00:00+00:00,25.0,159.82,16.0,0.31,4.69
1990-03-04 08:00:00+00:00,169.0,492.13,66.0,0.69,4.34
1990-03-04 09:00:00+00:00,312.0,622.65,99.0,1.76,5.31
1990-03-04 10:00:00+00:00,436.0,724.81,113.0,3.15,5.17
1990-03-04 11:00:00+00:00,513.0,752.61,127.0,4.33,4.76
1990-03-04 12:00:00+00:00,532.0,708.4,150.0,5.6,4.48
1990-03-04 13:00:00+00:00,528.0,772.57,124.0,6.6,4.0
1990-03-04 14:00:00+00:00,459.0,737.56,116.0,7.23,3.59
1990-03-04 15:00:00+00:00,345.0,657.57,102.0,7.43,3.17
1990-03-04 16:00:00+00:00,203.0,518.68,77.0,7.35,2.9
1990-03-04 17:00:00+00:00,55.0,266.47,30.0,6.75,2.28
1990-03-04 18:00:00+00:00,0.0,0.0,0.0,5.27,2.34
1990-03-04 19:00:00+00:00,0.0,0.0,0.0,3.9,2.69
1990-03-04 20:00:00+00:00,0.0,0.0,0.0,2.99,2.9
1990-03-04 21:00:00+00:00,0.0,0.0,0.0,2.21,2.9
1990-03-04 22:00:00+00:00,0.0,0.0,0.0,1.54,2.83
1990-03-04 23:00:00+00:00,0.0,0.0,0.0,0.97,2.83
1990-03-05 00:00:00+00:00,0.0,0.0,0.0,0.56,2.83
1990-03-05 01:00:00+00:00,0.0,0.0,0.0,0.11,2.76
1990-03-05 02:00:00+00:00,0.0,0.0,0.0,-0.14,2.83
1990-03-05 03:00:00+00:00,0.0,0.0,0.0,-0.3,2.97
1990-03-05 04:00:00+00:00,0.0,0.0,0.0,-0.58,2.9
1990-03-05 05:00:00+00:00,0.0,0.0,0.0,-0.71,2.76
1990-03-05 06:00:00+00:00,0.0,0.0,0.0,-0.67,2.69
1990-03-05 07:00:00+00:00,10.0,0.0,10.0,-0.6,2.97
1990-03-05 08:00:00+00:00,77.0,13.94,74.0,0.03,3.45
1990-03-05 09:00:00+00:00,110.0,2.87,109.0,0.77,4.14
1990-03-05 10:00:00+00:00,151.0,2.21,150.0,1.76,4.28
1990-03-05 11:00:00+00:00,266.0,50.13,240.0,2.84,4.21
1990-03-05 12:00:00+00:00,268.0,38.54,247.0,3.82,4.0
1990-03-05 13:00:00+00:00,472.0,514.72,200.0,4.58,3.72
1990-03-05 14:00:00+00:00,388.0,403.93,198.0,4.99,3.59
1990-03-05 15:00:00+00:00,227.0,133.45,177.0,5.1,3.66
1990-03-05 16:00:00+00:00,123.0,68.58,106.0,5.17,3.86
1990-03-05 17:00:00+00:00,33.0,30.43,30.0,5.06,4.07
1990-03-05 18:00:00+00:00,0.0,0.0,0.0,4.82,3.59
1990-03-05 19:00:00+00:00,0.0,0.0,0.0,4.66,3.17
1990-03-05 20:00:00+00:00,0.0,0.0,0.0,4.69,3.1
1990-03-05 21:00:00+00:00,0.0,0.0,0.0,4.78,3.1
1990-03-05 22:00:00+00:00,0.0,0.0,0.0,4.93,3.45
1990-03-05 23:00:00+00:00,0.0,0.0,0.0,4.95,3.93
1990-03-06 00:00:00+00:00,0.0,0.0,0.0,4.64,4.34
1990-03-06 01:00:00+00:00,0.0,0.0,0.0,4.23,4.62
1990-03-06 02:00:00+00:00,0.0,0.0,0.0,3.62,4.83
1990-03-06 03:00:00+00:00,0.0,0.0,0.0,3.04,4.9
1990-03-06 04:00:00+00:00,0.0,0.0,0.0,2.43,4.69
1990-03-06 05:00:00+00:00,0.0,0.0,0.0,1.99,4.41
1990-03-06 06:00:00+00:00,0.0,0.0,0.0,1.68,4.34
1990-03-06 07:00:00+00:00,16.0,14.69,15.0,2.13,4.48
1990-03-06 08:00:00+00:00,113.0,85.9,94.0,2.53,4.41
1990-03-06 09:00:00+00:00,175.0,53.67,156.0,3.17,6.07
1990-03-06 10:00:00+00:00,243.0,65.58,213.0,3.74,5.79
1990-03-06 11:00:00+00:00,412.0,324.12,242.0,4.33,5.38
1990-03-06 12:00:00+00:00,440.0,337.81,254.0,4.9,5.17
1990-03-06 13:00:00+00:00,521.0,696.69,149.0,5.29,5.03
1990-03-06 14:00:00+00:00,467.0,733.65,118.0,5.63,5.03
1990-03-06 15:00:00+00:00,357.0,679.29,99.0,5.77,4.97
1990-03-06 16:00:00+00:00,216.0,557.73,75.0,5.73,4.83
1990-03-06 17:00:00+00:00,64.0,299.9,33.0,5.22,4.28
1990-03-06 18:00:00+00:00,0.0,0.0,0.0,4.29,4.14
1990-03-06 19:00:00+00:00,0.0,0.0,0.0,3.39,4.0
1990-03-06 20:00:00+00:00,0.0,0.0,0.0,2.73,4.14
1990-03-06 21:00:00+00:00,0.0,0.0,0.0,2.13,4.14
1990-03-06 22:00:00+00:00,0.0,0.0,0.0,1.7,4.14
1990-03-06 23:00:00+00:00,0.0,0.0,0.0,1.63,4.07
1990-03-07 00:00:00+00:00,0.0,0.0,0.0,1.59,3.86
1990-03-07 01:00:00+00:00,0.0,0.0,0.0,1.33,3.72
1990-03-07 02:00:00+00:00,0.0,0.0,0.0,1.06,3.59
1990-03-07 03:00:00+00:00,0.0,0.0,0.0,0.82,3.52
1990-03-07 04:00:00+00:00,0.0,0.0,0.0,0.53,3.52
1990-03-07 05:00:00+00:00,0.0,0.0,0.0,0.33,3.45
1990-03-07 06:00:00+00:00,0.0,0.0,0.0,0.2,3.45
1990-03-07 07:00:00+00:00,40.0,243.11,22.0,0.21,3.45
1990-03-07 08:00:00+00:00,190.0,537.03,68.0,1.09,3.38
1990-03-07 09:00:00+00:00,338.0,677.84,94.0,2.82,3.86
1990-03-07 10:00:00+00:00,457.0,744.56,112.0,4.43,4.28
1990-03-07 11:00:00+00:00,535.0,771.24,126.0,5.64,4.41
1990-03-07 12:00:00+00:00,547.0,699.3,158.0,6.57,4.55
1990-03-07 13:00:00+00:00,549.0,789.69,123.0,7.17,4.62
1990-03-07 14:00:00+00:00,478.0,754.67,115.0,7.57,4.62
1990-03-07 15:00:00+00:00,365.0,688.46,100.0,7.73,4.41
1990-03-07 16:00:00+00:00,225.0,585.87,74.0,7.57,4.21
1990-03-07 17:00:00+00:00,70.0,332.94,34.0,6.83,3.24
1990-03-07 18:00:00+00:00,0.0,0.0,0.0,5.34,3.17
1990-03-07 19:00:00+00:00,0.0,0.0,0.0,4.48,3.24
1990-03-07 20:00:00+00:00,0.0,0.0,0.0,3.53,3.24
1990-03-07 21:00:00+00:00,0.0,0.0,0.0,2.69,3.17
1990-03-07 22:00:00+00:00,0.0,0.0,0.0,1.99,3.1
1990-03-07 23:00:00+00:00,0.0,0.0,0.0,1.46,2.97
1990-03-08 00:00:00+00:00,0.0,0.0,0.0,1.06,2.76
1990-03-08 01:00:00+00:00,0.0,0.0,0.0,0.73,2.62
1990-03-08 02:00:00+00:00,0.0,0.0,0.0,0.42,2.41
1990-03-08 03:00:00+00:00,0.0,0.0,0.0,0.14,2.28
1990-03-08 04:00:00+00:00,0.0,0.0,0.0,-0.04,2.28
1990-03-08 05:00:00+00:00,0.0,0.0,0.0,-0.23,2.14
1990-03-08 06:00:00+00:00,0.0,0.0,0.0,-0.5,1.86
1990-03-08 07:00:00+00:00,44.0,237.43,25.0,-0.66,1.79
1990-03-08 08:00:00+00:00,191.0,501.74,74.0,1.6,1.31
1990-03-08 09:00:00+00:00,339.0,650.35,101.0,5.21,1.59
1990-03-08 10:00:00+00:00,461.0,735.16,116.0,6.71,2.41
1990-03-08 11:00:00+00:00,541.0,774.07,126.0,7.68,3.31
1990-03-08 12:00:00+00:00,535.0,626.41,183.0,8.45,4.07
1990-03-08 13:00:00+00:00,545.0,748.72,137.0,8.88,4.62
1990-03-08 14:00:00+00:00,473.0,703.28,131.0,8.88,4.9
1990-03-08 15:00:00+00:00,367.0,666.65,107.0,8.61,4.83
1990-03-08 16:00:00+00:00,220.0,514.0,85.0,8.28,4.69
1990-03-08 17:00:00+00:00,70.0,283.5,38.0,7.56,4.07
1990-03-08 18:00:00+00:00,0.0,0.0,0.0,6.37,3.86
1990-03-08 19:00:00+00:00,0.0,0.0,0.0,5.57,3.66
1990-03-08 20:00:00+00:00,0.0,0.0,0.0,4.82,3.72
1990-03-08 21:00:00+00:00,0.0,0.0,0.0,4.29,3.72
1990-03-08 22:00:00+00:00,0.0,0.0,0.0,3.84,3.52
1990-03-08 23:00:00+00:00,0.0,0.0,0.0,3.55,3.59
1990-03-09 00:00:00+00:00,0.0,0.0,0.0,3.39,3.93
1990-03-09 01:00:00+00:00,0.0,0.0,0.0,3.6,4.48
1990-03-09 02:00:00+00:00,0.0,0.0,0.0,3.66,4.83
1990-03-09 03:00:00+00:00,0.0,0.0,0.0,3.98,4.9
1990-03-09 04:00:00+00:00,0.0,0.0,0.0,4.63,5.17
1990-03-09 05:00:00+00:00,0.0,0.0,0.0,5.3,5.38
1990-03-09 06:00:00+00:00,0.0,0.0,0.0,6.04,5.45
1990-03-09 07:00:00+00:00,33.0,69.74,27.0,6.52,5.03
1990-03-09 08:00:00+00:00,120.0,79.42,101.0,7.01,4.62
1990-03-09 09:00:00+00:00,300.0,416.7,145.0,7.72,5.45
1990-03-09 10:00:00+00:00,365.0,319.85,213.0,8.45,5.86
1990-03-09 11:00:00+00:00,377.0,204.82,266.0,9.2,6.21
1990-03-09 12:00:00+00:00,446.0,325.95,261.0,9.68,6.14
1990-03-09 13:00:00+00:00,306.0,76.31,264.0,9.89,6.41
1990-03-09 14:00:00+00:00,222.0,26.45,209.0,9.84,6.76
1990-03-09 15:00:00+00:00,290.0,288.55,176.0,9.42,6.14
1990-03-09 16:00:00+00:00,204.0,384.99,101.0,9.18,5.86
1990-03-09 17:00:00+00:00,61.0,153.04,43.0,8.5,5.1
1990-03-09 18:00:00+00:00,0.0,0.0,0.0,7.36,4.62
1990-03-09 19:00:00+00:00,0.0,0.0,0.0,6.79,4.34
1990-03-09 20:00:00+00:00,0.0,0.0,0.0,6.07,4.34
1990-03-09 21:00:00+00:00,0.0,0.0,0.0,5.49,4.14
1990-03-09 22:00:00+00:00,0.0,0.0,0.0,5.12,4.21
1990-03-09 23:00:00+00:00,0.0,0.0,0.0,4.97,4.48
1990-03-10 00:00:00+00:00,0.0,0.0,0.0,5.02,4.83
1990-03-10 01:00:00+00:00,0.0,0.0,0.0,5.3,5.38
1990-03-10 02:00:00+00:00,0.0,0.0,0.0,5.66,5.79
1990-03-10 03:00:00+00:00,0.0,0.0,0.0,6.07,6.14
1990-03-10 04:00:00+00:00,0.0,0.0,0.0,6.57,6.55
1990-03-10 05:00:00+00:00,0.0,0.0,0.0,6.68,6.76
1990-03-10 06:00:00+00:00,0.0,0.0,0.0,7.0,7.03
1990-03-10 07:00:00+00:00,38.0,76.02,31.0,7.61,7.79
1990-03-10 08:00:00+00:00,69.0,0.0,69.0,8.16,7.93
1990-03-10 09:00:00+00:00,112.0,0.0,112.0,8.82,6.97
1990-03-10 10:00:00+00:00,189.0,10.39,184.0,9.62,9.1
1990-03-10 11:00:00+00:00,146.0,0.0,146.0,10.43,9.24
1990-03-10 12:00:00+00:00,114.0,0.0,114.0,11.11,8.69
1990-03-10 13:00:00+00:00,170.0,0.0,170.0,11.16,7.93
1990-03-10 14:00:00+00:00,135.0,0.0,135.0,10.94,7.59
1990-03-10 15:00:00+00:00,124.0,2.5,123.0,10.58,7.52
1990-03-10 16:00:00+00:00,93.0,7.34,91.0,10.41,7.31
1990-03-10 17:00:00+00:00,59.0,114.44,45.0,10.16,6.97
1990-03-10 18:00:00+00:00,0.0,0.0,0.0,9.46,6.41
1990-03-10 19:00:00+00:00,0.0,0.0,0.0,9.11,6.14
1990-03-10 20:00:00+00:00,0.0,0.0,0.0,8.52,5.66
1990-03-10 21:00:00+00:00,0.0,0.0,0.0,8.13,5.45
1990-03-10 22:00:00+00:00,0.0,0.0,0.0,7.9,5.17
1990-03-10 23:00:00+00:00,0.0,0.0,0.0,7.63,4.9
1990-03-11 00:00:00+00:00,0.0,0.0,0.0,7.36,4.55
1990-03-11 01:00:00+00:00,0.0,0.0,0.0,6.95,4.34
1990-03-11 02:00:00+00:00,0.0,0.0,0.0,6.48,4.14
1990-03-11 03:00:00+00:00,0.0,0.0,0.0,5.8,3.93
1990-03-11 04:00:00+00:00,0.0,0.0,0.0,5.25,3.66
1990-03-11 05:00:00+00:00,0.0,0.0,0.0,4.84,3.59
1990-03-11 06:00:00+00:00,0.0,0.0,0.0,4.72,3.52
1990-03-11 07:00:00+00:00,59.0,285.29,31.0,4.84,3.24
1990-03-11 08:00:00+00:00,203.0,489.35,80.0,5.81,2.97
1990-03-11 09:00:00+00:00,242.0,164.06,179.0,7.46,4.34
1990-03-11 10:00:00+00:00,441.0,578.96,159.0,8.51,4.83
1990-03-11 11:00:00+00:00,274.0,43.36,250.0,9.2,4.41
1990-03-11 12:00:00+00:00,174.0,0.0,174.0,9.73,4.69
1990-03-11 13:00:00+00:00,282.0,46.32,256.0,9.78,4.97
1990-03-11 14:00:00+00:00,216.0,19.92,206.0,9.6,5.31
1990-03-11 15:00:00+00:00,170.0,22.21,161.0,9.58,6.0
1990-03-11 16:00:00+00:00,56.0,0.0,56.0,9.29,5.59
1990-03-11 17:00:00+00:00,20.0,0.0,20.0,8.76,4.48
1990-03-11 18:00:00+00:00,0.0,0.0,0.0,8.01,3.86
1990-03-11 19:00:00+00:00,0.0,0.0,0.0,7.54,3.59
1990-03-11 20:00:00+00:00,0.0,0.0,0.0,7.12,3.31
1990-03-11 21:00:00+00:00,0.0,0.0,0.0,7.19,3.24
1990-03-11 22:00:00+00:00,0.0,0.0,0.0,7.26,3.31
1990-03-11 23:00:00+00:00,0.0,0.0,0.0,7.33,3.38
1990-03-12 00:00:00+00:00,0.0,0.0,0.0,7.39,3.45
1990-03-12 01:00:00+00:00,0.0,0.0,0.0,7.29,3.45
1990-03-12 02:00:00+00:00,0.0,0.0,0.0,7.26,3.45
1990-03-12 03:00:00+00:00,0.0,0.0,0.0,7.24,3.31
1990-03-12 04:00:00+00:00,0.0,0.0,0.0,7.08,3.17
1990-03-12 05:00:00+00:00,0.0,0.0,0.0,6.58,3.1
1990-03-12 06:00:00+00:00,0.0,0.0,0.0,6.17,3.17
1990-03-12 07:00:00+00:00,61.0,259.03,34.0,6.33,3.72
1990-03-12 08:00:00+00:00,223.0,598.19,69.0,7.07,4.14
1990-03-12 09:00:00+00:00,357.0,646.08,105.0,8.03,4.55
1990-03-12 10:00:00+00:00,474.0,716.02,121.0,8.87,4.76
1990-03-12 11:00:00+00:00,440.0,336.13,252.0,9.66,4.62
1990-03-12 12:00:00+00:00,501.0,455.14,235.0,10.26,4.76
1990-03-12 13:00:00+00:00,293.0,52.94,263.0,10.27,4.62
1990-03-12 14:00:00+00:00,165.0,1.97,164.0,9.99,4.34
1990-03-12 15:00:00+00:00,121.0,0.0,121.0,9.7,4.28
1990-03-12 16:00:00+00:00,190.0,244.59,121.0,9.35,4.0
1990-03-12 17:00:00+00:00,49.0,37.95,44.0,8.99,3.52
1990-03-12 18:00:00+00:00,0.0,0.0,0.0,8.56,3.31
1990-03-12 19:00:00+00:00,0.0,0.0,0.0,7.98,3.66
1990-03-12 20:00:00+00:00,0.0,0.0,0.0,8.02,3.38
1990-03-12 21:00:00+00:00,0.0,0.0,0.0,7.93,3.1
1990-03-12 22:00:00+00:00,0.0,0.0,0.0,7.91,2.76
1990-03-12 23:00:00+00:00,0.0,0.0,0.0,7.95,2.34
1990-03-13 00:00:00+00:00,0.0,0.0,0.0,7.89,2.28
1990-03-13 01:00:00+00:00,0.0,0.0,0.0,7.67,2.41
1990-03-13 02:00:00+00:00,0.0,0.0,0.0,7.77,2.62
1990-03-13 03:00:00+00:00,0.0,0.0,0.0,8.05,2.62
1990-03-13 04:00:00+00:00,0.0,0.0,0.0,8.0,2.41
1990-03-13 05:00:00+00:00,0.0,0.0,0.0,7.88,2.41
1990-03-13 06:00:00+00:00,0.0,0.0,0.0,7.79,2.07
1990-03-13 07:00:00+00:00,38.0,27.19,35.0,8.09,2.62
1990-03-13 08:00:00+00:00,54.0,0.0,54.0,8.27,2.62
1990-03-13 09:00:00+00:00,64.0,0.0,64.0,8.27,2.69
1990-03-13 10:00:00+00:00,371.0,286.62,228.0,8.53,2.76
1990-03-13 11:00:00+00:00,276.0,40.7,253.0,9.07,2.69
1990-03-13 12:00:00+00:00,117.0,0.0,117.0,9.69,2.69
1990-03-13 13:00:00+00:00,189.0,1.75,188.0,10.31,2.76
1990-03-13 14:00:00+00:00,284.0,81.96,242.0,10.6,2.9
1990-03-13 15:00:00+00:00,305.0,293.86,183.0,10.86,3.17
1990-03-13 16:00:00+00:00,226.0,435.65,101.0,10.49,3.24
1990-03-13 17:00:00+00:00,70.0,139.26,51.0,9.79,2.97
1990-03-13 18:00:00+00:00,0.0,0.0,0.0,8.51,2.83
1990-03-13 19:00:00+00:00,0.0,0.0,0.0,7.78,2.69
1990-03-13 20:00:00+00:00,0.0,0.0,0.0,6.85,2.97
1990-03-13 21:00:00+00:00,0.0,0.0,0.0,5.6,3.03
1990-03-13 22:00:00+00:00,0.0,0.0,0.0,4.72,3.1
1990-03-13 23:00:00+00:00,0.0,0.0,0.0,3.87,3.03
1990-03-14 00:00:00+00:00,0.0,0.0,0.0,3.25,2.9
1990-03-14 01:00:00+00:00,0.0,0.0,0.0,2.69,2.76
1990-03-14 02:00:00+00:00,0.0,0.0,0.0,2.27,2.76
1990-03-14 03:00:00+00:00,0.0,0.0,0.0,1.98,2.76
1990-03-14 04:00:00+00:00,0.0,0.0,0.0,1.88,2.83
1990-03-14 05:00:00+00:00,0.0,0.0,0.0,1.88,2.83
1990-03-14 06:00:00+00:00,0.0,0.0,0.0,1.79,2.83
1990-03-14 07:00:00+00:00,43.0,34.34,39.0,2.15,3.1
1990-03-14 08:00:00+00:00,194.0,315.23,109.0,3.63,2.76
1990-03-14 09:00:00+00:00,305.0,320.81,176.0,5.69,3.31
1990-03-14 10:00:00+00:00,433.0,465.5,198.0,7.41,3.86
1990-03-14 11:00:00+00:00,566.0,742.78,142.0,8.66,4.55
1990-03-14 12:00:00+00:00,598.0,768.99,140.0,9.57,4.76
1990-03-14 13:00:00+00:00,570.0,732.56,147.0,9.94,5.17
1990-03-14 14:00:00+00:00,460.0,523.59,189.0,10.57,5.38
1990-03-14 15:00:00+00:00,374.0,564.11,137.0,10.79,5.24
1990-03-14 16:00:00+00:00,189.0,202.25,130.0,10.73,5.1
1990-03-14 17:00:00+00:00,82.0,198.44,54.0,10.14,4.69
1990-03-14 18:00:00+00:00,0.0,0.0,0.0,8.98,4.9
1990-03-14 19:00:00+00:00,0.0,0.0,0.0,8.03,5.24
1990-03-14 20:00:00+00:00,0.0,0.0,0.0,7.65,5.52
1990-03-14 21:00:00+00:00,0.0,0.0,0.0,7.63,5.52
1990-03-14 22:00:00+00:00,0.0,0.0,0.0,7.88,5.45
1990-03-14 23:00:00+00:00,0.0,0.0,0.0,8.12,5.17
1990-03-15 00:00:00+00:00,0.0,0.0,0.0,8.26,4.97
1990-03-15 01:00:00+00:00,0.0,0.0,0.0,8.17,5.03
1990-03-15 02:00:00+00:00,0.0,0.0,0.0,7.96,5.03
1990-03-15 03:00:00+00:00,0.0,0.0,0.0,7.72,4.83
1990-03-15 04:00:00+00:00,0.0,0.0,0.0,7.7,4.97
1990-03-15 05:00:00+00:00,0.0,0.0,0.0,7.62,5.03
1990-03-15 06:00:00+00:00,0.0,0.0,0.0,7.69,5.1
1990-03-15 07:00:00+00:00,76.0,293.58,40.0,7.64,4.97
1990-03-15 08:00:00+00:00,222.0,485.93,88.0,8.1,4.34
1990-03-15 09:00:00+00:00,367.0,617.43,115.0,9.16,5.38
1990-03-15 10:00:00+00:00,320.0,144.89,246.0,10.66,4.97
1990-03-15 11:00:00+00:00,444.0,317.4,261.0,11.9,4.69
1990-03-15 12:00:00+00:00,270.0,24.95,255.0,13.11,4.62
1990-03-15 13:00:00+00:00,465.0,360.35,255.0,13.78,4.34
1990-03-15 14:00:00+00:00,416.0,371.14,222.0,14.4,4.07
1990-03-15 15:00:00+00:00,307.0,277.6,189.0,14.65,3.72
1990-03-15 16:00:00+00:00,92.0,3.37,91.0,14.58,3.24
1990-03-15 17:00:00+00:00,59.0,48.03,52.0,14.14,2.97
1990-03-15 18:00:00+00:00,0.0,0.0,0.0,12.94,3.38
1990-03-15 19:00:00+00:00,0.0,0.0,0.0,10.48,4.21
1990-03-15 20:00:00+00:00,0.0,0.0,0.0,9.43,4.21
1990-03-15 21:00:00+00:00,0.0,0.0,0.0,8.73,4.07
1990-03-15 22:00:00+00:00,0.0,0.0,0.0,8.28,4.0
1990-03-15 23:00:00+00:00,0.0,0.0,0.0,7.96,3.93
1990-03-16 00:00:00+00:00,0.0,0.0,0.0,7.68,4.0
1990-03-16 01:00:00+00:00,0.0,0.0,0.0,7.51,4.14
1990-03-16 02:00:00+00:00,0.0,0.0,0.0,7.31,4.28
1990-03-16 03:00:00+00:00,0.0,0.0,0.0,7.36,4.48
1990-03-16 04:00:00+00:00,0.0,0.0,0.0,7.36,4.69
1990-03-16 05:00:00+00:00,0.0,0.0,0.0,7.46,4.83
1990-03-16 06:00:00+00:00,0.0,0.0,0.0,7.57,4.97
1990-03-16 07:00:00+00:00,47.0,31.06,43.0,7.62,5.59
1990-03-16 08:00:00+00:00,108.0,17.74,103.0,8.07,6.21
1990-03-16 09:00:00+00:00,142.0,4.83,140.0,8.77,6.14
1990-03-16 10:00:00+00:00,170.0,1.94,169.0,9.84,5.79
1990-03-16 11:00:00+00:00,250.0,17.17,240.0,11.23,5.31
1990-03-16 12:00:00+00:00,462.0,293.42,284.0,12.47,4.97
1990-03-16 13:00:00+00:00,532.0,557.76,204.0,13.16,4.69
1990-03-16 14:00:00+00:00,416.0,350.5,231.0,13.63,4.62
1990-03-16 15:00:00+00:00,307.0,262.8,194.0,13.71,4.55
1990-03-16 16:00:00+00:00,170.0,122.82,133.0,13.24,4.55
1990-03-16 17:00:00+00:00,72.0,93.09,58.0,12.36,4.34
1990-03-16 18:00:00+00:00,0.0,0.0,0.0,11.22,4.21
1990-03-16 19:00:00+00:00,0.0,0.0,0.0,9.14,4.21
1990-03-16 20:00:00+00:00,0.0,0.0,0.0,8.65,3.86
1990-03-16 21:00:00+00:00,0.0,0.0,0.0,8.19,3.45
1990-03-16 22:00:00+00:00,0.0,0.0,0.0,7.84,3.17
1990-03-16 23:00:00+00:00,0.0,0.0,0.0,7.37,2.83
1990-03-17 00:00:00+00:00,0.0,0.0,0.0,6.83,2.9
1990-03-17 01:00:00+00:00,0.0,0.0,0.0,6.3,3.17
1990-03-17 02:00:00+00:00,0.0,0.0,0.0,5.94,3.31
1990-03-17 03:00:00+00:00,0.0,0.0,0.0,5.61,3.38
1990-03-17 04:00:00+00:00,0.0,0.0,0.0,5.39,3.52
1990-03-17 05:00:00+00:00,0.0,0.0,0.0,5.38,3.66
1990-03-17 06:00:00+00:00,0.0,0.0,0.0,5.48,3.38
1990-03-17 07:00:00+00:00,49.0,29.64,45.0,5.28,2.69
1990-03-17 08:00:00+00:00,101.0,10.42,98.0,5.39,2.62
1990-03-17 09:00:00+00:00,90.0,0.0,90.0,5.9,2.62
1990-03-17 10:00:00+00:00,185.0,3.83,183.0,6.61,2.76
1990-03-17 11:00:00+00:00,248.0,15.31,239.0,7.58,2.76
1990-03-17 12:00:00+00:00,136.0,0.0,136.0,8.51,2.83
1990-03-17 13:00:00+00:00,273.0,26.97,257.0,9.33,2.9
1990-03-17 14:00:00+00:00,319.0,112.6,259.0,9.92,3.59
1990-03-17 15:00:00+00:00,325.0,303.54,193.0,10.15,3.66
1990-03-17 16:00:00+00:00,229.0,349.7,122.0,10.77,3.86
1990-03-17 17:00:00+00:00,104.0,322.57,54.0,10.67,2.62
1990-03-17 18:00:00+00:00,0.0,0.0,0.0,9.91,2.28
1990-03-17 19:00:00+00:00,0.0,0.0,0.0,9.02,2.07
1990-03-17 20:00:00+00:00,0.0,0.0,0.0,8.21,2.21
1990-03-17 21:00:00+00:00,0.0,0.0,0.0,7.8,2.41
1990-03-17 22:00:00+00:00,0.0,0.0,0.0,7.73,2.34
1990-03-17 23:00:00+00:00,0.0,0.0,0.0,7.49,2.0
1990-03-18 00:00:00+00:00,0.0,0.0,0.0,7.29,1.52
1990-03-18 01:00:00+00:00,0.0,0.0,0.0,7.12,1.31
1990-03-18 02:00:00+00:00,0.0,0.0,0.0,6.88,1.17
1990-03-18 03:00:00+00:00,0.0,0.0,0.0,6.79,1.03
1990-03-18 04:00:00+00:00,0.0,0.0,0.0,6.74,0.97
1990-03-18 05:00:00+00:00,0.0,0.0,0.0,6.68,1.17
1990-03-18 06:00:00+00:00,0.0,0.0,0.0,6.57,1.52
1990-03-18 07:00:00+00:00,17.0,0.0,17.0,6.64,2.07
1990-03-18 08:00:00+00:00,70.0,0.0,70.0,6.72,2.28
1990-03-18 09:00:00+00:00,89.0,0.0,89.0,6.82,2.62
1990-03-18 10:00:00+00:00,132.0,0.0,132.0,6.79,2.62
1990-03-18 11:00:00+00:00,118.0,0.0,118.0,6.42,3.79
1990-03-18 12:00:00+00:00,116.0,0.0,116.0,5.56,4.55
1990-03-18 13:00:00+00:00,88.0,0.0,88.0,4.78,4.9
1990-03-18 14:00:00+00:00,181.0,1.86,180.0,4.6,4.83
1990-03-18 15:00:00+00:00,190.0,25.02,179.0,4.81,4.69
1990-03-18 16:00:00+00:00,147.0,54.72,130.0,5.43,4.62
1990-03-18 17:00:00+00:00,85.0,144.11,62.0,5.81,4.69
1990-03-18 18:00:00+00:00,0.0,0.0,0.0,5.38,4.0
1990-03-18 19:00:00+00:00,0.0,0.0,0.0,4.42,3.1
1990-03-18 20:00:00+00:00,0.0,0.0,0.0,3.74,2.9
1990-03-18 21:00:00+00:00,0.0,0.0,0.0,3.13,2.76
1990-03-18 22:00:00+00:00,0.0,0.0,0.0,2.59,2.62
1990-03-18 23:00:00+00:00,0.0,0.0,0.0,2.02,2.55
1990-03-19 00:00:00+00:00,0.0,0.0,0.0,1.49,2.48
1990-03-19 01:00:00+00:00,0.0,0.0,0.0,1.02,2.48
1990-03-19 02:00:00+00:00,0.0,0.0,0.0,0.57,2.41
1990-03-19 03:00:00+00:00,0.0,0.0,0.0,0.13,2.41
1990-03-19 04:00:00+00:00,0.0,0.0,0.0,-0.23,2.34
1990-03-19 05:00:00+00:00,0.0,0.0,0.0,-0.58,2.21
1990-03-19 06:00:00+00:00,0.0,0.0,0.0,-0.85,2.21
1990-03-19 07:00:00+00:00,113.0,475.23,43.0,-0.86,1.72
1990-03-19 08:00:00+00:00,278.0,676.16,75.0,2.07,1.17
1990-03-19 09:00:00+00:00,433.0,784.39,94.0,5.27,0.9
1990-03-19 10:00:00+00:00,561.0,863.0,100.0,7.19,0.9
1990-03-19 11:00:00+00:00,640.0,887.74,108.0,8.25,1.03
1990-03-19 12:00:00+00:00,663.0,876.37,117.0,8.96,1.24
1990-03-19 13:00:00+00:00,645.0,891.02,107.0,9.42,1.24
1990-03-19 14:00:00+00:00,569.0,856.46,104.0,9.67,1.31
1990-03-19 15:00:00+00:00,445.0,782.81,97.0,9.64,1.45
1990-03-19 16:00:00+00:00,293.0,675.4,80.0,9.3,1.59
1990-03-19 17:00:00+00:00,130.0,505.52,47.0,8.59,1.72
1990-03-19 18:00:00+00:00,0.0,0.0,0.0,7.12,2.07
1990-03-19 19:00:00+00:00,0.0,0.0,0.0,5.54,2.48
1990-03-19 20:00:00+00:00,0.0,0.0,0.0,4.44,2.41
1990-03-19 21:00:00+00:00,0.0,0.0,0.0,3.63,2.21
1990-03-19 22:00:00+00:00,0.0,0.0,0.0,2.87,2.07
1990-03-19 23:00:00+00:00,0.0,0.0,0.0,2.17,2.0
1990-03-20 00:00:00+00:00,0.0,0.0,0.0,1.81,2.0
1990-03-20 01:00:00+00:00,0.0,0.0,0.0,1.99,1.72
1990-03-20 02:00:00+00:00,0.0,0.0,0.0,2.29,1.66
1990-03-20 03:00:00+00:00,0.0,0.0,0.0,2.78,1.59
1990-03-20 04:00:00+00:00,0.0,0.0,0.0,3.32,1.66
1990-03-20 05:00:00+00:00,0.0,0.0,0.0,4.03,2.14
1990-03-20 06:00:00+00:00,0.0,0.0,0.0,4.5,2.28
1990-03-20 07:00:00+00:00,72.0,84.71,59.0,4.34,1.86
1990-03-20 08:00:00+00:00,201.0,215.46,135.0,5.58,1.79
1990-03-20 09:00:00+00:00,350.0,387.98,180.0,6.96,3.38
1990-03-20 10:00:00+00:00,255.0,33.33,237.0,7.71,3.52
1990-03-20 11:00:00+00:00,187.0,0.0,187.0,8.38,3.45
1990-03-20 12:00:00+00:00,402.0,140.03,314.0,8.92,3.52
1990-03-20 13:00:00+00:00,455.0,267.66,292.0,9.4,3.66
1990-03-20 14:00:00+00:00,508.0,609.59,174.0,9.95,3.79
1990-03-20 15:00:00+00:00,429.0,712.15,109.0,9.72,3.72
1990-03-20 16:00:00+00:00,283.0,609.33,88.0,9.46,3.59
1990-03-20 17:00:00+00:00,126.0,444.44,51.0,8.85,3.03
1990-03-20 18:00:00+00:00,0.0,0.0,0.0,7.68,2.48
1990-03-20 19:00:00+00:00,0.0,0.0,0.0,6.92,2.62
1990-03-20 20:00:00+00:00,0.0,0.0,0.0,6.12,2.48
1990-03-20 21:00:00+00:00,0.0,0.0,0.0,5.55,2.28
1990-03-20 22:00:00+00:00,0.0,0.0,0.0,5.21,2.07
1990-03-20 23:00:00+00:00,0.0,0.0,0.0,4.89,1.93
1990-03-21 00:00:00+00:00,0.0,0.0,0.0,4.67,1.86
1990-03-21 01:00:00+00:00,0.0,0.0,0.0,4.36,1.79
1990-03-21 02:00:00+00:00,0.0,0.0,0.0,3.84,1.72
1990-03-21 03:00:00+00:00,0.0,0.0,0.0,3.21,1.59
1990-03-21 04:00:00+00:00,0.0,0.0,0.0,2.94,1.59
1990-03-21 05:00:00+00:00,0.0,0.0,0.0,2.4,1.66
1990-03-21 06:00:00+00:00,0.0,0.0,0.0,2.25,1.66
1990-03-21 07:00:00+00:00,81.0,119.01,62.0,3.44,1.24
1990-03-21 08:00:00+00:00,165.0,89.62,137.0,5.77,1.59
1990-03-21 09:00:00+00:00,283.0,166.62,209.0,6.76,1.66
1990-03-21 10:00:00+00:00,439.0,379.27,232.0,7.85,1.59
1990-03-21 11:00:00+00:00,625.0,833.78,116.0,8.91,1.52
1990-03-21 12:00:00+00:00,650.0,834.67,121.0,9.84,1.45
1990-03-21 13:00:00+00:00,613.0,781.59,133.0,10.6,1.45
1990-03-21 14:00:00+00:00,509.0,611.38,171.0,11.09,1.66
1990-03-21 15:00:00+00:00,338.0,303.89,200.0,11.31,1.86
1990-03-21 16:00:00+00:00,253.0,406.59,121.0,11.12,1.93
1990-03-21 17:00:00+00:00,98.0,167.34,69.0,10.5,1.79
1990-03-21 18:00:00+00:00,0.0,0.0,0.0,9.76,1.52
1990-03-21 19:00:00+00:00,0.0,0.0,0.0,9.31,1.59
1990-03-21 20:00:00+00:00,0.0,0.0,0.0,8.9,1.38
1990-03-21 21:00:00+00:00,0.0,0.0,0.0,8.39,1.45
1990-03-21 22:00:00+00:00,0.0,0.0,0.0,8.05,1.52
1990-03-21 23:00:00+00:00,0.0,0.0,0.0,7.73,1.66
1990-03-22 00:00:00+00:00,0.0,0.0,0.0,7.25,1.59
1990-03-22 01:00:00+00:00,0.0,0.0,0.0,6.62,1.38
1990-03-22 02:00:00+00:00,0.0,0.0,0.0,6.11,1.17
1990-03-22 03:00:00+00:00,0.0,0.0,0.0,5.62,0.97
1990-03-22 04:00:00+00:00,0.0,0.0,0.0,5.09,0.9
1990-03-22 05:00:00+00:00,0.0,0.0,0.0,4.61,1.1
1990-03-22 06:00:00+00:00,0.0,0.0,0.0,4.61,1.38
1990-03-22 07:00:00+00:00,114.0,349.78,56.0,5.04,1.24
1990-03-22 08:00:00+00:00,197.0,172.68,142.0,6.31,1.52
1990-03-22 09:00:00+00:00,256.0,99.99,211.0,8.25,1.59
1990-03-22 10:00:00+00:00,441.0,364.43,240.0,10.8,1.79
1990-03-22 11:00:00+00:00,597.0,702.89,164.0,12.5,2.28
1990-03-22 12:00:00+00:00,205.0,1.56,204.0,13.75,2.41
1990-03-22 13:00:00+00:00,259.0,14.53,250.0,13.66,2.14
1990-03-22 14:00:00+00:00,308.0,77.09,265.0,13.86,2.0
1990-03-22 15:00:00+00:00,381.0,444.59,177.0,13.91,1.93
1990-03-22 16:00:00+00:00,224.0,242.97,144.0,13.66,1.79
1990-03-22 17:00:00+00:00,120.0,320.55,63.0,13.07,1.52
1990-03-22 18:00:00+00:00,0.0,0.0,0.0,12.38,1.52
1990-03-22 19:00:00+00:00,0.0,0.0,0.0,11.13,2.21
1990-03-22 20:00:00+00:00,0.0,0.0,0.0,9.72,2.55
1990-03-22 21:00:00+00:00,0.0,0.0,0.0,8.96,2.76
1990-03-22 22:00:00+00:00,0.0,0.0,0.0,8.44,2.83
1990-03-22 23:00:00+00:00,0.0,0.0,0.0,7.96,2.83
1990-03-23 00:00:00+00:00,0.0,0.0,0.0,7.6,2.83
1990-03-23 01:00:00+00:00,0.0,0.0,0.0,7.21,2.83
1990-03-23 02:00:00+00:00,0.0,0.0,0.0,6.71,2.83
1990-03-23 03:00:00+00:00,0.0,0.0,0.0,6.24,2.83
1990-03-23 04:00:00+00:00,0.0,0.0,0.0,5.81,2.83
1990-03-23 05:00:00+00:00,0.0,0.0,0.0,5.45,2.83
1990-03-23 06:00:00+00:00,0.0,0.0,0.0,5.13,2.83
1990-03-23 07:00:00+00:00,132.0,470.97,51.0,5.69,3.1
1990-03-23 08:00:00+00:00,294.0,650.1,83.0,7.52,3.1
1990-03-23 09:00:00+00:00,447.0,758.81,101.0,9.84,3.45
1990-03-23 10:00:00+00:00,572.0,834.42,107.0,11.82,3.52
1990-03-23 11:00:00+00:00,648.0,857.54,115.0,13.31,3.66
1990-03-23 12:00:00+00:00,676.0,869.01,116.0,14.15,3.86
1990-03-23 13:00:00+00:00,655.0,871.36,111.0,14.63,3.59
1990-03-23 14:00:00+00:00,576.0,826.48,111.0,14.8,3.24
1990-03-23 15:00:00+00:00,456.0,763.67,102.0,14.8,2.9
1990-03-23 16:00:00+00:00,305.0,659.01,85.0,14.54,2.62
1990-03-23 17:00:00+00:00,142.0,482.66,54.0,13.92,2.21
1990-03-23 18:00:00+00:00,0.0,0.0,0.0,12.58,2.21
1990-03-23 19:00:00+00:00,0.0,0.0,0.0,11.03,2.55
1990-03-23 20:00:00+00:00,0.0,0.0,0.0,9.68,2.76
1990-03-23 21:00:00+00:00,0.0,0.0,0.0,8.67,2.9
1990-03-23 22:00:00+00:00,0.0,0.0,0.0,7.88,2.97
1990-03-23 23:00:00+00:00,0.0,0.0,0.0,7.17,3.03
1990-03-24 00:00:00+00:00,0.0,0.0,0.0,6.52,3.1
1990-03-24 01:00:00+00:00,0.0,0.0,0.0,5.87,3.1
1990-03-24 02:00:00+00:00,0.0,0.0,0.0,5.38,3.03
1990-03-24 03:00:00+00:00,0.0,0.0,0.0,4.96,2.97
1990-03-24 04:00:00+00:00,0.0,0.0,0.0,4.68,3.03
1990-03-24 05:00:00+00:00,0.0,0.0,0.0,4.47,3.03
1990-03-24 06:00:00+00:00,0.0,0.0,0.0,4.36,3.1
1990-03-24 07:00:00+00:00,137.0,471.55,53.0,5.51,3.31
1990-03-24 08:00:00+00:00,286.0,559.57,101.0,7.39,3.45
1990-03-24 09:00:00+00:00,435.0,675.52,123.0,9.65,3.79
1990-03-24 10:00:00+00:00,558.0,762.03,129.0,11.56,4.0
1990-03-24 11:00:00+00:00,621.0,733.62,161.0,12.93,4.21
1990-03-24 12:00:00+00:00,669.0,828.12,131.0,13.87,4.41
1990-03-24 13:00:00+00:00,580.0,572.02,220.0,14.46,4.34
1990-03-24 14:00:00+00:00,425.0,276.67,268.0,14.73,4.14
1990-03-24 15:00:00+00:00,366.0,348.13,203.0,14.78,3.93
1990-03-24 16:00:00+00:00,249.0,316.21,142.0,14.57,3.59
1990-03-24 17:00:00+00:00,98.0,117.77,76.0,14.03,3.03
1990-03-24 18:00:00+00:00,0.0,0.0,0.0,12.63,2.9
1990-03-24 19:00:00+00:00,0.0,0.0,0.0,10.87,3.24
1990-03-24 20:00:00+00:00,0.0,0.0,0.0,9.63,3.38
1990-03-24 21:00:00+00:00,0.0,0.0,0.0,8.54,3.31
1990-03-24 22:00:00+00:00,0.0,0.0,0.0,7.63,3.24
1990-03-24 23:00:00+00:00,0.0,0.0,0.0,6.89,3.03
1990-03-25 00:00:00+00:00,0.0,0.0,0.0,6.3,2.83
1990-03-25 01:00:00+00:00,0.0,0.0,0.0,5.84,2.69
1990-03-25 02:00:00+00:00,0.0,0.0,0.0,5.32,2.62
1990-03-25 03:00:00+00:00,0.0,0.0,0.0,4.88,2.62
1990-03-25 04:00:00+00:00,0.0,0.0,0.0,4.53,2.62
1990-03-25 05:00:00+00:00,0.0,0.0,0.0,4.22,2.55
1990-03-25 06:00:00+00:00,0.0,0.0,0.0,3.95,2.55
1990-03-25 07:00:00+00:00,137.0,428.7,58.0,4.94,2.34
1990-03-25 08:00:00+00:00,291.0,561.44,102.0,7.23,2.14
1990-03-25 09:00:00+00:00,445.0,703.39,116.0,9.89,1.93
1990-03-25 10:00:00+00:00,569.0,784.33,123.0,12.09,1.66
1990-03-25 11:00:00+00:00,656.0,849.06,119.0,13.66,1.59
1990-03-25 12:00:00+00:00,684.0,859.7,121.0,14.66,1.45
1990-03-25 13:00:00+00:00,655.0,838.67,123.0,15.23,1.38
1990-03-25 14:00:00+00:00,570.0,774.13,127.0,15.5,1.31
1990-03-25 15:00:00+00:00,446.0,678.86,125.0,15.47,1.24
1990-03-25 16:00:00+00:00,290.0,516.18,113.0,15.19,1.38
1990-03-25 17:00:00+00:00,113.0,182.99,78.0,14.44,1.52
1990-03-25 18:00:00+00:00,0.0,0.0,0.0,12.87,1.66
1990-03-25 19:00:00+00:00,0.0,0.0,0.0,11.44,1.59
1990-03-25 20:00:00+00:00,0.0,0.0,0.0,10.29,1.38
1990-03-25 21:00:00+00:00,0.0,0.0,0.0,9.02,1.1
1990-03-25 22:00:00+00:00,0.0,0.0,0.0,9.32,0.76
1990-03-25 23:00:00+00:00,0.0,0.0,0.0,8.98,0.76
1990-03-26 00:00:00+00:00,0.0,0.0,0.0,7.93,1.1
1990-03-26 01:00:00+00:00,0.0,0.0,0.0,8.35,0.83
1990-03-26 02:00:00+00:00,0.0,0.0,0.0,7.8,0.97
1990-03-26 03:00:00+00:00,0.0,0.0,0.0,6.99,1.31
1990-03-26 04:00:00+00:00,0.0,0.0,0.0,6.28,1.66
1990-03-26 05:00:00+00:00,0.0,0.0,0.0,6.17,2.07
1990-03-26 06:00:00+00:00,0.0,0.0,0.0,6.51,2.21
1990-03-26 07:00:00+00:00,105.0,147.06,77.0,6.81,1.38
1990-03-26 08:00:00+00:00,282.0,490.31,114.0,8.74,1.45
1990-03-26 09:00:00+00:00,383.0,407.55,190.0,10.64,1.38
1990-03-26 10:00:00+00:00,548.0,689.58,152.0,11.75,1.45
1990-03-26 11:00:00+00:00,639.0,790.13,135.0,12.6,1.45
1990-03-26 12:00:00+00:00,658.0,771.15,149.0,13.41,1.45
1990-03-26 13:00:00+00:00,630.0,747.7,152.0,14.08,1.59
1990-03-26 14:00:00+00:00,545.0,663.76,162.0,14.4,1.79
1990-03-26 15:00:00+00:00,394.0,437.74,185.0,14.32,2.14
1990-03-26 16:00:00+00:00,162.0,46.06,146.0,13.96,2.34
1990-03-26 17:00:00+00:00,88.0,61.31,76.0,12.99,2.34
1990-03-26 18:00:00+00:00,5.0,0.0,5.0,11.69,1.79
1990-03-26 19:00:00+00:00,0.0,0.0,0.0,10.8,2.48
1990-03-26 20:00:00+00:00,0.0,0.0,0.0,10.12,2.76
1990-03-26 21:00:00+00:00,0.0,0.0,0.0,9.3,2.9
1990-03-26 22:00:00+00:00,0.0,0.0,0.0,8.57,2.9
1990-03-26 23:00:00+00:00,0.0,0.0,0.0,7.9,3.1
1990-03-27 00:00:00+00:00,0.0,0.0,0.0,7.41,3.38
1990-03-27 01:00:00+00:00,0.0,0.0,0.0,6.75,3.59
1990-03-27 02:00:00+00:00,0.0,0.0,0.0,6.31,3.52
1990-03-27 03:00:00+00:00,0.0,0.0,0.0,5.93,3.52
1990-03-27 04:00:00+00:00,0.0,0.0,0.0,5.71,3.52
1990-03-27 05:00:00+00:00,0.0,0.0,0.0,5.51,3.38
1990-03-27 06:00:00+00:00,2.0,0.0,2.0,5.33,3.38
1990-03-27 07:00:00+00:00,89.0,61.07,77.0,5.77,3.52
1990-03-27 08:00:00+00:00,192.0,100.4,157.0,6.97,3.86
1990-03-27 09:00:00+00:00,410.0,498.57,171.0,8.46,3.86
1990-03-27 10:00:00+00:00,555.0,693.28,153.0,10.0,3.86
1990-03-27 11:00:00+00:00,635.0,750.89,152.0,11.45,3.66
1990-03-27 12:00:00+00:00,683.0,835.86,127.0,12.97,3.66
1990-03-27 13:00:00+00:00,640.0,765.28,147.0,13.95,3.38
1990-03-27 14:00:00+00:00,473.0,388.5,247.0,14.5,3.03
1990-03-27 15:00:00+00:00,350.0,273.85,218.0,14.48,2.76
1990-03-27 16:00:00+00:00,179.0,71.05,154.0,14.19,2.55
1990-03-27 17:00:00+00:00,112.0,149.9,82.0,13.77,2.28
1990-03-27 18:00:00+00:00,6.0,0.0,6.0,12.62,2.14
1990-03-27 19:00:00+00:00,0.0,0.0,0.0,11.62,2.07
1990-03-27 20:00:00+00:00,0.0,0.0,0.0,10.43,2.28
1990-03-27 21:00:00+00:00,0.0,0.0,0.0,9.64,2.48
1990-03-27 22:00:00+00:00,0.0,0.0,0.0,9.05,2.62
1990-03-27 23:00:00+00:00,0.0,0.0,0.0,8.33,2.69
1990-03-28 00:00:00+00:00,0.0,0.0,0.0,7.93,2.55
1990-03-28 01:00:00+00:00,0.0,0.0,0.0,7.44,2.48
1990-03-28 02:00:00+00:00,0.0,0.0,0.0,7.41,2.34
1990-03-28 03:00:00+00:00,0.0,0.0,0.0,7.02,2.34
1990-03-28 04:00:00+00:00,0.0,0.0,0.0,7.05,2.21
1990-03-28 05:00:00+00:00,0.0,0.0,0.0,6.97,2.21
1990-03-28 06:00:00+00:00,3.0,0.0,3.0,6.99,2.21
1990-03-28 07:00:00+00:00,122.0,192.5,83.0,7.29,2.07
1990-03-28 08:00:00+00:00,263.0,327.16,147.0,8.08,2.34
1990-03-28 09:00:00+00:00,310.0,158.72,233.0,9.09,2.41
1990-03-28 10:00:00+00:00,478.0,386.06,252.0,9.91,2.48
1990-03-28 11:00:00+00:00,610.0,619.84,208.0,10.85,2.48
1990-03-28 12:00:00+00:00,652.0,692.26,188.0,11.48,2.55
1990-03-28 13:00:00+00:00,677.0,864.31,116.0,11.95,2.62
1990-03-28 14:00:00+00:00,588.0,787.85,126.0,11.88,2.62
1990-03-28 15:00:00+00:00,457.0,670.03,131.0,11.89,2.62
1990-03-28 16:00:00+00:00,278.0,392.93,138.0,11.28,2.62
1990-03-28 17:00:00+00:00,140.0,312.91,76.0,10.76,2.55
1990-03-28 18:00:00+00:00,10.0,24.04,9.0,9.94,2.34
1990-03-28 19:00:00+00:00,0.0,0.0,0.0,8.81,2.76
1990-03-28 20:00:00+00:00,0.0,0.0,0.0,7.93,2.83
1990-03-28 21:00:00+00:00,0.0,0.0,0.0,7.43,2.97
1990-03-28 22:00:00+00:00,0.0,0.0,0.0,7.06,3.17
1990-03-28 23:00:00+00:00,0.0,0.0,0.0,6.82,3.38
1990-03-29 00:00:00+00:00,0.0,0.0,0.0,6.72,3.59
1990-03-29 01:00:00+00:00,0.0,0.0,0.0,6.63,3.72
1990-03-29 02:00:00+00:00,0.0,0.0,0.0,6.49,3.86
1990-03-29 03:00:00+00:00,0.0,0.0,0.0,6.52,3.93
1990-03-29 04:00:00+00:00,0.0,0.0,0.0,6.45,3.86
1990-03-29 05:00:00+00:00,0.0,0.0,0.0,6.52,3.86
1990-03-29 06:00:00+00:00,5.0,0.0,5.0,6.64,3.66
1990-03-29 07:00:00+00:00,115.0,138.98,86.0,7.18,3.24
1990-03-29 08:00:00+00:00,151.0,24.97,142.0,8.68,3.59
1990-03-29 09:00:00+00:00,309.0,152.79,234.0,9.9,3.52
1990-03-29 10:00:00+00:00,331.0,82.92,282.0,10.81,3.79
1990-03-29 11:00:00+00:00,336.0,50.47,303.0,11.71,3.72
1990-03-29 12:00:00+00:00,97.0,0.0,97.0,12.42,3.31
1990-03-29 13:00:00+00:00,343.0,55.05,307.0,12.94,2.97
1990-03-29 14:00:00+00:00,313.0,62.6,276.0,13.12,2.83
1990-03-29 15:00:00+00:00,108.0,0.0,108.0,12.94,2.76
1990-03-29 16:00:00+00:00,133.0,11.09,129.0,12.19,2.55
1990-03-29 17:00:00+00:00,84.0,33.51,77.0,11.75,2.07
1990-03-29 18:00:00+00:00,2.0,0.0,2.0,10.91,1.72
1990-03-29 19:00:00+00:00,0.0,0.0,0.0,9.97,1.93
1990-03-29 20:00:00+00:00,0.0,0.0,0.0,9.01,1.93
1990-03-29 21:00:00+00:00,0.0,0.0,0.0,8.21,1.59
1990-03-29 22:00:00+00:00,0.0,0.0,0.0,7.7,1.66
1990-03-29 23:00:00+00:00,0.0,0.0,0.0,7.61,1.72
1990-03-30 00:00:00+00:00,0.0,0.0,0.0,7.32,2.0
1990-03-30 01:00:00+00:00,0.0,0.0,0.0,7.12,1.93
1990-03-30 02:00:00+00:00,0.0,0.0,0.0,7.12,2.14
1990-03-30 03:00:00+00:00,0.0,0.0,0.0,7.45,2.48
1990-03-30 04:00:00+00:00,0.0,0.0,0.0,7.76,2.76
1990-03-30 05:00:00+00:00,0.0,0.0,0.0,7.79,2.9
1990-03-30 06:00:00+00:00,3.0,0.0,3.0,7.77,4.07
1990-03-30 07:00:00+00:00,42.0,0.0,42.0,8.75,4.41
1990-03-30 08:00:00+00:00,68.0,0.0,68.0,9.48,5.17
1990-03-30 09:00:00+00:00,116.0,0.0,116.0,9.79,5.52
1990-03-30 10:00:00+00:00,120.0,0.0,120.0,9.86,6.21
1990-03-30 11:00:00+00:00,128.0,0.0,128.0,10.21,7.03
1990-03-30 12:00:00+00:00,116.0,0.0,116.0,10.08,6.48
1990-03-30 13:00:00+00:00,112.0,0.0,112.0,10.01,6.48
1990-03-30 14:00:00+00:00,105.0,0.0,105.0,9.8,6.41
1990-03-30 15:00:00+00:00,257.0,64.58,225.0,9.96,6.97
1990-03-30 16:00:00+00:00,145.0,19.17,138.0,10.13,5.31
1990-03-30 17:00:00+00:00,118.0,140.68,88.0,10.99,4.76
1990-03-30 18:00:00+00:00,12.0,19.85,11.0,11.23,3.52
1990-03-30 19:00:00+00:00,0.0,0.0,0.0,10.45,2.69
1990-03-30 20:00:00+00:00,0.0,0.0,0.0,9.59,3.66
1990-03-30 21:00:00+00:00,0.0,0.0,0.0,9.12,3.24
1990-03-30 22:00:00+00:00,0.0,0.0,0.0,8.84,3.72
1990-03-30 23:00:00+00:00,0.0,0.0,0.0,8.87,3.59
1990-03-31 00:00:00+00:00,0.0,0.0,0.0,9.02,3.38
1990-03-31 01:00:00+00:00,0.0,0.0,0.0,8.97,3.66
1990-03-31 02:00:00+00:00,0.0,0.0,0.0,9.03,4.69
1990-03-31 03:00:00+00:00,0.0,0.0,0.0,9.73,5.86
1990-03-31 04:00:00+00:00,0.0,0.0,0.0,10.34,6.9
1990-03-31 05:00:00+00:00,0.0,0.0,0.0,10.6,7.03
1990-03-31 06:00:00+00:00,5.0,0.0,5.0,10.84,7.17
1990-03-31 07:00:00+00:00,48.0,0.0,48.0,10.91,7.52
1990-03-31 08:00:00+00:00,106.0,0.0,106.0,11.16,7.45
1990-03-31 09:00:00+00:00,90.0,0.0,90.0,11.62,7.24
1990-03-31 10:00:00+00:00,282.0,33.23,262.0,12.19,7.17
1990-03-31 11:00:00+00:00,376.0,84.31,320.0,13.2,8.83
1990-03-31 12:00:00+00:00,318.0,29.19,298.0,14.05,8.55
1990-03-31 13:00:00+00:00,344.0,54.27,308.0,14.7,8.48
1990-03-31 14:00:00+00:00,193.0,1.67,192.0,14.82,8.41
1990-03-31 15:00:00+00:00,165.0,2.0,164.0,14.83,8.69
1990-03-31 16:00:00+00:00,196.0,86.62,164.0,13.34,6.59
1990-03-31 17:00:00+00:00,38.0,0.0,38.0,12.97,6.42
1990-03-31 18:00:00+00:00,12.0,0.0,12.0,12.6,6.24
1990-03-31 19:00:00+00:00,0.0,0.0,0.0,12.23,6.07
1990-03-31 20:00:00+00:00,0.0,0.0,0.0,11.86,5.89
1990-03-31 21:00:00+00:00,0.0,0.0,0.0,11.49,5.72
1990-03-31 22:00:00+00:00,0.0,0.0,0.0,11.12,5.54
1990-03-31 23:00:00+00:00,0.0,0.0,0.0,10.75,5.37
1990-04-01 00:00:00+00:00,0.0,0.0,0.0,10.38,5.19
1990-04-01 01:00:00+00:00,0.0,0.0,0.0,10.01,5.02
1990-04-01 02:00:00+00:00,0.0,0.0,0.0,9.64,4.84
1990-04-01 03:00:00+00:00,0.0,0.0,0.0,9.28,4.67
1990-04-01 04:00:00+00:00,0.0,0.0,0.0,8.91,4.49
1990-04-01 05:00:00+00:00,0.0,0.0,0.0,8.54,4.32
1990-04-01 06:00:00+00:00,24.0,78.03,19.0,8.17,4.14
1990-04-01 07:00:00+00:00,139.0,198.52,94.0,7.8,3.97
1990-04-01 08:00:00+00:00,283.0,335.96,156.0,10.18,4.9
1990-04-01 09:00:00+00:00,218.0,21.66,207.0,11.07,4.76
1990-04-01 10:00:00+00:00,254.0,14.82,245.0,11.79,4.69
1990-04-01 11:00:00+00:00,437.0,153.87,334.0,12.34,4.83
1990-04-01 12:00:00+00:00,520.0,273.85,331.0,12.82,4.83
1990-04-01 13:00:00+00:00,593.0,510.41,252.0,12.83,4.55
1990-04-01 14:00:00+00:00,489.0,373.74,263.0,13.03,4.14
1990-04-01 15:00:00+00:00,416.0,426.33,201.0,13.04,3.86
1990-04-01 16:00:00+00:00,329.0,591.33,108.0,12.67,3.72
1990-04-01 17:00:00+00:00,180.0,527.29,63.0,11.47,3.86
1990-04-01 18:00:00+00:00,13.0,16.91,12.0,10.94,2.55
1990-04-01 19:00:00+00:00,0.0,0.0,0.0,10.11,1.66
1990-04-01 20:00:00+00:00,0.0,0.0,0.0,9.13,1.72
1990-04-01 21:00:00+00:00,0.0,0.0,0.0,8.2,2.07
1990-04-01 22:00:00+00:00,0.0,0.0,0.0,7.73,2.41
1990-04-01 23:00:00+00:00,0.0,0.0,0.0,7.5,2.69
1990-04-02 00:00:00+00:00,0.0,0.0,0.0,7.43,2.9
1990-04-02 01:00:00+00:00,0.0,0.0,0.0,7.48,3.1
1990-04-02 02:00:00+00:00,0.0,0.0,0.0,7.56,3.38
1990-04-02 03:00:00+00:00,0.0,0.0,0.0,7.41,3.52
1990-04-02 04:00:00+00:00,0.0,0.0,0.0,7.18,3.45
1990-04-02 05:00:00+00:00,0.0,0.0,0.0,6.83,3.24
1990-04-02 06:00:00+00:00,15.0,0.0,15.0,6.5,3.24
1990-04-02 07:00:00+00:00,97.0,34.39,89.0,7.37,3.03
1990-04-02 08:00:00+00:00,336.0,570.62,117.0,8.41,4.48
1990-04-02 09:00:00+00:00,498.0,738.26,119.0,9.67,3.86
1990-04-02 10:00:00+00:00,619.0,803.26,127.0,11.03,3.38
1990-04-02 11:00:00+00:00,687.0,809.54,141.0,12.34,2.9
1990-04-02 12:00:00+00:00,708.0,804.31,149.0,13.38,2.34
1990-04-02 13:00:00+00:00,554.0,382.02,297.0,13.68,1.79
1990-04-02 14:00:00+00:00,402.0,167.44,300.0,13.92,1.38
1990-04-02 15:00:00+00:00,298.0,108.13,243.0,13.87,1.38
1990-04-02 16:00:00+00:00,233.0,156.08,174.0,13.72,1.72
1990-04-02 17:00:00+00:00,145.0,229.91,93.0,13.33,1.79
1990-04-02 18:00:00+00:00,25.0,94.53,19.0,12.57,1.59
1990-04-02 19:00:00+00:00,0.0,0.0,0.0,11.68,1.93
1990-04-02 20:00:00+00:00,0.0,0.0,0.0,10.85,1.86
1990-04-02 21:00:00+00:00,0.0,0.0,0.0,9.74,1.93
1990-04-02 22:00:00+00:00,0.0,0.0,0.0,8.69,1.59
1990-04-02 23:00:00+00:00,0.0,0.0,0.0,8.74,0.83
1990-04-03 00:00:00+00:00,0.0,0.0,0.0,8.92,0.41
1990-04-03 01:00:00+00:00,0.0,0.0,0.0,7.86,0.97
1990-04-03 02:00:00+00:00,0.0,0.0,0.0,5.85,1.59
1990-04-03 03:00:00+00:00,0.0,0.0,0.0,5.14,1.93
1990-04-03 04:00:00+00:00,0.0,0.0,0.0,4.79,1.86
1990-04-03 05:00:00+00:00,0.0,0.0,0.0,4.46,1.93
1990-04-03 06:00:00+00:00,29.0,78.77,23.0,4.16,2.14
1990-04-03 07:00:00+00:00,178.0,394.09,84.0,6.22,1.79
1990-04-03 08:00:00+00:00,347.0,600.74,113.0,9.02,2.07
1990-04-03 09:00:00+00:00,494.0,693.8,134.0,10.06,2.69
1990-04-03 10:00:00+00:00,602.0,713.84,161.0,10.98,3.1
1990-04-03 11:00:00+00:00,642.0,624.0,218.0,11.58,3.52
1990-04-03 12:00:00+00:00,688.0,710.2,191.0,12.2,3.52
1990-04-03 13:00:00+00:00,654.0,674.71,197.0,12.44,3.59
1990-04-03 14:00:00+00:00,572.0,612.78,196.0,12.5,3.79
1990-04-03 15:00:00+00:00,490.0,703.76,129.0,12.27,4.07
1990-04-03 16:00:00+00:00,323.0,502.27,131.0,11.75,4.14
1990-04-03 17:00:00+00:00,173.0,403.59,80.0,10.78,3.86
1990-04-03 18:00:00+00:00,18.0,14.75,17.0,10.08,3.52
1990-04-03 19:00:00+00:00,0.0,0.0,0.0,9.14,3.24
1990-04-03 20:00:00+00:00,0.0,0.0,0.0,8.66,3.38
1990-04-03 21:00:00+00:00,0.0,0.0,0.0,8.53,3.52
1990-04-03 22:00:00+00:00,0.0,0.0,0.0,8.47,3.52
1990-04-03 23:00:00+00:00,0.0,0.0,0.0,8.63,3.52
1990-04-04 00:00:00+00:00,0.0,0.0,0.0,8.68,3.52
1990-04-04 01:00:00+00:00,0.0,0.0,0.0,8.7,3.45
1990-04-04 02:00:00+00:00,0.0,0.0,0.0,8.78,3.1
1990-04-04 03:00:00+00:00,0.0,0.0,0.0,9.02,2.76
1990-04-04 04:00:00+00:00,0.0,0.0,0.0,9.05,2.28
1990-04-04 05:00:00+00:00,0.0,0.0,0.0,9.06,1.66
1990-04-04 06:00:00+00:00,37.0,133.86,26.0,9.17,0.97
1990-04-04 07:00:00+00:00,93.0,24.55,87.0,9.65,1.45
1990-04-04 08:00:00+00:00,207.0,75.91,177.0,10.17,2.41
1990-04-04 09:00:00+00:00,126.0,0.0,126.0,11.04,2.76
1990-04-04 10:00:00+00:00,115.0,0.0,115.0,11.54,3.17
1990-04-04 11:00:00+00:00,115.0,0.0,115.0,12.31,3.24
1990-04-04 12:00:00+00:00,312.0,19.87,298.0,12.81,3.03
1990-04-04 13:00:00+00:00,357.0,55.73,319.0,13.15,3.59
1990-04-04 14:00:00+00:00,75.0,0.0,75.0,12.94,3.66
1990-04-04 15:00:00+00:00,111.0,0.0,111.0,13.04,4.69
1990-04-04 16:00:00+00:00,124.0,2.59,123.0,13.27,4.69
1990-04-04 17:00:00+00:00,124.0,110.8,98.0,13.29,4.34
1990-04-04 18:00:00+00:00,18.0,13.87,17.0,12.7,4.21
1990-04-04 19:00:00+00:00,0.0,0.0,0.0,12.15,4.0
1990-04-04 20:00:00+00:00,0.0,0.0,0.0,11.71,4.14
1990-04-04 21:00:00+00:00,0.0,0.0,0.0,11.35,4.48
1990-04-04 22:00:00+00:00,0.0,0.0,0.0,10.79,4.83
1990-04-04 23:00:00+00:00,0.0,0.0,0.0,10.2,4.9
1990-04-05 00:00:00+00:00,0.0,0.0,0.0,9.52,4.48
1990-04-05 01:00:00+00:00,0.0,0.0,0.0,8.85,4.21
1990-04-05 02:00:00+00:00,0.0,0.0,0.0,8.26,4.14
1990-04-05 03:00:00+00:00,0.0,0.0,0.0,7.73,4.0
1990-04-05 04:00:00+00:00,0.0,0.0,0.0,7.33,4.0
1990-04-05 05:00:00+00:00,0.0,0.0,0.0,6.82,4.07
1990-04-05 06:00:00+00:00,47.0,215.56,28.0,6.68,4.14
1990-04-05 07:00:00+00:00,198.0,471.6,80.0,6.73,3.17
1990-04-05 08:00:00+00:00,365.0,648.64,105.0,8.04,3.72
1990-04-05 09:00:00+00:00,474.0,562.53,176.0,9.37,4.48
1990-04-05 10:00:00+00:00,602.0,678.16,176.0,10.54,4.14
1990-04-05 11:00:00+00:00,620.0,528.0,256.0,11.6,3.79
1990-04-05 12:00:00+00:00,726.0,820.6,144.0,12.43,3.86
1990-04-05 13:00:00+00:00,671.0,709.55,184.0,12.96,4.14
1990-04-05 14:00:00+00:00,618.0,768.11,140.0,13.09,4.28
1990-04-05 15:00:00+00:00,503.0,728.73,123.0,13.12,4.21
1990-04-05 16:00:00+00:00,356.0,650.16,102.0,12.82,4.07
1990-04-05 17:00:00+00:00,187.0,460.49,77.0,12.43,4.0
1990-04-05 18:00:00+00:00,35.0,143.97,24.0,11.89,3.38
1990-04-05 19:00:00+00:00,0.0,0.0,0.0,11.26,3.24
1990-04-05 20:00:00+00:00,0.0,0.0,0.0,10.6,3.59
1990-04-05 21:00:00+00:00,0.0,0.0,0.0,10.08,3.93
1990-04-05 22:00:00+00:00,0.0,0.0,0.0,9.49,3.79
1990-04-05 23:00:00+00:00,0.0,0.0,0.0,8.87,3.31
1990-04-06 00:00:00+00:00,0.0,0.0,0.0,8.19,3.17
1990-04-06 01:00:00+00:00,0.0,0.0,0.0,7.62,3.17
1990-04-06 02:00:00+00:00,0.0,0.0,0.0,7.29,3.17
1990-04-06 03:00:00+00:00,0.0,0.0,0.0,7.04,2.97
1990-04-06 04:00:00+00:00,0.0,0.0,0.0,6.84,2.76
1990-04-06 05:00:00+00:00,0.0,0.0,0.0,6.76,2.55
1990-04-06 06:00:00+00:00,45.0,138.19,32.0,6.59,2.28
1990-04-06 07:00:00+00:00,202.0,476.57,80.0,7.0,2.07
1990-04-06 08:00:00+00:00,369.0,652.03,104.0,8.21,1.93
1990-04-06 09:00:00+00:00,514.0,725.08,126.0,10.04,1.59
1990-04-06 10:00:00+00:00,636.0,797.42,131.0,11.25,0.9
1990-04-06 11:00:00+00:00,664.0,668.34,200.0,12.39,0.14
1990-04-06 12:00:00+00:00,721.0,798.46,151.0,12.99,0.83
1990-04-06 13:00:00+00:00,705.0,825.14,135.0,13.3,0.97
1990-04-06 14:00:00+00:00,614.0,746.9,146.0,13.56,0.97
1990-04-06 15:00:00+00:00,500.0,707.7,128.0,13.62,1.1
1990-04-06 16:00:00+00:00,347.0,587.6,115.0,13.53,1.38
1990-04-06 17:00:00+00:00,184.0,423.77,81.0,13.19,1.72
1990-04-06 18:00:00+00:00,33.0,86.76,26.0,12.68,1.72
1990-04-06 19:00:00+00:00,0.0,0.0,0.0,11.95,2.14
1990-04-06 20:00:00+00:00,0.0,0.0,0.0,10.95,2.07
1990-04-06 21:00:00+00:00,0.0,0.0,0.0,10.36,1.93
1990-04-06 22:00:00+00:00,0.0,0.0,0.0,9.65,1.86
1990-04-06 23:00:00+00:00,0.0,0.0,0.0,9.09,1.72
1990-04-07 00:00:00+00:00,0.0,0.0,0.0,8.64,1.72
1990-04-07 01:00:00+00:00,0.0,0.0,0.0,8.6,1.72
1990-04-07 02:00:00+00:00,0.0,0.0,0.0,8.43,1.93
1990-04-07 03:00:00+00:00,0.0,0.0,0.0,7.97,2.14
1990-04-07 04:00:00+00:00,0.0,0.0,0.0,7.86,2.14
1990-04-07 05:00:00+00:00,0.0,0.0,0.0,7.25,2.07
1990-04-07 06:00:00+00:00,49.0,140.05,35.0,6.86,1.93
1990-04-07 07:00:00+00:00,206.0,462.31,85.0,7.11,1.38
1990-04-07 08:00:00+00:00,374.0,640.84,110.0,9.08,1.38
1990-04-07 09:00:00+00:00,520.0,721.66,130.0,10.76,1.1
1990-04-07 10:00:00+00:00,645.0,806.77,130.0,12.03,0.76
1990-04-07 11:00:00+00:00,718.0,833.96,135.0,13.14,0.97
1990-04-07 12:00:00+00:00,754.0,876.88,124.0,13.95,1.52
1990-04-07 13:00:00+00:00,713.0,832.87,134.0,14.4,1.93
1990-04-07 14:00:00+00:00,632.0,791.02,133.0,14.55,2.28
1990-04-07 15:00:00+00:00,518.0,758.79,116.0,14.69,2.34
1990-04-07 16:00:00+00:00,365.0,661.74,101.0,14.41,2.28
1990-04-07 17:00:00+00:00,194.0,465.18,79.0,13.81,2.41
1990-04-07 18:00:00+00:00,37.0,117.73,27.0,12.7,2.34
1990-04-07 19:00:00+00:00,0.0,0.0,0.0,11.14,2.14
1990-04-07 20:00:00+00:00,0.0,0.0,0.0,9.89,1.86
1990-04-07 21:00:00+00:00,0.0,0.0,0.0,8.79,1.52
1990-04-07 22:00:00+00:00,0.0,0.0,0.0,7.61,1.24
1990-04-07 23:00:00+00:00,0.0,0.0,0.0,7.51,1.1
1990-04-08 00:00:00+00:00,0.0,0.0,0.0,8.03,0.83
1990-04-08 01:00:00+00:00,0.0,0.0,0.0,8.08,0.48
1990-04-08 02:00:00+00:00,0.0,0.0,0.0,7.86,0.21
1990-04-08 03:00:00+00:00,0.0,0.0,0.0,7.8,0.83
1990-04-08 04:00:00+00:00,0.0,0.0,0.0,5.74,1.45
1990-04-08 05:00:00+00:00,0.0,0.0,0.0,4.45,1.86
1990-04-08 06:00:00+00:00,60.0,226.82,36.0,4.17,2.21
1990-04-08 07:00:00+00:00,224.0,545.97,78.0,6.54,1.45
1990-04-08 08:00:00+00:00,395.0,704.29,101.0,9.72,1.86
1990-04-08 09:00:00+00:00,546.0,788.03,116.0,11.56,2.48
1990-04-08 10:00:00+00:00,661.0,826.93,129.0,13.01,2.97
1990-04-08 11:00:00+00:00,731.0,842.54,138.0,13.93,3.31
1990-04-08 12:00:00+00:00,763.0,874.15,131.0,14.67,3.59
1990-04-08 13:00:00+00:00,730.0,852.01,134.0,15.1,3.66
1990-04-08 14:00:00+00:00,648.0,812.56,132.0,15.28,3.79
1990-04-08 15:00:00+00:00,532.0,781.04,115.0,15.17,3.93
1990-04-08 16:00:00+00:00,379.0,694.72,99.0,14.71,4.0
1990-04-08 17:00:00+00:00,212.0,564.95,70.0,13.93,3.72
1990-04-08 18:00:00+00:00,44.0,168.2,29.0,12.79,3.52
1990-04-08 19:00:00+00:00,0.0,0.0,0.0,11.36,3.17
1990-04-08 20:00:00+00:00,0.0,0.0,0.0,10.38,3.38
1990-04-08 21:00:00+00:00,0.0,0.0,0.0,9.96,3.52
1990-04-08 22:00:00+00:00,0.0,0.0,0.0,9.87,3.66
1990-04-08 23:00:00+00:00,0.0,0.0,0.0,9.97,3.72
1990-04-09 00:00:00+00:00,0.0,0.0,0.0,10.05,3.72
1990-04-09 01:00:00+00:00,0.0,0.0,0.0,10.12,3.66
1990-04-09 02:00:00+00:00,0.0,0.0,0.0,10.04,3.45
1990-04-09 03:00:00+00:00,0.0,0.0,0.0,9.83,3.31
1990-04-09 04:00:00+00:00,0.0,0.0,0.0,9.57,3.17
1990-04-09 05:00:00+00:00,0.0,0.0,0.0,9.34,3.1
1990-04-09 06:00:00+00:00,62.0,215.03,38.0,9.31,2.97
1990-04-09 07:00:00+00:00,226.0,531.04,81.0,10.64,2.62
1990-04-09 08:00:00+00:00,395.0,688.16,104.0,12.81,2.83
1990-04-09 09:00:00+00:00,547.0,780.61,117.0,14.51,3.03
1990-04-09 10:00:00+00:00,665.0,831.42,126.0,15.79,3.38
1990-04-09 11:00:00+00:00,727.0,824.25,143.0,16.62,3.66
1990-04-09 12:00:00+00:00,762.0,866.03,132.0,17.12,3.86
1990-04-09 13:00:00+00:00,729.0,843.98,135.0,17.35,4.07
1990-04-09 14:00:00+00:00,650.0,815.11,129.0,17.43,4.14
1990-04-09 15:00:00+00:00,515.0,702.64,137.0,17.3,4.28
1990-04-09 16:00:00+00:00,377.0,675.52,102.0,16.78,4.34
1990-04-09 17:00:00+00:00,214.0,559.78,71.0,15.85,4.14
1990-04-09 18:00:00+00:00,50.0,203.43,31.0,14.7,3.93
1990-04-09 19:00:00+00:00,0.0,0.0,0.0,13.2,4.55
1990-04-09 20:00:00+00:00,0.0,0.0,0.0,11.37,5.31
1990-04-09 21:00:00+00:00,0.0,0.0,0.0,9.72,4.97
1990-04-09 22:00:00+00:00,0.0,0.0,0.0,9.22,4.21
1990-04-09 23:00:00+00:00,0.0,0.0,0.0,9.28,4.07
1990-04-10 00:00:00+00:00,0.0,0.0,0.0,9.31,3.86
1990-04-10 01:00:00+00:00,0.0,0.0,0.0,9.04,3.72
1990-04-10 02:00:00+00:00,0.0,0.0,0.0,8.54,3.45
1990-04-10 03:00:00+00:00,0.0,0.0,0.0,8.05,3.24
1990-04-10 04:00:00+00:00,0.0,0.0,0.0,7.7,3.17
1990-04-10 05:00:00+00:00,0.0,0.0,0.0,7.5,3.1
1990-04-10 06:00:00+00:00,53.0,93.72,42.0,7.48,2.97
1990-04-10 07:00:00+00:00,131.0,57.42,115.0,8.69,2.97
1990-04-10 08:00:00+00:00,199.0,37.36,183.0,9.54,4.28
1990-04-10 09:00:00+00:00,324.0,100.72,268.0,10.1,4.28
1990-04-10 10:00:00+00:00,514.0,327.64,300.0,10.56,3.86
1990-04-10 11:00:00+00:00,726.0,800.67,155.0,11.18,3.66
1990-04-10 12:00:00+00:00,778.0,894.96,123.0,11.6,3.66
1990-04-10 13:00:00+00:00,720.0,797.98,155.0,12.06,3.79
1990-04-10 14:00:00+00:00,639.0,755.5,153.0,12.14,3.86
1990-04-10 15:00:00+00:00,524.0,721.4,133.0,12.04,3.93
1990-04-10 16:00:00+00:00,305.0,306.48,179.0,11.82,3.93
1990-04-10 17:00:00+00:00,133.0,88.62,110.0,11.51,3.79
1990-04-10 18:00:00+00:00,35.0,40.98,31.0,11.17,2.97
1990-04-10 19:00:00+00:00,0.0,0.0,0.0,11.0,2.9
1990-04-10 20:00:00+00:00,0.0,0.0,0.0,10.71,2.83
1990-04-10 21:00:00+00:00,0.0,0.0,0.0,10.37,2.62
1990-04-10 22:00:00+00:00,0.0,0.0,0.0,10.01,2.34
1990-04-10 23:00:00+00:00,0.0,0.0,0.0,9.53,2.28
1990-04-11 00:00:00+00:00,0.0,0.0,0.0,9.23,2.34
1990-04-11 01:00:00+00:00,0.0,0.0,0.0,8.73,2.69
1990-04-11 02:00:00+00:00,0.0,0.0,0.0,8.2,2.9
1990-04-11 03:00:00+00:00,0.0,0.0,0.0,7.25,2.97
1990-04-11 04:00:00+00:00,0.0,0.0,0.0,6.5,3.1
1990-04-11 05:00:00+00:00,0.0,0.0,0.0,5.94,3.1
1990-04-11 06:00:00+00:00,68.0,195.01,44.0,5.8,2.9
1990-04-11 07:00:00+00:00,219.0,418.77,100.0,7.08,2.55
1990-04-11 08:00:00+00:00,397.0,661.98,110.0,8.45,2.55
1990-04-11 09:00:00+00:00,528.0,671.95,151.0,9.7,2.28
1990-04-11 10:00:00+00:00,615.0,629.2,201.0,10.83,2.07
1990-04-11 11:00:00+00:00,667.0,599.11,237.0,11.88,2.41
1990-04-11 12:00:00+00:00,623.0,426.5,309.0,12.57,2.62
1990-04-11 13:00:00+00:00,615.0,461.94,286.0,13.04,3.03
1990-04-11 14:00:00+00:00,522.0,370.75,282.0,13.09,3.59
1990-04-11 15:00:00+00:00,375.0,214.29,258.0,13.08,4.07
1990-04-11 16:00:00+00:00,345.0,476.98,147.0,12.92,4.14
1990-04-11 17:00:00+00:00,210.0,485.59,82.0,12.56,3.86
1990-04-11 18:00:00+00:00,48.0,127.73,35.0,11.93,3.31
1990-04-11 19:00:00+00:00,0.0,0.0,0.0,10.69,3.24
1990-04-11 20:00:00+00:00,0.0,0.0,0.0,9.55,3.17
1990-04-11 21:00:00+00:00,0.0,0.0,0.0,8.66,3.24
1990-04-11 22:00:00+00:00,0.0,0.0,0.0,7.89,3.31
1990-04-11 23:00:00+00:00,0.0,0.0,0.0,7.15,3.24
1990-04-12 00:00:00+00:00,0.0,0.0,0.0,6.57,3.17
1990-04-12 01:00:00+00:00,0.0,0.0,0.0,6.05,3.24
1990-04-12 02:00:00+00:00,0.0,0.0,0.0,5.82,3.31
1990-04-12 03:00:00+00:00,0.0,0.0,0.0,5.68,3.24
1990-04-12 04:00:00+00:00,0.0,0.0,0.0,5.59,3.17
1990-04-12 05:00:00+00:00,0.0,0.0,0.0,5.62,3.17
1990-04-12 06:00:00+00:00,40.0,15.54,38.0,5.85,3.31
1990-04-12 07:00:00+00:00,99.0,10.36,96.0,7.44,3.59
1990-04-12 08:00:00+00:00,239.0,88.88,200.0,9.08,4.69
1990-04-12 09:00:00+00:00,343.0,123.66,273.0,10.27,5.1
1990-04-12 10:00:00+00:00,553.0,419.48,275.0,10.95,5.52
1990-04-12 11:00:00+00:00,408.0,80.31,350.0,11.46,5.79
1990-04-12 12:00:00+00:00,654.0,499.64,284.0,12.06,6.07
1990-04-12 13:00:00+00:00,705.0,737.08,177.0,12.45,6.34
1990-04-12 14:00:00+00:00,648.0,781.47,139.0,12.71,6.14
1990-04-12 15:00:00+00:00,517.0,678.25,144.0,12.86,5.86
1990-04-12 16:00:00+00:00,384.0,665.77,105.0,12.8,5.59
1990-04-12 17:00:00+00:00,222.0,541.81,77.0,12.55,5.52
1990-04-12 18:00:00+00:00,56.0,179.34,37.0,12.1,4.97
1990-04-12 19:00:00+00:00,0.0,0.0,0.0,10.65,4.55
1990-04-12 20:00:00+00:00,0.0,0.0,0.0,9.74,4.28
1990-04-12 21:00:00+00:00,0.0,0.0,0.0,9.05,3.86
1990-04-12 22:00:00+00:00,0.0,0.0,0.0,8.57,3.52
1990-04-12 23:00:00+00:00,0.0,0.0,0.0,8.46,3.31
1990-04-13 00:00:00+00:00,0.0,0.0,0.0,8.55,3.24
1990-04-13 01:00:00+00:00,0.0,0.0,0.0,9.09,3.03
1990-04-13 02:00:00+00:00,0.0,0.0,0.0,9.14,2.76
1990-04-13 03:00:00+00:00,0.0,0.0,0.0,8.68,2.48
1990-04-13 04:00:00+00:00,0.0,0.0,0.0,8.47,2.28
1990-04-13 05:00:00+00:00,0.0,0.0,0.0,8.01,2.21
1990-04-13 06:00:00+00:00,44.0,14.89,42.0,7.58,2.21
1990-04-13 07:00:00+00:00,105.0,10.17,102.0,8.23,2.14
1990-04-13 08:00:00+00:00,174.0,13.51,168.0,9.49,2.41
1990-04-13 09:00:00+00:00,306.0,68.3,267.0,10.57,2.55
1990-04-13 10:00:00+00:00,383.0,86.9,325.0,11.27,2.48
1990-04-13 11:00:00+00:00,241.0,1.38,240.0,11.53,2.34
1990-04-13 12:00:00+00:00,380.0,44.31,347.0,11.82,2.28
1990-04-13 13:00:00+00:00,404.0,73.57,351.0,12.03,2.48
1990-04-13 14:00:00+00:00,316.0,35.1,293.0,12.07,2.76
1990-04-13 15:00:00+00:00,526.0,680.69,149.0,11.91,3.03
1990-04-13 16:00:00+00:00,190.0,33.1,176.0,11.8,3.17
1990-04-13 17:00:00+00:00,65.0,0.0,65.0,11.54,3.03
1990-04-13 18:00:00+00:00,21.0,0.0,21.0,11.16,2.34
1990-04-13 19:00:00+00:00,0.0,0.0,0.0,10.49,2.28
1990-04-13 20:00:00+00:00,0.0,0.0,0.0,9.69,2.14
1990-04-13 21:00:00+00:00,0.0,0.0,0.0,9.02,2.21
1990-04-13 22:00:00+00:00,0.0,0.0,0.0,8.41,2.28
1990-04-13 23:00:00+00:00,0.0,0.0,0.0,7.84,2.28
1990-04-14 00:00:00+00:00,0.0,0.0,0.0,7.33,2.28
1990-04-14 01:00:00+00:00,0.0,0.0,0.0,6.86,2.34
1990-04-14 02:00:00+00:00,0.0,0.0,0.0,6.48,2.34
1990-04-14 03:00:00+00:00,0.0,0.0,0.0,5.99,2.41
1990-04-14 04:00:00+00:00,0.0,0.0,0.0,5.75,2.28
1990-04-14 05:00:00+00:00,0.0,0.0,0.0,5.44,2.21
1990-04-14 06:00:00+00:00,94.0,357.47,44.0,5.15,2.07
1990-04-14 07:00:00+00:00,248.0,529.3,89.0,7.02,2.0
1990-04-14 08:00:00+00:00,248.0,93.52,206.0,8.92,2.41
1990-04-14 09:00:00+00:00,279.0,41.68,255.0,10.62,2.97
1990-04-14 10:00:00+00:00,438.0,157.73,332.0,11.99,3.52
1990-04-14 11:00:00+00:00,418.0,83.44,357.0,12.69,3.86
1990-04-14 12:00:00+00:00,430.0,84.12,367.0,13.07,4.41
1990-04-14 13:00:00+00:00,356.0,38.65,328.0,13.15,4.83
1990-04-14 14:00:00+00:00,287.0,19.72,274.0,12.78,5.1
1990-04-14 15:00:00+00:00,191.0,3.59,189.0,12.62,5.31
1990-04-14 16:00:00+00:00,166.0,14.06,160.0,12.49,5.17
1990-04-14 17:00:00+00:00,76.0,0.0,76.0,12.14,4.76
1990-04-14 18:00:00+00:00,33.0,8.76,32.0,11.57,4.34
1990-04-14 19:00:00+00:00,0.0,0.0,0.0,10.79,4.14
1990-04-14 20:00:00+00:00,0.0,0.0,0.0,10.69,3.86
1990-04-14 21:00:00+00:00,0.0,0.0,0.0,10.57,3.79
1990-04-14 22:00:00+00:00,0.0,0.0,0.0,10.35,3.93
1990-04-14 23:00:00+00:00,0.0,0.0,0.0,9.96,4.14
1990-04-15 00:00:00+00:00,0.0,0.0,0.0,9.69,4.21
1990-04-15 01:00:00+00:00,0.0,0.0,0.0,9.48,4.07
1990-04-15 02:00:00+00:00,0.0,0.0,0.0,9.37,4.07
1990-04-15 03:00:00+00:00,0.0,0.0,0.0,9.6,4.0
1990-04-15 04:00:00+00:00,0.0,0.0,0.0,9.61,3.52
1990-04-15 05:00:00+00:00,0.0,0.0,0.0,9.39,3.31
1990-04-15 06:00:00+00:00,88.0,240.78,53.0,9.04,3.17
1990-04-15 07:00:00+00:00,191.0,186.47,134.0,9.34,3.38
1990-04-15 08:00:00+00:00,157.0,4.4,155.0,10.16,4.0
1990-04-15 09:00:00+00:00,128.0,0.0,128.0,10.6,3.72
1990-04-15 10:00:00+00:00,202.0,0.0,202.0,11.38,4.07
1990-04-15 11:00:00+00:00,380.0,48.95,344.0,11.66,4.83
1990-04-15 12:00:00+00:00,558.0,250.97,369.0,11.64,5.17
1990-04-15 13:00:00+00:00,575.0,326.75,337.0,11.73,5.45
1990-04-15 14:00:00+00:00,511.0,307.66,307.0,11.71,5.52
1990-04-15 15:00:00+00:00,419.0,288.49,257.0,11.62,5.52
1990-04-15 16:00:00+00:00,359.0,471.3,156.0,11.27,5.52
1990-04-15 17:00:00+00:00,190.0,268.29,115.0,11.0,5.31
1990-04-15 18:00:00+00:00,39.0,25.36,36.0,10.57,4.48
1990-04-15 19:00:00+00:00,0.0,0.0,0.0,10.02,4.21
1990-04-15 20:00:00+00:00,0.0,0.0,0.0,9.18,4.07
1990-04-15 21:00:00+00:00,0.0,0.0,0.0,8.29,4.07
1990-04-15 22:00:00+00:00,0.0,0.0,0.0,7.69,3.79
1990-04-15 23:00:00+00:00,0.0,0.0,0.0,7.23,3.59
1990-04-16 00:00:00+00:00,0.0,0.0,0.0,6.92,3.38
1990-04-16 01:00:00+00:00,0.0,0.0,0.0,6.65,3.17
1990-04-16 02:00:00+00:00,0.0,0.0,0.0,6.35,3.17
1990-04-16 03:00:00+00:00,0.0,0.0,0.0,6.03,3.17
1990-04-16 04:00:00+00:00,0.0,0.0,0.0,5.94,3.17
1990-04-16 05:00:00+00:00,0.0,0.0,0.0,5.75,3.1
1990-04-16 06:00:00+00:00,79.0,139.27,58.0,5.93,2.97
1990-04-16 07:00:00+00:00,264.0,569.3,87.0,7.68,2.97
1990-04-16 08:00:00+00:00,414.0,618.53,130.0,9.31,3.31
1990-04-16 09:00:00+00:00,523.0,555.16,198.0,10.7,3.93
1990-04-16 10:00:00+00:00,482.0,220.24,332.0,11.74,4.62
1990-04-16 11:00:00+00:00,527.0,219.02,365.0,12.27,4.97
1990-04-16 12:00:00+00:00,644.0,430.58,318.0,12.31,4.97
1990-04-16 13:00:00+00:00,540.0,253.99,354.0,12.48,4.97
1990-04-16 14:00:00+00:00,582.0,493.34,253.0,12.7,4.9
1990-04-16 15:00:00+00:00,331.0,106.13,271.0,12.81,5.24
1990-04-16 16:00:00+00:00,288.0,204.81,199.0,12.7,5.52
1990-04-16 17:00:00+00:00,107.0,17.64,102.0,11.99,5.31
1990-04-16 18:00:00+00:00,11.0,0.0,11.0,11.58,5.31
1990-04-16 19:00:00+00:00,0.0,0.0,0.0,11.09,4.48
1990-04-16 20:00:00+00:00,0.0,0.0,0.0,10.55,4.34
1990-04-16 21:00:00+00:00,0.0,0.0,0.0,10.18,4.48
1990-04-16 22:00:00+00:00,0.0,0.0,0.0,9.76,4.34
1990-04-16 23:00:00+00:00,0.0,0.0,0.0,9.71,4.34
1990-04-17 00:00:00+00:00,0.0,0.0,0.0,9.68,4.21
1990-04-17 01:00:00+00:00,0.0,0.0,0.0,9.27,3.86
1990-04-17 02:00:00+00:00,0.0,0.0,0.0,8.91,3.66
1990-04-17 03:00:00+00:00,0.0,0.0,0.0,8.36,3.52
1990-04-17 04:00:00+00:00,0.0,0.0,0.0,7.95,3.45
1990-04-17 05:00:00+00:00,0.0,0.0,0.0,7.47,3.38
1990-04-17 06:00:00+00:00,74.0,96.06,59.0,7.4,3.31
1990-04-17 07:00:00+00:00,209.0,230.96,136.0,8.59,3.38
1990-04-17 08:00:00+00:00,401.0,534.4,153.0,9.42,4.0
1990-04-17 09:00:00+00:00,342.0,99.99,283.0,10.19,3.86
1990-04-17 10:00:00+00:00,238.0,2.92,236.0,10.63,3.38
1990-04-17 11:00:00+00:00,159.0,0.0,159.0,10.9,3.03
1990-04-17 12:00:00+00:00,496.0,149.78,382.0,11.35,2.62
1990-04-17 13:00:00+00:00,394.0,59.77,350.0,11.8,2.41
1990-04-17 14:00:00+00:00,518.0,314.62,307.0,11.83,2.28
1990-04-17 15:00:00+00:00,330.0,101.92,272.0,11.62,1.93
1990-04-17 16:00:00+00:00,112.0,0.0,112.0,11.28,1.38
1990-04-17 17:00:00+00:00,70.0,0.0,70.0,11.05,0.9
1990-04-17 18:00:00+00:00,27.0,0.0,27.0,10.59,0.28
1990-04-17 19:00:00+00:00,0.0,0.0,0.0,10.0,0.55
1990-04-17 20:00:00+00:00,0.0,0.0,0.0,9.61,0.34
1990-04-17 21:00:00+00:00,0.0,0.0,0.0,9.35,0.55
1990-04-17 22:00:00+00:00,0.0,0.0,0.0,9.23,1.45
1990-04-17 23:00:00+00:00,0.0,0.0,0.0,9.08,2.14
1990-04-18 00:00:00+00:00,0.0,0.0,0.0,8.77,2.48
1990-04-18 01:00:00+00:00,0.0,0.0,0.0,8.39,2.55
1990-04-18 02:00:00+00:00,0.0,0.0,0.0,7.27,2.76
1990-04-18 03:00:00+00:00,0.0,0.0,0.0,6.5,2.97
1990-04-18 04:00:00+00:00,0.0,0.0,0.0,5.77,3.17
1990-04-18 05:00:00+00:00,0.0,0.0,0.0,5.22,3.31
1990-04-18 06:00:00+00:00,113.0,365.44,54.0,5.24,3.52
1990-04-18 07:00:00+00:00,281.0,597.84,89.0,5.89,4.83
1990-04-18 08:00:00+00:00,409.0,524.61,163.0,6.76,5.17
1990-04-18 09:00:00+00:00,610.0,835.74,113.0,7.65,5.03
1990-04-18 10:00:00+00:00,712.0,834.96,136.0,8.68,4.76
1990-04-18 11:00:00+00:00,783.0,858.33,141.0,9.63,4.69
1990-04-18 12:00:00+00:00,804.0,865.3,142.0,10.41,4.55
1990-04-18 13:00:00+00:00,646.0,459.49,306.0,10.77,4.34
1990-04-18 14:00:00+00:00,590.0,476.01,269.0,10.97,3.93
1990-04-18 15:00:00+00:00,541.0,651.23,168.0,10.98,3.72
1990-04-18 16:00:00+00:00,411.0,667.3,116.0,10.79,3.86
1990-04-18 17:00:00+00:00,243.0,528.82,89.0,10.55,3.79
1990-04-18 18:00:00+00:00,76.0,222.3,47.0,10.23,3.31
1990-04-18 19:00:00+00:00,0.0,0.0,0.0,9.58,3.1
1990-04-18 20:00:00+00:00,0.0,0.0,0.0,8.52,3.59
1990-04-18 21:00:00+00:00,0.0,0.0,0.0,7.52,3.79
1990-04-18 22:00:00+00:00,0.0,0.0,0.0,6.63,3.52
1990-04-18 23:00:00+00:00,0.0,0.0,0.0,5.85,3.24
1990-04-19 00:00:00+00:00,0.0,0.0,0.0,5.32,3.17
1990-04-19 01:00:00+00:00,0.0,0.0,0.0,4.91,3.1
1990-04-19 02:00:00+00:00,0.0,0.0,0.0,4.5,3.03
1990-04-19 03:00:00+00:00,0.0,0.0,0.0,4.09,3.03
1990-04-19 04:00:00+00:00,0.0,0.0,0.0,3.91,3.1
1990-04-19 05:00:00+00:00,0.0,0.0,0.0,3.74,3.1
1990-04-19 06:00:00+00:00,125.0,449.96,50.0,4.06,2.9
1990-04-19 07:00:00+00:00,294.0,646.89,83.0,5.77,2.97
1990-04-19 08:00:00+00:00,466.0,776.86,98.0,7.42,3.17
1990-04-19 09:00:00+00:00,517.0,473.96,233.0,8.8,3.17
1990-04-19 10:00:00+00:00,424.0,113.81,345.0,9.6,3.03
1990-04-19 11:00:00+00:00,474.0,126.33,379.0,10.18,2.83
1990-04-19 12:00:00+00:00,732.0,626.85,250.0,10.63,2.69
1990-04-19 13:00:00+00:00,777.0,861.93,136.0,10.77,2.48
1990-04-19 14:00:00+00:00,697.0,834.78,131.0,10.83,2.14
1990-04-19 15:00:00+00:00,581.0,806.71,116.0,10.98,1.79
1990-04-19 16:00:00+00:00,420.0,697.63,109.0,10.84,1.79
1990-04-19 17:00:00+00:00,244.0,515.17,92.0,10.41,2.14
1990-04-19 18:00:00+00:00,69.0,133.87,51.0,9.65,2.62
1990-04-19 19:00:00+00:00,0.0,0.0,0.0,8.72,2.62
1990-04-19 20:00:00+00:00,0.0,0.0,0.0,7.67,2.55
1990-04-19 21:00:00+00:00,0.0,0.0,0.0,7.15,2.41
1990-04-19 22:00:00+00:00,0.0,0.0,0.0,6.67,2.14
1990-04-19 23:00:00+00:00,0.0,0.0,0.0,6.46,2.0
1990-04-20 00:00:00+00:00,0.0,0.0,0.0,6.41,1.93
1990-04-20 01:00:00+00:00,0.0,0.0,0.0,6.33,1.86
1990-04-20 02:00:00+00:00,0.0,0.0,0.0,6.5,1.79
1990-04-20 03:00:00+00:00,0.0,0.0,0.0,6.54,1.66
1990-04-20 04:00:00+00:00,0.0,0.0,0.0,6.52,1.72
1990-04-20 05:00:00+00:00,0.0,0.0,0.0,6.33,1.79
1990-04-20 06:00:00+00:00,77.0,69.83,65.0,6.34,1.79
1990-04-20 07:00:00+00:00,189.0,126.84,147.0,7.61,1.93
1990-04-20 08:00:00+00:00,232.0,48.08,209.0,8.49,2.55
1990-04-20 09:00:00+00:00,408.0,195.48,290.0,9.14,2.76
1990-04-20 10:00:00+00:00,493.0,220.52,339.0,9.59,2.9
1990-04-20 11:00:00+00:00,562.0,261.9,364.0,9.85,2.97
1990-04-20 12:00:00+00:00,440.0,81.53,377.0,10.08,2.97
1990-04-20 13:00:00+00:00,515.0,192.68,371.0,10.08,2.83
1990-04-20 14:00:00+00:00,291.0,17.6,279.0,10.33,2.69
1990-04-20 15:00:00+00:00,319.0,79.31,273.0,10.6,2.48
1990-04-20 16:00:00+00:00,390.0,553.99,141.0,10.8,2.28
1990-04-20 17:00:00+00:00,221.0,361.39,113.0,10.91,2.0
1990-04-20 18:00:00+00:00,70.0,137.25,51.0,10.9,1.79
1990-04-20 19:00:00+00:00,0.0,0.0,0.0,11.08,2.07
1990-04-20 20:00:00+00:00,0.0,0.0,0.0,10.62,1.93
1990-04-20 21:00:00+00:00,0.0,0.0,0.0,9.95,1.86
1990-04-20 22:00:00+00:00,0.0,0.0,0.0,9.51,1.72
1990-04-20 23:00:00+00:00,0.0,0.0,0.0,9.1,1.59
1990-04-21 00:00:00+00:00,0.0,0.0,0.0,9.02,1.45
1990-04-21 01:00:00+00:00,0.0,0.0,0.0,8.91,1.45
1990-04-21 02:00:00+00:00,0.0,0.0,0.0,8.77,1.45
1990-04-21 03:00:00+00:00,0.0,0.0,0.0,8.41,1.45
1990-04-21 04:00:00+00:00,0.0,0.0,0.0,8.21,1.31
1990-04-21 05:00:00+00:00,0.0,0.0,0.0,7.88,1.24
1990-04-21 06:00:00+00:00,51.0,5.65,50.0,7.91,0.97
1990-04-21 07:00:00+00:00,101.0,2.98,100.0,10.27,0.9
1990-04-21 08:00:00+00:00,151.0,2.07,150.0,11.54,1.38
1990-04-21 09:00:00+00:00,248.0,13.16,240.0,12.51,1.79
1990-04-21 10:00:00+00:00,291.0,12.81,282.0,13.39,2.07
1990-04-21 11:00:00+00:00,201.0,0.0,201.0,14.12,2.48
1990-04-21 12:00:00+00:00,382.0,37.35,353.0,14.48,2.97
1990-04-21 13:00:00+00:00,194.0,0.0,194.0,14.5,3.17
1990-04-21 14:00:00+00:00,192.0,0.0,192.0,14.47,3.24
1990-04-21 15:00:00+00:00,278.0,37.7,256.0,14.23,3.17
1990-04-21 16:00:00+00:00,96.0,0.0,96.0,14.06,2.97
1990-04-21 17:00:00+00:00,67.0,0.0,67.0,13.8,2.41
1990-04-21 18:00:00+00:00,25.0,0.0,25.0,13.5,2.14
1990-04-21 19:00:00+00:00,0.0,0.0,0.0,12.58,1.86
1990-04-21 20:00:00+00:00,0.0,0.0,0.0,11.97,1.93
1990-04-21 21:00:00+00:00,0.0,0.0,0.0,11.39,2.07
1990-04-21 22:00:00+00:00,0.0,0.0,0.0,10.77,2.28
1990-04-21 23:00:00+00:00,0.0,0.0,0.0,10.48,2.34
1990-04-22 00:00:00+00:00,0.0,0.0,0.0,10.16,2.41
1990-04-22 01:00:00+00:00,0.0,0.0,0.0,9.96,2.48
1990-04-22 02:00:00+00:00,0.0,0.0,0.0,9.71,2.62
1990-04-22 03:00:00+00:00,0.0,0.0,0.0,9.42,2.76
1990-04-22 04:00:00+00:00,0.0,0.0,0.0,9.15,2.9
1990-04-22 05:00:00+00:00,0.0,0.0,0.0,8.88,3.03
1990-04-22 06:00:00+00:00,65.0,21.98,61.0,8.9,3.24
1990-04-22 07:00:00+00:00,189.0,111.5,151.0,9.85,3.31
1990-04-22 08:00:00+00:00,248.0,59.48,219.0,10.66,3.66
1990-04-22 09:00:00+00:00,421.0,205.77,295.0,11.63,3.52
1990-04-22 10:00:00+00:00,402.0,83.5,343.0,12.76,3.66
1990-04-22 11:00:00+00:00,387.0,44.52,353.0,13.53,3.45
1990-04-22 12:00:00+00:00,748.0,657.55,235.0,14.06,3.38
1990-04-22 13:00:00+00:00,785.0,862.75,134.0,14.2,3.45
1990-04-22 14:00:00+00:00,697.0,813.1,137.0,14.48,3.45
1990-04-22 15:00:00+00:00,576.0,764.73,127.0,14.62,3.24
1990-04-22 16:00:00+00:00,426.0,689.7,111.0,14.71,3.1
1990-04-22 17:00:00+00:00,263.0,584.27,84.0,14.46,2.83
1990-04-22 18:00:00+00:00,95.0,314.39,49.0,13.83,2.07
1990-04-22 19:00:00+00:00,0.0,0.0,0.0,12.43,1.38
1990-04-22 20:00:00+00:00,0.0,0.0,0.0,10.61,1.24
1990-04-22 21:00:00+00:00,0.0,0.0,0.0,9.4,1.24
1990-04-22 22:00:00+00:00,0.0,0.0,0.0,8.31,1.17
1990-04-22 23:00:00+00:00,0.0,0.0,0.0,7.61,1.24
1990-04-23 00:00:00+00:00,0.0,0.0,0.0,6.87,1.38
1990-04-23 01:00:00+00:00,0.0,0.0,0.0,5.61,1.52
1990-04-23 02:00:00+00:00,0.0,0.0,0.0,4.44,1.86
1990-04-23 03:00:00+00:00,0.0,0.0,0.0,3.94,2.14
1990-04-23 04:00:00+00:00,0.0,0.0,0.0,3.81,2.0
1990-04-23 05:00:00+00:00,0.0,0.0,0.0,3.73,1.72
1990-04-23 06:00:00+00:00,97.0,117.7,75.0,4.23,1.24
1990-04-23 07:00:00+00:00,207.0,147.6,156.0,6.92,0.83
1990-04-23 08:00:00+00:00,304.0,142.26,234.0,8.96,0.28
1990-04-23 09:00:00+00:00,596.0,708.77,159.0,10.67,0.76
1990-04-23 10:00:00+00:00,721.0,806.43,148.0,11.49,1.1
1990-04-23 11:00:00+00:00,777.0,782.99,176.0,12.4,1.31
1990-04-23 12:00:00+00:00,419.0,56.14,375.0,12.95,1.52
1990-04-23 13:00:00+00:00,206.0,0.0,206.0,13.16,1.72
1990-04-23 14:00:00+00:00,204.0,0.0,204.0,13.6,2.0
1990-04-23 15:00:00+00:00,109.0,0.0,109.0,13.44,2.0
1990-04-23 16:00:00+00:00,222.0,45.62,201.0,13.34,1.93
1990-04-23 17:00:00+00:00,207.0,241.88,132.0,13.12,1.93
1990-04-23 18:00:00+00:00,104.0,379.45,47.0,12.57,1.79
1990-04-23 19:00:00+00:00,0.0,0.0,0.0,11.94,2.48
1990-04-23 20:00:00+00:00,0.0,0.0,0.0,10.72,2.69
1990-04-23 21:00:00+00:00,0.0,0.0,0.0,9.83,2.69
1990-04-23 22:00:00+00:00,0.0,0.0,0.0,9.21,2.62
1990-04-23 23:00:00+00:00,0.0,0.0,0.0,8.61,2.55
1990-04-24 00:00:00+00:00,0.0,0.0,0.0,8.05,2.34
1990-04-24 01:00:00+00:00,0.0,0.0,0.0,7.62,2.14
1990-04-24 02:00:00+00:00,0.0,0.0,0.0,7.14,2.07
1990-04-24 03:00:00+00:00,0.0,0.0,0.0,6.69,2.0
1990-04-24 04:00:00+00:00,0.0,0.0,0.0,6.21,2.0
1990-04-24 05:00:00+00:00,2.0,0.0,2.0,5.67,2.14
1990-04-24 06:00:00+00:00,135.0,364.99,65.0,6.13,1.93
1990-04-24 07:00:00+00:00,255.0,319.85,143.0,8.27,2.34
1990-04-24 08:00:00+00:00,420.0,487.45,178.0,9.91,2.55
1990-04-24 09:00:00+00:00,290.0,32.22,270.0,11.39,2.76
1990-04-24 10:00:00+00:00,452.0,135.77,355.0,12.34,2.9
1990-04-24 11:00:00+00:00,350.0,23.34,332.0,13.32,3.86
1990-04-24 12:00:00+00:00,346.0,17.78,332.0,13.96,4.55
1990-04-24 13:00:00+00:00,325.0,14.44,314.0,13.88,4.69
1990-04-24 14:00:00+00:00,125.0,0.0,125.0,13.52,5.17
1990-04-24 15:00:00+00:00,213.0,5.05,210.0,13.24,5.31
1990-04-24 16:00:00+00:00,260.0,97.02,215.0,13.2,5.1
1990-04-24 17:00:00+00:00,115.0,12.75,111.0,12.99,5.24
1990-04-24 18:00:00+00:00,16.0,0.0,16.0,12.02,5.17
1990-04-24 19:00:00+00:00,0.0,0.0,0.0,10.22,4.97
1990-04-24 20:00:00+00:00,0.0,0.0,0.0,9.17,5.1
1990-04-24 21:00:00+00:00,0.0,0.0,0.0,8.31,5.45
1990-04-24 22:00:00+00:00,0.0,0.0,0.0,7.15,5.59
1990-04-24 23:00:00+00:00,0.0,0.0,0.0,6.01,5.52
1990-04-25 00:00:00+00:00,0.0,0.0,0.0,5.05,5.1
1990-04-25 01:00:00+00:00,0.0,0.0,0.0,4.36,4.76
1990-04-25 02:00:00+00:00,0.0,0.0,0.0,3.65,4.62
1990-04-25 03:00:00+00:00,0.0,0.0,0.0,3.0,4.28
1990-04-25 04:00:00+00:00,0.0,0.0,0.0,2.48,3.86
1990-04-25 05:00:00+00:00,4.0,0.0,4.0,2.15,3.52
1990-04-25 06:00:00+00:00,161.0,544.3,54.0,2.59,3.24
1990-04-25 07:00:00+00:00,338.0,724.5,81.0,4.07,3.79
1990-04-25 08:00:00+00:00,477.0,678.94,137.0,5.45,4.69
1990-04-25 09:00:00+00:00,508.0,364.92,280.0,6.52,4.83
1990-04-25 10:00:00+00:00,631.0,463.6,298.0,7.08,4.34
1990-04-25 11:00:00+00:00,650.0,383.26,353.0,7.87,3.79
1990-04-25 12:00:00+00:00,0.0,0.0,0.0,8.85,3.52
1990-04-25 13:00:00+00:00,0.0,0.0,0.0,9.49,3.72
1990-04-25 14:00:00+00:00,468.0,163.1,354.0,10.09,4.14
1990-04-25 15:00:00+00:00,553.0,587.49,202.0,10.18,4.41
1990-04-25 16:00:00+00:00,40.0,0.0,40.0,9.34,4.48
1990-04-25 17:00:00+00:00,215.0,236.29,140.0,8.51,4.69
1990-04-25 18:00:00+00:00,120.0,468.54,46.0,8.05,4.07
1990-04-25 19:00:00+00:00,0.0,0.0,0.0,6.74,4.83
1990-04-25 20:00:00+00:00,0.0,0.0,0.0,5.7,4.9
1990-04-25 21:00:00+00:00,0.0,0.0,0.0,4.72,4.76
1990-04-25 22:00:00+00:00,0.0,0.0,0.0,4.03,4.55
1990-04-25 23:00:00+00:00,0.0,0.0,0.0,3.64,4.41
1990-04-26 00:00:00+00:00,0.0,0.0,0.0,3.37,4.34
1990-04-26 01:00:00+00:00,0.0,0.0,0.0,3.06,4.41
1990-04-26 02:00:00+00:00,0.0,0.0,0.0,2.83,4.48
1990-04-26 03:00:00+00:00,0.0,0.0,0.0,2.65,4.69
1990-04-26 04:00:00+00:00,0.0,0.0,0.0,2.63,4.69
1990-04-26 05:00:00+00:00,4.0,0.0,4.0,2.74,4.76
1990-04-26 06:00:00+00:00,155.0,466.96,61.0,3.3,4.55
1990-04-26 07:00:00+00:00,270.0,339.63,148.0,4.34,5.66
1990-04-26 08:00:00+00:00,325.0,162.37,243.0,5.48,7.1
1990-04-26 09:00:00+00:00,379.0,109.74,310.0,6.48,6.48
1990-04-26 10:00:00+00:00,454.0,124.64,364.0,7.29,5.93
1990-04-26 11:00:00+00:00,651.0,387.92,349.0,8.17,5.31
1990-04-26 12:00:00+00:00,583.0,231.66,399.0,9.18,5.1
1990-04-26 13:00:00+00:00,667.0,445.16,325.0,10.13,4.9
1990-04-26 14:00:00+00:00,735.0,864.32,128.0,10.59,4.76
1990-04-26 15:00:00+00:00,534.0,522.62,220.0,10.59,4.62
1990-04-26 16:00:00+00:00,40.0,0.0,40.0,8.76,4.48
1990-04-26 17:00:00+00:00,76.0,0.0,76.0,8.72,4.0
1990-04-26 18:00:00+00:00,100.0,241.11,61.0,8.25,3.86
1990-04-26 19:00:00+00:00,0.0,0.0,0.0,5.82,2.83
1990-04-26 20:00:00+00:00,0.0,0.0,0.0,5.15,3.03
1990-04-26 21:00:00+00:00,0.0,0.0,0.0,4.49,3.31
1990-04-26 22:00:00+00:00,0.0,0.0,0.0,3.8,3.31
1990-04-26 23:00:00+00:00,0.0,0.0,0.0,3.23,3.03
1990-04-27 00:00:00+00:00,0.0,0.0,0.0,2.7,2.83
1990-04-27 01:00:00+00:00,0.0,0.0,0.0,2.2,2.69
1990-04-27 02:00:00+00:00,0.0,0.0,0.0,1.75,2.55
1990-04-27 03:00:00+00:00,0.0,0.0,0.0,1.34,2.48
1990-04-27 04:00:00+00:00,0.0,0.0,0.0,1.03,2.55
1990-04-27 05:00:00+00:00,7.0,0.0,7.0,0.88,2.41
1990-04-27 06:00:00+00:00,159.0,471.01,62.0,1.63,2.07
1990-04-27 07:00:00+00:00,321.0,605.03,101.0,4.19,2.41
1990-04-27 08:00:00+00:00,502.0,775.76,107.0,6.35,2.69
1990-04-27 09:00:00+00:00,603.0,668.57,180.0,7.97,3.24
1990-04-27 10:00:00+00:00,626.0,451.94,298.0,9.13,3.93
1990-04-27 11:00:00+00:00,735.0,602.3,264.0,10.03,4.14
1990-04-27 12:00:00+00:00,796.0,738.44,207.0,10.57,4.14
1990-04-27 13:00:00+00:00,478.0,116.65,388.0,11.06,4.21
1990-04-27 14:00:00+00:00,193.0,0.0,193.0,11.03,4.28
1990-04-27 15:00:00+00:00,180.0,0.0,180.0,10.73,4.41
1990-04-27 16:00:00+00:00,289.0,134.97,225.0,10.49,4.48
1990-04-27 17:00:00+00:00,93.0,0.0,93.0,9.98,4.07
1990-04-27 18:00:00+00:00,66.0,42.29,59.0,9.47,3.52
1990-04-27 19:00:00+00:00,0.0,0.0,0.0,8.98,3.93
1990-04-27 20:00:00+00:00,0.0,0.0,0.0,8.74,3.86
1990-04-27 21:00:00+00:00,0.0,0.0,0.0,8.41,3.66
1990-04-27 22:00:00+00:00,0.0,0.0,0.0,7.97,3.59
1990-04-27 23:00:00+00:00,0.0,0.0,0.0,7.52,3.59
1990-04-28 00:00:00+00:00,0.0,0.0,0.0,6.93,3.52
1990-04-28 01:00:00+00:00,0.0,0.0,0.0,6.37,3.45
1990-04-28 02:00:00+00:00,0.0,0.0,0.0,5.96,3.38
1990-04-28 03:00:00+00:00,0.0,0.0,0.0,5.67,3.31
1990-04-28 04:00:00+00:00,0.0,0.0,0.0,5.51,3.24
1990-04-28 05:00:00+00:00,8.0,0.0,8.0,5.81,3.1
1990-04-28 06:00:00+00:00,150.0,361.05,74.0,6.62,2.83
1990-04-28 07:00:00+00:00,296.0,448.44,131.0,7.67,2.97
1990-04-28 08:00:00+00:00,494.0,736.48,116.0,8.96,3.24
1990-04-28 09:00:00+00:00,438.0,202.66,309.0,10.07,2.83
1990-04-28 10:00:00+00:00,220.0,0.0,220.0,10.6,2.14
1990-04-28 11:00:00+00:00,222.0,0.0,222.0,11.25,1.72
1990-04-28 12:00:00+00:00,236.0,0.0,236.0,11.5,1.52
1990-04-28 13:00:00+00:00,240.0,0.0,240.0,11.91,1.59
1990-04-28 14:00:00+00:00,100.0,0.0,100.0,12.21,1.86
1990-04-28 15:00:00+00:00,212.0,3.29,210.0,12.43,2.0
1990-04-28 16:00:00+00:00,181.0,10.47,176.0,12.46,2.21
1990-04-28 17:00:00+00:00,164.0,70.09,141.0,12.23,2.21
1990-04-28 18:00:00+00:00,77.0,76.79,64.0,11.93,2.28
1990-04-28 19:00:00+00:00,0.0,0.0,0.0,11.17,2.62
1990-04-28 20:00:00+00:00,0.0,0.0,0.0,9.86,2.62
1990-04-28 21:00:00+00:00,0.0,0.0,0.0,9.08,2.69
1990-04-28 22:00:00+00:00,0.0,0.0,0.0,8.37,2.55
1990-04-28 23:00:00+00:00,0.0,0.0,0.0,7.54,2.21
1990-04-29 00:00:00+00:00,0.0,0.0,0.0,6.77,1.86
1990-04-29 01:00:00+00:00,0.0,0.0,0.0,6.06,1.45
1990-04-29 02:00:00+00:00,0.0,0.0,0.0,5.14,1.1
1990-04-29 03:00:00+00:00,0.0,0.0,0.0,6.21,0.62
1990-04-29 04:00:00+00:00,0.0,0.0,0.0,6.19,0.28
1990-04-29 05:00:00+00:00,3.0,0.0,3.0,5.88,0.83
1990-04-29 06:00:00+00:00,55.0,0.0,55.0,5.85,1.17
1990-04-29 07:00:00+00:00,114.0,2.69,113.0,8.53,2.0
1990-04-29 08:00:00+00:00,111.0,0.0,111.0,9.67,2.9
1990-04-29 09:00:00+00:00,182.0,0.0,182.0,10.64,3.86
1990-04-29 10:00:00+00:00,355.0,34.11,330.0,11.0,4.48
1990-04-29 11:00:00+00:00,391.0,38.03,361.0,11.01,4.97
1990-04-29 12:00:00+00:00,356.0,18.65,341.0,11.51,5.24
1990-04-29 13:00:00+00:00,587.0,268.66,378.0,12.08,5.59
1990-04-29 14:00:00+00:00,700.0,730.41,180.0,12.08,5.66
1990-04-29 15:00:00+00:00,620.0,827.03,115.0,11.65,5.38
1990-04-29 16:00:00+00:00,441.0,638.36,134.0,11.91,5.38
1990-04-29 17:00:00+00:00,228.0,259.3,142.0,11.67,4.9
1990-04-29 18:00:00+00:00,51.0,5.78,50.0,11.44,4.55
1990-04-29 19:00:00+00:00,0.0,0.0,0.0,11.6,5.17
1990-04-29 20:00:00+00:00,0.0,0.0,0.0,11.73,5.86
1990-04-29 21:00:00+00:00,0.0,0.0,0.0,11.88,6.48
1990-04-29 22:00:00+00:00,0.0,0.0,0.0,12.0,6.97
1990-04-29 23:00:00+00:00,0.0,0.0,0.0,12.06,7.31
1990-04-30 00:00:00+00:00,0.0,0.0,0.0,11.85,7.38
1990-04-30 01:00:00+00:00,0.0,0.0,0.0,11.55,7.38
1990-04-30 02:00:00+00:00,0.0,0.0,0.0,11.28,7.31
1990-04-30 03:00:00+00:00,0.0,0.0,0.0,11.05,6.97
1990-04-30 04:00:00+00:00,0.0,0.0,0.0,10.67,6.48
1990-04-30 05:00:00+00:00,10.0,0.0,10.0,10.36,6.07
1990-04-30 06:00:00+00:00,108.0,86.61,89.0,10.37,6.14
1990-04-30 07:00:00+00:00,177.0,50.49,158.0,11.05,6.28
1990-04-30 08:00:00+00:00,243.0,38.38,223.0,11.76,6.76
1990-04-30 09:00:00+00:00,393.0,124.23,313.0,12.6,7.1
1990-04-30 10:00:00+00:00,391.0,59.75,347.0,12.97,7.38
1990-04-30 11:00:00+00:00,179.0,0.0,179.0,13.11,7.52
1990-04-30 12:00:00+00:00,210.0,0.0,210.0,12.23,6.62
1990-04-30 13:00:00+00:00,172.0,0.0,172.0,12.0,6.9
1990-04-30 14:00:00+00:00,144.0,0.0,144.0,11.91,7.17
1990-04-30 15:00:00+00:00,203.0,1.63,202.0,12.15,6.9
1990-04-30 16:00:00+00:00,92.0,0.0,92.0,10.69,4.93
1990-04-30 17:00:00+00:00,57.0,0.0,57.0,10.84,4.98
1990-04-30 18:00:00+00:00,14.0,0.0,14.0,10.98,5.04
1990-04-30 19:00:00+00:00,0.0,0.0,0.0,11.13,5.1
1990-04-30 20:00:00+00:00,0.0,0.0,0.0,11.28,5.15
1990-04-30 21:00:00+00:00,0.0,0.0,0.0,11.42,5.21
1990-04-30 22:00:00+00:00,0.0,0.0,0.0,11.57,5.27
1990-04-30 23:00:00+00:00,0.0,0.0,0.0,11.72,5.33
1990-05-01 00:00:00+00:00,0.0,0.0,0.0,11.87,5.38
1990-05-01 01:00:00+00:00,0.0,0.0,0.0,12.01,5.44
1990-05-01 02:00:00+00:00,0.0,0.0,0.0,12.16,5.5
1990-05-01 03:00:00+00:00,0.0,0.0,0.0,12.31,5.55
1990-05-01 04:00:00+00:00,0.0,0.0,0.0,12.45,5.61
1990-05-01 05:00:00+00:00,3.0,0.0,3.0,12.6,5.67
1990-05-01 06:00:00+00:00,38.0,0.0,38.0,12.75,5.72
1990-05-01 07:00:00+00:00,167.0,34.17,154.0,12.9,5.78
1990-05-01 08:00:00+00:00,304.0,110.48,246.0,14.44,6.62
1990-05-01 09:00:00+00:00,372.0,94.2,311.0,15.69,6.97
1990-05-01 10:00:00+00:00,568.0,304.15,343.0,16.75,7.24
1990-05-01 11:00:00+00:00,576.0,235.13,389.0,17.64,7.52
1990-05-01 12:00:00+00:00,667.0,384.97,355.0,18.32,7.79
1990-05-01 13:00:00+00:00,554.0,214.25,386.0,18.71,7.66
1990-05-01 14:00:00+00:00,371.0,52.92,333.0,18.94,7.72
1990-05-01 15:00:00+00:00,282.0,29.18,264.0,18.77,7.72
1990-05-01 16:00:00+00:00,292.0,131.29,228.0,17.86,7.24
1990-05-01 17:00:00+00:00,67.0,0.0,67.0,17.1,7.03
1990-05-01 18:00:00+00:00,80.0,66.53,68.0,16.18,6.62
1990-05-01 19:00:00+00:00,0.0,0.0,0.0,14.69,6.97
1990-05-01 20:00:00+00:00,0.0,0.0,0.0,13.97,6.69
1990-05-01 21:00:00+00:00,0.0,0.0,0.0,13.54,6.55
1990-05-01 22:00:00+00:00,0.0,0.0,0.0,13.1,6.62
1990-05-01 23:00:00+00:00,0.0,0.0,0.0,12.7,6.62
1990-05-02 00:00:00+00:00,0.0,0.0,0.0,12.48,6.55
1990-05-02 01:00:00+00:00,0.0,0.0,0.0,12.23,6.41
1990-05-02 02:00:00+00:00,0.0,0.0,0.0,11.87,6.34
1990-05-02 03:00:00+00:00,0.0,0.0,0.0,11.49,6.48
1990-05-02 04:00:00+00:00,0.0,0.0,0.0,11.19,6.62
1990-05-02 05:00:00+00:00,20.0,28.61,18.0,10.77,6.76
1990-05-02 06:00:00+00:00,147.0,245.73,91.0,10.94,6.41
1990-05-02 07:00:00+00:00,258.0,223.73,172.0,11.12,7.45
1990-05-02 08:00:00+00:00,447.0,470.95,198.0,12.14,8.14
1990-05-02 09:00:00+00:00,559.0,468.47,254.0,13.43,8.48
1990-05-02 10:00:00+00:00,594.0,344.52,338.0,14.37,8.55
1990-05-02 11:00:00+00:00,555.0,192.87,401.0,15.11,8.48
1990-05-02 12:00:00+00:00,638.0,311.01,385.0,15.4,8.21
1990-05-02 13:00:00+00:00,717.0,546.3,287.0,15.5,8.07
1990-05-02 14:00:00+00:00,635.0,496.45,277.0,15.38,8.0
1990-05-02 15:00:00+00:00,479.0,320.95,280.0,15.04,8.0
1990-05-02 16:00:00+00:00,398.0,417.76,193.0,14.15,7.93
1990-05-02 17:00:00+00:00,248.0,315.8,140.0,13.26,7.93
1990-05-02 18:00:00+00:00,85.0,76.09,71.0,12.14,7.31
1990-05-02 19:00:00+00:00,0.0,0.0,0.0,11.13,7.1
1990-05-02 20:00:00+00:00,0.0,0.0,0.0,9.87,6.9
1990-05-02 21:00:00+00:00,0.0,0.0,0.0,8.88,6.9
1990-05-02 22:00:00+00:00,0.0,0.0,0.0,8.16,6.76
1990-05-02 23:00:00+00:00,0.0,0.0,0.0,7.7,6.48
1990-05-03 00:00:00+00:00,0.0,0.0,0.0,7.49,6.21
1990-05-03 01:00:00+00:00,0.0,0.0,0.0,7.59,6.0
1990-05-03 02:00:00+00:00,0.0,0.0,0.0,7.65,5.86
1990-05-03 03:00:00+00:00,0.0,0.0,0.0,7.56,5.52
1990-05-03 04:00:00+00:00,0.0,0.0,0.0,7.45,5.31
1990-05-03 05:00:00+00:00,38.0,202.02,23.0,7.27,5.1
1990-05-03 06:00:00+00:00,134.0,146.54,100.0,7.68,4.76
1990-05-03 07:00:00+00:00,323.0,463.58,143.0,8.8,5.31
1990-05-03 08:00:00+00:00,520.0,730.68,131.0,9.97,6.34
1990-05-03 09:00:00+00:00,671.0,817.43,136.0,10.93,6.69
1990-05-03 10:00:00+00:00,787.0,866.94,140.0,11.78,6.69
1990-05-03 11:00:00+00:00,869.0,924.46,128.0,12.81,6.55
1990-05-03 12:00:00+00:00,883.0,917.36,134.0,13.53,6.28
1990-05-03 13:00:00+00:00,818.0,808.81,179.0,14.06,6.0
1990-05-03 14:00:00+00:00,767.0,881.11,129.0,14.36,5.52
1990-05-03 15:00:00+00:00,629.0,789.63,137.0,14.39,5.17
1990-05-03 16:00:00+00:00,480.0,734.97,117.0,14.15,5.03
1990-05-03 17:00:00+00:00,313.0,639.91,92.0,13.68,4.97
1990-05-03 18:00:00+00:00,127.0,303.85,70.0,12.95,4.55
1990-05-03 19:00:00+00:00,5.0,0.0,5.0,11.69,4.0
1990-05-03 20:00:00+00:00,0.0,0.0,0.0,10.29,4.0
1990-05-03 21:00:00+00:00,0.0,0.0,0.0,9.11,4.34
1990-05-03 22:00:00+00:00,0.0,0.0,0.0,8.02,4.55
1990-05-03 23:00:00+00:00,0.0,0.0,0.0,7.16,4.48
1990-05-04 00:00:00+00:00,0.0,0.0,0.0,6.57,4.48
1990-05-04 01:00:00+00:00,0.0,0.0,0.0,6.16,4.41
1990-05-04 02:00:00+00:00,0.0,0.0,0.0,5.9,4.21
1990-05-04 03:00:00+00:00,0.0,0.0,0.0,5.71,4.07
1990-05-04 04:00:00+00:00,0.0,0.0,0.0,5.58,4.07
1990-05-04 05:00:00+00:00,32.0,89.16,25.0,5.55,4.07
1990-05-04 06:00:00+00:00,164.0,305.0,92.0,6.46,4.0
1990-05-04 07:00:00+00:00,344.0,571.3,120.0,7.98,4.48
1990-05-04 08:00:00+00:00,519.0,731.42,127.0,9.91,4.9
1990-05-04 09:00:00+00:00,677.0,836.07,127.0,11.52,5.17
1990-05-04 10:00:00+00:00,759.0,780.57,174.0,12.82,5.31
1990-05-04 11:00:00+00:00,843.0,861.34,150.0,13.74,5.24
1990-05-04 12:00:00+00:00,866.0,877.49,147.0,14.34,5.24
1990-05-04 13:00:00+00:00,815.0,810.92,172.0,14.63,5.17
1990-05-04 14:00:00+00:00,719.0,727.65,190.0,14.81,5.17
1990-05-04 15:00:00+00:00,554.0,512.72,233.0,14.79,5.17
1990-05-04 16:00:00+00:00,435.0,531.14,171.0,14.4,5.1
1990-05-04 17:00:00+00:00,271.0,392.89,134.0,13.66,4.83
1990-05-04 18:00:00+00:00,78.0,41.85,70.0,12.88,4.21
1990-05-04 19:00:00+00:00,5.0,0.0,5.0,12.13,4.0
1990-05-04 20:00:00+00:00,0.0,0.0,0.0,11.22,3.93
1990-05-04 21:00:00+00:00,0.0,0.0,0.0,11.05,4.07
1990-05-04 22:00:00+00:00,0.0,0.0,0.0,10.83,4.28
1990-05-04 23:00:00+00:00,0.0,0.0,0.0,10.61,4.41
1990-05-05 00:00:00+00:00,0.0,0.0,0.0,10.54,4.34
1990-05-05 01:00:00+00:00,0.0,0.0,0.0,10.72,4.28
1990-05-05 02:00:00+00:00,0.0,0.0,0.0,10.87,4.07
1990-05-05 03:00:00+00:00,0.0,0.0,0.0,10.97,4.0
1990-05-05 04:00:00+00:00,0.0,0.0,0.0,10.67,3.79
1990-05-05 05:00:00+00:00,30.0,60.47,25.0,10.57,3.52
1990-05-05 06:00:00+00:00,132.0,133.32,100.0,11.03,3.31
1990-05-05 07:00:00+00:00,278.0,272.86,170.0,12.17,3.86
1990-05-05 08:00:00+00:00,445.0,443.06,206.0,13.46,4.14
1990-05-05 09:00:00+00:00,578.0,512.78,239.0,14.59,4.21
1990-05-05 10:00:00+00:00,618.0,393.34,322.0,15.66,4.48
1990-05-05 11:00:00+00:00,763.0,637.78,248.0,16.41,4.76
1990-05-05 12:00:00+00:00,712.0,465.8,329.0,16.59,4.69
1990-05-05 13:00:00+00:00,651.0,382.03,347.0,16.75,4.48
1990-05-05 14:00:00+00:00,546.0,278.14,343.0,16.81,4.28
1990-05-05 15:00:00+00:00,425.0,195.54,302.0,16.75,3.86
1990-05-05 16:00:00+00:00,247.0,53.98,220.0,16.76,3.59
1990-05-05 17:00:00+00:00,244.0,275.57,147.0,16.57,3.45
1990-05-05 18:00:00+00:00,66.0,15.41,63.0,15.88,3.24
1990-05-05 19:00:00+00:00,5.0,0.0,5.0,14.62,3.52
1990-05-05 20:00:00+00:00,0.0,0.0,0.0,13.61,3.86
1990-05-05 21:00:00+00:00,0.0,0.0,0.0,13.3,4.21
1990-05-05 22:00:00+00:00,0.0,0.0,0.0,13.05,4.41
1990-05-05 23:00:00+00:00,0.0,0.0,0.0,13.03,4.48
1990-05-06 00:00:00+00:00,0.0,0.0,0.0,12.95,4.48
1990-05-06 01:00:00+00:00,0.0,0.0,0.0,12.92,4.34
1990-05-06 02:00:00+00:00,0.0,0.0,0.0,12.73,3.93
1990-05-06 03:00:00+00:00,0.0,0.0,0.0,12.46,3.52
1990-05-06 04:00:00+00:00,0.0,0.0,0.0,12.06,3.1
1990-05-06 05:00:00+00:00,23.0,11.52,22.0,11.63,2.69
1990-05-06 06:00:00+00:00,120.0,82.01,100.0,12.05,2.14
1990-05-06 07:00:00+00:00,228.0,120.17,180.0,13.65,2.55
1990-05-06 08:00:00+00:00,331.0,136.32,257.0,15.01,2.55
1990-05-06 09:00:00+00:00,459.0,212.26,318.0,16.31,2.62
1990-05-06 10:00:00+00:00,475.0,135.0,373.0,17.21,2.83
1990-05-06 11:00:00+00:00,811.0,783.6,176.0,17.91,3.03
1990-05-06 12:00:00+00:00,709.0,454.53,334.0,18.72,3.24
1990-05-06 13:00:00+00:00,699.0,490.91,307.0,19.5,3.59
1990-05-06 14:00:00+00:00,577.0,342.58,326.0,20.09,4.34
1990-05-06 15:00:00+00:00,487.0,330.73,278.0,20.25,5.17
1990-05-06 16:00:00+00:00,402.0,409.37,196.0,19.96,5.52
1990-05-06 17:00:00+00:00,132.0,14.07,127.0,19.22,5.38
1990-05-06 18:00:00+00:00,27.0,0.0,27.0,18.01,5.52
1990-05-06 19:00:00+00:00,4.0,0.0,4.0,17.08,4.62
1990-05-06 20:00:00+00:00,0.0,0.0,0.0,16.26,4.0
1990-05-06 21:00:00+00:00,0.0,0.0,0.0,15.18,3.17
1990-05-06 22:00:00+00:00,0.0,0.0,0.0,14.55,2.83
1990-05-06 23:00:00+00:00,0.0,0.0,0.0,14.29,3.1
1990-05-07 00:00:00+00:00,0.0,0.0,0.0,13.99,3.59
1990-05-07 01:00:00+00:00,0.0,0.0,0.0,13.76,3.66
1990-05-07 02:00:00+00:00,0.0,0.0,0.0,13.38,3.66
1990-05-07 03:00:00+00:00,0.0,0.0,0.0,13.17,4.0
1990-05-07 04:00:00+00:00,0.0,0.0,0.0,13.08,4.28
1990-05-07 05:00:00+00:00,36.0,77.12,29.0,13.01,4.48
1990-05-07 06:00:00+00:00,17.0,0.0,17.0,13.23,4.21
1990-05-07 07:00:00+00:00,94.0,0.0,94.0,13.45,4.07
1990-05-07 08:00:00+00:00,156.0,0.0,156.0,13.27,4.14
1990-05-07 09:00:00+00:00,487.0,274.21,304.0,13.29,3.79
1990-05-07 10:00:00+00:00,670.0,535.3,264.0,14.35,4.21
1990-05-07 11:00:00+00:00,429.0,59.03,381.0,15.78,4.55
1990-05-07 12:00:00+00:00,365.0,20.54,348.0,17.26,4.97
1990-05-07 13:00:00+00:00,203.0,0.0,203.0,18.41,4.83
1990-05-07 14:00:00+00:00,577.0,350.82,319.0,18.67,5.24
1990-05-07 15:00:00+00:00,190.0,0.0,190.0,17.88,4.55
1990-05-07 16:00:00+00:00,73.0,0.0,73.0,17.37,4.14
1990-05-07 17:00:00+00:00,52.0,0.0,52.0,16.99,3.86
1990-05-07 18:00:00+00:00,61.0,9.92,59.0,16.3,4.83
1990-05-07 19:00:00+00:00,4.0,0.0,4.0,15.16,3.52
1990-05-07 20:00:00+00:00,0.0,0.0,0.0,14.66,4.21
1990-05-07 21:00:00+00:00,0.0,0.0,0.0,14.81,5.1
1990-05-07 22:00:00+00:00,0.0,0.0,0.0,14.93,5.1
1990-05-07 23:00:00+00:00,0.0,0.0,0.0,14.78,5.24
1990-05-08 00:00:00+00:00,0.0,0.0,0.0,14.57,5.59
1990-05-08 01:00:00+00:00,0.0,0.0,0.0,14.37,5.79
1990-05-08 02:00:00+00:00,0.0,0.0,0.0,14.05,6.0
1990-05-08 03:00:00+00:00,0.0,0.0,0.0,13.73,5.52
1990-05-08 04:00:00+00:00,0.0,0.0,0.0,13.45,4.83
1990-05-08 05:00:00+00:00,23.0,10.56,22.0,13.09,4.41
1990-05-08 06:00:00+00:00,148.0,171.08,105.0,13.2,4.07
1990-05-08 07:00:00+00:00,157.0,14.76,151.0,13.75,5.72
1990-05-08 08:00:00+00:00,251.0,32.77,233.0,14.26,7.1
1990-05-08 09:00:00+00:00,343.0,53.7,307.0,14.53,7.38
1990-05-08 10:00:00+00:00,115.0,0.0,115.0,14.86,7.17
1990-05-08 11:00:00+00:00,572.0,208.36,402.0,15.34,7.03
1990-05-08 12:00:00+00:00,753.0,553.95,293.0,15.9,7.1
1990-05-08 13:00:00+00:00,815.0,823.5,153.0,16.11,6.83
1990-05-08 14:00:00+00:00,737.0,797.96,148.0,16.37,6.62
1990-05-08 15:00:00+00:00,485.0,315.23,284.0,16.46,6.48
1990-05-08 16:00:00+00:00,234.0,37.31,215.0,16.41,6.14
1990-05-08 17:00:00+00:00,276.0,389.88,135.0,16.01,5.1
1990-05-08 18:00:00+00:00,94.0,68.3,80.0,15.5,4.48
1990-05-08 19:00:00+00:00,15.0,40.07,13.0,14.37,4.41
1990-05-08 20:00:00+00:00,0.0,0.0,0.0,13.51,4.41
1990-05-08 21:00:00+00:00,0.0,0.0,0.0,12.92,4.21
1990-05-08 22:00:00+00:00,0.0,0.0,0.0,12.63,4.07
1990-05-08 23:00:00+00:00,0.0,0.0,0.0,12.21,3.93
1990-05-09 00:00:00+00:00,0.0,0.0,0.0,11.81,3.86
1990-05-09 01:00:00+00:00,0.0,0.0,0.0,11.48,3.86
1990-05-09 02:00:00+00:00,0.0,0.0,0.0,11.22,3.79
1990-05-09 03:00:00+00:00,0.0,0.0,0.0,11.08,3.66
1990-05-09 04:00:00+00:00,0.0,0.0,0.0,10.84,3.66
1990-05-09 05:00:00+00:00,56.0,243.68,32.0,10.84,3.66
1990-05-09 06:00:00+00:00,195.0,427.58,86.0,11.7,3.66
1990-05-09 07:00:00+00:00,357.0,573.49,122.0,12.41,4.28
1990-05-09 08:00:00+00:00,474.0,495.94,200.0,13.29,4.41
1990-05-09 09:00:00+00:00,554.0,400.99,284.0,14.17,4.76
1990-05-09 10:00:00+00:00,532.0,201.55,378.0,15.02,5.17
1990-05-09 11:00:00+00:00,515.0,125.83,412.0,15.42,5.52
1990-05-09 12:00:00+00:00,607.0,234.09,412.0,15.56,5.79
1990-05-09 13:00:00+00:00,711.0,491.02,315.0,15.69,5.93
1990-05-09 14:00:00+00:00,738.0,772.15,166.0,16.07,6.14
1990-05-09 15:00:00+00:00,632.0,772.96,137.0,15.98,6.0
1990-05-09 16:00:00+00:00,481.0,695.11,125.0,15.71,5.52
1990-05-09 17:00:00+00:00,250.0,254.94,157.0,15.56,5.17
1990-05-09 18:00:00+00:00,144.0,331.17,75.0,14.96,4.14
1990-05-09 19:00:00+00:00,3.0,0.0,3.0,14.19,3.66
1990-05-09 20:00:00+00:00,0.0,0.0,0.0,13.06,3.17
1990-05-09 21:00:00+00:00,0.0,0.0,0.0,12.38,2.83
1990-05-09 22:00:00+00:00,0.0,0.0,0.0,11.85,2.69
1990-05-09 23:00:00+00:00,0.0,0.0,0.0,11.35,2.55
1990-05-10 00:00:00+00:00,0.0,0.0,0.0,11.16,2.48
1990-05-10 01:00:00+00:00,0.0,0.0,0.0,10.85,2.55
1990-05-10 02:00:00+00:00,0.0,0.0,0.0,10.56,2.62
1990-05-10 03:00:00+00:00,0.0,0.0,0.0,10.26,2.69
1990-05-10 04:00:00+00:00,0.0,0.0,0.0,10.06,2.69
1990-05-10 05:00:00+00:00,38.0,48.92,33.0,10.05,2.62
1990-05-10 06:00:00+00:00,190.0,371.49,94.0,10.99,2.41
1990-05-10 07:00:00+00:00,340.0,467.27,147.0,12.35,3.86
1990-05-10 08:00:00+00:00,497.0,574.23,178.0,13.23,4.14
1990-05-10 09:00:00+00:00,553.0,393.39,287.0,14.19,4.48
1990-05-10 10:00:00+00:00,576.0,271.27,368.0,14.85,4.48
1990-05-10 11:00:00+00:00,771.0,612.58,268.0,15.46,4.62
1990-05-10 12:00:00+00:00,841.0,775.56,193.0,16.01,4.76
1990-05-10 13:00:00+00:00,838.0,854.12,147.0,16.17,4.83
1990-05-10 14:00:00+00:00,758.0,828.63,142.0,16.01,4.9
1990-05-10 15:00:00+00:00,639.0,785.23,134.0,15.86,4.9
1990-05-10 16:00:00+00:00,490.0,720.32,119.0,15.77,4.83
1990-05-10 17:00:00+00:00,328.0,636.07,94.0,15.26,4.62
1990-05-10 18:00:00+00:00,156.0,411.01,69.0,14.62,3.93
1990-05-10 19:00:00+00:00,21.0,87.64,16.0,13.8,3.1
1990-05-10 20:00:00+00:00,0.0,0.0,0.0,12.59,2.76
1990-05-10 21:00:00+00:00,0.0,0.0,0.0,11.68,2.62
1990-05-10 22:00:00+00:00,0.0,0.0,0.0,11.03,2.41
1990-05-10 23:00:00+00:00,0.0,0.0,0.0,10.46,2.28
1990-05-11 00:00:00+00:00,0.0,0.0,0.0,10.09,2.41
1990-05-11 01:00:00+00:00,0.0,0.0,0.0,9.85,2.48
1990-05-11 02:00:00+00:00,0.0,0.0,0.0,9.71,2.48
1990-05-11 03:00:00+00:00,0.0,0.0,0.0,9.55,2.48
1990-05-11 04:00:00+00:00,0.0,0.0,0.0,9.37,2.41
1990-05-11 05:00:00+00:00,35.0,28.35,32.0,9.35,2.28
1990-05-11 06:00:00+00:00,102.0,22.92,96.0,10.32,2.21
1990-05-11 07:00:00+00:00,137.0,4.81,135.0,11.57,3.17
1990-05-11 08:00:00+00:00,239.0,21.49,227.0,12.48,3.38
1990-05-11 09:00:00+00:00,126.0,0.0,126.0,12.99,3.52
1990-05-11 10:00:00+00:00,227.0,0.0,227.0,13.5,3.66
1990-05-11 11:00:00+00:00,148.0,0.0,148.0,14.28,4.0
1990-05-11 12:00:00+00:00,247.0,0.0,247.0,14.87,4.07
1990-05-11 13:00:00+00:00,143.0,0.0,143.0,15.29,4.21
1990-05-11 14:00:00+00:00,203.0,0.0,203.0,15.66,4.28
1990-05-11 15:00:00+00:00,343.0,65.04,301.0,15.57,4.28
1990-05-11 16:00:00+00:00,253.0,48.27,228.0,15.41,4.21
1990-05-11 17:00:00+00:00,187.0,70.09,161.0,15.01,4.07
1990-05-11 18:00:00+00:00,142.0,279.13,82.0,14.57,3.45
1990-05-11 19:00:00+00:00,12.0,0.0,12.0,13.56,2.97
1990-05-11 20:00:00+00:00,0.0,0.0,0.0,12.78,2.69
1990-05-11 21:00:00+00:00,0.0,0.0,0.0,12.11,2.83
1990-05-11 22:00:00+00:00,0.0,0.0,0.0,11.38,2.9
1990-05-11 23:00:00+00:00,0.0,0.0,0.0,10.53,2.76
1990-05-12 00:00:00+00:00,0.0,0.0,0.0,9.79,2.83
1990-05-12 01:00:00+00:00,0.0,0.0,0.0,9.04,2.9
1990-05-12 02:00:00+00:00,0.0,0.0,0.0,8.6,3.1
1990-05-12 03:00:00+00:00,0.0,0.0,0.0,8.4,3.24
1990-05-12 04:00:00+00:00,0.0,0.0,0.0,8.2,3.38
1990-05-12 05:00:00+00:00,49.0,91.44,39.0,8.3,3.38
1990-05-12 06:00:00+00:00,163.0,188.59,113.0,9.32,3.31
1990-05-12 07:00:00+00:00,383.0,660.64,106.0,10.77,4.55
1990-05-12 08:00:00+00:00,372.0,181.7,270.0,12.02,4.97
1990-05-12 09:00:00+00:00,573.0,426.92,282.0,13.08,5.1
1990-05-12 10:00:00+00:00,239.0,0.0,239.0,13.76,5.45
1990-05-12 11:00:00+00:00,203.0,0.0,203.0,14.4,5.72
1990-05-12 12:00:00+00:00,705.0,397.43,371.0,15.32,6.07
1990-05-12 13:00:00+00:00,527.0,142.52,411.0,15.5,6.0
1990-05-12 14:00:00+00:00,358.0,32.07,334.0,15.96,6.07
1990-05-12 15:00:00+00:00,359.0,77.11,309.0,15.73,5.93
1990-05-12 16:00:00+00:00,368.0,243.9,241.0,15.52,5.72
1990-05-12 17:00:00+00:00,323.0,566.92,111.0,15.18,5.45
1990-05-12 18:00:00+00:00,160.0,394.16,74.0,14.32,4.62
1990-05-12 19:00:00+00:00,26.0,109.34,19.0,13.27,4.07
1990-05-12 20:00:00+00:00,0.0,0.0,0.0,11.93,3.72
1990-05-12 21:00:00+00:00,0.0,0.0,0.0,10.86,3.38
1990-05-12 22:00:00+00:00,0.0,0.0,0.0,9.99,3.17
1990-05-12 23:00:00+00:00,0.0,0.0,0.0,9.29,2.97
1990-05-13 00:00:00+00:00,0.0,0.0,0.0,8.72,2.76
1990-05-13 01:00:00+00:00,0.0,0.0,0.0,8.24,2.48
1990-05-13 02:00:00+00:00,0.0,0.0,0.0,7.82,2.34
1990-05-13 03:00:00+00:00,0.0,0.0,0.0,7.47,2.28
1990-05-13 04:00:00+00:00,0.0,0.0,0.0,7.11,2.14
1990-05-13 05:00:00+00:00,70.0,301.45,36.0,6.87,2.0
1990-05-13 06:00:00+00:00,194.0,346.58,101.0,8.2,1.72
1990-05-13 07:00:00+00:00,366.0,554.14,132.0,10.2,2.69
1990-05-13 08:00:00+00:00,541.0,726.78,131.0,11.3,2.41
1990-05-13 09:00:00+00:00,634.0,610.91,216.0,12.54,2.97
1990-05-13 10:00:00+00:00,453.0,92.98,381.0,13.4,3.45
1990-05-13 11:00:00+00:00,590.0,213.65,413.0,13.79,3.86
1990-05-13 12:00:00+00:00,772.0,556.52,303.0,13.9,4.21
1990-05-13 13:00:00+00:00,779.0,649.28,249.0,14.08,4.55
1990-05-13 14:00:00+00:00,666.0,511.39,282.0,13.72,4.69
1990-05-13 15:00:00+00:00,522.0,368.65,282.0,13.96,4.83
1990-05-13 16:00:00+00:00,423.0,408.81,209.0,13.75,4.69
1990-05-13 17:00:00+00:00,289.0,376.74,147.0,13.29,4.69
1990-05-13 18:00:00+00:00,70.0,9.03,68.0,12.85,4.48
1990-05-13 19:00:00+00:00,6.0,0.0,6.0,12.43,3.66
1990-05-13 20:00:00+00:00,0.0,0.0,0.0,11.88,3.03
1990-05-13 21:00:00+00:00,0.0,0.0,0.0,11.53,2.9
1990-05-13 22:00:00+00:00,0.0,0.0,0.0,10.94,3.31
1990-05-13 23:00:00+00:00,0.0,0.0,0.0,10.31,3.45
1990-05-14 00:00:00+00:00,0.0,0.0,0.0,9.63,3.38
1990-05-14 01:00:00+00:00,0.0,0.0,0.0,8.99,3.38
1990-05-14 02:00:00+00:00,0.0,0.0,0.0,8.26,3.38
1990-05-14 03:00:00+00:00,0.0,0.0,0.0,7.62,3.24
1990-05-14 04:00:00+00:00,0.0,0.0,0.0,7.12,3.17
1990-05-14 05:00:00+00:00,77.0,361.69,35.0,6.87,3.03
1990-05-14 06:00:00+00:00,227.0,556.28,76.0,7.76,2.9
1990-05-14 07:00:00+00:00,400.0,707.95,99.0,9.56,3.72
1990-05-14 08:00:00+00:00,568.0,808.02,110.0,11.0,4.21
1990-05-14 09:00:00+00:00,661.0,691.67,186.0,12.35,4.97
1990-05-14 10:00:00+00:00,279.0,3.86,276.0,13.51,5.45
1990-05-14 11:00:00+00:00,400.0,31.3,374.0,13.75,5.59
1990-05-14 12:00:00+00:00,759.0,513.6,325.0,14.14,6.07
1990-05-14 13:00:00+00:00,606.0,249.21,402.0,14.89,6.48
1990-05-14 14:00:00+00:00,610.0,363.73,336.0,15.12,6.41
1990-05-14 15:00:00+00:00,410.0,136.18,321.0,15.1,6.34
1990-05-14 16:00:00+00:00,359.0,210.95,248.0,14.93,6.34
1990-05-14 17:00:00+00:00,255.0,229.04,168.0,14.61,6.21
1990-05-14 18:00:00+00:00,118.0,111.35,93.0,13.79,5.72
1990-05-14 19:00:00+00:00,19.0,14.12,18.0,12.8,5.86
1990-05-14 20:00:00+00:00,0.0,0.0,0.0,11.68,5.31
1990-05-14 21:00:00+00:00,0.0,0.0,0.0,10.83,4.76
1990-05-14 22:00:00+00:00,0.0,0.0,0.0,10.41,4.62
1990-05-14 23:00:00+00:00,0.0,0.0,0.0,10.1,4.55
1990-05-15 00:00:00+00:00,0.0,0.0,0.0,9.61,4.28
1990-05-15 01:00:00+00:00,0.0,0.0,0.0,9.02,4.07
1990-05-15 02:00:00+00:00,0.0,0.0,0.0,8.49,4.0
1990-05-15 03:00:00+00:00,0.0,0.0,0.0,8.01,4.14
1990-05-15 04:00:00+00:00,0.0,0.0,0.0,7.67,4.28
1990-05-15 05:00:00+00:00,75.0,309.99,38.0,7.51,4.21
1990-05-15 06:00:00+00:00,223.0,521.02,80.0,8.17,3.93
1990-05-15 07:00:00+00:00,388.0,661.26,105.0,9.55,4.55
1990-05-15 08:00:00+00:00,508.0,581.29,177.0,10.92,5.45
1990-05-15 09:00:00+00:00,653.0,676.17,187.0,12.17,4.9
1990-05-15 10:00:00+00:00,584.0,275.97,369.0,13.13,4.69
1990-05-15 11:00:00+00:00,506.0,111.65,413.0,14.01,5.31
1990-05-15 12:00:00+00:00,539.0,135.74,424.0,14.9,5.86
1990-05-15 13:00:00+00:00,276.0,1.22,275.0,15.26,6.07
1990-05-15 14:00:00+00:00,192.0,0.0,192.0,15.37,6.48
1990-05-15 15:00:00+00:00,298.0,27.44,280.0,14.88,6.62
1990-05-15 16:00:00+00:00,123.0,0.0,123.0,14.41,6.62
1990-05-15 17:00:00+00:00,146.0,15.68,140.0,13.96,6.14
1990-05-15 18:00:00+00:00,118.0,109.83,93.0,13.5,5.03
1990-05-15 19:00:00+00:00,26.0,53.97,22.0,13.18,4.9
1990-05-15 20:00:00+00:00,0.0,0.0,0.0,12.79,4.07
1990-05-15 21:00:00+00:00,0.0,0.0,0.0,12.19,3.59
1990-05-15 22:00:00+00:00,0.0,0.0,0.0,11.5,3.24
1990-05-15 23:00:00+00:00,0.0,0.0,0.0,10.89,3.24
1990-05-16 00:00:00+00:00,0.0,0.0,0.0,10.51,3.45
1990-05-16 01:00:00+00:00,0.0,0.0,0.0,10.2,3.66
1990-05-16 02:00:00+00:00,0.0,0.0,0.0,10.08,3.72
1990-05-16 03:00:00+00:00,0.0,0.0,0.0,9.99,3.72
1990-05-16 04:00:00+00:00,0.0,0.0,0.0,9.98,3.72
1990-05-16 05:00:00+00:00,49.0,57.14,42.0,10.17,3.72
1990-05-16 06:00:00+00:00,72.0,0.0,72.0,10.86,3.72
1990-05-16 07:00:00+00:00,185.0,27.86,173.0,12.13,4.41
1990-05-16 08:00:00+00:00,462.0,412.64,226.0,12.84,5.24
1990-05-16 09:00:00+00:00,598.0,496.01,255.0,13.91,5.59
1990-05-16 10:00:00+00:00,732.0,637.4,234.0,15.06,5.72
1990-05-16 11:00:00+00:00,711.0,443.04,341.0,16.07,5.79
1990-05-16 12:00:00+00:00,748.0,499.19,324.0,16.87,5.93
1990-05-16 13:00:00+00:00,479.0,93.55,402.0,17.39,6.21
1990-05-16 14:00:00+00:00,686.0,568.64,255.0,17.48,6.48
1990-05-16 15:00:00+00:00,459.0,223.24,312.0,17.52,6.41
1990-05-16 16:00:00+00:00,446.0,485.44,188.0,17.15,6.28
1990-05-16 17:00:00+00:00,314.0,482.42,128.0,16.37,6.0
1990-05-16 18:00:00+00:00,175.0,455.2,70.0,15.31,5.31
1990-05-16 19:00:00+00:00,34.0,129.24,24.0,13.63,5.1
1990-05-16 20:00:00+00:00,0.0,0.0,0.0,12.39,4.69
1990-05-16 21:00:00+00:00,0.0,0.0,0.0,11.62,4.62
1990-05-16 22:00:00+00:00,0.0,0.0,0.0,11.07,4.48
1990-05-16 23:00:00+00:00,0.0,0.0,0.0,10.85,4.69
1990-05-17 00:00:00+00:00,0.0,0.0,0.0,10.55,4.55
1990-05-17 01:00:00+00:00,0.0,0.0,0.0,10.55,4.48
1990-05-17 02:00:00+00:00,0.0,0.0,0.0,10.43,4.41
1990-05-17 03:00:00+00:00,0.0,0.0,0.0,10.29,4.0
1990-05-17 04:00:00+00:00,0.0,0.0,0.0,9.95,3.86
1990-05-17 05:00:00+00:00,68.0,183.21,45.0,9.92,3.86
1990-05-17 06:00:00+00:00,119.0,39.26,108.0,10.65,3.72
1990-05-17 07:00:00+00:00,340.0,406.19,164.0,12.29,4.83
1990-05-17 08:00:00+00:00,358.0,149.73,272.0,13.17,4.69
1990-05-17 09:00:00+00:00,377.0,73.51,326.0,13.89,4.62
1990-05-17 10:00:00+00:00,321.0,12.76,311.0,14.24,4.62
1990-05-17 11:00:00+00:00,163.0,0.0,163.0,14.58,4.9
1990-05-17 12:00:00+00:00,116.0,0.0,116.0,15.19,5.45
1990-05-17 13:00:00+00:00,130.0,0.0,130.0,15.12,5.52
1990-05-17 14:00:00+00:00,125.0,0.0,125.0,15.02,5.52
1990-05-17 15:00:00+00:00,146.0,0.0,146.0,15.04,5.24
1990-05-17 16:00:00+00:00,137.0,0.0,137.0,15.1,5.24
1990-05-17 17:00:00+00:00,109.0,0.0,109.0,14.94,4.76
1990-05-17 18:00:00+00:00,99.0,42.8,89.0,14.63,4.21
1990-05-17 19:00:00+00:00,30.0,62.05,25.0,14.0,3.66
1990-05-17 20:00:00+00:00,0.0,0.0,0.0,13.38,3.24
1990-05-17 21:00:00+00:00,0.0,0.0,0.0,12.87,3.31
1990-05-17 22:00:00+00:00,0.0,0.0,0.0,12.35,3.31
1990-05-17 23:00:00+00:00,0.0,0.0,0.0,12.19,3.38
1990-05-18 00:00:00+00:00,0.0,0.0,0.0,11.84,3.38
1990-05-18 01:00:00+00:00,0.0,0.0,0.0,12.0,3.45
1990-05-18 02:00:00+00:00,0.0,0.0,0.0,11.9,3.45
1990-05-18 03:00:00+00:00,0.0,0.0,0.0,11.82,3.52
1990-05-18 04:00:00+00:00,0.0,0.0,0.0,11.9,3.59
1990-05-18 05:00:00+00:00,28.0,0.0,28.0,12.04,3.79
1990-05-18 06:00:00+00:00,134.0,67.15,115.0,12.63,4.69
1990-05-18 07:00:00+00:00,163.0,11.47,158.0,12.76,5.31
1990-05-18 08:00:00+00:00,257.0,29.48,240.0,13.38,5.45
1990-05-18 09:00:00+00:00,179.0,0.0,179.0,13.83,5.72
1990-05-18 10:00:00+00:00,153.0,0.0,153.0,14.38,6.14
1990-05-18 11:00:00+00:00,261.0,0.0,261.0,14.78,6.34
1990-05-18 12:00:00+00:00,214.0,0.0,214.0,14.97,6.48
1990-05-18 13:00:00+00:00,520.0,136.59,407.0,14.91,6.48
1990-05-18 14:00:00+00:00,382.0,47.22,346.0,15.05,6.34
1990-05-18 15:00:00+00:00,228.0,3.02,226.0,15.07,5.72
1990-05-18 16:00:00+00:00,163.0,1.86,162.0,14.96,4.48
1990-05-18 17:00:00+00:00,147.0,15.34,141.0,14.68,3.79
1990-05-18 18:00:00+00:00,52.0,0.0,52.0,14.27,3.38
1990-05-18 19:00:00+00:00,27.0,35.83,24.0,13.3,3.31
1990-05-18 20:00:00+00:00,0.0,0.0,0.0,12.49,3.1
1990-05-18 21:00:00+00:00,0.0,0.0,0.0,11.58,2.83
1990-05-18 22:00:00+00:00,0.0,0.0,0.0,10.58,2.83
1990-05-18 23:00:00+00:00,0.0,0.0,0.0,9.88,2.97
1990-05-19 00:00:00+00:00,0.0,0.0,0.0,9.2,3.03
1990-05-19 01:00:00+00:00,0.0,0.0,0.0,8.95,3.03
1990-05-19 02:00:00+00:00,0.0,0.0,0.0,8.61,2.97
1990-05-19 03:00:00+00:00,0.0,0.0,0.0,8.3,2.9
1990-05-19 04:00:00+00:00,0.0,0.0,0.0,7.95,2.76
1990-05-19 05:00:00+00:00,84.0,304.61,44.0,7.86,2.55
1990-05-19 06:00:00+00:00,228.0,476.26,92.0,8.98,2.28
1990-05-19 07:00:00+00:00,396.0,632.08,119.0,10.61,2.62
1990-05-19 08:00:00+00:00,565.0,760.01,125.0,12.25,2.41
1990-05-19 09:00:00+00:00,709.0,825.12,133.0,13.6,1.66
1990-05-19 10:00:00+00:00,744.0,629.81,248.0,14.52,0.9
1990-05-19 11:00:00+00:00,859.0,809.54,178.0,15.1,0.62
1990-05-19 12:00:00+00:00,870.0,798.39,187.0,15.66,0.97
1990-05-19 13:00:00+00:00,790.0,640.29,259.0,16.09,1.66
1990-05-19 14:00:00+00:00,706.0,585.99,258.0,16.25,2.28
1990-05-19 15:00:00+00:00,610.0,593.52,215.0,16.53,2.62
1990-05-19 16:00:00+00:00,491.0,615.88,159.0,16.25,3.17
1990-05-19 17:00:00+00:00,348.0,612.04,107.0,15.62,3.72
1990-05-19 18:00:00+00:00,176.0,388.28,83.0,14.91,3.66
1990-05-19 19:00:00+00:00,50.0,276.37,26.0,13.99,3.31
1990-05-19 20:00:00+00:00,0.0,0.0,0.0,12.64,2.97
1990-05-19 21:00:00+00:00,0.0,0.0,0.0,11.8,2.62
1990-05-19 22:00:00+00:00,0.0,0.0,0.0,11.14,2.62
1990-05-19 23:00:00+00:00,0.0,0.0,0.0,10.58,2.9
1990-05-20 00:00:00+00:00,0.0,0.0,0.0,10.06,2.97
1990-05-20 01:00:00+00:00,0.0,0.0,0.0,9.74,2.83
1990-05-20 02:00:00+00:00,0.0,0.0,0.0,9.5,2.55
1990-05-20 03:00:00+00:00,0.0,0.0,0.0,9.13,2.28
1990-05-20 04:00:00+00:00,0.0,0.0,0.0,8.44,2.34
1990-05-20 05:00:00+00:00,88.0,328.23,44.0,8.26,2.14
1990-05-20 06:00:00+00:00,220.0,409.59,102.0,9.13,2.07
1990-05-20 07:00:00+00:00,405.0,674.13,108.0,10.81,2.48
1990-05-20 08:00:00+00:00,565.0,755.46,126.0,12.33,3.72
1990-05-20 09:00:00+00:00,612.0,498.5,263.0,13.32,3.79
1990-05-20 10:00:00+00:00,391.0,39.27,360.0,14.17,3.93
1990-05-20 11:00:00+00:00,183.0,0.0,183.0,14.4,4.28
1990-05-20 12:00:00+00:00,312.0,3.5,309.0,14.69,4.76
1990-05-20 13:00:00+00:00,451.0,62.55,399.0,14.84,5.1
1990-05-20 14:00:00+00:00,540.0,213.93,376.0,15.0,5.03
1990-05-20 15:00:00+00:00,592.0,533.12,236.0,15.27,4.97
1990-05-20 16:00:00+00:00,507.0,683.29,137.0,15.51,5.03
1990-05-20 17:00:00+00:00,312.0,411.2,149.0,15.15,4.83
1990-05-20 18:00:00+00:00,178.0,383.72,85.0,14.8,4.41
1990-05-20 19:00:00+00:00,42.0,133.51,30.0,14.03,3.72
1990-05-20 20:00:00+00:00,0.0,0.0,0.0,12.97,3.17
1990-05-20 21:00:00+00:00,0.0,0.0,0.0,12.12,2.69
1990-05-20 22:00:00+00:00,0.0,0.0,0.0,11.69,2.14
1990-05-20 23:00:00+00:00,0.0,0.0,0.0,11.35,1.79
1990-05-21 00:00:00+00:00,0.0,0.0,0.0,10.27,1.45
1990-05-21 01:00:00+00:00,0.0,0.0,0.0,10.35,0.69
1990-05-21 02:00:00+00:00,0.0,0.0,0.0,10.23,0.28
1990-05-21 03:00:00+00:00,0.0,0.0,0.0,9.93,0.76
1990-05-21 04:00:00+00:00,0.0,0.0,0.0,8.81,1.1
1990-05-21 05:00:00+00:00,71.0,146.32,51.0,7.94,1.38
1990-05-21 06:00:00+00:00,177.0,182.43,124.0,9.87,1.38
1990-05-21 07:00:00+00:00,377.0,526.19,144.0,12.59,2.48
1990-05-21 08:00:00+00:00,549.0,685.9,149.0,13.9,3.38
1990-05-21 09:00:00+00:00,718.0,848.95,122.0,14.53,3.79
1990-05-21 10:00:00+00:00,809.0,839.1,145.0,14.83,4.0
1990-05-21 11:00:00+00:00,864.0,832.02,161.0,15.03,4.28
1990-05-21 12:00:00+00:00,896.0,874.05,145.0,15.32,4.76
1990-05-21 13:00:00+00:00,864.0,865.34,143.0,15.36,4.97
1990-05-21 14:00:00+00:00,798.0,875.57,125.0,15.4,4.9
1990-05-21 15:00:00+00:00,671.0,810.49,128.0,15.56,4.9
1990-05-21 16:00:00+00:00,521.0,737.29,120.0,15.42,4.9
1990-05-21 17:00:00+00:00,359.0,651.65,99.0,14.89,4.69
1990-05-21 18:00:00+00:00,187.0,440.54,79.0,14.26,4.34
1990-05-21 19:00:00+00:00,36.0,64.61,30.0,13.12,3.86
1990-05-21 20:00:00+00:00,0.0,0.0,0.0,12.13,3.59
1990-05-21 21:00:00+00:00,0.0,0.0,0.0,11.59,3.59
1990-05-21 22:00:00+00:00,0.0,0.0,0.0,11.31,4.0
1990-05-21 23:00:00+00:00,0.0,0.0,0.0,11.27,4.62
1990-05-22 00:00:00+00:00,0.0,0.0,0.0,11.63,5.31
1990-05-22 01:00:00+00:00,0.0,0.0,0.0,12.01,5.93
1990-05-22 02:00:00+00:00,0.0,0.0,0.0,12.31,6.28
1990-05-22 03:00:00+00:00,0.0,0.0,0.0,12.54,6.21
1990-05-22 04:00:00+00:00,0.0,0.0,0.0,12.75,5.93
1990-05-22 05:00:00+00:00,92.0,337.58,45.0,12.32,5.45
1990-05-22 06:00:00+00:00,239.0,515.61,88.0,11.95,5.79
1990-05-22 07:00:00+00:00,246.0,94.39,204.0,12.11,6.83
1990-05-22 08:00:00+00:00,490.0,454.58,224.0,12.96,7.66
1990-05-22 09:00:00+00:00,581.0,404.88,296.0,13.97,9.1
1990-05-22 10:00:00+00:00,625.0,330.35,363.0,14.12,8.9
1990-05-22 11:00:00+00:00,643.0,278.73,407.0,15.07,9.31
1990-05-22 12:00:00+00:00,646.0,264.81,418.0,15.77,8.83
1990-05-22 13:00:00+00:00,782.0,610.74,272.0,16.32,8.69
1990-05-22 14:00:00+00:00,497.0,147.93,383.0,16.8,8.62
1990-05-22 15:00:00+00:00,549.0,397.26,282.0,16.37,7.72
1990-05-22 16:00:00+00:00,338.0,144.63,259.0,16.07,6.97
1990-05-22 17:00:00+00:00,173.0,29.89,161.0,15.88,6.69
1990-05-22 18:00:00+00:00,110.0,52.44,97.0,15.25,5.59
1990-05-22 19:00:00+00:00,39.0,73.07,32.0,13.98,4.9
1990-05-22 20:00:00+00:00,0.0,0.0,0.0,12.93,4.0
1990-05-22 21:00:00+00:00,0.0,0.0,0.0,11.98,3.52
1990-05-22 22:00:00+00:00,0.0,0.0,0.0,11.26,3.17
1990-05-22 23:00:00+00:00,0.0,0.0,0.0,10.66,3.1
1990-05-23 00:00:00+00:00,0.0,0.0,0.0,10.29,3.17
1990-05-23 01:00:00+00:00,0.0,0.0,0.0,10.05,3.52
1990-05-23 02:00:00+00:00,0.0,0.0,0.0,10.05,4.07
1990-05-23 03:00:00+00:00,0.0,0.0,0.0,10.23,4.48
1990-05-23 04:00:00+00:00,0.0,0.0,0.0,10.45,4.9
1990-05-23 05:00:00+00:00,91.0,317.66,46.0,10.72,5.31
1990-05-23 06:00:00+00:00,199.0,271.1,119.0,11.52,5.45
1990-05-23 07:00:00+00:00,203.0,38.03,186.0,12.29,8.07
1990-05-23 08:00:00+00:00,305.0,64.73,267.0,12.95,8.55
1990-05-23 09:00:00+00:00,365.0,56.68,325.0,13.41,8.83
1990-05-23 10:00:00+00:00,478.0,111.98,389.0,13.73,9.1
1990-05-23 11:00:00+00:00,369.0,17.68,354.0,13.92,9.52
1990-05-23 12:00:00+00:00,177.0,0.0,177.0,14.34,9.93
1990-05-23 13:00:00+00:00,407.0,37.04,376.0,14.64,10.28
1990-05-23 14:00:00+00:00,378.0,40.13,347.0,14.67,10.34
1990-05-23 15:00:00+00:00,321.0,38.56,295.0,14.93,10.07
1990-05-23 16:00:00+00:00,251.0,34.64,232.0,14.99,9.86
1990-05-23 17:00:00+00:00,107.0,0.0,107.0,14.63,8.69
1990-05-23 18:00:00+00:00,20.0,0.0,20.0,14.18,6.41
1990-05-23 19:00:00+00:00,7.0,0.0,7.0,13.25,5.59
1990-05-23 20:00:00+00:00,0.0,0.0,0.0,12.5,5.52
1990-05-23 21:00:00+00:00,0.0,0.0,0.0,11.57,5.38
1990-05-23 22:00:00+00:00,0.0,0.0,0.0,10.64,5.31
1990-05-23 23:00:00+00:00,0.0,0.0,0.0,10.14,5.24
1990-05-24 00:00:00+00:00,0.0,0.0,0.0,9.75,5.03
1990-05-24 01:00:00+00:00,0.0,0.0,0.0,9.47,4.9
1990-05-24 02:00:00+00:00,0.0,0.0,0.0,9.14,4.76
1990-05-24 03:00:00+00:00,0.0,0.0,0.0,8.93,4.62
1990-05-24 04:00:00+00:00,0.0,0.0,0.0,8.79,4.62
1990-05-24 05:00:00+00:00,57.0,41.67,51.0,8.91,4.55
1990-05-24 06:00:00+00:00,168.0,124.48,131.0,9.65,4.14
1990-05-24 07:00:00+00:00,368.0,445.47,168.0,10.51,5.24
1990-05-24 08:00:00+00:00,507.0,483.98,222.0,11.71,6.41
1990-05-24 09:00:00+00:00,679.0,675.73,201.0,12.92,6.21
1990-05-24 10:00:00+00:00,705.0,493.44,312.0,13.86,6.0
1990-05-24 11:00:00+00:00,822.0,664.71,257.0,15.0,5.72
1990-05-24 12:00:00+00:00,780.0,518.29,332.0,15.57,5.52
1990-05-24 13:00:00+00:00,674.0,341.04,388.0,16.02,5.52
1990-05-24 14:00:00+00:00,556.0,223.39,383.0,16.35,5.59
1990-05-24 15:00:00+00:00,570.0,436.23,275.0,16.41,5.45
1990-05-24 16:00:00+00:00,438.0,375.86,231.0,16.24,5.24
1990-05-24 17:00:00+00:00,365.0,627.4,110.0,15.62,4.9
1990-05-24 18:00:00+00:00,170.0,268.56,102.0,14.89,4.21
1990-05-24 19:00:00+00:00,17.0,0.0,17.0,13.88,3.45
1990-05-24 20:00:00+00:00,0.0,0.0,0.0,12.53,2.97
1990-05-24 21:00:00+00:00,0.0,0.0,0.0,11.3,2.76
1990-05-24 22:00:00+00:00,0.0,0.0,0.0,10.23,2.41
1990-05-24 23:00:00+00:00,0.0,0.0,0.0,9.33,2.07
1990-05-25 00:00:00+00:00,0.0,0.0,0.0,8.43,1.79
1990-05-25 01:00:00+00:00,0.0,0.0,0.0,7.33,1.66
1990-05-25 02:00:00+00:00,0.0,0.0,0.0,6.38,1.52
1990-05-25 03:00:00+00:00,0.0,0.0,0.0,6.82,1.1
1990-05-25 04:00:00+00:00,0.0,0.0,0.0,7.77,0.28
1990-05-25 05:00:00+00:00,103.0,396.65,45.0,6.22,1.03
1990-05-25 06:00:00+00:00,255.0,578.07,82.0,8.62,1.52
1990-05-25 07:00:00+00:00,421.0,698.71,106.0,10.92,2.55
1990-05-25 08:00:00+00:00,582.0,780.58,121.0,12.52,3.79
1990-05-25 09:00:00+00:00,723.0,834.98,131.0,13.66,4.76
1990-05-25 10:00:00+00:00,821.0,847.1,145.0,14.41,5.24
1990-05-25 11:00:00+00:00,922.0,959.42,105.0,14.88,5.31
1990-05-25 12:00:00+00:00,908.0,882.24,144.0,15.31,5.24
1990-05-25 13:00:00+00:00,886.0,897.3,132.0,15.63,5.03
1990-05-25 14:00:00+00:00,690.0,515.29,290.0,15.89,4.83
1990-05-25 15:00:00+00:00,659.0,731.3,163.0,16.16,4.76
1990-05-25 16:00:00+00:00,286.0,61.49,252.0,16.14,4.69
1990-05-25 17:00:00+00:00,369.0,648.21,104.0,15.82,4.34
1990-05-25 18:00:00+00:00,214.0,566.91,69.0,15.25,3.86
1990-05-25 19:00:00+00:00,43.0,67.17,36.0,14.12,3.31
1990-05-25 20:00:00+00:00,0.0,0.0,0.0,13.03,3.03
1990-05-25 21:00:00+00:00,0.0,0.0,0.0,12.22,3.17
1990-05-25 22:00:00+00:00,0.0,0.0,0.0,11.57,3.66
1990-05-25 23:00:00+00:00,0.0,0.0,0.0,11.44,4.55
1990-05-26 00:00:00+00:00,0.0,0.0,0.0,11.52,5.1
1990-05-26 01:00:00+00:00,0.0,0.0,0.0,11.6,5.72
1990-05-26 02:00:00+00:00,0.0,0.0,0.0,11.23,6.34
1990-05-26 03:00:00+00:00,0.0,0.0,0.0,10.61,6.34
1990-05-26 04:00:00+00:00,0.0,0.0,0.0,10.19,6.14
1990-05-26 05:00:00+00:00,58.0,40.44,52.0,10.2,6.34
1990-05-26 06:00:00+00:00,127.0,33.2,117.0,10.75,6.83
1990-05-26 07:00:00+00:00,210.0,41.98,191.0,11.4,7.24
1990-05-26 08:00:00+00:00,353.0,119.89,282.0,12.14,8.55
1990-05-26 09:00:00+00:00,453.0,147.77,348.0,12.8,8.55
1990-05-26 10:00:00+00:00,263.0,1.25,262.0,13.15,8.48
1990-05-26 11:00:00+00:00,250.0,0.0,250.0,14.14,8.07
1990-05-26 12:00:00+00:00,284.0,1.15,283.0,15.46,8.28
1990-05-26 13:00:00+00:00,467.0,71.26,407.0,15.82,8.21
1990-05-26 14:00:00+00:00,462.0,104.11,381.0,16.26,8.34
1990-05-26 15:00:00+00:00,380.0,83.8,323.0,16.0,8.55
1990-05-26 16:00:00+00:00,254.0,34.23,235.0,15.53,8.41
1990-05-26 17:00:00+00:00,132.0,2.43,131.0,15.29,7.86
1990-05-26 18:00:00+00:00,83.0,7.74,81.0,14.93,6.97
1990-05-26 19:00:00+00:00,41.0,56.14,35.0,13.82,6.34
1990-05-26 20:00:00+00:00,0.0,0.0,0.0,12.56,5.72
1990-05-26 21:00:00+00:00,0.0,0.0,0.0,11.51,5.45
1990-05-26 22:00:00+00:00,0.0,0.0,0.0,10.78,5.24
1990-05-26 23:00:00+00:00,0.0,0.0,0.0,10.2,5.1
1990-05-27 00:00:00+00:00,0.0,0.0,0.0,9.77,5.1
1990-05-27 01:00:00+00:00,0.0,0.0,0.0,9.37,5.17
1990-05-27 02:00:00+00:00,0.0,0.0,0.0,9.03,5.1
1990-05-27 03:00:00+00:00,0.0,0.0,0.0,8.99,5.03
1990-05-27 04:00:00+00:00,0.0,0.0,0.0,9.1,5.1
1990-05-27 05:00:00+00:00,31.0,0.0,31.0,9.35,5.1
1990-05-27 06:00:00+00:00,94.0,3.3,93.0,9.74,4.9
1990-05-27 07:00:00+00:00,327.0,286.16,197.0,10.45,6.0
1990-05-27 08:00:00+00:00,322.0,75.79,277.0,11.32,6.07
1990-05-27 09:00:00+00:00,300.0,15.45,289.0,12.14,5.24
1990-05-27 10:00:00+00:00,220.0,0.0,220.0,12.74,4.48
1990-05-27 11:00:00+00:00,162.0,0.0,162.0,13.22,4.28
1990-05-27 12:00:00+00:00,242.0,0.0,242.0,13.62,4.48
1990-05-27 13:00:00+00:00,191.0,0.0,191.0,14.17,4.62
1990-05-27 14:00:00+00:00,247.0,0.0,247.0,14.47,4.62
1990-05-27 15:00:00+00:00,326.0,36.65,301.0,14.66,4.55
1990-05-27 16:00:00+00:00,359.0,170.52,264.0,14.78,4.62
1990-05-27 17:00:00+00:00,223.0,91.92,185.0,14.66,4.76
1990-05-27 18:00:00+00:00,191.0,379.71,92.0,14.25,4.28
1990-05-27 19:00:00+00:00,59.0,191.79,38.0,13.44,3.52
1990-05-27 20:00:00+00:00,0.0,0.0,0.0,12.21,3.31
1990-05-27 21:00:00+00:00,0.0,0.0,0.0,11.01,3.52
1990-05-27 22:00:00+00:00,0.0,0.0,0.0,10.14,3.72
1990-05-27 23:00:00+00:00,0.0,0.0,0.0,9.48,3.38
1990-05-28 00:00:00+00:00,0.0,0.0,0.0,9.06,3.17
1990-05-28 01:00:00+00:00,0.0,0.0,0.0,8.77,3.52
1990-05-28 02:00:00+00:00,0.0,0.0,0.0,8.9,4.0
1990-05-28 03:00:00+00:00,0.0,0.0,0.0,9.05,4.28
1990-05-28 04:00:00+00:00,0.0,0.0,0.0,9.43,4.41
1990-05-28 05:00:00+00:00,45.0,13.13,43.0,9.88,4.55
1990-05-28 06:00:00+00:00,104.0,9.84,101.0,10.59,4.62
1990-05-28 07:00:00+00:00,99.0,0.0,99.0,11.29,6.41
1990-05-28 08:00:00+00:00,155.0,0.0,155.0,11.74,7.1
1990-05-28 09:00:00+00:00,239.0,1.4,238.0,12.56,7.24
1990-05-28 10:00:00+00:00,270.0,1.25,269.0,13.26,7.52
1990-05-28 11:00:00+00:00,234.0,0.0,234.0,13.62,7.86
1990-05-28 12:00:00+00:00,210.0,0.0,210.0,13.9,7.86
1990-05-28 13:00:00+00:00,217.0,0.0,217.0,13.99,8.0
1990-05-28 14:00:00+00:00,270.0,2.56,268.0,14.16,8.07
1990-05-28 15:00:00+00:00,187.0,0.0,187.0,13.93,7.66
1990-05-28 16:00:00+00:00,110.0,0.0,110.0,13.86,7.59
1990-05-28 17:00:00+00:00,81.0,0.0,81.0,14.11,7.24
1990-05-28 18:00:00+00:00,43.0,0.0,43.0,14.16,5.86
1990-05-28 19:00:00+00:00,8.0,0.0,8.0,13.66,5.66
1990-05-28 20:00:00+00:00,0.0,0.0,0.0,13.1,5.52
1990-05-28 21:00:00+00:00,0.0,0.0,0.0,12.71,5.17
1990-05-28 22:00:00+00:00,0.0,0.0,0.0,12.62,5.24
1990-05-28 23:00:00+00:00,0.0,0.0,0.0,12.42,5.31
1990-05-29 00:00:00+00:00,0.0,0.0,0.0,12.26,5.45
1990-05-29 01:00:00+00:00,0.0,0.0,0.0,11.93,5.59
1990-05-29 02:00:00+00:00,0.0,0.0,0.0,11.94,5.79
1990-05-29 03:00:00+00:00,0.0,0.0,0.0,12.18,5.86
1990-05-29 04:00:00+00:00,0.0,0.0,0.0,12.11,5.66
1990-05-29 05:00:00+00:00,62.0,51.91,54.0,12.18,5.59
1990-05-29 06:00:00+00:00,141.0,55.47,124.0,12.58,6.41
1990-05-29 07:00:00+00:00,212.0,43.73,192.0,13.16,6.62
1990-05-29 08:00:00+00:00,386.0,179.34,279.0,13.6,6.83
1990-05-29 09:00:00+00:00,428.0,118.93,343.0,14.15,7.1
1990-05-29 10:00:00+00:00,671.0,436.81,320.0,14.69,7.52
1990-05-29 11:00:00+00:00,294.0,2.33,292.0,15.12,7.86
1990-05-29 12:00:00+00:00,213.0,0.0,213.0,15.11,7.72
1990-05-29 13:00:00+00:00,119.0,0.0,119.0,15.03,7.59
1990-05-29 14:00:00+00:00,230.0,0.0,230.0,15.35,7.38
1990-05-29 15:00:00+00:00,452.0,183.76,326.0,15.44,7.1
1990-05-29 16:00:00+00:00,276.0,53.47,246.0,15.53,7.17
1990-05-29 17:00:00+00:00,182.0,33.51,168.0,15.41,6.48
1990-05-29 18:00:00+00:00,154.0,169.53,109.0,15.06,5.52
1990-05-29 19:00:00+00:00,54.0,122.26,40.0,14.81,4.28
1990-05-29 20:00:00+00:00,0.0,0.0,0.0,13.91,4.0
1990-05-29 21:00:00+00:00,0.0,0.0,0.0,13.1,3.79
1990-05-29 22:00:00+00:00,0.0,0.0,0.0,12.75,3.24
1990-05-29 23:00:00+00:00,0.0,0.0,0.0,12.58,2.76
1990-05-30 00:00:00+00:00,0.0,0.0,0.0,12.3,2.48
1990-05-30 01:00:00+00:00,0.0,0.0,0.0,12.1,2.34
1990-05-30 02:00:00+00:00,0.0,0.0,0.0,11.86,2.41
1990-05-30 03:00:00+00:00,0.0,0.0,0.0,11.91,2.55
1990-05-30 04:00:00+00:00,0.0,0.0,0.0,12.04,2.69
1990-05-30 05:00:00+00:00,22.0,0.0,22.0,12.15,2.9
1990-05-30 06:00:00+00:00,28.0,0.0,28.0,12.54,3.45
1990-05-30 07:00:00+00:00,97.0,0.0,97.0,12.72,5.1
1990-05-30 08:00:00+00:00,195.0,1.67,194.0,13.03,5.31
1990-05-30 09:00:00+00:00,166.0,0.0,166.0,13.48,5.31
1990-05-30 10:00:00+00:00,199.0,0.0,199.0,14.6,5.38
1990-05-30 11:00:00+00:00,229.0,0.0,229.0,15.2,5.52
1990-05-30 12:00:00+00:00,167.0,0.0,167.0,15.46,5.1
1990-05-30 13:00:00+00:00,240.0,0.0,240.0,15.74,4.34
1990-05-30 14:00:00+00:00,156.0,0.0,156.0,15.42,3.72
1990-05-30 15:00:00+00:00,144.0,0.0,144.0,14.89,3.72
1990-05-30 16:00:00+00:00,187.0,3.55,185.0,14.34,3.86
1990-05-30 17:00:00+00:00,64.0,0.0,64.0,13.47,4.21
1990-05-30 18:00:00+00:00,60.0,0.0,60.0,12.77,4.41
1990-05-30 19:00:00+00:00,53.0,102.64,41.0,12.3,3.59
1990-05-30 20:00:00+00:00,0.0,0.0,0.0,11.8,3.79
1990-05-30 21:00:00+00:00,0.0,0.0,0.0,11.03,4.14
1990-05-30 22:00:00+00:00,0.0,0.0,0.0,10.18,4.41
1990-05-30 23:00:00+00:00,0.0,0.0,0.0,9.17,4.34
1990-05-31 00:00:00+00:00,0.0,0.0,0.0,8.61,4.14
1990-05-31 01:00:00+00:00,0.0,0.0,0.0,8.16,3.79
1990-05-31 02:00:00+00:00,0.0,0.0,0.0,7.79,3.72
1990-05-31 03:00:00+00:00,0.0,0.0,0.0,7.37,3.66
1990-05-31 04:00:00+00:00,0.0,0.0,0.0,7.04,3.52
1990-05-31 05:00:00+00:00,111.0,381.05,51.0,7.12,3.52
1990-05-31 06:00:00+00:00,268.0,597.83,83.0,8.13,3.86
1990-05-31 07:00:00+00:00,435.0,715.07,106.0,9.12,4.62
1990-05-31 08:00:00+00:00,567.0,680.99,159.0,10.52,4.76
1990-05-31 09:00:00+00:00,618.0,464.39,285.0,11.87,5.24
1990-05-31 10:00:00+00:00,493.0,112.92,402.0,12.79,5.38
1990-05-31 11:00:00+00:00,861.0,756.24,211.0,13.36,5.38
1990-05-31 12:00:00+00:00,798.0,540.99,325.0,14.09,5.1
1990-05-31 13:00:00+00:00,505.0,96.55,423.0,14.69,4.69
1990-05-31 14:00:00+00:00,398.0,44.52,363.0,15.18,4.34
1990-05-31 15:00:00+00:00,519.0,285.88,322.0,15.41,4.48
1990-05-31 16:00:00+00:00,508.0,582.43,179.0,14.25,4.64
1990-05-31 17:00:00+00:00,364.0,547.54,133.0,13.88,4.36
1990-05-31 18:00:00+00:00,219.0,515.01,80.0,13.52,4.08
1990-05-31 19:00:00+00:00,75.0,301.88,39.0,13.15,3.8
1990-05-31 20:00:00+00:00,0.0,0.0,0.0,12.79,3.52
1990-05-31 21:00:00+00:00,0.0,0.0,0.0,12.42,3.23
1990-05-31 22:00:00+00:00,0.0,0.0,0.0,12.06,2.95
1990-05-31 23:00:00+00:00,0.0,0.0,0.0,11.69,2.67
1990-06-01 00:00:00+00:00,0.0,0.0,0.0,11.33,2.39
1990-06-01 01:00:00+00:00,0.0,0.0,0.0,10.96,2.11
1990-06-01 02:00:00+00:00,0.0,0.0,0.0,10.6,1.83
1990-06-01 03:00:00+00:00,0.0,0.0,0.0,10.23,1.54
1990-06-01 04:00:00+00:00,0.0,0.0,0.0,9.87,1.26
1990-06-01 05:00:00+00:00,20.0,0.0,20.0,9.5,0.98
1990-06-01 06:00:00+00:00,47.0,0.0,47.0,9.14,0.7
1990-06-01 07:00:00+00:00,412.0,630.8,121.0,8.77,0.42
1990-06-01 08:00:00+00:00,440.0,281.55,271.0,14.11,0.97
1990-06-01 09:00:00+00:00,314.0,20.89,299.0,15.24,0.34
1990-06-01 10:00:00+00:00,424.0,57.0,378.0,16.25,0.41
1990-06-01 11:00:00+00:00,595.0,196.37,426.0,16.78,0.97
1990-06-01 12:00:00+00:00,864.0,749.28,208.0,17.38,1.38
1990-06-01 13:00:00+00:00,800.0,638.38,257.0,17.58,1.66
1990-06-01 14:00:00+00:00,810.0,864.7,129.0,18.1,1.38
1990-06-01 15:00:00+00:00,701.0,846.94,116.0,18.49,1.03
1990-06-01 16:00:00+00:00,553.0,781.76,110.0,18.79,1.59
1990-06-01 17:00:00+00:00,371.0,603.97,115.0,17.96,2.34
1990-06-01 18:00:00+00:00,212.0,470.54,84.0,17.11,2.48
1990-06-01 19:00:00+00:00,73.0,263.35,41.0,15.85,2.55
1990-06-01 20:00:00+00:00,0.0,0.0,0.0,14.61,2.07
1990-06-01 21:00:00+00:00,0.0,0.0,0.0,13.75,1.79
1990-06-01 22:00:00+00:00,0.0,0.0,0.0,12.84,1.72
1990-06-01 23:00:00+00:00,0.0,0.0,0.0,11.88,1.66
1990-06-02 00:00:00+00:00,0.0,0.0,0.0,11.26,1.66
1990-06-02 01:00:00+00:00,0.0,0.0,0.0,10.71,1.66
1990-06-02 02:00:00+00:00,0.0,0.0,0.0,10.03,1.52
1990-06-02 03:00:00+00:00,0.0,0.0,0.0,9.82,1.38
1990-06-02 04:00:00+00:00,0.0,0.0,0.0,9.5,1.1
1990-06-02 05:00:00+00:00,106.0,317.98,55.0,10.12,0.55
1990-06-02 06:00:00+00:00,254.0,503.1,97.0,11.37,0.28
1990-06-02 07:00:00+00:00,425.0,674.66,113.0,14.24,0.62
1990-06-02 08:00:00+00:00,589.0,773.32,124.0,15.84,0.97
1990-06-02 09:00:00+00:00,724.0,816.25,137.0,17.04,1.59
1990-06-02 10:00:00+00:00,835.0,861.44,139.0,17.9,2.21
1990-06-02 11:00:00+00:00,904.0,892.46,135.0,18.42,2.62
1990-06-02 12:00:00+00:00,913.0,873.8,147.0,18.78,2.83
1990-06-02 13:00:00+00:00,887.0,876.93,140.0,19.02,2.97
1990-06-02 14:00:00+00:00,815.0,865.7,132.0,19.02,2.97
1990-06-02 15:00:00+00:00,702.0,836.36,123.0,18.92,3.1
1990-06-02 16:00:00+00:00,532.0,684.36,143.0,18.57,3.1
1990-06-02 17:00:00+00:00,383.0,648.23,107.0,18.06,2.62
1990-06-02 18:00:00+00:00,221.0,510.78,81.0,17.48,2.14
1990-06-02 19:00:00+00:00,79.0,315.27,40.0,16.53,1.72
1990-06-02 20:00:00+00:00,0.0,0.0,0.0,15.03,2.21
1990-06-02 21:00:00+00:00,0.0,0.0,0.0,13.62,2.34
1990-06-02 22:00:00+00:00,0.0,0.0,0.0,12.66,1.93
1990-06-02 23:00:00+00:00,0.0,0.0,0.0,11.5,1.45
1990-06-03 00:00:00+00:00,0.0,0.0,0.0,10.72,1.24
1990-06-03 01:00:00+00:00,0.0,0.0,0.0,10.76,1.03
1990-06-03 02:00:00+00:00,0.0,0.0,0.0,11.29,0.62
1990-06-03 03:00:00+00:00,0.0,0.0,0.0,10.22,0.9
1990-06-03 04:00:00+00:00,0.0,0.0,0.0,8.24,1.45
1990-06-03 05:00:00+00:00,108.0,327.78,55.0,8.76,1.1
1990-06-03 06:00:00+00:00,230.0,354.37,119.0,11.31,0.9
1990-06-03 07:00:00+00:00,412.0,612.73,128.0,13.85,0.14
1990-06-03 08:00:00+00:00,580.0,747.18,130.0,15.56,0.55
1990-06-03 09:00:00+00:00,717.0,799.93,141.0,16.89,0.83
1990-06-03 10:00:00+00:00,800.0,762.79,183.0,17.93,1.17
1990-06-03 11:00:00+00:00,858.0,765.09,198.0,18.82,1.45
1990-06-03 12:00:00+00:00,885.0,799.82,183.0,19.4,1.66
1990-06-03 13:00:00+00:00,856.0,791.3,181.0,19.86,1.86
1990-06-03 14:00:00+00:00,753.0,676.96,218.0,19.74,2.0
1990-06-03 15:00:00+00:00,613.0,539.06,239.0,19.59,2.21
1990-06-03 16:00:00+00:00,505.0,575.34,177.0,19.6,2.21
1990-06-03 17:00:00+00:00,345.0,449.0,153.0,19.08,2.21
1990-06-03 18:00:00+00:00,204.0,380.32,99.0,18.77,2.28
1990-06-03 19:00:00+00:00,79.0,302.03,41.0,17.79,2.76
1990-06-03 20:00:00+00:00,0.0,0.0,0.0,16.73,2.55
1990-06-03 21:00:00+00:00,0.0,0.0,0.0,15.77,2.62
1990-06-03 22:00:00+00:00,0.0,0.0,0.0,14.99,2.83
1990-06-03 23:00:00+00:00,0.0,0.0,0.0,14.46,3.03
1990-06-04 00:00:00+00:00,0.0,0.0,0.0,14.06,3.03
1990-06-04 01:00:00+00:00,0.0,0.0,0.0,13.64,3.03
1990-06-04 02:00:00+00:00,0.0,0.0,0.0,13.37,2.97
1990-06-04 03:00:00+00:00,0.0,0.0,0.0,13.17,2.9
1990-06-04 04:00:00+00:00,0.0,0.0,0.0,12.99,2.76
1990-06-04 05:00:00+00:00,31.0,0.0,31.0,13.22,2.55
1990-06-04 06:00:00+00:00,171.0,117.72,134.0,14.01,2.55
1990-06-04 07:00:00+00:00,356.0,374.63,182.0,14.97,3.86
1990-06-04 08:00:00+00:00,488.0,419.47,235.0,16.25,4.07
1990-06-04 09:00:00+00:00,522.0,260.78,334.0,17.34,4.21
1990-06-04 10:00:00+00:00,358.0,22.23,340.0,18.07,4.14
1990-06-04 11:00:00+00:00,760.0,512.99,317.0,18.35,4.07
1990-06-04 12:00:00+00:00,691.0,336.86,395.0,18.96,4.14
1990-06-04 13:00:00+00:00,736.0,477.66,328.0,19.55,4.21
1990-06-04 14:00:00+00:00,369.0,31.58,344.0,19.74,4.34
1990-06-04 15:00:00+00:00,281.0,14.38,271.0,19.55,4.34
1990-06-04 16:00:00+00:00,220.0,12.24,213.0,19.35,4.55
1990-06-04 17:00:00+00:00,157.0,11.64,152.0,18.93,4.62
1990-06-04 18:00:00+00:00,20.0,0.0,20.0,18.39,4.21
1990-06-04 19:00:00+00:00,7.0,0.0,7.0,17.86,4.28
1990-06-04 20:00:00+00:00,0.0,0.0,0.0,17.43,4.07
1990-06-04 21:00:00+00:00,0.0,0.0,0.0,16.89,4.0
1990-06-04 22:00:00+00:00,0.0,0.0,0.0,16.0,3.93
1990-06-04 23:00:00+00:00,0.0,0.0,0.0,14.97,3.93
1990-06-05 00:00:00+00:00,0.0,0.0,0.0,14.04,4.07
1990-06-05 01:00:00+00:00,0.0,0.0,0.0,13.2,4.28
1990-06-05 02:00:00+00:00,0.0,0.0,0.0,12.54,4.34
1990-06-05 03:00:00+00:00,0.0,0.0,0.0,12.06,4.41
1990-06-05 04:00:00+00:00,0.0,0.0,0.0,11.79,4.48
1990-06-05 05:00:00+00:00,116.0,384.12,53.0,11.93,4.69
1990-06-05 06:00:00+00:00,0.0,0.0,0.0,12.76,4.48
1990-06-05 07:00:00+00:00,0.0,0.0,0.0,13.81,5.52
1990-06-05 08:00:00+00:00,566.0,683.84,153.0,14.8,5.72
1990-06-05 09:00:00+00:00,726.0,820.3,134.0,16.19,5.79
1990-06-05 10:00:00+00:00,837.0,866.1,135.0,17.49,5.79
1990-06-05 11:00:00+00:00,907.0,897.72,131.0,18.49,5.66
1990-06-05 12:00:00+00:00,925.0,902.62,131.0,19.16,5.52
1990-06-05 13:00:00+00:00,862.0,806.78,172.0,19.59,5.38
1990-06-05 14:00:00+00:00,784.0,770.66,173.0,19.65,4.97
1990-06-05 15:00:00+00:00,658.0,678.96,185.0,19.51,4.62
1990-06-05 16:00:00+00:00,456.0,392.47,231.0,19.07,4.34
1990-06-05 17:00:00+00:00,297.0,252.83,188.0,18.77,4.34
1990-06-05 18:00:00+00:00,122.0,42.88,110.0,18.17,4.14
1990-06-05 19:00:00+00:00,36.0,7.7,35.0,17.9,4.0
1990-06-05 20:00:00+00:00,0.0,0.0,0.0,16.85,4.14
1990-06-05 21:00:00+00:00,0.0,0.0,0.0,15.82,4.34
1990-06-05 22:00:00+00:00,0.0,0.0,0.0,14.84,4.41
1990-06-05 23:00:00+00:00,0.0,0.0,0.0,13.82,4.48
1990-06-06 00:00:00+00:00,0.0,0.0,0.0,12.82,4.41
1990-06-06 01:00:00+00:00,0.0,0.0,0.0,12.07,4.34
1990-06-06 02:00:00+00:00,0.0,0.0,0.0,11.7,4.48
1990-06-06 03:00:00+00:00,0.0,0.0,0.0,11.12,4.48
1990-06-06 04:00:00+00:00,0.0,0.0,0.0,10.78,4.55
1990-06-06 05:00:00+00:00,51.0,12.12,49.0,10.91,4.28
1990-06-06 06:00:00+00:00,83.0,0.0,83.0,11.44,4.9
1990-06-06 07:00:00+00:00,245.0,77.24,209.0,12.13,5.1
1990-06-06 08:00:00+00:00,398.0,185.23,286.0,12.99,5.1
1990-06-06 09:00:00+00:00,507.0,222.87,346.0,14.07,4.9
1990-06-06 10:00:00+00:00,805.0,775.34,176.0,15.26,4.76
1990-06-06 11:00:00+00:00,863.0,777.85,190.0,16.47,4.69
1990-06-06 12:00:00+00:00,920.0,889.21,137.0,17.75,4.48
1990-06-06 13:00:00+00:00,876.0,845.52,152.0,18.76,4.34
1990-06-06 14:00:00+00:00,797.0,812.34,152.0,19.41,4.21
1990-06-06 15:00:00+00:00,688.0,785.1,140.0,19.73,4.21
1990-06-06 16:00:00+00:00,546.0,727.22,128.0,19.47,4.28
1990-06-06 17:00:00+00:00,363.0,517.58,139.0,19.11,4.41
1990-06-06 18:00:00+00:00,213.0,415.41,96.0,18.4,4.21
1990-06-06 19:00:00+00:00,64.0,113.9,49.0,16.29,4.48
1990-06-06 20:00:00+00:00,0.0,0.0,0.0,14.92,4.48
1990-06-06 21:00:00+00:00,0.0,0.0,0.0,13.75,4.41
1990-06-06 22:00:00+00:00,0.0,0.0,0.0,12.87,4.14
1990-06-06 23:00:00+00:00,0.0,0.0,0.0,12.33,3.93
1990-06-07 00:00:00+00:00,0.0,0.0,0.0,12.01,3.79
1990-06-07 01:00:00+00:00,0.0,0.0,0.0,11.87,3.66
1990-06-07 02:00:00+00:00,0.0,0.0,0.0,11.7,3.52
1990-06-07 03:00:00+00:00,0.0,0.0,0.0,11.67,3.38
1990-06-07 04:00:00+00:00,0.0,0.0,0.0,11.85,3.45
1990-06-07 05:00:00+00:00,113.0,343.54,56.0,12.02,3.38
1990-06-07 06:00:00+00:00,182.0,138.83,138.0,12.57,4.41
1990-06-07 07:00:00+00:00,303.0,192.8,213.0,13.06,4.41
1990-06-07 08:00:00+00:00,305.0,54.52,272.0,13.58,4.28
1990-06-07 09:00:00+00:00,243.0,2.77,241.0,14.35,4.14
1990-06-07 10:00:00+00:00,270.0,1.23,269.0,15.05,4.14
1990-06-07 11:00:00+00:00,563.0,151.28,432.0,15.77,4.28
1990-06-07 12:00:00+00:00,636.0,232.59,431.0,16.95,4.28
1990-06-07 13:00:00+00:00,424.0,39.66,390.0,18.02,3.93
1990-06-07 14:00:00+00:00,463.0,95.58,387.0,18.66,3.52
1990-06-07 15:00:00+00:00,301.0,20.02,287.0,19.09,3.24
1990-06-07 16:00:00+00:00,364.0,159.66,272.0,19.49,3.24
1990-06-07 17:00:00+00:00,188.0,29.93,175.0,19.59,3.17
1990-06-07 18:00:00+00:00,145.0,91.75,119.0,19.3,2.9
1990-06-07 19:00:00+00:00,8.0,0.0,8.0,17.84,3.38
1990-06-07 20:00:00+00:00,0.0,0.0,0.0,17.08,3.79
1990-06-07 21:00:00+00:00,0.0,0.0,0.0,16.3,3.72
1990-06-07 22:00:00+00:00,0.0,0.0,0.0,15.7,3.45
1990-06-07 23:00:00+00:00,0.0,0.0,0.0,15.2,3.31
1990-06-08 00:00:00+00:00,0.0,0.0,0.0,14.62,3.31
1990-06-08 01:00:00+00:00,0.0,0.0,0.0,14.27,3.45
1990-06-08 02:00:00+00:00,0.0,0.0,0.0,14.03,3.45
1990-06-08 03:00:00+00:00,0.0,0.0,0.0,13.66,3.52
1990-06-08 04:00:00+00:00,0.0,0.0,0.0,13.35,3.52
1990-06-08 05:00:00+00:00,107.0,293.9,58.0,13.35,3.52
1990-06-08 06:00:00+00:00,200.0,210.94,133.0,13.59,3.38
1990-06-08 07:00:00+00:00,174.0,10.7,169.0,14.84,3.66
1990-06-08 08:00:00+00:00,474.0,379.62,244.0,15.46,3.31
1990-06-08 09:00:00+00:00,673.0,667.52,190.0,16.44,3.38
1990-06-08 10:00:00+00:00,618.0,307.69,368.0,17.62,3.38
1990-06-08 11:00:00+00:00,372.0,17.31,357.0,18.3,2.97
1990-06-08 12:00:00+00:00,574.0,158.7,434.0,19.51,2.48
1990-06-08 13:00:00+00:00,399.0,29.13,374.0,20.16,2.0
1990-06-08 14:00:00+00:00,390.0,41.45,357.0,20.52,1.72
1990-06-08 15:00:00+00:00,321.0,31.41,299.0,20.65,1.86
1990-06-08 16:00:00+00:00,472.0,453.59,210.0,20.45,2.0
1990-06-08 17:00:00+00:00,299.0,261.53,185.0,20.1,2.0
1990-06-08 18:00:00+00:00,168.0,171.93,119.0,19.75,2.07
1990-06-08 19:00:00+00:00,54.0,51.77,47.0,18.9,1.52
1990-06-08 20:00:00+00:00,0.0,0.0,0.0,18.14,1.1
1990-06-08 21:00:00+00:00,0.0,0.0,0.0,17.49,0.55
1990-06-08 22:00:00+00:00,0.0,0.0,0.0,16.53,0.69
1990-06-08 23:00:00+00:00,0.0,0.0,0.0,15.47,0.83
1990-06-09 00:00:00+00:00,0.0,0.0,0.0,14.49,1.1
1990-06-09 01:00:00+00:00,0.0,0.0,0.0,13.77,1.31
1990-06-09 02:00:00+00:00,0.0,0.0,0.0,13.62,1.31
1990-06-09 03:00:00+00:00,0.0,0.0,0.0,13.48,1.38
1990-06-09 04:00:00+00:00,4.0,0.0,4.0,13.62,1.17
1990-06-09 05:00:00+00:00,83.0,113.48,64.0,14.01,1.1
1990-06-09 06:00:00+00:00,217.0,285.97,126.0,15.36,0.69
1990-06-09 07:00:00+00:00,389.0,512.91,149.0,16.9,0.48
1990-06-09 08:00:00+00:00,503.0,470.03,218.0,18.51,0.55
1990-06-09 09:00:00+00:00,592.0,424.0,285.0,19.45,0.76
1990-06-09 10:00:00+00:00,515.0,147.6,395.0,20.46,1.17
1990-06-09 11:00:00+00:00,300.0,2.31,298.0,20.99,1.31
1990-06-09 12:00:00+00:00,660.0,283.16,410.0,21.74,1.24
1990-06-09 13:00:00+00:00,724.0,451.68,336.0,21.96,1.1
1990-06-09 14:00:00+00:00,716.0,580.77,253.0,22.05,1.72
1990-06-09 15:00:00+00:00,664.0,722.55,157.0,20.79,2.41
1990-06-09 16:00:00+00:00,522.0,642.55,150.0,19.29,2.28
1990-06-09 17:00:00+00:00,339.0,411.57,159.0,18.83,1.86
1990-06-09 18:00:00+00:00,174.0,195.42,118.0,18.72,1.38
1990-06-09 19:00:00+00:00,57.0,65.76,48.0,19.15,1.03
1990-06-09 20:00:00+00:00,0.0,0.0,0.0,18.63,1.24
1990-06-09 21:00:00+00:00,0.0,0.0,0.0,17.63,1.52
1990-06-09 22:00:00+00:00,0.0,0.0,0.0,16.52,1.17
1990-06-09 23:00:00+00:00,0.0,0.0,0.0,17.01,0.28
1990-06-10 00:00:00+00:00,0.0,0.0,0.0,15.47,1.03
1990-06-10 01:00:00+00:00,0.0,0.0,0.0,14.08,1.52
1990-06-10 02:00:00+00:00,0.0,0.0,0.0,14.0,1.66
1990-06-10 03:00:00+00:00,0.0,0.0,0.0,13.97,1.72
1990-06-10 04:00:00+00:00,3.0,0.0,3.0,13.84,1.66
1990-06-10 05:00:00+00:00,79.0,89.27,64.0,13.87,1.24
1990-06-10 06:00:00+00:00,208.0,241.59,131.0,14.95,1.24
1990-06-10 07:00:00+00:00,342.0,316.0,194.0,17.23,0.97
1990-06-10 08:00:00+00:00,536.0,581.79,183.0,18.63,1.24
1990-06-10 09:00:00+00:00,639.0,553.51,238.0,19.91,2.07
1990-06-10 10:00:00+00:00,712.0,519.98,289.0,20.15,2.9
1990-06-10 11:00:00+00:00,700.0,377.98,372.0,20.53,3.31
1990-06-10 12:00:00+00:00,892.0,834.12,155.0,20.57,3.52
1990-06-10 13:00:00+00:00,859.0,814.12,159.0,19.87,3.45
1990-06-10 14:00:00+00:00,778.0,764.25,168.0,19.81,2.9
1990-06-10 15:00:00+00:00,662.0,701.49,169.0,19.79,2.07
1990-06-10 16:00:00+00:00,366.0,165.46,270.0,20.02,1.38
1990-06-10 17:00:00+00:00,341.0,407.99,162.0,20.05,1.24
1990-06-10 18:00:00+00:00,121.0,38.19,110.0,19.03,1.24
1990-06-10 19:00:00+00:00,52.0,43.35,46.0,18.63,1.31
1990-06-10 20:00:00+00:00,0.0,0.0,0.0,17.99,0.76
1990-06-10 21:00:00+00:00,0.0,0.0,0.0,16.98,1.24
1990-06-10 22:00:00+00:00,0.0,0.0,0.0,16.11,1.52
1990-06-10 23:00:00+00:00,0.0,0.0,0.0,15.59,1.52
1990-06-11 00:00:00+00:00,0.0,0.0,0.0,15.06,1.79
1990-06-11 01:00:00+00:00,0.0,0.0,0.0,14.53,2.14
1990-06-11 02:00:00+00:00,0.0,0.0,0.0,14.28,2.07
1990-06-11 03:00:00+00:00,0.0,0.0,0.0,13.97,2.21
1990-06-11 04:00:00+00:00,1.0,0.0,1.0,13.86,2.28
1990-06-11 05:00:00+00:00,38.0,0.0,38.0,13.82,2.07
1990-06-11 06:00:00+00:00,82.0,0.0,82.0,14.56,2.9
1990-06-11 07:00:00+00:00,238.0,68.27,206.0,15.61,2.28
1990-06-11 08:00:00+00:00,242.0,14.83,233.0,16.26,2.14
1990-06-11 09:00:00+00:00,157.0,0.0,157.0,17.0,2.07
1990-06-11 10:00:00+00:00,158.0,0.0,158.0,17.66,1.93
1990-06-11 11:00:00+00:00,189.0,0.0,189.0,18.02,1.66
1990-06-11 12:00:00+00:00,270.0,0.0,270.0,18.45,1.45
1990-06-11 13:00:00+00:00,252.0,0.0,252.0,19.12,1.31
1990-06-11 14:00:00+00:00,438.0,75.09,378.0,19.18,1.31
1990-06-11 15:00:00+00:00,349.0,48.31,315.0,19.28,1.38
1990-06-11 16:00:00+00:00,382.0,194.36,269.0,19.5,1.45
1990-06-11 17:00:00+00:00,214.0,59.08,188.0,19.24,2.21
1990-06-11 18:00:00+00:00,206.0,345.46,106.0,18.88,2.55
1990-06-11 19:00:00+00:00,22.0,0.0,22.0,17.9,2.62
1990-06-11 20:00:00+00:00,0.0,0.0,0.0,17.1,2.62
1990-06-11 21:00:00+00:00,0.0,0.0,0.0,16.48,2.76
1990-06-11 22:00:00+00:00,0.0,0.0,0.0,16.07,2.9
1990-06-11 23:00:00+00:00,0.0,0.0,0.0,16.03,2.97
1990-06-12 00:00:00+00:00,0.0,0.0,0.0,15.92,2.9
1990-06-12 01:00:00+00:00,0.0,0.0,0.0,15.86,2.62
1990-06-12 02:00:00+00:00,0.0,0.0,0.0,15.69,2.41
1990-06-12 03:00:00+00:00,0.0,0.0,0.0,15.27,2.21
1990-06-12 04:00:00+00:00,1.0,0.0,1.0,14.77,2.07
1990-06-12 05:00:00+00:00,73.0,59.19,63.0,14.64,2.0
1990-06-12 06:00:00+00:00,84.0,0.0,84.0,15.09,2.48
1990-06-12 07:00:00+00:00,191.0,21.32,181.0,16.04,2.48
1990-06-12 08:00:00+00:00,282.0,36.22,260.0,16.74,2.9
1990-06-12 09:00:00+00:00,441.0,125.5,350.0,17.61,3.45
1990-06-12 10:00:00+00:00,455.0,79.83,390.0,18.6,3.86
1990-06-12 11:00:00+00:00,390.0,23.02,370.0,19.27,3.93
1990-06-12 12:00:00+00:00,623.0,215.89,432.0,20.05,4.14
1990-06-12 13:00:00+00:00,635.0,263.56,408.0,20.51,4.48
1990-06-12 14:00:00+00:00,653.0,398.79,334.0,20.16,4.83
1990-06-12 15:00:00+00:00,638.0,600.14,215.0,19.69,5.03
1990-06-12 16:00:00+00:00,546.0,710.7,132.0,19.25,5.17
1990-06-12 17:00:00+00:00,330.0,351.23,175.0,18.73,5.03
1990-06-12 18:00:00+00:00,136.0,61.9,118.0,18.07,4.48
1990-06-12 19:00:00+00:00,40.0,7.08,39.0,17.16,3.93
1990-06-12 20:00:00+00:00,0.0,0.0,0.0,16.22,3.52
1990-06-12 21:00:00+00:00,0.0,0.0,0.0,15.5,3.17
1990-06-12 22:00:00+00:00,0.0,0.0,0.0,15.07,2.83
1990-06-12 23:00:00+00:00,0.0,0.0,0.0,14.72,2.48
1990-06-13 00:00:00+00:00,0.0,0.0,0.0,14.15,2.21
1990-06-13 01:00:00+00:00,0.0,0.0,0.0,13.61,2.07
1990-06-13 02:00:00+00:00,0.0,0.0,0.0,13.03,2.0
1990-06-13 03:00:00+00:00,0.0,0.0,0.0,12.66,1.93
1990-06-13 04:00:00+00:00,6.0,0.0,6.0,12.31,1.79
1990-06-13 05:00:00+00:00,121.0,401.76,53.0,12.17,1.24
1990-06-13 06:00:00+00:00,257.0,503.64,96.0,13.87,0.9
1990-06-13 07:00:00+00:00,390.0,505.17,153.0,15.36,0.76
1990-06-13 08:00:00+00:00,509.0,479.01,218.0,16.64,1.17
1990-06-13 09:00:00+00:00,610.0,460.5,276.0,17.82,1.72
1990-06-13 10:00:00+00:00,759.0,643.33,235.0,18.69,1.79
1990-06-13 11:00:00+00:00,773.0,536.21,307.0,19.28,2.07
1990-06-13 12:00:00+00:00,649.0,256.43,422.0,19.61,2.83
1990-06-13 13:00:00+00:00,593.0,199.56,421.0,19.5,3.17
1990-06-13 14:00:00+00:00,249.0,0.0,249.0,19.01,3.24
1990-06-13 15:00:00+00:00,237.0,2.83,235.0,18.9,2.9
1990-06-13 16:00:00+00:00,85.0,0.0,85.0,18.68,2.97
1990-06-13 17:00:00+00:00,78.0,0.0,78.0,17.99,2.76
1990-06-13 18:00:00+00:00,45.0,0.0,45.0,17.22,2.9
1990-06-13 19:00:00+00:00,8.0,0.0,8.0,16.34,1.52
1990-06-13 20:00:00+00:00,0.0,0.0,0.0,15.96,1.24
1990-06-13 21:00:00+00:00,0.0,0.0,0.0,15.64,1.03
1990-06-13 22:00:00+00:00,0.0,0.0,0.0,15.32,1.24
1990-06-13 23:00:00+00:00,0.0,0.0,0.0,14.64,1.52
1990-06-14 00:00:00+00:00,0.0,0.0,0.0,14.19,1.86
1990-06-14 01:00:00+00:00,0.0,0.0,0.0,13.98,2.0
1990-06-14 02:00:00+00:00,0.0,0.0,0.0,13.74,2.07
1990-06-14 03:00:00+00:00,0.0,0.0,0.0,13.63,2.07
1990-06-14 04:00:00+00:00,2.0,0.0,2.0,13.54,2.07
1990-06-14 05:00:00+00:00,48.0,5.9,47.0,13.9,2.21
1990-06-14 06:00:00+00:00,56.0,0.0,56.0,14.41,2.34
1990-06-14 07:00:00+00:00,140.0,2.13,139.0,15.37,2.9
1990-06-14 08:00:00+00:00,235.0,11.52,228.0,16.26,2.97
1990-06-14 09:00:00+00:00,263.0,5.51,259.0,17.35,3.1
1990-06-14 10:00:00+00:00,492.0,119.06,395.0,18.64,3.1
1990-06-14 11:00:00+00:00,454.0,56.36,405.0,19.08,3.38
1990-06-14 12:00:00+00:00,154.0,0.0,154.0,19.35,3.52
1990-06-14 13:00:00+00:00,135.0,0.0,135.0,18.31,3.72
1990-06-14 14:00:00+00:00,196.0,0.0,196.0,17.46,2.83
1990-06-14 15:00:00+00:00,173.0,0.0,173.0,17.6,2.34
1990-06-14 16:00:00+00:00,275.0,41.05,251.0,17.74,2.28
1990-06-14 17:00:00+00:00,96.0,0.0,96.0,17.54,2.28
1990-06-14 18:00:00+00:00,133.0,54.56,117.0,17.1,2.07
1990-06-14 19:00:00+00:00,19.0,0.0,19.0,16.74,1.1
1990-06-14 20:00:00+00:00,0.0,0.0,0.0,16.37,1.1
1990-06-14 21:00:00+00:00,0.0,0.0,0.0,15.76,1.59
1990-06-14 22:00:00+00:00,0.0,0.0,0.0,15.26,1.86
1990-06-14 23:00:00+00:00,0.0,0.0,0.0,14.77,2.14
1990-06-15 00:00:00+00:00,0.0,0.0,0.0,14.34,2.07
1990-06-15 01:00:00+00:00,0.0,0.0,0.0,13.89,1.59
1990-06-15 02:00:00+00:00,0.0,0.0,0.0,13.77,1.17
1990-06-15 03:00:00+00:00,0.0,0.0,0.0,13.65,1.79
1990-06-15 04:00:00+00:00,2.0,0.0,2.0,13.66,2.48
1990-06-15 05:00:00+00:00,110.0,300.74,59.0,13.82,2.69
1990-06-15 06:00:00+00:00,244.0,412.68,112.0,14.13,2.83
1990-06-15 07:00:00+00:00,295.0,174.74,213.0,14.78,4.62
1990-06-15 08:00:00+00:00,310.0,59.25,274.0,15.25,5.24
1990-06-15 09:00:00+00:00,412.0,90.97,346.0,15.74,4.9
1990-06-15 10:00:00+00:00,341.0,14.73,329.0,16.36,4.69
1990-06-15 11:00:00+00:00,99.0,0.0,99.0,16.3,5.03
1990-06-15 12:00:00+00:00,479.0,64.33,422.0,16.02,5.24
1990-06-15 13:00:00+00:00,642.0,271.14,408.0,16.34,5.17
1990-06-15 14:00:00+00:00,703.0,513.65,291.0,16.52,5.17
1990-06-15 15:00:00+00:00,465.0,175.28,341.0,16.62,5.31
1990-06-15 16:00:00+00:00,449.0,346.7,246.0,16.17,5.17
1990-06-15 17:00:00+00:00,293.0,213.67,198.0,15.72,5.59
1990-06-15 18:00:00+00:00,154.0,101.92,124.0,15.39,5.79
1990-06-15 19:00:00+00:00,62.0,69.0,52.0,14.97,5.24
1990-06-15 20:00:00+00:00,0.0,0.0,0.0,14.34,4.97
1990-06-15 21:00:00+00:00,0.0,0.0,0.0,13.9,4.97
1990-06-15 22:00:00+00:00,0.0,0.0,0.0,13.32,4.83
1990-06-15 23:00:00+00:00,0.0,0.0,0.0,13.07,4.83
1990-06-16 00:00:00+00:00,0.0,0.0,0.0,12.87,4.83
1990-06-16 01:00:00+00:00,0.0,0.0,0.0,12.9,4.76
1990-06-16 02:00:00+00:00,0.0,0.0,0.0,12.89,4.69
1990-06-16 03:00:00+00:00,0.0,0.0,0.0,12.95,4.83
1990-06-16 04:00:00+00:00,3.0,0.0,3.0,12.83,4.41
1990-06-16 05:00:00+00:00,39.0,0.0,39.0,12.76,4.07
1990-06-16 06:00:00+00:00,221.0,287.66,129.0,13.26,3.93
1990-06-16 07:00:00+00:00,342.0,309.03,197.0,13.84,3.03
1990-06-16 08:00:00+00:00,534.0,559.6,194.0,15.01,3.38
1990-06-16 09:00:00+00:00,581.0,377.67,307.0,15.69,3.93
1990-06-16 10:00:00+00:00,473.0,95.71,395.0,16.2,4.34
1990-06-16 11:00:00+00:00,644.0,265.57,413.0,16.84,4.83
1990-06-16 12:00:00+00:00,173.0,0.0,173.0,16.84,5.31
1990-06-16 13:00:00+00:00,456.0,57.9,406.0,17.13,5.86
1990-06-16 14:00:00+00:00,654.0,391.17,340.0,17.23,6.07
1990-06-16 15:00:00+00:00,451.0,153.91,342.0,16.88,6.07
1990-06-16 16:00:00+00:00,282.0,44.34,256.0,16.53,5.86
1990-06-16 17:00:00+00:00,306.0,251.36,194.0,16.06,5.1
1990-06-16 18:00:00+00:00,185.0,209.91,123.0,15.89,5.45
1990-06-16 19:00:00+00:00,69.0,95.91,55.0,15.51,4.48
1990-06-16 20:00:00+00:00,0.0,0.0,0.0,15.18,3.59
1990-06-16 21:00:00+00:00,0.0,0.0,0.0,14.52,3.1
1990-06-16 22:00:00+00:00,0.0,0.0,0.0,14.19,3.1
1990-06-16 23:00:00+00:00,0.0,0.0,0.0,14.23,3.45
1990-06-17 00:00:00+00:00,0.0,0.0,0.0,14.04,3.52
1990-06-17 01:00:00+00:00,0.0,0.0,0.0,13.81,3.17
1990-06-17 02:00:00+00:00,0.0,0.0,0.0,13.46,2.76
1990-06-17 03:00:00+00:00,0.0,0.0,0.0,13.1,2.34
1990-06-17 04:00:00+00:00,1.0,0.0,1.0,12.65,2.21
1990-06-17 05:00:00+00:00,42.0,0.0,42.0,12.78,2.0
1990-06-17 06:00:00+00:00,94.0,3.13,93.0,13.52,2.28
1990-06-17 07:00:00+00:00,96.0,0.0,96.0,14.21,2.21
1990-06-17 08:00:00+00:00,238.0,11.52,231.0,15.13,2.28
1990-06-17 09:00:00+00:00,165.0,0.0,165.0,16.07,2.48
1990-06-17 10:00:00+00:00,396.0,38.04,365.0,16.58,2.9
1990-06-17 11:00:00+00:00,630.0,242.54,419.0,16.85,3.38
1990-06-17 12:00:00+00:00,824.0,615.8,278.0,17.18,3.72
1990-06-17 13:00:00+00:00,753.0,494.27,326.0,17.45,4.21
1990-06-17 14:00:00+00:00,582.0,250.23,381.0,17.33,4.48
1990-06-17 15:00:00+00:00,224.0,1.41,223.0,17.07,4.28
1990-06-17 16:00:00+00:00,96.0,0.0,96.0,16.63,3.38
1990-06-17 17:00:00+00:00,36.0,0.0,36.0,15.86,2.97
1990-06-17 18:00:00+00:00,70.0,0.0,70.0,15.15,2.28
1990-06-17 19:00:00+00:00,73.0,115.71,56.0,14.51,2.14
1990-06-17 20:00:00+00:00,0.0,0.0,0.0,13.84,1.59
1990-06-17 21:00:00+00:00,0.0,0.0,0.0,13.53,1.45
1990-06-17 22:00:00+00:00,0.0,0.0,0.0,13.34,1.45
1990-06-17 23:00:00+00:00,0.0,0.0,0.0,13.13,1.24
1990-06-18 00:00:00+00:00,0.0,0.0,0.0,12.8,1.59
1990-06-18 01:00:00+00:00,0.0,0.0,0.0,12.56,2.07
1990-06-18 02:00:00+00:00,0.0,0.0,0.0,12.36,2.48
1990-06-18 03:00:00+00:00,0.0,0.0,0.0,12.4,2.97
1990-06-18 04:00:00+00:00,2.0,0.0,2.0,12.79,2.97
1990-06-18 05:00:00+00:00,10.0,0.0,10.0,13.16,2.9
1990-06-18 06:00:00+00:00,52.0,0.0,52.0,13.91,3.17
1990-06-18 07:00:00+00:00,146.0,2.13,145.0,14.75,3.38
1990-06-18 08:00:00+00:00,99.0,0.0,99.0,15.14,3.79
1990-06-18 09:00:00+00:00,219.0,0.0,219.0,15.59,4.34
1990-06-18 10:00:00+00:00,300.0,4.91,296.0,15.84,5.72
1990-06-18 11:00:00+00:00,399.0,26.44,376.0,16.24,7.03
1990-06-18 12:00:00+00:00,253.0,0.0,253.0,17.0,7.24
1990-06-18 13:00:00+00:00,542.0,133.06,427.0,17.31,7.72
1990-06-18 14:00:00+00:00,669.0,427.98,325.0,17.46,7.59
1990-06-18 15:00:00+00:00,647.0,613.09,212.0,17.8,7.38
1990-06-18 16:00:00+00:00,456.0,362.3,243.0,17.7,6.55
1990-06-18 17:00:00+00:00,399.0,641.68,112.0,17.53,5.52
1990-06-18 18:00:00+00:00,250.0,575.48,79.0,16.96,4.28
1990-06-18 19:00:00+00:00,98.0,338.33,48.0,16.31,2.83
1990-06-18 20:00:00+00:00,0.0,0.0,0.0,15.27,2.21
1990-06-18 21:00:00+00:00,0.0,0.0,0.0,14.41,1.59
1990-06-18 22:00:00+00:00,0.0,0.0,0.0,13.43,1.24
1990-06-18 23:00:00+00:00,0.0,0.0,0.0,12.71,1.38
1990-06-19 00:00:00+00:00,0.0,0.0,0.0,12.66,1.86
1990-06-19 01:00:00+00:00,0.0,0.0,0.0,13.04,2.28
1990-06-19 02:00:00+00:00,0.0,0.0,0.0,12.98,2.62
1990-06-19 03:00:00+00:00,0.0,0.0,0.0,13.08,2.83
1990-06-19 04:00:00+00:00,2.0,0.0,2.0,13.23,3.24
1990-06-19 05:00:00+00:00,42.0,0.0,42.0,13.69,3.59
1990-06-19 06:00:00+00:00,214.0,266.31,129.0,14.82,3.86
1990-06-19 07:00:00+00:00,355.0,362.84,185.0,16.04,4.69
1990-06-19 08:00:00+00:00,568.0,713.36,135.0,17.3,5.52
1990-06-19 09:00:00+00:00,591.0,416.49,289.0,18.37,6.0
1990-06-19 10:00:00+00:00,717.0,531.39,284.0,19.56,6.48
1990-06-19 11:00:00+00:00,710.0,396.52,365.0,20.47,6.97
1990-06-19 12:00:00+00:00,866.0,748.57,202.0,21.2,7.59
1990-06-19 13:00:00+00:00,732.0,454.56,339.0,21.62,8.21
1990-06-19 14:00:00+00:00,656.0,404.12,331.0,21.57,8.07
1990-06-19 15:00:00+00:00,419.0,112.66,339.0,21.35,7.45
1990-06-19 16:00:00+00:00,49.0,0.0,49.0,21.88,7.38
1990-06-19 17:00:00+00:00,35.0,0.0,35.0,20.38,5.86
1990-06-19 18:00:00+00:00,160.0,114.13,126.0,18.34,4.97
1990-06-19 19:00:00+00:00,19.0,0.0,19.0,18.41,3.66
1990-06-19 20:00:00+00:00,0.0,0.0,0.0,17.25,3.52
1990-06-19 21:00:00+00:00,0.0,0.0,0.0,16.31,3.52
1990-06-19 22:00:00+00:00,0.0,0.0,0.0,15.45,2.76
1990-06-19 23:00:00+00:00,0.0,0.0,0.0,14.51,3.45
1990-06-20 00:00:00+00:00,0.0,0.0,0.0,13.86,3.52
1990-06-20 01:00:00+00:00,0.0,0.0,0.0,13.38,3.66
1990-06-20 02:00:00+00:00,0.0,0.0,0.0,13.29,4.21
1990-06-20 03:00:00+00:00,0.0,0.0,0.0,13.37,4.76
1990-06-20 04:00:00+00:00,6.0,0.0,6.0,13.38,4.97
1990-06-20 05:00:00+00:00,71.0,53.34,62.0,13.81,5.31
1990-06-20 06:00:00+00:00,77.0,0.0,77.0,14.65,5.45
1990-06-20 07:00:00+00:00,191.0,19.22,182.0,14.99,7.72
1990-06-20 08:00:00+00:00,431.0,248.91,280.0,15.79,7.93
1990-06-20 09:00:00+00:00,487.0,186.25,352.0,16.42,7.59
1990-06-20 10:00:00+00:00,632.0,317.92,373.0,17.07,7.93
1990-06-20 11:00:00+00:00,482.0,71.26,420.0,17.5,8.21
1990-06-20 12:00:00+00:00,741.0,409.18,378.0,17.86,8.28
1990-06-20 13:00:00+00:00,765.0,511.1,323.0,18.05,8.14
1990-06-20 14:00:00+00:00,779.0,714.65,204.0,18.31,8.14
1990-06-20 15:00:00+00:00,696.0,768.4,150.0,18.19,7.52
1990-06-20 16:00:00+00:00,557.0,716.26,135.0,18.18,7.17
1990-06-20 17:00:00+00:00,372.0,488.13,153.0,17.9,6.34
1990-06-20 18:00:00+00:00,216.0,344.95,113.0,17.6,5.79
1990-06-20 19:00:00+00:00,91.0,254.64,53.0,16.8,5.1
1990-06-20 20:00:00+00:00,0.0,0.0,0.0,16.07,4.48
1990-06-20 21:00:00+00:00,0.0,0.0,0.0,15.46,4.28
1990-06-20 22:00:00+00:00,0.0,0.0,0.0,15.13,4.41
1990-06-20 23:00:00+00:00,0.0,0.0,0.0,14.79,4.41
1990-06-21 00:00:00+00:00,0.0,0.0,0.0,14.5,4.55
1990-06-21 01:00:00+00:00,0.0,0.0,0.0,14.2,4.83
1990-06-21 02:00:00+00:00,0.0,0.0,0.0,13.85,4.9
1990-06-21 03:00:00+00:00,0.0,0.0,0.0,13.65,5.03
1990-06-21 04:00:00+00:00,2.0,0.0,2.0,13.49,5.38
1990-06-21 05:00:00+00:00,66.0,41.6,59.0,13.77,6.0
1990-06-21 06:00:00+00:00,214.0,263.89,130.0,14.2,6.55
1990-06-21 07:00:00+00:00,289.0,162.5,213.0,14.24,5.38
1990-06-21 08:00:00+00:00,320.0,70.93,277.0,15.02,5.52
1990-06-21 09:00:00+00:00,570.0,357.48,311.0,15.35,5.79
1990-06-21 10:00:00+00:00,543.0,178.03,398.0,15.79,6.21
1990-06-21 11:00:00+00:00,532.0,118.4,429.0,15.33,6.76
1990-06-21 12:00:00+00:00,436.0,39.45,401.0,16.64,6.62
1990-06-21 13:00:00+00:00,565.0,159.54,427.0,17.17,6.83
1990-06-21 14:00:00+00:00,510.0,144.12,394.0,17.75,7.17
1990-06-21 15:00:00+00:00,491.0,218.0,336.0,17.66,7.59
1990-06-21 16:00:00+00:00,373.0,162.8,277.0,16.45,7.79
1990-06-21 17:00:00+00:00,342.0,369.52,176.0,15.55,6.9
1990-06-21 18:00:00+00:00,160.0,110.3,127.0,15.03,6.0
1990-06-21 19:00:00+00:00,10.0,0.0,10.0,14.81,5.03
1990-06-21 20:00:00+00:00,0.0,0.0,0.0,14.45,4.69
1990-06-21 21:00:00+00:00,0.0,0.0,0.0,14.29,3.86
1990-06-21 22:00:00+00:00,0.0,0.0,0.0,14.1,3.79
1990-06-21 23:00:00+00:00,0.0,0.0,0.0,13.8,3.45
1990-06-22 00:00:00+00:00,0.0,0.0,0.0,13.58,2.9
1990-06-22 01:00:00+00:00,0.0,0.0,0.0,13.4,2.28
1990-06-22 02:00:00+00:00,0.0,0.0,0.0,13.26,1.72
1990-06-22 03:00:00+00:00,0.0,0.0,0.0,13.08,0.97
1990-06-22 04:00:00+00:00,1.0,0.0,1.0,13.1,0.41
1990-06-22 05:00:00+00:00,28.0,0.0,28.0,13.28,0.9
1990-06-22 06:00:00+00:00,152.0,66.09,131.0,13.59,1.86
1990-06-22 07:00:00+00:00,220.0,47.09,198.0,14.42,2.55
1990-06-22 08:00:00+00:00,388.0,170.03,285.0,15.28,2.69
1990-06-22 09:00:00+00:00,202.0,0.0,202.0,16.13,2.83
1990-06-22 10:00:00+00:00,215.0,0.0,215.0,16.89,3.17
1990-06-22 11:00:00+00:00,608.0,213.84,422.0,17.55,3.72
1990-06-22 12:00:00+00:00,585.0,165.69,438.0,17.67,4.21
1990-06-22 13:00:00+00:00,727.0,438.09,348.0,17.84,4.48
1990-06-22 14:00:00+00:00,376.0,31.05,351.0,16.98,4.48
1990-06-22 15:00:00+00:00,307.0,21.09,292.0,17.43,4.0
1990-06-22 16:00:00+00:00,283.0,44.06,257.0,17.72,3.93
1990-06-22 17:00:00+00:00,97.0,0.0,97.0,17.64,4.28
1990-06-22 18:00:00+00:00,33.0,0.0,33.0,17.35,4.0
1990-06-22 19:00:00+00:00,86.0,206.26,55.0,16.37,3.17
1990-06-22 20:00:00+00:00,0.0,0.0,0.0,15.79,2.76
1990-06-22 21:00:00+00:00,0.0,0.0,0.0,15.13,2.83
1990-06-22 22:00:00+00:00,0.0,0.0,0.0,14.76,3.24
1990-06-22 23:00:00+00:00,0.0,0.0,0.0,14.27,3.45
1990-06-23 00:00:00+00:00,0.0,0.0,0.0,13.76,3.31
1990-06-23 01:00:00+00:00,0.0,0.0,0.0,13.35,3.31
1990-06-23 02:00:00+00:00,0.0,0.0,0.0,13.03,3.45
1990-06-23 03:00:00+00:00,0.0,0.0,0.0,12.71,3.52
1990-06-23 04:00:00+00:00,1.0,0.0,1.0,12.55,3.38
1990-06-23 05:00:00+00:00,106.0,281.27,59.0,12.82,3.24
1990-06-23 06:00:00+00:00,227.0,331.11,122.0,13.67,4.34
1990-06-23 07:00:00+00:00,338.0,304.36,196.0,15.06,3.66
1990-06-23 08:00:00+00:00,435.0,270.98,271.0,15.92,3.38
1990-06-23 09:00:00+00:00,391.0,71.85,339.0,16.69,3.17
1990-06-23 10:00:00+00:00,461.0,86.01,391.0,17.65,3.38
1990-06-23 11:00:00+00:00,489.0,80.5,419.0,18.1,3.93
1990-06-23 12:00:00+00:00,91.0,0.0,91.0,18.42,4.62
1990-06-23 13:00:00+00:00,496.0,89.0,419.0,17.12,5.66
1990-06-23 14:00:00+00:00,136.0,0.0,136.0,17.05,5.38
1990-06-23 15:00:00+00:00,124.0,0.0,124.0,17.29,4.83
1990-06-23 16:00:00+00:00,466.0,387.8,237.0,16.95,5.66
1990-06-23 17:00:00+00:00,279.0,168.84,203.0,16.62,5.03
1990-06-23 18:00:00+00:00,129.0,39.98,117.0,16.47,4.0
1990-06-23 19:00:00+00:00,29.0,0.0,29.0,15.76,3.93
1990-06-23 20:00:00+00:00,0.0,0.0,0.0,15.17,3.72
1990-06-23 21:00:00+00:00,0.0,0.0,0.0,14.59,3.52
1990-06-23 22:00:00+00:00,0.0,0.0,0.0,13.9,3.03
1990-06-23 23:00:00+00:00,0.0,0.0,0.0,13.64,2.76
1990-06-24 00:00:00+00:00,0.0,0.0,0.0,13.37,2.76
1990-06-24 01:00:00+00:00,0.0,0.0,0.0,13.26,3.1
1990-06-24 02:00:00+00:00,0.0,0.0,0.0,13.11,3.45
1990-06-24 03:00:00+00:00,0.0,0.0,0.0,12.86,3.79
1990-06-24 04:00:00+00:00,1.0,0.0,1.0,12.73,3.86
1990-06-24 05:00:00+00:00,34.0,0.0,34.0,13.01,4.14
1990-06-24 06:00:00+00:00,36.0,0.0,36.0,13.21,4.34
1990-06-24 07:00:00+00:00,74.0,0.0,74.0,12.95,3.86
1990-06-24 08:00:00+00:00,63.0,0.0,63.0,13.09,4.21
1990-06-24 09:00:00+00:00,183.0,0.0,183.0,12.92,4.48
1990-06-24 10:00:00+00:00,210.0,0.0,210.0,12.83,4.76
1990-06-24 11:00:00+00:00,236.0,0.0,236.0,13.05,4.21
1990-06-24 12:00:00+00:00,203.0,0.0,203.0,13.66,3.93
1990-06-24 13:00:00+00:00,268.0,0.0,268.0,14.49,4.14
1990-06-24 14:00:00+00:00,177.0,0.0,177.0,14.39,4.0
1990-06-24 15:00:00+00:00,114.0,0.0,114.0,14.06,4.14
1990-06-24 16:00:00+00:00,92.0,0.0,92.0,14.12,4.28
1990-06-24 17:00:00+00:00,60.0,0.0,60.0,14.25,3.52
1990-06-24 18:00:00+00:00,34.0,0.0,34.0,14.39,2.62
1990-06-24 19:00:00+00:00,32.0,0.0,32.0,13.85,1.31
1990-06-24 20:00:00+00:00,0.0,0.0,0.0,13.68,1.45
1990-06-24 21:00:00+00:00,0.0,0.0,0.0,13.38,1.86
1990-06-24 22:00:00+00:00,0.0,0.0,0.0,13.08,2.48
1990-06-24 23:00:00+00:00,0.0,0.0,0.0,12.62,3.03
1990-06-25 00:00:00+00:00,0.0,0.0,0.0,12.49,3.38
1990-06-25 01:00:00+00:00,0.0,0.0,0.0,12.35,3.45
1990-06-25 02:00:00+00:00,0.0,0.0,0.0,12.19,3.52
1990-06-25 03:00:00+00:00,0.0,0.0,0.0,12.04,3.72
1990-06-25 04:00:00+00:00,1.0,0.0,1.0,11.7,3.86
1990-06-25 05:00:00+00:00,42.0,0.0,42.0,11.61,4.07
1990-06-25 06:00:00+00:00,64.0,0.0,64.0,12.02,4.69
1990-06-25 07:00:00+00:00,179.0,12.9,173.0,12.32,6.14
1990-06-25 08:00:00+00:00,83.0,0.0,83.0,12.42,5.86
1990-06-25 09:00:00+00:00,131.0,0.0,131.0,12.45,6.62
1990-06-25 10:00:00+00:00,99.0,0.0,99.0,12.77,6.48
1990-06-25 11:00:00+00:00,261.0,0.0,261.0,12.93,6.41
1990-06-25 12:00:00+00:00,156.0,0.0,156.0,12.76,5.52
1990-06-25 13:00:00+00:00,109.0,0.0,109.0,12.99,4.34
1990-06-25 14:00:00+00:00,248.0,0.0,248.0,13.8,3.52
1990-06-25 15:00:00+00:00,252.0,4.21,249.0,14.92,5.03
1990-06-25 16:00:00+00:00,294.0,52.45,263.0,15.67,6.41
1990-06-25 17:00:00+00:00,309.0,246.26,198.0,15.91,7.1
1990-06-25 18:00:00+00:00,143.0,63.18,124.0,15.22,8.48
1990-06-25 19:00:00+00:00,71.0,92.6,57.0,15.1,7.72
1990-06-25 20:00:00+00:00,0.0,0.0,0.0,13.95,8.28
1990-06-25 21:00:00+00:00,0.0,0.0,0.0,13.24,8.41
1990-06-25 22:00:00+00:00,0.0,0.0,0.0,12.93,8.69
1990-06-25 23:00:00+00:00,0.0,0.0,0.0,12.71,8.48
1990-06-26 00:00:00+00:00,0.0,0.0,0.0,12.49,7.93
1990-06-26 01:00:00+00:00,0.0,0.0,0.0,12.28,7.52
1990-06-26 02:00:00+00:00,0.0,0.0,0.0,12.08,7.1
1990-06-26 03:00:00+00:00,0.0,0.0,0.0,11.67,6.28
1990-06-26 04:00:00+00:00,2.0,0.0,2.0,11.02,5.24
1990-06-26 05:00:00+00:00,120.0,419.05,51.0,10.71,4.83
1990-06-26 06:00:00+00:00,266.0,568.79,87.0,11.07,4.55
1990-06-26 07:00:00+00:00,430.0,693.56,108.0,11.7,4.97
1990-06-26 08:00:00+00:00,439.0,276.87,272.0,12.59,4.76
1990-06-26 09:00:00+00:00,442.0,126.05,351.0,13.64,5.1
1990-06-26 10:00:00+00:00,151.0,0.0,151.0,13.71,4.48
1990-06-26 11:00:00+00:00,388.0,20.72,370.0,14.05,4.14
1990-06-26 12:00:00+00:00,259.0,0.0,259.0,14.02,4.0
1990-06-26 13:00:00+00:00,381.0,19.65,364.0,14.84,4.21
1990-06-26 14:00:00+00:00,280.0,2.48,278.0,14.77,4.41
1990-06-26 15:00:00+00:00,212.0,0.0,212.0,14.76,4.83
1990-06-26 16:00:00+00:00,319.0,77.81,273.0,14.61,4.9
1990-06-26 17:00:00+00:00,307.0,237.3,200.0,14.42,4.97
1990-06-26 18:00:00+00:00,52.0,0.0,52.0,14.28,4.83
1990-06-26 19:00:00+00:00,33.0,0.0,33.0,13.96,3.72
1990-06-26 20:00:00+00:00,0.0,0.0,0.0,13.26,3.38
1990-06-26 21:00:00+00:00,0.0,0.0,0.0,12.36,3.03
1990-06-26 22:00:00+00:00,0.0,0.0,0.0,11.45,2.97
1990-06-26 23:00:00+00:00,0.0,0.0,0.0,10.91,3.03
1990-06-27 00:00:00+00:00,0.0,0.0,0.0,10.42,3.1
1990-06-27 01:00:00+00:00,0.0,0.0,0.0,10.17,3.1
1990-06-27 02:00:00+00:00,0.0,0.0,0.0,9.97,3.03
1990-06-27 03:00:00+00:00,0.0,0.0,0.0,9.89,3.03
1990-06-27 04:00:00+00:00,0.0,0.0,0.0,10.29,3.03
1990-06-27 05:00:00+00:00,33.0,0.0,33.0,10.71,3.17
1990-06-27 06:00:00+00:00,219.0,296.43,126.0,11.53,3.31
1990-06-27 07:00:00+00:00,337.0,302.14,197.0,12.34,4.28
1990-06-27 08:00:00+00:00,526.0,539.54,201.0,12.99,4.97
1990-06-27 09:00:00+00:00,460.0,151.13,351.0,13.8,5.38
1990-06-27 10:00:00+00:00,401.0,40.64,368.0,14.77,6.0
1990-06-27 11:00:00+00:00,306.0,2.3,304.0,15.3,6.62
1990-06-27 12:00:00+00:00,567.0,141.03,442.0,15.54,6.62
1990-06-27 13:00:00+00:00,314.0,3.47,311.0,15.85,6.62
1990-06-27 14:00:00+00:00,240.0,0.0,240.0,16.22,6.9
1990-06-27 15:00:00+00:00,238.0,1.4,237.0,16.04,7.45
1990-06-27 16:00:00+00:00,343.0,108.24,279.0,15.17,6.48
1990-06-27 17:00:00+00:00,188.0,24.39,177.0,14.73,6.21
1990-06-27 18:00:00+00:00,137.0,53.17,121.0,14.29,6.34
1990-06-27 19:00:00+00:00,27.0,0.0,27.0,13.83,5.03
1990-06-27 20:00:00+00:00,0.0,0.0,0.0,13.37,4.41
1990-06-27 21:00:00+00:00,0.0,0.0,0.0,12.93,3.86
1990-06-27 22:00:00+00:00,0.0,0.0,0.0,12.43,3.52
1990-06-27 23:00:00+00:00,0.0,0.0,0.0,11.87,3.38
1990-06-28 00:00:00+00:00,0.0,0.0,0.0,11.3,3.17
1990-06-28 01:00:00+00:00,0.0,0.0,0.0,10.64,2.9
1990-06-28 02:00:00+00:00,0.0,0.0,0.0,10.2,2.48
1990-06-28 03:00:00+00:00,0.0,0.0,0.0,9.75,2.28
1990-06-28 04:00:00+00:00,0.0,0.0,0.0,9.58,2.07
1990-06-28 05:00:00+00:00,77.0,86.1,63.0,9.72,1.86
1990-06-28 06:00:00+00:00,264.0,569.24,86.0,11.27,1.93
1990-06-28 07:00:00+00:00,368.0,419.56,174.0,12.97,2.9
1990-06-28 08:00:00+00:00,465.0,347.47,256.0,14.22,4.41
1990-06-28 09:00:00+00:00,192.0,0.0,192.0,14.86,4.55
1990-06-28 10:00:00+00:00,234.0,0.0,234.0,15.65,5.52
1990-06-28 11:00:00+00:00,740.0,445.98,353.0,16.1,6.34
1990-06-28 12:00:00+00:00,830.0,623.05,278.0,16.28,6.76
1990-06-28 13:00:00+00:00,751.0,477.62,338.0,16.22,6.62
1990-06-28 14:00:00+00:00,524.0,157.68,397.0,16.66,6.76
1990-06-28 15:00:00+00:00,616.0,498.48,261.0,16.26,6.62
1990-06-28 16:00:00+00:00,387.0,182.65,279.0,15.94,6.28
1990-06-28 17:00:00+00:00,184.0,19.96,175.0,15.76,6.55
1990-06-28 18:00:00+00:00,135.0,46.52,121.0,15.39,6.14
1990-06-28 19:00:00+00:00,46.0,13.23,44.0,14.59,6.21
1990-06-28 20:00:00+00:00,0.0,0.0,0.0,14.27,6.55
1990-06-28 21:00:00+00:00,0.0,0.0,0.0,14.18,6.69
1990-06-28 22:00:00+00:00,0.0,0.0,0.0,14.13,6.76
1990-06-28 23:00:00+00:00,0.0,0.0,0.0,14.06,6.83
1990-06-29 00:00:00+00:00,0.0,0.0,0.0,13.91,6.62
1990-06-29 01:00:00+00:00,0.0,0.0,0.0,13.92,6.9
1990-06-29 02:00:00+00:00,0.0,0.0,0.0,13.85,6.97
1990-06-29 03:00:00+00:00,0.0,0.0,0.0,13.79,7.31
1990-06-29 04:00:00+00:00,0.0,0.0,0.0,13.63,7.24
1990-06-29 05:00:00+00:00,16.0,0.0,16.0,13.64,7.17
1990-06-29 06:00:00+00:00,23.0,0.0,23.0,13.68,7.17
1990-06-29 07:00:00+00:00,70.0,0.0,70.0,13.94,6.62
1990-06-29 08:00:00+00:00,382.0,164.85,283.0,14.32,6.48
1990-06-29 09:00:00+00:00,331.0,30.57,309.0,15.13,5.93
1990-06-29 10:00:00+00:00,380.0,30.84,355.0,16.37,6.14
1990-06-29 11:00:00+00:00,375.0,17.3,360.0,17.59,6.48
1990-06-29 12:00:00+00:00,628.0,222.46,431.0,18.39,6.9
1990-06-29 13:00:00+00:00,383.0,20.82,365.0,18.47,7.03
1990-06-29 14:00:00+00:00,575.0,235.95,385.0,18.24,7.52
1990-06-29 15:00:00+00:00,614.0,501.36,257.0,18.29,7.17
1990-06-29 16:00:00+00:00,492.0,466.84,216.0,18.01,6.48
1990-06-29 17:00:00+00:00,290.0,192.93,203.0,17.67,5.86
1990-06-29 18:00:00+00:00,234.0,448.8,99.0,17.31,5.17
1990-06-29 19:00:00+00:00,90.0,225.12,56.0,17.07,4.83
1990-06-29 20:00:00+00:00,0.0,0.0,0.0,16.11,4.21
1990-06-29 21:00:00+00:00,0.0,0.0,0.0,15.23,3.66
1990-06-29 22:00:00+00:00,0.0,0.0,0.0,14.49,3.31
1990-06-29 23:00:00+00:00,0.0,0.0,0.0,13.92,3.24
1990-06-30 00:00:00+00:00,0.0,0.0,0.0,13.62,3.31
1990-06-30 01:00:00+00:00,0.0,0.0,0.0,13.29,3.38
1990-06-30 02:00:00+00:00,0.0,0.0,0.0,13.15,3.52
1990-06-30 03:00:00+00:00,0.0,0.0,0.0,13.08,3.59
1990-06-30 04:00:00+00:00,0.0,0.0,0.0,13.42,3.66
1990-06-30 05:00:00+00:00,11.0,0.0,11.0,13.95,3.79
1990-06-30 06:00:00+00:00,34.0,0.0,34.0,14.47,4.14
1990-06-30 07:00:00+00:00,41.0,0.0,41.0,15.11,4.69
1990-06-30 08:00:00+00:00,91.0,0.0,91.0,15.44,5.17
1990-06-30 09:00:00+00:00,114.0,0.0,114.0,15.58,5.45
1990-06-30 10:00:00+00:00,164.0,0.0,164.0,15.49,4.48
1990-06-30 11:00:00+00:00,165.0,0.0,165.0,15.71,4.48
1990-06-30 12:00:00+00:00,158.0,0.0,158.0,15.87,4.69
1990-06-30 13:00:00+00:00,149.0,0.0,149.0,16.09,4.28
1990-06-30 14:00:00+00:00,139.0,0.0,139.0,16.24,4.34
1990-06-30 15:00:00+00:00,151.0,0.0,151.0,16.49,4.83
1990-06-30 16:00:00+00:00,70.0,0.0,70.0,16.41,5.9
1990-06-30 17:00:00+00:00,68.0,0.0,68.0,16.24,5.66
1990-06-30 18:00:00+00:00,33.0,0.0,33.0,16.08,5.41
1990-06-30 19:00:00+00:00,13.0,0.0,13.0,15.92,5.17
1990-06-30 20:00:00+00:00,0.0,0.0,0.0,15.75,4.93
1990-06-30 21:00:00+00:00,0.0,0.0,0.0,15.59,4.68
1990-06-30 22:00:00+00:00,0.0,0.0,0.0,15.42,4.44
1990-06-30 23:00:00+00:00,0.0,0.0,0.0,15.26,4.2
1990-07-01 00:00:00+00:00,0.0,0.0,0.0,15.1,3.95
1990-07-01 01:00:00+00:00,0.0,0.0,0.0,14.93,3.71
1990-07-01 02:00:00+00:00,0.0,0.0,0.0,14.77,3.46
1990-07-01 03:00:00+00:00,0.0,0.0,0.0,14.6,3.22
1990-07-01 04:00:00+00:00,0.0,0.0,0.0,14.44,2.98
1990-07-01 05:00:00+00:00,80.0,119.6,61.0,14.27,2.73
1990-07-01 06:00:00+00:00,130.0,35.59,119.0,14.11,2.49
1990-07-01 07:00:00+00:00,364.0,431.33,166.0,13.95,2.24
1990-07-01 08:00:00+00:00,544.0,646.65,157.0,17.16,3.59
1990-07-01 09:00:00+00:00,599.0,452.73,274.0,18.5,4.28
1990-07-01 10:00:00+00:00,694.0,483.24,303.0,19.38,4.69
1990-07-01 11:00:00+00:00,701.0,383.38,369.0,19.91,4.76
1990-07-01 12:00:00+00:00,560.0,140.17,436.0,20.45,4.83
1990-07-01 13:00:00+00:00,558.0,153.99,425.0,20.85,4.76
1990-07-01 14:00:00+00:00,618.0,320.61,360.0,21.23,4.76
1990-07-01 15:00:00+00:00,300.0,18.27,287.0,21.23,4.62
1990-07-01 16:00:00+00:00,186.0,1.69,185.0,21.02,4.34
1990-07-01 17:00:00+00:00,169.0,13.32,163.0,20.96,3.79
1990-07-01 18:00:00+00:00,133.0,46.62,119.0,20.58,3.03
1990-07-01 19:00:00+00:00,75.0,119.72,57.0,19.64,2.76
1990-07-01 20:00:00+00:00,0.0,0.0,0.0,18.7,2.69
1990-07-01 21:00:00+00:00,0.0,0.0,0.0,17.64,2.9
1990-07-01 22:00:00+00:00,0.0,0.0,0.0,17.05,3.45
1990-07-01 23:00:00+00:00,0.0,0.0,0.0,16.94,4.21
1990-07-02 00:00:00+00:00,0.0,0.0,0.0,17.11,4.21
1990-07-02 01:00:00+00:00,0.0,0.0,0.0,17.16,3.72
1990-07-02 02:00:00+00:00,0.0,0.0,0.0,16.73,3.03
1990-07-02 03:00:00+00:00,0.0,0.0,0.0,16.5,2.97
1990-07-02 04:00:00+00:00,0.0,0.0,0.0,16.53,3.24
1990-07-02 05:00:00+00:00,21.0,0.0,21.0,16.77,3.66
1990-07-02 06:00:00+00:00,105.0,9.75,102.0,17.13,3.66
1990-07-02 07:00:00+00:00,217.0,52.42,193.0,16.99,3.93
1990-07-02 08:00:00+00:00,268.0,33.48,248.0,16.84,3.79
1990-07-02 09:00:00+00:00,383.0,73.93,330.0,17.24,3.17
1990-07-02 10:00:00+00:00,384.0,37.12,354.0,17.8,2.97
1990-07-02 11:00:00+00:00,492.0,91.3,413.0,17.7,2.62
1990-07-02 12:00:00+00:00,482.0,73.53,417.0,18.26,3.31
1990-07-02 13:00:00+00:00,273.0,1.16,272.0,19.42,3.86
1990-07-02 14:00:00+00:00,251.0,1.24,250.0,20.31,4.0
1990-07-02 15:00:00+00:00,468.0,189.79,333.0,20.59,3.79
1990-07-02 16:00:00+00:00,483.0,463.99,209.0,20.77,3.52
1990-07-02 17:00:00+00:00,388.0,608.61,114.0,20.58,3.24
1990-07-02 18:00:00+00:00,246.0,556.84,79.0,20.21,3.03
1990-07-02 19:00:00+00:00,18.0,0.0,18.0,19.82,3.1
1990-07-02 20:00:00+00:00,0.0,0.0,0.0,18.81,2.9
1990-07-02 21:00:00+00:00,0.0,0.0,0.0,17.89,2.69
1990-07-02 22:00:00+00:00,0.0,0.0,0.0,17.3,2.48
1990-07-02 23:00:00+00:00,0.0,0.0,0.0,16.8,2.34
1990-07-03 00:00:00+00:00,0.0,0.0,0.0,16.32,2.41
1990-07-03 01:00:00+00:00,0.0,0.0,0.0,15.78,2.41
1990-07-03 02:00:00+00:00,0.0,0.0,0.0,15.16,2.41
1990-07-03 03:00:00+00:00,0.0,0.0,0.0,14.57,2.48
1990-07-03 04:00:00+00:00,0.0,0.0,0.0,13.97,2.48
1990-07-03 05:00:00+00:00,112.0,410.33,48.0,13.7,2.34
1990-07-03 06:00:00+00:00,111.0,13.06,107.0,14.6,2.41
1990-07-03 07:00:00+00:00,387.0,530.14,145.0,15.49,2.62
1990-07-03 08:00:00+00:00,496.0,459.61,222.0,16.57,2.34
1990-07-03 09:00:00+00:00,597.0,440.05,282.0,17.97,2.69
1990-07-03 10:00:00+00:00,761.0,657.69,230.0,19.19,2.97
1990-07-03 11:00:00+00:00,796.0,596.85,280.0,20.02,3.38
1990-07-03 12:00:00+00:00,683.0,311.29,408.0,20.51,3.79
1990-07-03 13:00:00+00:00,697.0,369.75,378.0,20.91,4.07
1990-07-03 14:00:00+00:00,817.0,844.62,138.0,20.97,4.34
1990-07-03 15:00:00+00:00,700.0,787.69,140.0,20.92,4.69
1990-07-03 16:00:00+00:00,502.0,499.87,207.0,20.5,4.76
1990-07-03 17:00:00+00:00,256.0,113.39,205.0,20.21,4.48
1990-07-03 18:00:00+00:00,134.0,46.76,120.0,19.61,3.52
1990-07-03 19:00:00+00:00,106.0,401.93,46.0,19.34,3.1
1990-07-03 20:00:00+00:00,0.0,0.0,0.0,18.15,2.62
1990-07-03 21:00:00+00:00,0.0,0.0,0.0,17.11,2.97
1990-07-03 22:00:00+00:00,0.0,0.0,0.0,16.44,2.97
1990-07-03 23:00:00+00:00,0.0,0.0,0.0,15.52,2.62
1990-07-04 00:00:00+00:00,0.0,0.0,0.0,14.75,2.41
1990-07-04 01:00:00+00:00,0.0,0.0,0.0,14.04,2.21
1990-07-04 02:00:00+00:00,0.0,0.0,0.0,13.35,2.0
1990-07-04 03:00:00+00:00,0.0,0.0,0.0,12.74,1.93
1990-07-04 04:00:00+00:00,0.0,0.0,0.0,12.0,1.66
1990-07-04 05:00:00+00:00,105.0,362.69,49.0,11.89,1.52
1990-07-04 06:00:00+00:00,255.0,570.77,81.0,14.27,1.86
1990-07-04 07:00:00+00:00,417.0,694.36,101.0,15.95,3.79
1990-07-04 08:00:00+00:00,567.0,746.34,123.0,16.99,5.31
1990-07-04 09:00:00+00:00,583.0,414.14,287.0,17.76,6.14
1990-07-04 10:00:00+00:00,403.0,45.88,366.0,18.17,6.76
1990-07-04 11:00:00+00:00,641.0,273.23,405.0,18.5,7.17
1990-07-04 12:00:00+00:00,490.0,74.77,424.0,18.4,7.17
1990-07-04 13:00:00+00:00,458.0,61.47,405.0,18.4,7.17
1990-07-04 14:00:00+00:00,355.0,22.4,337.0,18.84,7.38
1990-07-04 15:00:00+00:00,293.0,15.48,282.0,18.8,7.31
1990-07-04 16:00:00+00:00,171.0,0.0,171.0,18.92,7.03
1990-07-04 17:00:00+00:00,145.0,4.45,143.0,18.83,6.48
1990-07-04 18:00:00+00:00,51.0,0.0,51.0,18.58,5.79
1990-07-04 19:00:00+00:00,17.0,0.0,17.0,17.77,5.1
1990-07-04 20:00:00+00:00,0.0,0.0,0.0,17.52,4.28
1990-07-04 21:00:00+00:00,0.0,0.0,0.0,17.28,3.93
1990-07-04 22:00:00+00:00,0.0,0.0,0.0,17.33,3.66
1990-07-04 23:00:00+00:00,0.0,0.0,0.0,17.1,3.38
1990-07-05 00:00:00+00:00,0.0,0.0,0.0,16.46,3.17
1990-07-05 01:00:00+00:00,0.0,0.0,0.0,15.87,3.31
1990-07-05 02:00:00+00:00,0.0,0.0,0.0,15.33,3.24
1990-07-05 03:00:00+00:00,0.0,0.0,0.0,14.67,2.97
1990-07-05 04:00:00+00:00,0.0,0.0,0.0,14.32,2.83
1990-07-05 05:00:00+00:00,103.0,340.41,51.0,14.02,2.9
1990-07-05 06:00:00+00:00,120.0,23.08,113.0,14.76,3.31
1990-07-05 07:00:00+00:00,357.0,398.99,176.0,16.01,3.52
1990-07-05 08:00:00+00:00,393.0,187.0,282.0,16.65,3.59
1990-07-05 09:00:00+00:00,656.0,612.41,219.0,17.14,3.66
1990-07-05 10:00:00+00:00,661.0,393.59,344.0,18.11,3.86
1990-07-05 11:00:00+00:00,558.0,147.18,431.0,19.46,4.21
1990-07-05 12:00:00+00:00,816.0,594.1,292.0,20.23,4.69
1990-07-05 13:00:00+00:00,756.0,495.62,329.0,20.66,4.97
1990-07-05 14:00:00+00:00,577.0,235.41,388.0,20.95,5.1
1990-07-05 15:00:00+00:00,503.0,232.41,338.0,20.81,5.31
1990-07-05 16:00:00+00:00,469.0,387.0,241.0,20.66,5.45
1990-07-05 17:00:00+00:00,352.0,398.93,173.0,20.15,5.24
1990-07-05 18:00:00+00:00,216.0,345.45,113.0,19.66,5.03
1990-07-05 19:00:00+00:00,93.0,270.63,53.0,18.81,4.21
1990-07-05 20:00:00+00:00,0.0,0.0,0.0,17.76,3.93
1990-07-05 21:00:00+00:00,0.0,0.0,0.0,16.7,3.93
1990-07-05 22:00:00+00:00,0.0,0.0,0.0,15.8,3.86
1990-07-05 23:00:00+00:00,0.0,0.0,0.0,15.07,3.59
1990-07-06 00:00:00+00:00,0.0,0.0,0.0,14.29,3.38
1990-07-06 01:00:00+00:00,0.0,0.0,0.0,13.72,3.24
1990-07-06 02:00:00+00:00,0.0,0.0,0.0,13.18,2.97
1990-07-06 03:00:00+00:00,0.0,0.0,0.0,12.64,2.69
1990-07-06 04:00:00+00:00,0.0,0.0,0.0,12.14,2.41
1990-07-06 05:00:00+00:00,81.0,158.91,57.0,12.02,2.07
1990-07-06 06:00:00+00:00,229.0,414.38,104.0,13.27,1.72
1990-07-06 07:00:00+00:00,390.0,570.62,132.0,14.73,1.17
1990-07-06 08:00:00+00:00,519.0,560.6,187.0,16.42,0.62
1990-07-06 09:00:00+00:00,730.0,878.78,104.0,17.75,0.76
1990-07-06 10:00:00+00:00,791.0,773.29,169.0,18.89,2.21
1990-07-06 11:00:00+00:00,891.0,882.88,130.0,19.79,3.31
1990-07-06 12:00:00+00:00,914.0,888.54,131.0,19.61,3.86
1990-07-06 13:00:00+00:00,587.0,190.51,423.0,19.69,4.14
1990-07-06 14:00:00+00:00,444.0,76.04,383.0,19.24,4.48
1990-07-06 15:00:00+00:00,402.0,91.63,337.0,18.65,4.48
1990-07-06 16:00:00+00:00,422.0,266.77,265.0,18.12,4.28
1990-07-06 17:00:00+00:00,367.0,479.89,152.0,17.73,3.93
1990-07-06 18:00:00+00:00,192.0,228.66,124.0,17.35,3.79
1990-07-06 19:00:00+00:00,99.0,353.96,47.0,17.06,4.14
1990-07-06 20:00:00+00:00,0.0,0.0,0.0,16.06,4.0
1990-07-06 21:00:00+00:00,0.0,0.0,0.0,15.16,3.93
1990-07-06 22:00:00+00:00,0.0,0.0,0.0,14.62,3.72
1990-07-06 23:00:00+00:00,0.0,0.0,0.0,14.35,3.72
1990-07-07 00:00:00+00:00,0.0,0.0,0.0,14.15,3.79
1990-07-07 01:00:00+00:00,0.0,0.0,0.0,13.96,3.66
1990-07-07 02:00:00+00:00,0.0,0.0,0.0,13.97,3.79
1990-07-07 03:00:00+00:00,0.0,0.0,0.0,14.06,4.07
1990-07-07 04:00:00+00:00,0.0,0.0,0.0,14.31,4.41
1990-07-07 05:00:00+00:00,14.0,0.0,14.0,14.75,4.62
1990-07-07 06:00:00+00:00,45.0,0.0,45.0,15.2,4.55
1990-07-07 07:00:00+00:00,117.0,0.0,117.0,15.47,5.03
1990-07-07 08:00:00+00:00,98.0,0.0,98.0,16.03,5.45
1990-07-07 09:00:00+00:00,147.0,0.0,147.0,16.39,5.17
1990-07-07 10:00:00+00:00,263.0,1.24,262.0,17.57,5.52
1990-07-07 11:00:00+00:00,360.0,16.26,346.0,18.58,5.52
1990-07-07 12:00:00+00:00,308.0,3.41,305.0,18.65,5.38
1990-07-07 13:00:00+00:00,189.0,0.0,189.0,18.76,5.66
1990-07-07 14:00:00+00:00,351.0,22.46,333.0,18.69,5.52
1990-07-07 15:00:00+00:00,395.0,91.72,330.0,18.86,5.45
1990-07-07 16:00:00+00:00,232.0,15.31,223.0,18.82,5.24
1990-07-07 17:00:00+00:00,207.0,46.95,186.0,18.86,5.17
1990-07-07 18:00:00+00:00,101.0,10.12,98.0,18.82,4.69
1990-07-07 19:00:00+00:00,12.0,0.0,12.0,18.11,3.72
1990-07-07 20:00:00+00:00,0.0,0.0,0.0,17.3,3.38
1990-07-07 21:00:00+00:00,0.0,0.0,0.0,16.53,3.38
1990-07-07 22:00:00+00:00,0.0,0.0,0.0,16.06,3.31
1990-07-07 23:00:00+00:00,0.0,0.0,0.0,15.76,3.24
1990-07-08 00:00:00+00:00,0.0,0.0,0.0,15.5,3.1
1990-07-08 01:00:00+00:00,0.0,0.0,0.0,15.42,2.97
1990-07-08 02:00:00+00:00,0.0,0.0,0.0,15.26,2.69
1990-07-08 03:00:00+00:00,0.0,0.0,0.0,15.21,2.55
1990-07-08 04:00:00+00:00,0.0,0.0,0.0,15.31,2.34
1990-07-08 05:00:00+00:00,71.0,108.58,55.0,15.69,2.76
1990-07-08 06:00:00+00:00,83.0,3.35,82.0,16.35,3.1
1990-07-08 07:00:00+00:00,70.0,0.0,70.0,16.84,3.17
1990-07-08 08:00:00+00:00,254.0,25.45,239.0,17.47,2.76
1990-07-08 09:00:00+00:00,387.0,81.72,329.0,17.93,2.48
1990-07-08 10:00:00+00:00,464.0,100.99,383.0,19.17,2.69
1990-07-08 11:00:00+00:00,450.0,59.31,399.0,20.25,3.1
1990-07-08 12:00:00+00:00,640.0,260.38,411.0,21.01,3.59
1990-07-08 13:00:00+00:00,747.0,516.71,303.0,21.32,3.66
1990-07-08 14:00:00+00:00,700.0,536.99,270.0,22.0,3.59
1990-07-08 15:00:00+00:00,672.0,743.04,146.0,21.92,3.31
1990-07-08 16:00:00+00:00,544.0,710.35,127.0,21.68,3.24
1990-07-08 17:00:00+00:00,275.0,170.25,199.0,21.21,3.45
1990-07-08 18:00:00+00:00,222.0,422.92,97.0,20.35,3.45
1990-07-08 19:00:00+00:00,91.0,296.92,48.0,19.18,3.1
1990-07-08 20:00:00+00:00,0.0,0.0,0.0,17.94,2.48
1990-07-08 21:00:00+00:00,0.0,0.0,0.0,16.78,2.0
1990-07-08 22:00:00+00:00,0.0,0.0,0.0,16.01,1.72
1990-07-08 23:00:00+00:00,0.0,0.0,0.0,15.37,1.59
1990-07-09 00:00:00+00:00,0.0,0.0,0.0,14.8,1.72
1990-07-09 01:00:00+00:00,0.0,0.0,0.0,14.32,1.66
1990-07-09 02:00:00+00:00,0.0,0.0,0.0,13.9,1.66
1990-07-09 03:00:00+00:00,0.0,0.0,0.0,13.5,1.66
1990-07-09 04:00:00+00:00,0.0,0.0,0.0,13.39,1.38
1990-07-09 05:00:00+00:00,16.0,0.0,16.0,13.57,1.03
1990-07-09 06:00:00+00:00,67.0,0.0,67.0,14.8,0.9
1990-07-09 07:00:00+00:00,241.0,91.68,200.0,15.46,1.03
1990-07-09 08:00:00+00:00,242.0,18.71,231.0,16.71,1.24
1990-07-09 09:00:00+00:00,497.0,232.93,332.0,18.48,1.59
1990-07-09 10:00:00+00:00,804.0,830.37,139.0,20.63,2.21
1990-07-09 11:00:00+00:00,781.0,586.81,277.0,22.18,2.97
1990-07-09 12:00:00+00:00,901.0,869.66,137.0,23.22,3.59
1990-07-09 13:00:00+00:00,867.0,839.94,146.0,23.9,3.93
1990-07-09 14:00:00+00:00,807.0,842.58,133.0,24.34,4.0
1990-07-09 15:00:00+00:00,706.0,827.35,121.0,24.52,4.28
1990-07-09 16:00:00+00:00,571.0,791.59,107.0,24.2,4.55
1990-07-09 17:00:00+00:00,402.0,666.75,105.0,23.49,4.76
1990-07-09 18:00:00+00:00,238.0,522.92,84.0,22.44,4.55
1990-07-09 19:00:00+00:00,92.0,306.36,48.0,21.34,4.34
1990-07-09 20:00:00+00:00,0.0,0.0,0.0,19.79,4.0
1990-07-09 21:00:00+00:00,0.0,0.0,0.0,18.59,3.86
1990-07-09 22:00:00+00:00,0.0,0.0,0.0,17.97,3.52
1990-07-09 23:00:00+00:00,0.0,0.0,0.0,17.46,3.17
1990-07-10 00:00:00+00:00,0.0,0.0,0.0,16.99,2.76
1990-07-10 01:00:00+00:00,0.0,0.0,0.0,16.62,2.69
1990-07-10 02:00:00+00:00,0.0,0.0,0.0,16.19,2.76
1990-07-10 03:00:00+00:00,0.0,0.0,0.0,15.93,2.69
1990-07-10 04:00:00+00:00,0.0,0.0,0.0,15.67,2.41
1990-07-10 05:00:00+00:00,21.0,0.0,21.0,15.72,2.14
1990-07-10 06:00:00+00:00,166.0,139.24,125.0,16.74,2.97
1990-07-10 07:00:00+00:00,289.0,204.28,198.0,17.96,3.1
1990-07-10 08:00:00+00:00,476.0,436.73,220.0,19.0,3.31
1990-07-10 09:00:00+00:00,670.0,715.75,164.0,19.79,3.66
1990-07-10 10:00:00+00:00,792.0,805.43,148.0,20.65,4.07
1990-07-10 11:00:00+00:00,860.0,825.42,152.0,21.04,4.41
1990-07-10 12:00:00+00:00,849.0,728.22,210.0,21.28,4.76
1990-07-10 13:00:00+00:00,864.0,836.19,147.0,21.46,4.9
1990-07-10 14:00:00+00:00,774.0,748.41,176.0,21.56,4.97
1990-07-10 15:00:00+00:00,662.0,688.22,176.0,21.56,4.83
1990-07-10 16:00:00+00:00,527.0,627.12,160.0,21.09,4.48
1990-07-10 17:00:00+00:00,305.0,252.02,193.0,20.76,4.07
1990-07-10 18:00:00+00:00,239.0,531.8,83.0,20.3,3.31
1990-07-10 19:00:00+00:00,82.0,210.8,52.0,19.52,2.9
1990-07-10 20:00:00+00:00,0.0,0.0,0.0,18.47,2.34
1990-07-10 21:00:00+00:00,0.0,0.0,0.0,17.43,2.34
1990-07-10 22:00:00+00:00,0.0,0.0,0.0,16.7,2.34
1990-07-10 23:00:00+00:00,0.0,0.0,0.0,16.27,2.76
1990-07-11 00:00:00+00:00,0.0,0.0,0.0,16.0,3.03
1990-07-11 01:00:00+00:00,0.0,0.0,0.0,15.87,3.1
1990-07-11 02:00:00+00:00,0.0,0.0,0.0,15.88,3.45
1990-07-11 03:00:00+00:00,0.0,0.0,0.0,15.93,3.93
1990-07-11 04:00:00+00:00,0.0,0.0,0.0,16.18,4.41
1990-07-11 05:00:00+00:00,55.0,42.47,49.0,16.84,5.1
1990-07-11 06:00:00+00:00,86.0,3.42,85.0,17.55,5.38
1990-07-11 07:00:00+00:00,325.0,324.58,181.0,17.97,5.93
1990-07-11 08:00:00+00:00,539.0,680.9,141.0,18.75,5.03
1990-07-11 09:00:00+00:00,394.0,86.47,333.0,19.65,4.34
1990-07-11 10:00:00+00:00,572.0,243.03,378.0,20.42,3.66
1990-07-11 11:00:00+00:00,841.0,768.19,183.0,21.51,3.38
1990-07-11 12:00:00+00:00,772.0,520.3,316.0,22.16,3.31
1990-07-11 13:00:00+00:00,779.0,586.14,277.0,22.74,3.38
1990-07-11 14:00:00+00:00,738.0,632.79,233.0,22.89,3.31
1990-07-11 15:00:00+00:00,670.0,717.54,164.0,22.88,3.17
1990-07-11 16:00:00+00:00,476.0,438.22,220.0,22.57,3.1
1990-07-11 17:00:00+00:00,294.0,221.08,196.0,22.11,2.9
1990-07-11 18:00:00+00:00,212.0,362.9,106.0,21.58,2.62
1990-07-11 19:00:00+00:00,45.0,14.19,43.0,19.71,3.24
1990-07-11 20:00:00+00:00,0.0,0.0,0.0,18.55,2.62
1990-07-11 21:00:00+00:00,0.0,0.0,0.0,17.72,2.21
1990-07-11 22:00:00+00:00,0.0,0.0,0.0,17.36,1.79
1990-07-11 23:00:00+00:00,0.0,0.0,0.0,17.15,1.45
1990-07-12 00:00:00+00:00,0.0,0.0,0.0,16.88,1.59
1990-07-12 01:00:00+00:00,0.0,0.0,0.0,16.66,1.86
1990-07-12 02:00:00+00:00,0.0,0.0,0.0,16.45,1.79
1990-07-12 03:00:00+00:00,0.0,0.0,0.0,16.25,2.0
1990-07-12 04:00:00+00:00,0.0,0.0,0.0,16.13,2.21
1990-07-12 05:00:00+00:00,89.0,301.88,47.0,16.13,2.76
1990-07-12 06:00:00+00:00,109.0,20.66,103.0,16.13,3.17
1990-07-12 07:00:00+00:00,131.0,2.26,130.0,16.14,2.41
1990-07-12 08:00:00+00:00,319.0,87.51,268.0,16.56,2.83
1990-07-12 09:00:00+00:00,670.0,727.35,158.0,17.06,2.62
1990-07-12 10:00:00+00:00,614.0,327.53,353.0,18.34,2.62
1990-07-12 11:00:00+00:00,452.0,60.8,400.0,19.69,3.66
1990-07-12 12:00:00+00:00,369.0,14.85,356.0,20.09,4.34
1990-07-12 13:00:00+00:00,609.0,233.81,409.0,20.23,4.83
1990-07-12 14:00:00+00:00,743.0,654.94,221.0,20.05,4.97
1990-07-12 15:00:00+00:00,704.0,833.66,117.0,19.88,4.83
1990-07-12 16:00:00+00:00,533.0,663.74,146.0,19.77,4.48
1990-07-12 17:00:00+00:00,261.0,140.25,199.0,19.58,4.21
1990-07-12 18:00:00+00:00,106.0,17.2,101.0,19.17,3.59
1990-07-12 19:00:00+00:00,46.0,21.52,43.0,18.4,3.38
1990-07-12 20:00:00+00:00,0.0,0.0,0.0,17.58,2.34
1990-07-12 21:00:00+00:00,0.0,0.0,0.0,17.09,1.59
1990-07-12 22:00:00+00:00,0.0,0.0,0.0,16.77,1.24
1990-07-12 23:00:00+00:00,0.0,0.0,0.0,16.27,1.59
1990-07-13 00:00:00+00:00,0.0,0.0,0.0,15.58,1.59
1990-07-13 01:00:00+00:00,0.0,0.0,0.0,15.45,1.72
1990-07-13 02:00:00+00:00,0.0,0.0,0.0,15.2,2.0
1990-07-13 03:00:00+00:00,0.0,0.0,0.0,15.17,2.21
1990-07-13 04:00:00+00:00,0.0,0.0,0.0,14.91,2.62
1990-07-13 05:00:00+00:00,16.0,0.0,16.0,15.05,2.48
1990-07-13 06:00:00+00:00,47.0,0.0,47.0,15.47,3.1
1990-07-13 07:00:00+00:00,86.0,0.0,86.0,15.9,3.1
1990-07-13 08:00:00+00:00,155.0,0.0,155.0,16.88,2.83
1990-07-13 09:00:00+00:00,202.0,0.0,202.0,17.87,2.9
1990-07-13 10:00:00+00:00,166.0,0.0,166.0,19.17,3.52
1990-07-13 11:00:00+00:00,143.0,0.0,143.0,19.74,4.34
1990-07-13 12:00:00+00:00,309.0,3.43,306.0,19.8,4.9
1990-07-13 13:00:00+00:00,129.0,0.0,129.0,19.92,5.1
1990-07-13 14:00:00+00:00,103.0,0.0,103.0,19.52,4.9
1990-07-13 15:00:00+00:00,101.0,0.0,101.0,18.96,4.62
1990-07-13 16:00:00+00:00,132.0,0.0,132.0,18.88,4.48
1990-07-13 17:00:00+00:00,65.0,0.0,65.0,18.21,4.07
1990-07-13 18:00:00+00:00,42.0,0.0,42.0,17.99,4.14
1990-07-13 19:00:00+00:00,32.0,0.0,32.0,17.53,4.34
1990-07-13 20:00:00+00:00,0.0,0.0,0.0,17.1,4.21
1990-07-13 21:00:00+00:00,0.0,0.0,0.0,16.56,3.59
1990-07-13 22:00:00+00:00,0.0,0.0,0.0,16.22,3.24
1990-07-13 23:00:00+00:00,0.0,0.0,0.0,16.17,3.03
1990-07-14 00:00:00+00:00,0.0,0.0,0.0,16.09,2.9
1990-07-14 01:00:00+00:00,0.0,0.0,0.0,15.95,3.03
1990-07-14 02:00:00+00:00,0.0,0.0,0.0,15.9,3.38
1990-07-14 03:00:00+00:00,0.0,0.0,0.0,15.92,3.79
1990-07-14 04:00:00+00:00,0.0,0.0,0.0,16.02,4.07
1990-07-14 05:00:00+00:00,26.0,0.0,26.0,16.15,4.28
1990-07-14 06:00:00+00:00,97.0,10.48,94.0,16.53,4.62
1990-07-14 07:00:00+00:00,176.0,20.55,167.0,17.02,5.59
1990-07-14 08:00:00+00:00,97.0,0.0,97.0,17.34,5.52
1990-07-14 09:00:00+00:00,155.0,0.0,155.0,18.33,6.14
1990-07-14 10:00:00+00:00,256.0,1.26,255.0,18.48,6.76
1990-07-14 11:00:00+00:00,359.0,15.25,346.0,18.36,6.55
1990-07-14 12:00:00+00:00,210.0,0.0,210.0,18.3,6.62
1990-07-14 13:00:00+00:00,610.0,235.62,409.0,18.72,6.07
1990-07-14 14:00:00+00:00,296.0,6.29,291.0,19.06,6.0
1990-07-14 15:00:00+00:00,399.0,94.05,333.0,19.54,6.69
1990-07-14 16:00:00+00:00,121.0,0.0,121.0,19.3,7.38
1990-07-14 17:00:00+00:00,347.0,425.64,160.0,17.73,7.52
1990-07-14 18:00:00+00:00,227.0,483.08,88.0,17.19,6.97
1990-07-14 19:00:00+00:00,22.0,0.0,22.0,15.8,6.62
1990-07-14 20:00:00+00:00,0.0,0.0,0.0,15.52,7.24
1990-07-14 21:00:00+00:00,0.0,0.0,0.0,14.87,8.21
1990-07-14 22:00:00+00:00,0.0,0.0,0.0,14.74,8.76
1990-07-14 23:00:00+00:00,0.0,0.0,0.0,14.91,8.9
1990-07-15 00:00:00+00:00,0.0,0.0,0.0,14.99,9.72
1990-07-15 01:00:00+00:00,0.0,0.0,0.0,14.77,9.66
1990-07-15 02:00:00+00:00,0.0,0.0,0.0,14.82,9.52
1990-07-15 03:00:00+00:00,0.0,0.0,0.0,14.8,9.24
1990-07-15 04:00:00+00:00,0.0,0.0,0.0,14.76,8.97
1990-07-15 05:00:00+00:00,31.0,0.0,31.0,14.98,8.76
1990-07-15 06:00:00+00:00,81.0,3.52,80.0,15.27,8.07
1990-07-15 07:00:00+00:00,97.0,0.0,97.0,15.32,9.24
1990-07-15 08:00:00+00:00,125.0,0.0,125.0,15.23,9.45
1990-07-15 09:00:00+00:00,201.0,0.0,201.0,15.55,8.83
1990-07-15 10:00:00+00:00,148.0,0.0,148.0,15.92,8.69
1990-07-15 11:00:00+00:00,423.0,43.46,386.0,16.99,8.9
1990-07-15 12:00:00+00:00,549.0,138.84,428.0,18.09,9.17
1990-07-15 13:00:00+00:00,437.0,51.65,393.0,18.26,9.38
1990-07-15 14:00:00+00:00,591.0,286.08,364.0,18.46,9.52
1990-07-15 15:00:00+00:00,503.0,259.82,321.0,18.5,8.48
1990-07-15 16:00:00+00:00,481.0,474.8,206.0,18.66,7.45
1990-07-15 17:00:00+00:00,358.0,486.47,145.0,18.24,6.34
1990-07-15 18:00:00+00:00,170.0,171.27,121.0,17.79,5.24
1990-07-15 19:00:00+00:00,45.0,22.34,42.0,17.74,7.59
1990-07-15 20:00:00+00:00,0.0,0.0,0.0,16.76,8.41
1990-07-15 21:00:00+00:00,0.0,0.0,0.0,16.26,8.69
1990-07-15 22:00:00+00:00,0.0,0.0,0.0,15.93,9.24
1990-07-15 23:00:00+00:00,0.0,0.0,0.0,15.73,9.24
1990-07-16 00:00:00+00:00,0.0,0.0,0.0,15.88,8.62
1990-07-16 01:00:00+00:00,0.0,0.0,0.0,15.48,7.03
1990-07-16 02:00:00+00:00,0.0,0.0,0.0,14.36,5.86
1990-07-16 03:00:00+00:00,0.0,0.0,0.0,13.58,5.24
1990-07-16 04:00:00+00:00,0.0,0.0,0.0,13.42,5.31
1990-07-16 05:00:00+00:00,53.0,53.93,46.0,13.69,6.07
1990-07-16 06:00:00+00:00,107.0,21.3,101.0,14.37,7.24
1990-07-16 07:00:00+00:00,116.0,0.0,116.0,15.09,8.97
1990-07-16 08:00:00+00:00,355.0,147.71,270.0,15.74,9.45
1990-07-16 09:00:00+00:00,378.0,76.01,325.0,16.39,9.59
1990-07-16 10:00:00+00:00,156.0,0.0,156.0,16.63,9.66
1990-07-16 11:00:00+00:00,212.0,0.0,212.0,17.27,9.17
1990-07-16 12:00:00+00:00,381.0,19.54,364.0,17.71,9.03
1990-07-16 13:00:00+00:00,429.0,47.03,389.0,18.37,8.76
1990-07-16 14:00:00+00:00,580.0,265.1,370.0,18.42,8.76
1990-07-16 15:00:00+00:00,455.0,170.21,336.0,18.64,8.69
1990-07-16 16:00:00+00:00,329.0,103.85,269.0,18.42,8.41
1990-07-16 17:00:00+00:00,265.0,155.87,197.0,18.24,7.93
1990-07-16 18:00:00+00:00,154.0,116.06,121.0,17.48,6.83
1990-07-16 19:00:00+00:00,69.0,151.13,49.0,16.87,5.66
1990-07-16 20:00:00+00:00,0.0,0.0,0.0,16.03,4.62
1990-07-16 21:00:00+00:00,0.0,0.0,0.0,15.48,4.0
1990-07-16 22:00:00+00:00,0.0,0.0,0.0,15.2,4.07
1990-07-16 23:00:00+00:00,0.0,0.0,0.0,14.58,4.21
1990-07-17 00:00:00+00:00,0.0,0.0,0.0,14.14,4.14
1990-07-17 01:00:00+00:00,0.0,0.0,0.0,13.83,3.93
1990-07-17 02:00:00+00:00,0.0,0.0,0.0,13.37,4.0
1990-07-17 03:00:00+00:00,0.0,0.0,0.0,13.07,4.14
1990-07-17 04:00:00+00:00,0.0,0.0,0.0,12.91,4.34
1990-07-17 05:00:00+00:00,77.0,259.21,44.0,12.86,4.41
1990-07-17 06:00:00+00:00,231.0,547.63,78.0,13.34,4.41
1990-07-17 07:00:00+00:00,341.0,417.08,161.0,13.58,5.1
1990-07-17 08:00:00+00:00,393.0,221.45,266.0,14.71,4.9
1990-07-17 09:00:00+00:00,527.0,304.83,315.0,15.91,5.17
1990-07-17 10:00:00+00:00,511.0,153.32,390.0,17.04,5.72
1990-07-17 11:00:00+00:00,537.0,135.57,422.0,17.65,5.86
1990-07-17 12:00:00+00:00,674.0,311.95,403.0,18.31,5.79
1990-07-17 13:00:00+00:00,524.0,121.3,421.0,18.83,5.79
1990-07-17 14:00:00+00:00,587.0,270.63,373.0,18.77,5.72
1990-07-17 15:00:00+00:00,464.0,180.6,338.0,18.93,5.52
1990-07-17 16:00:00+00:00,535.0,669.93,149.0,18.81,5.24
1990-07-17 17:00:00+00:00,366.0,515.44,142.0,18.57,4.97
1990-07-17 18:00:00+00:00,232.0,538.06,80.0,18.09,4.41
1990-07-17 19:00:00+00:00,81.0,276.25,45.0,17.13,3.52
1990-07-17 20:00:00+00:00,0.0,0.0,0.0,16.13,3.1
1990-07-17 21:00:00+00:00,0.0,0.0,0.0,15.19,2.83
1990-07-17 22:00:00+00:00,0.0,0.0,0.0,14.43,2.62
1990-07-17 23:00:00+00:00,0.0,0.0,0.0,13.81,2.28
1990-07-18 00:00:00+00:00,0.0,0.0,0.0,13.18,2.0
1990-07-18 01:00:00+00:00,0.0,0.0,0.0,12.68,2.21
1990-07-18 02:00:00+00:00,0.0,0.0,0.0,12.5,2.41
1990-07-18 03:00:00+00:00,0.0,0.0,0.0,12.5,2.76
1990-07-18 04:00:00+00:00,0.0,0.0,0.0,12.69,2.97
1990-07-18 05:00:00+00:00,40.0,16.03,38.0,13.44,3.24
1990-07-18 06:00:00+00:00,108.0,25.27,101.0,14.55,3.59
1990-07-18 07:00:00+00:00,108.0,0.0,108.0,15.17,5.66
1990-07-18 08:00:00+00:00,241.0,22.75,228.0,15.99,6.14
1990-07-18 09:00:00+00:00,276.0,12.98,267.0,16.8,6.28
1990-07-18 10:00:00+00:00,425.0,71.11,369.0,17.56,6.28
1990-07-18 11:00:00+00:00,494.0,100.39,409.0,18.0,6.14
1990-07-18 12:00:00+00:00,771.0,547.71,296.0,18.4,6.07
1990-07-18 13:00:00+00:00,830.0,772.72,175.0,18.46,5.66
1990-07-18 14:00:00+00:00,777.0,796.92,148.0,19.23,5.72
1990-07-18 15:00:00+00:00,685.0,804.43,125.0,19.2,5.24
1990-07-18 16:00:00+00:00,554.0,776.26,108.0,19.14,4.69
1990-07-18 17:00:00+00:00,385.0,649.26,104.0,18.9,4.0
1990-07-18 18:00:00+00:00,222.0,499.01,82.0,18.49,3.45
1990-07-18 19:00:00+00:00,79.0,265.23,45.0,17.73,2.9
1990-07-18 20:00:00+00:00,0.0,0.0,0.0,16.58,2.34
1990-07-18 21:00:00+00:00,0.0,0.0,0.0,15.5,2.41
1990-07-18 22:00:00+00:00,0.0,0.0,0.0,14.75,2.48
1990-07-18 23:00:00+00:00,0.0,0.0,0.0,14.23,2.48
1990-07-19 00:00:00+00:00,0.0,0.0,0.0,13.94,2.55
1990-07-19 01:00:00+00:00,0.0,0.0,0.0,13.72,2.48
1990-07-19 02:00:00+00:00,0.0,0.0,0.0,13.6,2.41
1990-07-19 03:00:00+00:00,0.0,0.0,0.0,13.61,2.34
1990-07-19 04:00:00+00:00,0.0,0.0,0.0,13.61,2.21
1990-07-19 05:00:00+00:00,37.0,16.37,35.0,13.83,1.93
1990-07-19 06:00:00+00:00,96.0,14.57,92.0,14.91,1.59
1990-07-19 07:00:00+00:00,260.0,161.55,191.0,16.72,2.21
1990-07-19 08:00:00+00:00,540.0,744.64,116.0,18.31,2.14
1990-07-19 09:00:00+00:00,575.0,453.93,261.0,19.88,2.55
1990-07-19 10:00:00+00:00,795.0,852.66,125.0,21.22,3.17
1990-07-19 11:00:00+00:00,861.0,863.79,131.0,22.05,3.66
1990-07-19 12:00:00+00:00,821.0,685.0,228.0,22.59,3.86
1990-07-19 13:00:00+00:00,858.0,852.11,137.0,22.89,3.86
1990-07-19 14:00:00+00:00,736.0,663.91,213.0,23.11,3.79
1990-07-19 15:00:00+00:00,550.0,378.67,287.0,22.98,3.66
1990-07-19 16:00:00+00:00,480.0,490.55,199.0,22.56,3.52
1990-07-19 17:00:00+00:00,354.0,498.92,139.0,21.87,3.38
1990-07-19 18:00:00+00:00,169.0,186.71,117.0,21.0,3.03
1990-07-19 19:00:00+00:00,53.0,63.51,45.0,19.85,2.69
1990-07-19 20:00:00+00:00,0.0,0.0,0.0,18.75,2.55
1990-07-19 21:00:00+00:00,0.0,0.0,0.0,17.73,2.14
1990-07-19 22:00:00+00:00,0.0,0.0,0.0,16.96,1.93
1990-07-19 23:00:00+00:00,0.0,0.0,0.0,16.44,1.72
1990-07-20 00:00:00+00:00,0.0,0.0,0.0,15.76,1.45
1990-07-20 01:00:00+00:00,0.0,0.0,0.0,15.06,1.52
1990-07-20 02:00:00+00:00,0.0,0.0,0.0,14.72,1.52
1990-07-20 03:00:00+00:00,0.0,0.0,0.0,14.56,1.52
1990-07-20 04:00:00+00:00,0.0,0.0,0.0,14.37,1.24
1990-07-20 05:00:00+00:00,8.0,0.0,8.0,15.0,0.83
1990-07-20 06:00:00+00:00,101.0,18.38,96.0,15.89,0.28
1990-07-20 07:00:00+00:00,206.0,58.85,181.0,17.3,0.69
1990-07-20 08:00:00+00:00,396.0,252.08,253.0,18.72,1.1
1990-07-20 09:00:00+00:00,403.0,108.73,328.0,20.16,1.66
1990-07-20 10:00:00+00:00,501.0,154.34,380.0,21.07,2.07
1990-07-20 11:00:00+00:00,568.0,187.33,410.0,21.78,2.28
1990-07-20 12:00:00+00:00,643.0,278.91,402.0,22.35,2.62
1990-07-20 13:00:00+00:00,880.0,911.73,110.0,22.25,3.03
1990-07-20 14:00:00+00:00,758.0,741.6,175.0,22.39,3.24
1990-07-20 15:00:00+00:00,525.0,318.97,304.0,22.09,3.45
1990-07-20 16:00:00+00:00,297.0,70.05,257.0,21.62,3.66
1990-07-20 17:00:00+00:00,125.0,0.0,125.0,20.7,3.86
1990-07-20 18:00:00+00:00,109.0,25.33,102.0,19.57,4.0
1990-07-20 19:00:00+00:00,47.0,40.44,42.0,17.56,3.45
1990-07-20 20:00:00+00:00,0.0,0.0,0.0,16.97,2.62
1990-07-20 21:00:00+00:00,0.0,0.0,0.0,16.63,2.76
1990-07-20 22:00:00+00:00,0.0,0.0,0.0,16.46,3.79
1990-07-20 23:00:00+00:00,0.0,0.0,0.0,16.41,4.55
1990-07-21 00:00:00+00:00,0.0,0.0,0.0,16.38,5.31
1990-07-21 01:00:00+00:00,0.0,0.0,0.0,16.32,4.62
1990-07-21 02:00:00+00:00,0.0,0.0,0.0,16.05,3.66
1990-07-21 03:00:00+00:00,0.0,0.0,0.0,15.71,3.1
1990-07-21 04:00:00+00:00,0.0,0.0,0.0,15.25,2.76
1990-07-21 05:00:00+00:00,73.0,299.84,38.0,15.0,2.55
1990-07-21 06:00:00+00:00,173.0,230.05,111.0,14.94,2.41
1990-07-21 07:00:00+00:00,352.0,508.93,137.0,14.95,2.83
1990-07-21 08:00:00+00:00,448.0,392.83,226.0,16.01,3.38
1990-07-21 09:00:00+00:00,661.0,735.67,155.0,17.47,4.28
1990-07-21 10:00:00+00:00,760.0,740.27,181.0,18.37,4.83
1990-07-21 11:00:00+00:00,828.0,759.17,189.0,18.87,5.31
1990-07-21 12:00:00+00:00,876.0,840.65,151.0,19.25,5.79
1990-07-21 13:00:00+00:00,839.0,790.13,173.0,19.09,5.79
1990-07-21 14:00:00+00:00,781.0,800.56,153.0,19.19,5.86
1990-07-21 15:00:00+00:00,662.0,723.51,162.0,18.99,5.86
1990-07-21 16:00:00+00:00,507.0,590.38,171.0,18.76,5.79
1990-07-21 17:00:00+00:00,359.0,524.7,135.0,18.26,5.52
1990-07-21 18:00:00+00:00,204.0,390.33,97.0,17.74,5.31
1990-07-21 19:00:00+00:00,63.0,148.53,45.0,16.85,5.31
1990-07-21 20:00:00+00:00,0.0,0.0,0.0,16.07,4.9
1990-07-21 21:00:00+00:00,0.0,0.0,0.0,15.43,4.55
1990-07-21 22:00:00+00:00,0.0,0.0,0.0,15.04,4.41
1990-07-21 23:00:00+00:00,0.0,0.0,0.0,14.8,4.41
1990-07-22 00:00:00+00:00,0.0,0.0,0.0,14.64,4.07
1990-07-22 01:00:00+00:00,0.0,0.0,0.0,14.32,3.66
1990-07-22 02:00:00+00:00,0.0,0.0,0.0,14.19,3.31
1990-07-22 03:00:00+00:00,0.0,0.0,0.0,13.81,2.97
1990-07-22 04:00:00+00:00,0.0,0.0,0.0,13.62,2.69
1990-07-22 05:00:00+00:00,19.0,0.0,19.0,13.58,2.28
1990-07-22 06:00:00+00:00,19.0,0.0,19.0,14.38,2.21
1990-07-22 07:00:00+00:00,186.0,35.71,171.0,15.24,3.72
1990-07-22 08:00:00+00:00,364.0,179.42,263.0,15.83,3.45
1990-07-22 09:00:00+00:00,390.0,94.78,325.0,16.5,3.24
1990-07-22 10:00:00+00:00,671.0,483.17,294.0,17.34,3.31
1990-07-22 11:00:00+00:00,740.0,516.71,306.0,17.92,3.59
1990-07-22 12:00:00+00:00,798.0,616.94,267.0,18.52,3.79
1990-07-22 13:00:00+00:00,755.0,551.6,291.0,18.75,3.86
1990-07-22 14:00:00+00:00,719.0,610.71,241.0,19.0,4.14
1990-07-22 15:00:00+00:00,457.0,182.81,331.0,18.52,4.14
1990-07-22 16:00:00+00:00,480.0,499.0,197.0,18.28,4.0
1990-07-22 17:00:00+00:00,371.0,602.69,115.0,18.07,3.93
1990-07-22 18:00:00+00:00,215.0,485.67,83.0,17.57,3.52
1990-07-22 19:00:00+00:00,74.0,286.55,40.0,17.44,2.55
1990-07-22 20:00:00+00:00,0.0,0.0,0.0,16.54,1.93
1990-07-22 21:00:00+00:00,0.0,0.0,0.0,15.81,1.45
1990-07-22 22:00:00+00:00,0.0,0.0,0.0,14.84,1.17
1990-07-22 23:00:00+00:00,0.0,0.0,0.0,14.38,0.83
1990-07-23 00:00:00+00:00,0.0,0.0,0.0,14.23,0.83
1990-07-23 01:00:00+00:00,0.0,0.0,0.0,14.54,0.69
1990-07-23 02:00:00+00:00,0.0,0.0,0.0,14.27,0.41
1990-07-23 03:00:00+00:00,0.0,0.0,0.0,14.01,0.41
1990-07-23 04:00:00+00:00,0.0,0.0,0.0,13.14,0.9
1990-07-23 05:00:00+00:00,56.0,135.02,41.0,12.13,1.24
1990-07-23 06:00:00+00:00,142.0,117.31,111.0,13.82,1.59
1990-07-23 07:00:00+00:00,159.0,14.37,153.0,15.04,3.17
1990-07-23 08:00:00+00:00,384.0,226.52,257.0,16.03,3.1
1990-07-23 09:00:00+00:00,482.0,238.41,319.0,16.88,2.83
1990-07-23 10:00:00+00:00,549.0,228.7,371.0,17.85,2.41
1990-07-23 11:00:00+00:00,767.0,597.79,266.0,18.6,2.0
1990-07-23 12:00:00+00:00,386.0,23.29,366.0,19.18,1.79
1990-07-23 13:00:00+00:00,836.0,798.19,166.0,19.97,1.72
1990-07-23 14:00:00+00:00,633.0,391.87,327.0,20.68,2.0
1990-07-23 15:00:00+00:00,370.0,72.75,320.0,20.9,2.55
1990-07-23 16:00:00+00:00,282.0,54.86,251.0,21.18,2.9
1990-07-23 17:00:00+00:00,197.0,47.34,177.0,20.95,2.83
1990-07-23 18:00:00+00:00,106.0,25.99,99.0,20.61,2.69
1990-07-23 19:00:00+00:00,38.0,25.86,35.0,19.73,1.45
1990-07-23 20:00:00+00:00,0.0,0.0,0.0,18.67,1.52
1990-07-23 21:00:00+00:00,0.0,0.0,0.0,17.9,1.66
1990-07-23 22:00:00+00:00,0.0,0.0,0.0,17.35,1.72
1990-07-23 23:00:00+00:00,0.0,0.0,0.0,16.74,1.79
1990-07-24 00:00:00+00:00,0.0,0.0,0.0,15.98,1.93
1990-07-24 01:00:00+00:00,0.0,0.0,0.0,15.29,2.14
1990-07-24 02:00:00+00:00,0.0,0.0,0.0,14.62,2.28
1990-07-24 03:00:00+00:00,0.0,0.0,0.0,14.08,2.28
1990-07-24 04:00:00+00:00,0.0,0.0,0.0,13.61,2.21
1990-07-24 05:00:00+00:00,55.0,147.88,39.0,13.5,2.14
1990-07-24 06:00:00+00:00,203.0,474.09,79.0,14.03,2.0
1990-07-24 07:00:00+00:00,368.0,638.41,103.0,15.33,1.59
1990-07-24 08:00:00+00:00,526.0,727.14,120.0,16.75,1.17
1990-07-24 09:00:00+00:00,638.0,683.72,172.0,18.2,1.93
1990-07-24 10:00:00+00:00,591.0,310.44,350.0,19.4,3.24
1990-07-24 11:00:00+00:00,535.0,148.29,411.0,19.84,3.86
1990-07-24 12:00:00+00:00,519.0,114.34,421.0,20.08,4.07
1990-07-24 13:00:00+00:00,813.0,735.48,197.0,20.63,4.14
1990-07-24 14:00:00+00:00,777.0,815.19,142.0,20.7,4.07
1990-07-24 15:00:00+00:00,487.0,245.16,319.0,20.59,4.28
1990-07-24 16:00:00+00:00,278.0,53.29,248.0,20.09,4.76
1990-07-24 17:00:00+00:00,232.0,104.72,188.0,19.35,5.17
1990-07-24 18:00:00+00:00,178.0,273.6,105.0,18.75,5.1
1990-07-24 19:00:00+00:00,66.0,229.54,40.0,17.72,4.62
1990-07-24 20:00:00+00:00,0.0,0.0,0.0,17.03,3.86
1990-07-24 21:00:00+00:00,0.0,0.0,0.0,16.42,3.59
1990-07-24 22:00:00+00:00,0.0,0.0,0.0,16.11,3.38
1990-07-24 23:00:00+00:00,0.0,0.0,0.0,15.9,3.03
1990-07-25 00:00:00+00:00,0.0,0.0,0.0,15.78,2.76
1990-07-25 01:00:00+00:00,0.0,0.0,0.0,15.76,2.62
1990-07-25 02:00:00+00:00,0.0,0.0,0.0,15.64,2.62
1990-07-25 03:00:00+00:00,0.0,0.0,0.0,15.59,2.34
1990-07-25 04:00:00+00:00,0.0,0.0,0.0,15.52,2.14
1990-07-25 05:00:00+00:00,33.0,19.0,31.0,15.53,2.0
1990-07-25 06:00:00+00:00,55.0,0.0,55.0,15.93,2.0
1990-07-25 07:00:00+00:00,91.0,0.0,91.0,16.56,2.62
1990-07-25 08:00:00+00:00,249.0,32.37,231.0,17.42,2.76
1990-07-25 09:00:00+00:00,384.0,95.67,319.0,18.49,2.34
1990-07-25 10:00:00+00:00,611.0,364.21,329.0,19.21,2.21
1990-07-25 11:00:00+00:00,650.0,339.23,367.0,20.29,2.55
1990-07-25 12:00:00+00:00,629.0,268.95,399.0,21.29,2.83
1990-07-25 13:00:00+00:00,695.0,432.01,334.0,22.19,3.03
1990-07-25 14:00:00+00:00,602.0,339.78,338.0,22.51,3.1
1990-07-25 15:00:00+00:00,524.0,339.59,292.0,22.83,3.31
1990-07-25 16:00:00+00:00,371.0,205.12,256.0,22.88,3.66
1990-07-25 17:00:00+00:00,124.0,2.39,123.0,22.93,4.14
1990-07-25 18:00:00+00:00,75.0,3.79,74.0,22.3,3.86
1990-07-25 19:00:00+00:00,23.0,0.0,23.0,21.63,4.0
1990-07-25 20:00:00+00:00,0.0,0.0,0.0,20.48,4.0
1990-07-25 21:00:00+00:00,0.0,0.0,0.0,19.47,4.07
1990-07-25 22:00:00+00:00,0.0,0.0,0.0,18.8,4.07
1990-07-25 23:00:00+00:00,0.0,0.0,0.0,18.36,4.0
1990-07-26 00:00:00+00:00,0.0,0.0,0.0,17.9,3.93
1990-07-26 01:00:00+00:00,0.0,0.0,0.0,17.27,3.72
1990-07-26 02:00:00+00:00,0.0,0.0,0.0,16.66,3.45
1990-07-26 03:00:00+00:00,0.0,0.0,0.0,16.22,3.17
1990-07-26 04:00:00+00:00,0.0,0.0,0.0,15.85,2.9
1990-07-26 05:00:00+00:00,33.0,19.56,31.0,15.67,2.69
1990-07-26 06:00:00+00:00,146.0,160.15,105.0,16.47,2.48
1990-07-26 07:00:00+00:00,235.0,131.72,181.0,17.75,2.97
1990-07-26 08:00:00+00:00,241.0,28.9,225.0,18.7,4.07
1990-07-26 09:00:00+00:00,273.0,14.77,263.0,19.5,3.86
1990-07-26 10:00:00+00:00,118.0,0.0,118.0,20.28,4.0
1990-07-26 11:00:00+00:00,468.0,86.51,396.0,20.65,3.93
1990-07-26 12:00:00+00:00,420.0,43.37,383.0,21.43,3.79
1990-07-26 13:00:00+00:00,508.0,124.75,404.0,21.92,3.86
1990-07-26 14:00:00+00:00,325.0,16.78,312.0,22.3,3.79
1990-07-26 15:00:00+00:00,346.0,57.27,307.0,22.71,3.79
1990-07-26 16:00:00+00:00,172.0,1.79,171.0,22.91,3.86
1990-07-26 17:00:00+00:00,134.0,4.82,132.0,22.82,3.72
1990-07-26 18:00:00+00:00,23.0,0.0,23.0,22.7,3.66
1990-07-26 19:00:00+00:00,49.0,93.03,39.0,22.56,3.24
1990-07-26 20:00:00+00:00,0.0,0.0,0.0,21.25,3.17
1990-07-26 21:00:00+00:00,0.0,0.0,0.0,20.27,3.24
1990-07-26 22:00:00+00:00,0.0,0.0,0.0,19.34,3.24
1990-07-26 23:00:00+00:00,0.0,0.0,0.0,18.48,3.1
1990-07-27 00:00:00+00:00,0.0,0.0,0.0,17.78,3.03
1990-07-27 01:00:00+00:00,0.0,0.0,0.0,17.21,2.9
1990-07-27 02:00:00+00:00,0.0,0.0,0.0,16.74,2.9
1990-07-27 03:00:00+00:00,0.0,0.0,0.0,16.35,2.83
1990-07-27 04:00:00+00:00,0.0,0.0,0.0,16.11,2.55
1990-07-27 05:00:00+00:00,43.0,90.74,34.0,16.01,2.41
1990-07-27 06:00:00+00:00,109.0,47.4,97.0,16.74,3.1
1990-07-27 07:00:00+00:00,204.0,71.2,175.0,18.19,3.1
1990-07-27 08:00:00+00:00,328.0,136.07,253.0,18.63,3.31
1990-07-27 09:00:00+00:00,321.0,41.49,293.0,19.07,3.38
1990-07-27 10:00:00+00:00,159.0,0.0,159.0,19.67,3.45
1990-07-27 11:00:00+00:00,402.0,39.75,369.0,20.7,3.86
1990-07-27 12:00:00+00:00,388.0,27.02,365.0,21.34,4.41
1990-07-27 13:00:00+00:00,450.0,72.15,390.0,22.08,4.83
1990-07-27 14:00:00+00:00,554.0,256.22,356.0,22.58,4.97
1990-07-27 15:00:00+00:00,418.0,142.91,321.0,23.17,5.1
1990-07-27 16:00:00+00:00,277.0,59.36,244.0,22.92,4.97
1990-07-27 17:00:00+00:00,104.0,0.0,104.0,22.69,4.76
1990-07-27 18:00:00+00:00,74.0,3.87,73.0,22.03,4.62
1990-07-27 19:00:00+00:00,42.0,57.45,36.0,20.72,4.34
1990-07-27 20:00:00+00:00,0.0,0.0,0.0,19.69,4.21
1990-07-27 21:00:00+00:00,0.0,0.0,0.0,18.84,3.79
1990-07-27 22:00:00+00:00,0.0,0.0,0.0,18.24,3.59
1990-07-27 23:00:00+00:00,0.0,0.0,0.0,17.65,3.38
1990-07-28 00:00:00+00:00,0.0,0.0,0.0,16.92,3.45
1990-07-28 01:00:00+00:00,0.0,0.0,0.0,16.19,3.59
1990-07-28 02:00:00+00:00,0.0,0.0,0.0,15.63,3.45
1990-07-28 03:00:00+00:00,0.0,0.0,0.0,15.22,3.31
1990-07-28 04:00:00+00:00,0.0,0.0,0.0,15.03,3.17
1990-07-28 05:00:00+00:00,51.0,187.34,33.0,14.92,2.97
1990-07-28 06:00:00+00:00,192.0,447.51,80.0,15.49,3.45
1990-07-28 07:00:00+00:00,357.0,625.23,104.0,16.36,3.79
1990-07-28 08:00:00+00:00,515.0,712.61,124.0,17.86,3.86
1990-07-28 09:00:00+00:00,417.0,138.27,324.0,19.14,4.14
1990-07-28 10:00:00+00:00,653.0,461.02,299.0,20.03,4.34
1990-07-28 11:00:00+00:00,696.0,432.33,338.0,20.86,4.83
1990-07-28 12:00:00+00:00,766.0,557.07,293.0,21.2,5.24
1990-07-28 13:00:00+00:00,614.0,265.23,394.0,21.26,5.45
1990-07-28 14:00:00+00:00,559.0,251.76,365.0,21.5,5.59
1990-07-28 15:00:00+00:00,414.0,130.1,326.0,20.76,5.38
1990-07-28 16:00:00+00:00,175.0,1.81,174.0,20.42,5.31
1990-07-28 17:00:00+00:00,358.0,600.19,112.0,19.71,5.17
1990-07-28 18:00:00+00:00,96.0,19.56,91.0,19.05,5.03
1990-07-28 19:00:00+00:00,19.0,0.0,19.0,18.36,5.45
1990-07-28 20:00:00+00:00,0.0,0.0,0.0,17.53,4.62
1990-07-28 21:00:00+00:00,0.0,0.0,0.0,16.91,4.28
1990-07-28 22:00:00+00:00,0.0,0.0,0.0,16.33,3.93
1990-07-28 23:00:00+00:00,0.0,0.0,0.0,15.78,3.45
1990-07-29 00:00:00+00:00,0.0,0.0,0.0,15.23,3.17
1990-07-29 01:00:00+00:00,0.0,0.0,0.0,14.61,3.1
1990-07-29 02:00:00+00:00,0.0,0.0,0.0,13.94,3.03
1990-07-29 03:00:00+00:00,0.0,0.0,0.0,13.51,3.03
1990-07-29 04:00:00+00:00,0.0,0.0,0.0,13.14,3.03
1990-07-29 05:00:00+00:00,33.0,32.28,30.0,12.92,3.03
1990-07-29 06:00:00+00:00,161.0,254.71,98.0,13.72,3.17
1990-07-29 07:00:00+00:00,314.0,415.5,147.0,15.38,3.45
1990-07-29 08:00:00+00:00,393.0,274.64,243.0,16.84,3.93
1990-07-29 09:00:00+00:00,515.0,329.75,294.0,18.16,3.93
1990-07-29 10:00:00+00:00,534.0,215.51,369.0,19.02,3.93
1990-07-29 11:00:00+00:00,176.0,0.0,176.0,19.39,4.14
1990-07-29 12:00:00+00:00,241.0,0.0,241.0,19.6,4.28
1990-07-29 13:00:00+00:00,230.0,0.0,230.0,20.16,4.41
1990-07-29 14:00:00+00:00,440.0,91.11,370.0,20.57,4.55
1990-07-29 15:00:00+00:00,364.0,72.7,315.0,20.71,4.55
1990-07-29 16:00:00+00:00,379.0,228.77,253.0,20.53,4.41
1990-07-29 17:00:00+00:00,288.0,284.97,172.0,20.31,4.21
1990-07-29 18:00:00+00:00,194.0,443.3,82.0,19.92,3.93
1990-07-29 19:00:00+00:00,51.0,163.16,35.0,19.15,3.66
1990-07-29 20:00:00+00:00,0.0,0.0,0.0,18.27,3.52
1990-07-29 21:00:00+00:00,0.0,0.0,0.0,17.25,3.24
1990-07-29 22:00:00+00:00,0.0,0.0,0.0,16.32,3.1
1990-07-29 23:00:00+00:00,0.0,0.0,0.0,15.74,3.03
1990-07-30 00:00:00+00:00,0.0,0.0,0.0,15.09,3.03
1990-07-30 01:00:00+00:00,0.0,0.0,0.0,14.45,2.83
1990-07-30 02:00:00+00:00,0.0,0.0,0.0,14.09,2.62
1990-07-30 03:00:00+00:00,0.0,0.0,0.0,13.68,2.41
1990-07-30 04:00:00+00:00,0.0,0.0,0.0,13.29,2.28
1990-07-30 05:00:00+00:00,13.0,0.0,13.0,13.07,2.07
1990-07-30 06:00:00+00:00,63.0,0.0,63.0,13.91,1.66
1990-07-30 07:00:00+00:00,171.0,32.57,158.0,14.99,1.31
1990-07-30 08:00:00+00:00,321.0,130.61,250.0,15.96,0.83
1990-07-30 09:00:00+00:00,481.0,271.04,300.0,17.11,1.17
1990-07-30 10:00:00+00:00,339.0,24.89,320.0,18.27,1.93
1990-07-30 11:00:00+00:00,514.0,139.62,399.0,19.05,2.69
1990-07-30 12:00:00+00:00,486.0,94.71,406.0,19.6,3.45
1990-07-30 13:00:00+00:00,225.0,0.0,225.0,19.66,4.07
1990-07-30 14:00:00+00:00,344.0,26.11,324.0,19.84,4.41
1990-07-30 15:00:00+00:00,278.0,17.87,266.0,19.74,4.62
1990-07-30 16:00:00+00:00,231.0,23.72,218.0,19.54,4.69
1990-07-30 17:00:00+00:00,52.0,0.0,52.0,19.2,4.76
1990-07-30 18:00:00+00:00,128.0,100.19,103.0,18.25,4.69
1990-07-30 19:00:00+00:00,6.0,0.0,6.0,17.38,4.21
1990-07-30 20:00:00+00:00,0.0,0.0,0.0,16.98,4.48
1990-07-30 21:00:00+00:00,0.0,0.0,0.0,16.81,4.76
1990-07-30 22:00:00+00:00,0.0,0.0,0.0,16.71,4.62
1990-07-30 23:00:00+00:00,0.0,0.0,0.0,16.53,4.41
1990-07-31 00:00:00+00:00,0.0,0.0,0.0,16.45,4.34
1990-07-31 01:00:00+00:00,0.0,0.0,0.0,16.5,4.21
1990-07-31 02:00:00+00:00,0.0,0.0,0.0,16.62,4.07
1990-07-31 03:00:00+00:00,0.0,0.0,0.0,16.73,3.79
1990-07-31 04:00:00+00:00,0.0,0.0,0.0,16.86,3.52
1990-07-31 05:00:00+00:00,16.0,0.0,16.0,16.97,3.24
1990-07-31 06:00:00+00:00,39.0,0.0,39.0,17.3,3.86
1990-07-31 07:00:00+00:00,139.0,10.09,135.0,17.38,3.66
1990-07-31 08:00:00+00:00,255.0,42.51,232.0,17.81,3.93
1990-07-31 09:00:00+00:00,369.0,87.17,311.0,18.65,3.93
1990-07-31 10:00:00+00:00,170.0,0.0,170.0,19.52,4.0
1990-07-31 11:00:00+00:00,657.0,373.75,350.0,20.39,4.62
1990-07-31 12:00:00+00:00,283.0,2.37,281.0,20.83,4.69
1990-07-31 13:00:00+00:00,517.0,141.0,401.0,20.91,4.69
1990-07-31 14:00:00+00:00,502.0,174.2,369.0,20.98,4.83
1990-07-31 15:00:00+00:00,443.0,188.38,317.0,20.57,5.03
1990-07-31 16:00:00+00:00,466.0,531.84,176.0,19.97,4.45
1990-07-31 17:00:00+00:00,314.0,428.76,142.0,19.29,4.23
1990-07-31 18:00:00+00:00,162.0,263.9,97.0,18.61,4.02
1990-07-31 19:00:00+00:00,26.0,10.95,25.0,17.93,3.8
1990-07-31 20:00:00+00:00,0.0,0.0,0.0,17.24,3.59
1990-07-31 21:00:00+00:00,0.0,0.0,0.0,16.56,3.37
1990-07-31 22:00:00+00:00,0.0,0.0,0.0,15.88,3.16
1990-07-31 23:00:00+00:00,0.0,0.0,0.0,15.2,2.94
1990-08-01 00:00:00+00:00,0.0,0.0,0.0,14.52,2.73
1990-08-01 01:00:00+00:00,0.0,0.0,0.0,13.84,2.51
1990-08-01 02:00:00+00:00,0.0,0.0,0.0,13.15,2.3
1990-08-01 03:00:00+00:00,0.0,0.0,0.0,12.47,2.09
1990-08-01 04:00:00+00:00,0.0,0.0,0.0,11.79,1.87
1990-08-01 05:00:00+00:00,38.0,108.16,29.0,11.11,1.66
1990-08-01 06:00:00+00:00,30.0,0.0,30.0,10.43,1.44
1990-08-01 07:00:00+00:00,255.0,205.83,174.0,9.74,1.23
1990-08-01 08:00:00+00:00,444.0,456.96,198.0,16.7,2.0
1990-08-01 09:00:00+00:00,653.0,798.05,124.0,17.87,1.86
1990-08-01 10:00:00+00:00,757.0,814.64,139.0,18.95,1.86
1990-08-01 11:00:00+00:00,833.0,847.3,139.0,19.75,2.21
1990-08-01 12:00:00+00:00,858.0,854.66,140.0,20.12,2.28
1990-08-01 13:00:00+00:00,830.0,836.29,144.0,20.36,1.93
1990-08-01 14:00:00+00:00,765.0,827.89,135.0,20.34,1.45
1990-08-01 15:00:00+00:00,655.0,791.07,128.0,20.66,1.1
1990-08-01 16:00:00+00:00,503.0,683.99,132.0,20.66,1.1
1990-08-01 17:00:00+00:00,216.0,95.46,178.0,20.1,1.38
1990-08-01 18:00:00+00:00,107.0,45.27,96.0,19.47,1.86
1990-08-01 19:00:00+00:00,30.0,22.79,28.0,18.53,2.48
1990-08-01 20:00:00+00:00,0.0,0.0,0.0,17.62,2.55
1990-08-01 21:00:00+00:00,0.0,0.0,0.0,16.98,2.62
1990-08-01 22:00:00+00:00,0.0,0.0,0.0,16.49,2.9
1990-08-01 23:00:00+00:00,0.0,0.0,0.0,16.19,3.45
1990-08-02 00:00:00+00:00,0.0,0.0,0.0,15.36,3.66
1990-08-02 01:00:00+00:00,0.0,0.0,0.0,14.47,3.52
1990-08-02 02:00:00+00:00,0.0,0.0,0.0,13.78,3.24
1990-08-02 03:00:00+00:00,0.0,0.0,0.0,13.24,3.1
1990-08-02 04:00:00+00:00,0.0,0.0,0.0,12.94,2.9
1990-08-02 05:00:00+00:00,20.0,12.52,19.0,12.77,2.69
1990-08-02 06:00:00+00:00,169.0,374.17,81.0,13.25,2.41
1990-08-02 07:00:00+00:00,109.0,0.0,109.0,14.6,2.21
1990-08-02 08:00:00+00:00,211.0,13.07,204.0,15.67,2.28
1990-08-02 09:00:00+00:00,347.0,65.12,304.0,16.59,2.9
1990-08-02 10:00:00+00:00,194.0,0.0,194.0,17.3,3.45
1990-08-02 11:00:00+00:00,155.0,0.0,155.0,17.63,3.24
1990-08-02 12:00:00+00:00,371.0,21.49,353.0,17.47,2.97
1990-08-02 13:00:00+00:00,511.0,133.28,402.0,17.28,2.69
1990-08-02 14:00:00+00:00,405.0,65.93,355.0,17.06,2.34
1990-08-02 15:00:00+00:00,484.0,274.33,302.0,16.58,3.03
1990-08-02 16:00:00+00:00,403.0,320.7,230.0,16.71,3.66
1990-08-02 17:00:00+00:00,303.0,390.0,149.0,16.97,3.72
1990-08-02 18:00:00+00:00,45.0,0.0,45.0,16.94,3.24
1990-08-02 19:00:00+00:00,13.0,0.0,13.0,17.01,2.21
1990-08-02 20:00:00+00:00,0.0,0.0,0.0,16.27,2.07
1990-08-02 21:00:00+00:00,0.0,0.0,0.0,15.42,2.07
1990-08-02 22:00:00+00:00,0.0,0.0,0.0,14.56,2.34
1990-08-02 23:00:00+00:00,0.0,0.0,0.0,13.88,2.69
1990-08-03 00:00:00+00:00,0.0,0.0,0.0,13.35,2.9
1990-08-03 01:00:00+00:00,0.0,0.0,0.0,12.88,2.76
1990-08-03 02:00:00+00:00,0.0,0.0,0.0,12.45,2.62
1990-08-03 03:00:00+00:00,0.0,0.0,0.0,12.12,2.34
1990-08-03 04:00:00+00:00,0.0,0.0,0.0,11.76,2.14
1990-08-03 05:00:00+00:00,37.0,143.76,26.0,11.34,1.93
1990-08-03 06:00:00+00:00,178.0,465.42,70.0,11.97,1.24
1990-08-03 07:00:00+00:00,342.0,637.07,95.0,14.21,1.03
1990-08-03 08:00:00+00:00,491.0,684.92,126.0,15.94,0.9
1990-08-03 09:00:00+00:00,623.0,714.57,153.0,17.44,1.59
1990-08-03 10:00:00+00:00,756.0,829.25,131.0,18.5,2.41
1990-08-03 11:00:00+00:00,828.0,851.1,135.0,19.13,3.1
1990-08-03 12:00:00+00:00,857.0,870.41,130.0,19.6,3.79
1990-08-03 13:00:00+00:00,829.0,852.47,134.0,19.83,4.14
1990-08-03 14:00:00+00:00,759.0,832.34,130.0,19.99,4.41
1990-08-03 15:00:00+00:00,456.0,219.5,311.0,19.87,4.69
1990-08-03 16:00:00+00:00,346.0,178.97,250.0,19.46,4.76
1990-08-03 17:00:00+00:00,148.0,12.77,143.0,18.77,4.69
1990-08-03 18:00:00+00:00,114.0,76.25,96.0,17.94,4.48
1990-08-03 19:00:00+00:00,47.0,261.21,26.0,17.06,4.07
1990-08-03 20:00:00+00:00,0.0,0.0,0.0,15.97,3.79
1990-08-03 21:00:00+00:00,0.0,0.0,0.0,15.28,3.66
1990-08-03 22:00:00+00:00,0.0,0.0,0.0,14.88,3.72
1990-08-03 23:00:00+00:00,0.0,0.0,0.0,14.69,3.79
1990-08-04 00:00:00+00:00,0.0,0.0,0.0,14.69,3.79
1990-08-04 01:00:00+00:00,0.0,0.0,0.0,14.62,3.86
1990-08-04 02:00:00+00:00,0.0,0.0,0.0,14.83,3.93
1990-08-04 03:00:00+00:00,0.0,0.0,0.0,14.78,3.79
1990-08-04 04:00:00+00:00,0.0,0.0,0.0,14.72,3.66
1990-08-04 05:00:00+00:00,31.0,95.75,24.0,14.67,3.45
1990-08-04 06:00:00+00:00,151.0,270.9,89.0,15.24,3.24
1990-08-04 07:00:00+00:00,335.0,610.78,100.0,16.4,4.07
1990-08-04 08:00:00+00:00,504.0,743.2,110.0,17.37,4.07
1990-08-04 09:00:00+00:00,647.0,805.97,119.0,18.35,4.28
1990-08-04 10:00:00+00:00,748.0,812.08,138.0,19.19,4.48
1990-08-04 11:00:00+00:00,833.0,867.27,129.0,19.83,4.55
1990-08-04 12:00:00+00:00,858.0,875.45,129.0,20.4,4.55
1990-08-04 13:00:00+00:00,826.0,845.36,139.0,20.72,4.48
1990-08-04 14:00:00+00:00,760.0,836.7,130.0,20.84,4.41
1990-08-04 15:00:00+00:00,649.0,798.3,124.0,20.8,4.28
1990-08-04 16:00:00+00:00,512.0,757.62,108.0,20.52,4.0
1990-08-04 17:00:00+00:00,350.0,664.57,92.0,20.09,3.52
1990-08-04 18:00:00+00:00,183.0,494.71,68.0,19.47,2.76
1990-08-04 19:00:00+00:00,42.0,208.94,26.0,18.36,2.0
1990-08-04 20:00:00+00:00,0.0,0.0,0.0,17.02,2.0
1990-08-04 21:00:00+00:00,0.0,0.0,0.0,15.98,2.07
1990-08-04 22:00:00+00:00,0.0,0.0,0.0,15.23,2.21
1990-08-04 23:00:00+00:00,0.0,0.0,0.0,14.82,2.41
1990-08-05 00:00:00+00:00,0.0,0.0,0.0,14.78,2.69
1990-08-05 01:00:00+00:00,0.0,0.0,0.0,15.02,2.83
1990-08-05 02:00:00+00:00,0.0,0.0,0.0,15.25,2.9
1990-08-05 03:00:00+00:00,0.0,0.0,0.0,15.48,2.9
1990-08-05 04:00:00+00:00,0.0,0.0,0.0,15.73,2.9
1990-08-05 05:00:00+00:00,31.0,114.84,23.0,15.95,3.03
1990-08-05 06:00:00+00:00,173.0,460.87,69.0,16.87,3.03
1990-08-05 07:00:00+00:00,335.0,623.43,97.0,18.52,2.76
1990-08-05 08:00:00+00:00,499.0,733.89,112.0,20.1,3.45
1990-08-05 09:00:00+00:00,650.0,818.46,116.0,21.12,3.79
1990-08-05 10:00:00+00:00,751.0,824.23,134.0,21.87,3.86
1990-08-05 11:00:00+00:00,832.0,870.01,128.0,22.5,3.79
1990-08-05 12:00:00+00:00,857.0,876.97,129.0,22.94,3.72
1990-08-05 13:00:00+00:00,825.0,846.93,139.0,23.2,3.72
1990-08-05 14:00:00+00:00,754.0,826.52,134.0,23.26,3.72
1990-08-05 15:00:00+00:00,640.0,777.53,131.0,23.13,3.72
1990-08-05 16:00:00+00:00,299.0,100.0,246.0,22.75,3.66
1990-08-05 17:00:00+00:00,308.0,447.03,136.0,22.06,3.52
1990-08-05 18:00:00+00:00,176.0,454.62,72.0,21.1,3.17
1990-08-05 19:00:00+00:00,43.0,261.47,24.0,19.6,2.9
1990-08-05 20:00:00+00:00,0.0,0.0,0.0,18.1,3.03
1990-08-05 21:00:00+00:00,0.0,0.0,0.0,17.11,3.1
1990-08-05 22:00:00+00:00,0.0,0.0,0.0,16.46,3.03
1990-08-05 23:00:00+00:00,0.0,0.0,0.0,16.01,2.9
1990-08-06 00:00:00+00:00,0.0,0.0,0.0,15.77,2.62
1990-08-06 01:00:00+00:00,0.0,0.0,0.0,15.8,2.55
1990-08-06 02:00:00+00:00,0.0,0.0,0.0,15.55,3.1
1990-08-06 03:00:00+00:00,0.0,0.0,0.0,15.34,3.52
1990-08-06 04:00:00+00:00,0.0,0.0,0.0,15.01,3.86
1990-08-06 05:00:00+00:00,22.0,30.22,20.0,14.6,4.21
1990-08-06 06:00:00+00:00,129.0,166.36,92.0,14.41,4.76
1990-08-06 07:00:00+00:00,306.0,475.28,126.0,15.1,4.34
1990-08-06 08:00:00+00:00,474.0,634.92,141.0,15.77,4.55
1990-08-06 09:00:00+00:00,582.0,581.78,204.0,16.83,4.62
1990-08-06 10:00:00+00:00,559.0,289.57,343.0,17.75,4.28
1990-08-06 11:00:00+00:00,729.0,565.35,273.0,18.46,4.28
1990-08-06 12:00:00+00:00,658.0,350.46,368.0,18.67,4.83
1990-08-06 13:00:00+00:00,752.0,628.07,245.0,18.56,5.1
1990-08-06 14:00:00+00:00,362.0,38.81,333.0,18.63,5.24
1990-08-06 15:00:00+00:00,345.0,66.0,302.0,18.57,5.24
1990-08-06 16:00:00+00:00,370.0,248.72,239.0,18.38,5.17
1990-08-06 17:00:00+00:00,281.0,333.15,154.0,17.85,4.97
1990-08-06 18:00:00+00:00,123.0,128.9,94.0,17.26,3.93
1990-08-06 19:00:00+00:00,36.0,189.34,23.0,16.07,3.66
1990-08-06 20:00:00+00:00,0.0,0.0,0.0,15.05,2.9
1990-08-06 21:00:00+00:00,0.0,0.0,0.0,14.25,2.76
1990-08-06 22:00:00+00:00,0.0,0.0,0.0,13.76,2.48
1990-08-06 23:00:00+00:00,0.0,0.0,0.0,13.43,2.28
1990-08-07 00:00:00+00:00,0.0,0.0,0.0,12.92,2.0
1990-08-07 01:00:00+00:00,0.0,0.0,0.0,12.46,1.86
1990-08-07 02:00:00+00:00,0.0,0.0,0.0,12.01,1.93
1990-08-07 03:00:00+00:00,0.0,0.0,0.0,11.85,1.79
1990-08-07 04:00:00+00:00,0.0,0.0,0.0,11.37,1.79
1990-08-07 05:00:00+00:00,27.0,111.71,20.0,11.09,1.66
1990-08-07 06:00:00+00:00,170.0,483.74,64.0,11.61,1.31
1990-08-07 07:00:00+00:00,335.0,649.53,91.0,13.57,1.31
1990-08-07 08:00:00+00:00,490.0,717.04,116.0,14.88,1.24
1990-08-07 09:00:00+00:00,562.0,517.8,227.0,16.25,1.31
1990-08-07 10:00:00+00:00,689.0,626.96,223.0,17.07,1.38
1990-08-07 11:00:00+00:00,592.0,259.98,383.0,17.9,1.45
1990-08-07 12:00:00+00:00,448.0,65.47,394.0,18.3,1.52
1990-08-07 13:00:00+00:00,283.0,2.49,281.0,18.45,1.45
1990-08-07 14:00:00+00:00,574.0,315.75,339.0,18.88,1.17
1990-08-07 15:00:00+00:00,57.0,0.0,57.0,18.46,0.62
1990-08-07 16:00:00+00:00,122.0,0.0,122.0,17.57,1.86
1990-08-07 17:00:00+00:00,68.0,0.0,68.0,16.45,2.9
1990-08-07 18:00:00+00:00,25.0,0.0,25.0,16.4,2.69
1990-08-07 19:00:00+00:00,30.0,123.91,22.0,16.28,3.17
1990-08-07 20:00:00+00:00,0.0,0.0,0.0,15.6,3.72
1990-08-07 21:00:00+00:00,0.0,0.0,0.0,15.05,4.28
1990-08-07 22:00:00+00:00,0.0,0.0,0.0,14.54,4.55
1990-08-07 23:00:00+00:00,0.0,0.0,0.0,14.12,4.83
1990-08-08 00:00:00+00:00,0.0,0.0,0.0,13.48,5.03
1990-08-08 01:00:00+00:00,0.0,0.0,0.0,12.87,4.9
1990-08-08 02:00:00+00:00,0.0,0.0,0.0,12.29,4.69
1990-08-08 03:00:00+00:00,0.0,0.0,0.0,11.79,4.55
1990-08-08 04:00:00+00:00,0.0,0.0,0.0,11.31,4.41
1990-08-08 05:00:00+00:00,20.0,50.75,17.0,11.25,4.48
1990-08-08 06:00:00+00:00,82.0,23.17,77.0,11.37,4.28
1990-08-08 07:00:00+00:00,320.0,571.73,107.0,12.15,4.76
1990-08-08 08:00:00+00:00,487.0,709.52,119.0,13.59,4.9
1990-08-08 09:00:00+00:00,639.0,804.13,121.0,15.14,4.83
1990-08-08 10:00:00+00:00,745.0,821.03,137.0,16.28,4.76
1990-08-08 11:00:00+00:00,794.0,766.36,180.0,17.23,4.69
1990-08-08 12:00:00+00:00,797.0,706.82,216.0,17.97,4.48
1990-08-08 13:00:00+00:00,744.0,610.08,255.0,18.56,4.14
1990-08-08 14:00:00+00:00,727.0,748.79,172.0,18.9,4.0
1990-08-08 15:00:00+00:00,592.0,615.41,195.0,19.06,3.86
1990-08-08 16:00:00+00:00,459.0,569.45,163.0,18.91,3.79
1990-08-08 17:00:00+00:00,341.0,679.47,87.0,18.59,3.59
1990-08-08 18:00:00+00:00,168.0,460.57,68.0,17.99,3.17
1990-08-08 19:00:00+00:00,31.0,182.18,20.0,17.47,2.34
1990-08-08 20:00:00+00:00,0.0,0.0,0.0,16.64,2.55
1990-08-08 21:00:00+00:00,0.0,0.0,0.0,15.62,2.83
1990-08-08 22:00:00+00:00,0.0,0.0,0.0,15.04,2.76
1990-08-08 23:00:00+00:00,0.0,0.0,0.0,14.5,2.69
1990-08-09 00:00:00+00:00,0.0,0.0,0.0,13.85,2.55
1990-08-09 01:00:00+00:00,0.0,0.0,0.0,13.34,2.41
1990-08-09 02:00:00+00:00,0.0,0.0,0.0,12.72,2.41
1990-08-09 03:00:00+00:00,0.0,0.0,0.0,12.21,2.34
1990-08-09 04:00:00+00:00,0.0,0.0,0.0,11.67,2.34
1990-08-09 05:00:00+00:00,27.0,180.11,17.0,11.23,2.41
1990-08-09 06:00:00+00:00,170.0,517.75,60.0,11.65,2.21
1990-08-09 07:00:00+00:00,304.0,503.5,118.0,12.98,2.41
1990-08-09 08:00:00+00:00,485.0,723.3,112.0,14.54,2.41
1990-08-09 09:00:00+00:00,632.0,795.22,122.0,16.21,2.34
1990-08-09 10:00:00+00:00,738.0,813.27,138.0,17.58,2.14
1990-08-09 11:00:00+00:00,651.0,385.77,343.0,18.55,2.21
1990-08-09 12:00:00+00:00,601.0,253.92,393.0,19.25,2.41
1990-08-09 13:00:00+00:00,563.0,216.64,390.0,19.61,2.62
1990-08-09 14:00:00+00:00,595.0,376.66,317.0,19.45,2.97
1990-08-09 15:00:00+00:00,436.0,201.01,307.0,19.42,3.31
1990-08-09 16:00:00+00:00,314.0,137.54,243.0,19.32,3.38
1990-08-09 17:00:00+00:00,257.0,267.57,158.0,19.02,3.1
1990-08-09 18:00:00+00:00,119.0,145.5,88.0,18.61,2.69
1990-08-09 19:00:00+00:00,4.0,0.0,4.0,18.5,2.14
1990-08-09 20:00:00+00:00,0.0,0.0,0.0,17.24,2.14
1990-08-09 21:00:00+00:00,0.0,0.0,0.0,16.09,2.21
1990-08-09 22:00:00+00:00,0.0,0.0,0.0,15.35,2.34
1990-08-09 23:00:00+00:00,0.0,0.0,0.0,14.55,2.41
1990-08-10 00:00:00+00:00,0.0,0.0,0.0,14.01,2.28
1990-08-10 01:00:00+00:00,0.0,0.0,0.0,13.31,2.14
1990-08-10 02:00:00+00:00,0.0,0.0,0.0,12.78,2.0
1990-08-10 03:00:00+00:00,0.0,0.0,0.0,12.37,2.0
1990-08-10 04:00:00+00:00,0.0,0.0,0.0,11.86,2.0
1990-08-10 05:00:00+00:00,15.0,19.27,14.0,11.46,1.86
1990-08-10 06:00:00+00:00,138.0,277.42,80.0,12.02,1.45
1990-08-10 07:00:00+00:00,302.0,507.86,116.0,14.09,1.59
1990-08-10 08:00:00+00:00,448.0,565.64,158.0,15.94,1.52
1990-08-10 09:00:00+00:00,624.0,780.02,126.0,17.63,1.45
1990-08-10 10:00:00+00:00,729.0,795.99,144.0,19.0,1.31
1990-08-10 11:00:00+00:00,791.0,786.85,165.0,20.01,1.38
1990-08-10 12:00:00+00:00,797.0,733.85,198.0,20.94,1.38
1990-08-10 13:00:00+00:00,783.0,757.98,180.0,21.49,1.31
1990-08-10 14:00:00+00:00,668.0,586.51,237.0,21.95,1.38
1990-08-10 15:00:00+00:00,570.0,570.24,206.0,21.83,1.45
1990-08-10 16:00:00+00:00,442.0,536.53,167.0,21.76,1.59
1990-08-10 17:00:00+00:00,302.0,505.35,117.0,21.47,1.86
1990-08-10 18:00:00+00:00,162.0,473.89,63.0,20.85,2.07
1990-08-10 19:00:00+00:00,26.0,173.94,17.0,19.51,2.48
1990-08-10 20:00:00+00:00,0.0,0.0,0.0,17.95,2.83
1990-08-10 21:00:00+00:00,0.0,0.0,0.0,16.85,3.03
1990-08-10 22:00:00+00:00,0.0,0.0,0.0,16.02,3.03
1990-08-10 23:00:00+00:00,0.0,0.0,0.0,15.29,2.83
1990-08-11 00:00:00+00:00,0.0,0.0,0.0,14.68,2.55
1990-08-11 01:00:00+00:00,0.0,0.0,0.0,14.01,2.41
1990-08-11 02:00:00+00:00,0.0,0.0,0.0,13.45,2.34
1990-08-11 03:00:00+00:00,0.0,0.0,0.0,12.96,2.21
1990-08-11 04:00:00+00:00,0.0,0.0,0.0,12.58,2.07
1990-08-11 05:00:00+00:00,15.0,41.45,13.0,12.15,2.0
1990-08-11 06:00:00+00:00,151.0,408.44,67.0,12.62,1.52
1990-08-11 07:00:00+00:00,312.0,589.48,98.0,14.65,1.1
1990-08-11 08:00:00+00:00,478.0,718.14,112.0,16.99,0.62
1990-08-11 09:00:00+00:00,625.0,791.48,122.0,18.86,0.07
1990-08-11 10:00:00+00:00,731.0,810.05,138.0,20.15,0.9
1990-08-11 11:00:00+00:00,815.0,867.93,127.0,20.97,1.59
1990-08-11 12:00:00+00:00,822.0,826.28,150.0,21.5,2.07
1990-08-11 13:00:00+00:00,811.0,856.86,132.0,21.72,2.55
1990-08-11 14:00:00+00:00,732.0,811.96,138.0,21.81,2.83
1990-08-11 15:00:00+00:00,620.0,773.45,129.0,21.72,3.17
1990-08-11 16:00:00+00:00,477.0,711.49,115.0,21.28,3.38
1990-08-11 17:00:00+00:00,316.0,607.6,96.0,20.65,3.38
1990-08-11 18:00:00+00:00,151.0,405.53,68.0,19.84,3.03
1990-08-11 19:00:00+00:00,20.0,105.72,15.0,18.41,2.69
1990-08-11 20:00:00+00:00,0.0,0.0,0.0,16.9,2.69
1990-08-11 21:00:00+00:00,0.0,0.0,0.0,15.84,2.48
1990-08-11 22:00:00+00:00,0.0,0.0,0.0,15.01,2.21
1990-08-11 23:00:00+00:00,0.0,0.0,0.0,14.24,2.07
1990-08-12 00:00:00+00:00,0.0,0.0,0.0,13.53,2.14
1990-08-12 01:00:00+00:00,0.0,0.0,0.0,13.07,2.41
1990-08-12 02:00:00+00:00,0.0,0.0,0.0,12.92,2.69
1990-08-12 03:00:00+00:00,0.0,0.0,0.0,12.95,2.76
1990-08-12 04:00:00+00:00,0.0,0.0,0.0,13.06,2.76
1990-08-12 05:00:00+00:00,10.0,22.44,9.0,13.15,2.76
1990-08-12 06:00:00+00:00,54.0,0.0,54.0,13.99,2.62
1990-08-12 07:00:00+00:00,209.0,136.19,160.0,15.74,3.66
1990-08-12 08:00:00+00:00,256.0,61.2,225.0,16.87,4.97
1990-08-12 09:00:00+00:00,163.0,0.0,163.0,17.58,4.97
1990-08-12 10:00:00+00:00,200.0,0.0,200.0,17.95,4.83
1990-08-12 11:00:00+00:00,715.0,564.74,269.0,18.5,4.97
1990-08-12 12:00:00+00:00,525.0,150.57,403.0,18.92,5.1
1990-08-12 13:00:00+00:00,409.0,51.95,368.0,19.12,5.31
1990-08-12 14:00:00+00:00,578.0,357.05,318.0,19.26,5.59
1990-08-12 15:00:00+00:00,210.0,1.58,209.0,19.21,5.59
1990-08-12 16:00:00+00:00,252.0,55.45,224.0,18.98,5.38
1990-08-12 17:00:00+00:00,270.0,365.93,139.0,18.59,5.03
1990-08-12 18:00:00+00:00,151.0,434.25,64.0,18.07,4.48
1990-08-12 19:00:00+00:00,18.0,116.93,13.0,17.21,4.0
1990-08-12 20:00:00+00:00,0.0,0.0,0.0,16.13,3.52
1990-08-12 21:00:00+00:00,0.0,0.0,0.0,15.23,3.17
1990-08-12 22:00:00+00:00,0.0,0.0,0.0,14.62,2.9
1990-08-12 23:00:00+00:00,0.0,0.0,0.0,14.0,2.83
1990-08-13 00:00:00+00:00,0.0,0.0,0.0,13.56,2.83
1990-08-13 01:00:00+00:00,0.0,0.0,0.0,13.23,2.9
1990-08-13 02:00:00+00:00,0.0,0.0,0.0,13.0,3.03
1990-08-13 03:00:00+00:00,0.0,0.0,0.0,12.88,3.31
1990-08-13 04:00:00+00:00,0.0,0.0,0.0,12.87,3.45
1990-08-13 05:00:00+00:00,14.0,48.95,12.0,12.82,3.45
1990-08-13 06:00:00+00:00,147.0,422.67,63.0,13.44,3.38
1990-08-13 07:00:00+00:00,309.0,608.65,92.0,14.6,4.21
1990-08-13 08:00:00+00:00,420.0,478.69,179.0,15.66,4.55
1990-08-13 09:00:00+00:00,419.0,187.44,301.0,16.28,4.9
1990-08-13 10:00:00+00:00,488.0,184.53,354.0,16.83,5.03
1990-08-13 11:00:00+00:00,524.0,171.59,389.0,17.23,5.45
1990-08-13 12:00:00+00:00,535.0,167.25,400.0,17.6,5.93
1990-08-13 13:00:00+00:00,750.0,678.1,217.0,17.79,6.34
1990-08-13 14:00:00+00:00,652.0,562.95,244.0,17.87,6.41
1990-08-13 15:00:00+00:00,548.0,524.26,219.0,17.97,6.48
1990-08-13 16:00:00+00:00,477.0,738.48,107.0,17.68,6.41
1990-08-13 17:00:00+00:00,302.0,568.1,101.0,17.49,6.21
1990-08-13 18:00:00+00:00,122.0,224.57,78.0,17.0,5.17
1990-08-13 19:00:00+00:00,11.0,0.0,11.0,16.28,4.41
1990-08-13 20:00:00+00:00,0.0,0.0,0.0,15.54,3.86
1990-08-13 21:00:00+00:00,0.0,0.0,0.0,15.04,3.66
1990-08-13 22:00:00+00:00,0.0,0.0,0.0,14.79,3.86
1990-08-13 23:00:00+00:00,0.0,0.0,0.0,14.96,4.21
1990-08-14 00:00:00+00:00,0.0,0.0,0.0,15.51,4.9
1990-08-14 01:00:00+00:00,0.0,0.0,0.0,16.04,5.59
1990-08-14 02:00:00+00:00,0.0,0.0,0.0,16.3,6.21
1990-08-14 03:00:00+00:00,0.0,0.0,0.0,16.28,6.41
1990-08-14 04:00:00+00:00,0.0,0.0,0.0,16.2,6.55
1990-08-14 05:00:00+00:00,10.0,0.0,10.0,16.21,7.03
1990-08-14 06:00:00+00:00,27.0,0.0,27.0,16.08,7.31
1990-08-14 07:00:00+00:00,110.0,2.83,109.0,15.72,7.24
1990-08-14 08:00:00+00:00,184.0,9.99,179.0,15.71,8.07
1990-08-14 09:00:00+00:00,116.0,0.0,116.0,16.01,8.41
1990-08-14 10:00:00+00:00,78.0,0.0,78.0,16.46,8.62
1990-08-14 11:00:00+00:00,134.0,0.0,134.0,17.11,9.1
1990-08-14 12:00:00+00:00,125.0,0.0,125.0,17.63,9.03
1990-08-14 13:00:00+00:00,103.0,0.0,103.0,17.95,8.48
1990-08-14 14:00:00+00:00,124.0,0.0,124.0,18.21,8.76
1990-08-14 15:00:00+00:00,272.0,25.65,256.0,18.52,8.9
1990-08-14 16:00:00+00:00,245.0,56.34,217.0,18.74,8.41
1990-08-14 17:00:00+00:00,55.0,0.0,55.0,19.0,8.14
1990-08-14 18:00:00+00:00,28.0,0.0,28.0,18.53,7.86
1990-08-14 19:00:00+00:00,1.0,0.0,1.0,18.16,7.45
1990-08-14 20:00:00+00:00,0.0,0.0,0.0,17.98,7.31
1990-08-14 21:00:00+00:00,0.0,0.0,0.0,17.66,7.72
1990-08-14 22:00:00+00:00,0.0,0.0,0.0,16.9,7.38
1990-08-14 23:00:00+00:00,0.0,0.0,0.0,16.4,7.31
1990-08-15 00:00:00+00:00,0.0,0.0,0.0,16.21,7.59
1990-08-15 01:00:00+00:00,0.0,0.0,0.0,16.18,7.79
1990-08-15 02:00:00+00:00,0.0,0.0,0.0,16.24,8.34
1990-08-15 03:00:00+00:00,0.0,0.0,0.0,16.39,9.03
1990-08-15 04:00:00+00:00,0.0,0.0,0.0,16.56,8.9
1990-08-15 05:00:00+00:00,6.0,0.0,6.0,16.77,9.66
1990-08-15 06:00:00+00:00,69.0,20.87,65.0,16.48,9.72
1990-08-15 07:00:00+00:00,87.0,0.0,87.0,16.72,8.62
1990-08-15 08:00:00+00:00,224.0,34.2,207.0,17.08,7.31
1990-08-15 09:00:00+00:00,133.0,0.0,133.0,17.69,7.59
1990-08-15 10:00:00+00:00,165.0,0.0,165.0,18.29,8.07
1990-08-15 11:00:00+00:00,359.0,28.18,337.0,18.89,8.62
1990-08-15 12:00:00+00:00,483.0,113.64,392.0,19.0,9.03
1990-08-15 13:00:00+00:00,448.0,91.11,377.0,19.09,8.97
1990-08-15 14:00:00+00:00,307.0,18.11,294.0,19.32,9.03
1990-08-15 15:00:00+00:00,190.0,0.0,190.0,18.88,9.17
1990-08-15 16:00:00+00:00,162.0,4.06,160.0,17.91,7.79
1990-08-15 17:00:00+00:00,156.0,43.45,141.0,17.16,6.69
1990-08-15 18:00:00+00:00,144.0,476.31,55.0,16.3,5.24
1990-08-15 19:00:00+00:00,8.0,0.0,8.0,16.15,4.0
1990-08-15 20:00:00+00:00,0.0,0.0,0.0,15.75,4.41
1990-08-15 21:00:00+00:00,0.0,0.0,0.0,15.47,4.48
1990-08-15 22:00:00+00:00,0.0,0.0,0.0,15.16,4.48
1990-08-15 23:00:00+00:00,0.0,0.0,0.0,14.79,4.55
1990-08-16 00:00:00+00:00,0.0,0.0,0.0,14.21,4.48
1990-08-16 01:00:00+00:00,0.0,0.0,0.0,13.51,4.41
1990-08-16 02:00:00+00:00,0.0,0.0,0.0,12.92,4.34
1990-08-16 03:00:00+00:00,0.0,0.0,0.0,12.54,4.28
1990-08-16 04:00:00+00:00,0.0,0.0,0.0,12.29,4.21
1990-08-16 05:00:00+00:00,7.0,0.0,7.0,12.01,4.14
1990-08-16 06:00:00+00:00,141.0,446.47,57.0,12.09,4.07
1990-08-16 07:00:00+00:00,304.0,623.33,88.0,12.93,4.41
1990-08-16 08:00:00+00:00,469.0,734.95,106.0,13.88,4.83
1990-08-16 09:00:00+00:00,541.0,523.98,216.0,14.8,5.03
1990-08-16 10:00:00+00:00,559.0,330.57,322.0,15.46,5.31
1990-08-16 11:00:00+00:00,619.0,348.6,348.0,16.06,5.79
1990-08-16 12:00:00+00:00,378.0,30.09,354.0,16.27,6.0
1990-08-16 13:00:00+00:00,730.0,641.87,232.0,16.41,6.28
1990-08-16 14:00:00+00:00,554.0,322.14,324.0,16.36,6.28
1990-08-16 15:00:00+00:00,374.0,124.99,297.0,16.33,6.14
1990-08-16 16:00:00+00:00,246.0,57.29,218.0,16.28,5.79
1990-08-16 17:00:00+00:00,309.0,669.06,81.0,16.14,5.1
1990-08-16 18:00:00+00:00,64.0,16.47,61.0,15.71,4.34
1990-08-16 19:00:00+00:00,5.0,0.0,5.0,15.16,4.21
1990-08-16 20:00:00+00:00,0.0,0.0,0.0,14.51,3.72
1990-08-16 21:00:00+00:00,0.0,0.0,0.0,14.05,3.52
1990-08-16 22:00:00+00:00,0.0,0.0,0.0,13.52,3.45
1990-08-16 23:00:00+00:00,0.0,0.0,0.0,13.07,3.31
1990-08-17 00:00:00+00:00,0.0,0.0,0.0,12.85,3.24
1990-08-17 01:00:00+00:00,0.0,0.0,0.0,12.42,3.1
1990-08-17 02:00:00+00:00,0.0,0.0,0.0,12.2,2.97
1990-08-17 03:00:00+00:00,0.0,0.0,0.0,12.11,2.9
1990-08-17 04:00:00+00:00,0.0,0.0,0.0,11.89,2.83
1990-08-17 05:00:00+00:00,3.0,0.0,3.0,11.79,2.69
1990-08-17 06:00:00+00:00,57.0,10.84,55.0,12.16,2.62
1990-08-17 07:00:00+00:00,250.0,332.23,136.0,13.16,3.03
1990-08-17 08:00:00+00:00,364.0,315.9,209.0,14.23,3.59
1990-08-17 09:00:00+00:00,450.0,272.25,282.0,15.34,4.07
1990-08-17 10:00:00+00:00,408.0,91.06,343.0,16.36,4.48
1990-08-17 11:00:00+00:00,683.0,516.68,283.0,16.8,4.55
1990-08-17 12:00:00+00:00,433.0,68.0,379.0,17.51,4.69
1990-08-17 13:00:00+00:00,502.0,154.08,383.0,17.74,4.76
1990-08-17 14:00:00+00:00,522.0,264.7,334.0,17.97,5.17
1990-08-17 15:00:00+00:00,193.0,1.63,192.0,18.04,5.31
1990-08-17 16:00:00+00:00,203.0,20.64,193.0,17.67,4.97
1990-08-17 17:00:00+00:00,225.0,237.91,145.0,17.45,4.69
1990-08-17 18:00:00+00:00,72.0,39.45,65.0,17.0,4.07
1990-08-17 19:00:00+00:00,0.0,0.0,0.0,15.93,3.72
1990-08-17 20:00:00+00:00,0.0,0.0,0.0,15.17,3.66
1990-08-17 21:00:00+00:00,0.0,0.0,0.0,14.7,3.66
1990-08-17 22:00:00+00:00,0.0,0.0,0.0,14.39,3.66
1990-08-17 23:00:00+00:00,0.0,0.0,0.0,14.17,3.72
1990-08-18 00:00:00+00:00,0.0,0.0,0.0,14.13,4.0
1990-08-18 01:00:00+00:00,0.0,0.0,0.0,14.28,4.28
1990-08-18 02:00:00+00:00,0.0,0.0,0.0,14.5,4.41
1990-08-18 03:00:00+00:00,0.0,0.0,0.0,14.71,4.83
1990-08-18 04:00:00+00:00,0.0,0.0,0.0,14.79,5.03
1990-08-18 05:00:00+00:00,0.0,0.0,0.0,14.82,5.45
1990-08-18 06:00:00+00:00,71.0,38.69,64.0,15.03,5.86
1990-08-18 07:00:00+00:00,182.0,103.03,147.0,15.07,6.41
1990-08-18 08:00:00+00:00,188.0,12.31,182.0,15.38,7.31
1990-08-18 09:00:00+00:00,193.0,1.63,192.0,16.16,8.34
1990-08-18 10:00:00+00:00,211.0,0.0,211.0,16.61,8.62
1990-08-18 11:00:00+00:00,174.0,0.0,174.0,17.09,8.9
1990-08-18 12:00:00+00:00,167.0,0.0,167.0,17.16,8.48
1990-08-18 13:00:00+00:00,133.0,0.0,133.0,17.42,8.14
1990-08-18 14:00:00+00:00,106.0,0.0,106.0,17.02,7.1
1990-08-18 15:00:00+00:00,56.0,0.0,56.0,16.39,7.52
1990-08-18 16:00:00+00:00,97.0,0.0,97.0,16.04,7.31
1990-08-18 17:00:00+00:00,88.0,0.0,88.0,16.13,6.97
1990-08-18 18:00:00+00:00,102.0,196.96,68.0,16.11,6.07
1990-08-18 19:00:00+00:00,0.0,0.0,0.0,15.85,4.69
1990-08-18 20:00:00+00:00,0.0,0.0,0.0,15.75,3.86
1990-08-18 21:00:00+00:00,0.0,0.0,0.0,15.69,3.45
1990-08-18 22:00:00+00:00,0.0,0.0,0.0,15.62,3.31
1990-08-18 23:00:00+00:00,0.0,0.0,0.0,15.49,3.17
1990-08-19 00:00:00+00:00,0.0,0.0,0.0,15.33,2.76
1990-08-19 01:00:00+00:00,0.0,0.0,0.0,15.2,2.34
1990-08-19 02:00:00+00:00,0.0,0.0,0.0,15.02,2.14
1990-08-19 03:00:00+00:00,0.0,0.0,0.0,14.88,2.14
1990-08-19 04:00:00+00:00,0.0,0.0,0.0,14.81,2.34
1990-08-19 05:00:00+00:00,0.0,0.0,0.0,14.77,2.83
1990-08-19 06:00:00+00:00,74.0,50.76,65.0,14.7,3.38
1990-08-19 07:00:00+00:00,79.0,0.0,79.0,15.24,4.48
1990-08-19 08:00:00+00:00,164.0,4.13,162.0,15.29,4.55
1990-08-19 09:00:00+00:00,214.0,4.91,211.0,15.29,4.62
1990-08-19 10:00:00+00:00,202.0,0.0,202.0,15.5,5.17
1990-08-19 11:00:00+00:00,453.0,106.83,371.0,16.18,5.93
1990-08-19 12:00:00+00:00,154.0,0.0,154.0,16.92,6.41
1990-08-19 13:00:00+00:00,130.0,0.0,130.0,16.79,6.55
1990-08-19 14:00:00+00:00,119.0,0.0,119.0,16.52,6.62
1990-08-19 15:00:00+00:00,96.0,0.0,96.0,16.23,6.28
1990-08-19 16:00:00+00:00,61.0,0.0,61.0,15.86,6.28
1990-08-19 17:00:00+00:00,41.0,0.0,41.0,15.52,6.28
1990-08-19 18:00:00+00:00,39.0,0.0,39.0,15.31,6.41
1990-08-19 19:00:00+00:00,0.0,0.0,0.0,14.76,6.14
1990-08-19 20:00:00+00:00,0.0,0.0,0.0,14.34,6.07
1990-08-19 21:00:00+00:00,0.0,0.0,0.0,14.01,6.21
1990-08-19 22:00:00+00:00,0.0,0.0,0.0,13.72,6.34
1990-08-19 23:00:00+00:00,0.0,0.0,0.0,13.49,6.14
1990-08-20 00:00:00+00:00,0.0,0.0,0.0,13.34,5.79
1990-08-20 01:00:00+00:00,0.0,0.0,0.0,13.16,5.24
1990-08-20 02:00:00+00:00,0.0,0.0,0.0,12.98,4.62
1990-08-20 03:00:00+00:00,0.0,0.0,0.0,12.81,4.21
1990-08-20 04:00:00+00:00,0.0,0.0,0.0,12.49,3.86
1990-08-20 05:00:00+00:00,0.0,0.0,0.0,12.24,3.59
1990-08-20 06:00:00+00:00,88.0,115.18,68.0,12.13,3.1
1990-08-20 07:00:00+00:00,146.0,39.07,133.0,12.32,2.76
1990-08-20 08:00:00+00:00,238.0,56.17,211.0,13.13,1.93
1990-08-20 09:00:00+00:00,508.0,459.41,229.0,13.84,0.76
1990-08-20 10:00:00+00:00,542.0,323.87,314.0,15.03,0.97
1990-08-20 11:00:00+00:00,203.0,0.0,203.0,15.87,1.45
1990-08-20 12:00:00+00:00,355.0,24.24,336.0,16.18,2.07
1990-08-20 13:00:00+00:00,324.0,15.76,312.0,16.28,3.03
1990-08-20 14:00:00+00:00,350.0,47.24,317.0,16.66,4.07
1990-08-20 15:00:00+00:00,323.0,73.38,279.0,16.83,4.83
1990-08-20 16:00:00+00:00,94.0,0.0,94.0,16.49,5.24
1990-08-20 17:00:00+00:00,83.0,0.0,83.0,16.25,5.72
1990-08-20 18:00:00+00:00,27.0,0.0,27.0,15.64,5.93
1990-08-20 19:00:00+00:00,0.0,0.0,0.0,15.06,5.03
1990-08-20 20:00:00+00:00,0.0,0.0,0.0,14.43,5.17
1990-08-20 21:00:00+00:00,0.0,0.0,0.0,13.89,5.45
1990-08-20 22:00:00+00:00,0.0,0.0,0.0,13.28,5.52
1990-08-20 23:00:00+00:00,0.0,0.0,0.0,12.91,5.66
1990-08-21 00:00:00+00:00,0.0,0.0,0.0,12.71,6.0
1990-08-21 01:00:00+00:00,0.0,0.0,0.0,12.72,6.21
1990-08-21 02:00:00+00:00,0.0,0.0,0.0,12.64,6.41
1990-08-21 03:00:00+00:00,0.0,0.0,0.0,12.49,6.76
1990-08-21 04:00:00+00:00,0.0,0.0,0.0,12.12,6.97
1990-08-21 05:00:00+00:00,0.0,0.0,0.0,11.96,6.97
1990-08-21 06:00:00+00:00,45.0,0.0,45.0,12.28,7.03
1990-08-21 07:00:00+00:00,28.0,0.0,28.0,12.62,7.59
1990-08-21 08:00:00+00:00,61.0,0.0,61.0,13.38,8.07
1990-08-21 09:00:00+00:00,102.0,0.0,102.0,14.7,8.97
1990-08-21 10:00:00+00:00,164.0,0.0,164.0,16.11,8.55
1990-08-21 11:00:00+00:00,148.0,0.0,148.0,17.15,8.28
1990-08-21 12:00:00+00:00,276.0,3.85,273.0,17.81,8.14
1990-08-21 13:00:00+00:00,254.0,1.32,253.0,18.35,8.28
1990-08-21 14:00:00+00:00,222.0,1.44,221.0,18.26,7.72
1990-08-21 15:00:00+00:00,233.0,11.76,226.0,18.69,7.79
1990-08-21 16:00:00+00:00,141.0,2.14,140.0,18.76,7.59
1990-08-21 17:00:00+00:00,115.0,12.6,111.0,18.67,6.76
1990-08-21 18:00:00+00:00,19.0,0.0,19.0,18.12,5.93
1990-08-21 19:00:00+00:00,0.0,0.0,0.0,16.89,5.66
1990-08-21 20:00:00+00:00,0.0,0.0,0.0,16.6,5.38
1990-08-21 21:00:00+00:00,0.0,0.0,0.0,16.42,5.31
1990-08-21 22:00:00+00:00,0.0,0.0,0.0,16.28,5.24
1990-08-21 23:00:00+00:00,0.0,0.0,0.0,16.43,5.52
1990-08-22 00:00:00+00:00,0.0,0.0,0.0,16.43,5.86
1990-08-22 01:00:00+00:00,0.0,0.0,0.0,16.18,6.28
1990-08-22 02:00:00+00:00,0.0,0.0,0.0,15.97,6.28
1990-08-22 03:00:00+00:00,0.0,0.0,0.0,15.61,6.28
1990-08-22 04:00:00+00:00,0.0,0.0,0.0,15.21,6.83
1990-08-22 05:00:00+00:00,0.0,0.0,0.0,14.94,7.38
1990-08-22 06:00:00+00:00,70.0,54.14,61.0,14.92,7.86
1990-08-22 07:00:00+00:00,64.0,0.0,64.0,15.34,7.59
1990-08-22 08:00:00+00:00,204.0,27.43,191.0,15.64,9.52
1990-08-22 09:00:00+00:00,549.0,654.37,156.0,16.56,10.0
1990-08-22 10:00:00+00:00,101.0,0.0,101.0,17.72,10.0
1990-08-22 11:00:00+00:00,560.0,277.33,350.0,18.92,10.48
1990-08-22 12:00:00+00:00,351.0,25.76,331.0,19.37,10.21
1990-08-22 13:00:00+00:00,378.0,47.77,342.0,19.45,9.72
1990-08-22 14:00:00+00:00,61.0,0.0,61.0,19.59,9.93
1990-08-22 15:00:00+00:00,122.0,0.0,122.0,19.48,9.52
1990-08-22 16:00:00+00:00,171.0,10.82,166.0,19.24,8.28
1990-08-22 17:00:00+00:00,40.0,0.0,40.0,18.82,7.72
1990-08-22 18:00:00+00:00,24.0,0.0,24.0,18.28,7.52
1990-08-22 19:00:00+00:00,0.0,0.0,0.0,17.53,7.17
1990-08-22 20:00:00+00:00,0.0,0.0,0.0,16.97,7.38
1990-08-22 21:00:00+00:00,0.0,0.0,0.0,16.42,7.31
1990-08-22 22:00:00+00:00,0.0,0.0,0.0,15.9,7.38
1990-08-22 23:00:00+00:00,0.0,0.0,0.0,15.43,7.1
1990-08-23 00:00:00+00:00,0.0,0.0,0.0,15.12,6.83
1990-08-23 01:00:00+00:00,0.0,0.0,0.0,14.92,6.55
1990-08-23 02:00:00+00:00,0.0,0.0,0.0,14.68,6.28
1990-08-23 03:00:00+00:00,0.0,0.0,0.0,14.65,6.34
1990-08-23 04:00:00+00:00,0.0,0.0,0.0,14.77,6.48
1990-08-23 05:00:00+00:00,0.0,0.0,0.0,14.83,6.48
1990-08-23 06:00:00+00:00,51.0,12.31,49.0,14.85,6.34
1990-08-23 07:00:00+00:00,234.0,350.76,121.0,14.45,5.72
1990-08-23 08:00:00+00:00,348.0,329.5,193.0,15.12,6.41
1990-08-23 09:00:00+00:00,372.0,150.71,282.0,15.87,6.97
1990-08-23 10:00:00+00:00,201.0,0.0,201.0,15.96,6.69
1990-08-23 11:00:00+00:00,271.0,3.98,268.0,16.61,6.62
1990-08-23 12:00:00+00:00,103.0,0.0,103.0,18.02,6.55
1990-08-23 13:00:00+00:00,122.0,0.0,122.0,19.39,6.69
1990-08-23 14:00:00+00:00,566.0,432.82,269.0,20.53,6.9
1990-08-23 15:00:00+00:00,418.0,260.89,265.0,20.68,6.62
1990-08-23 16:00:00+00:00,227.0,59.04,200.0,20.72,6.69
1990-08-23 17:00:00+00:00,91.0,3.25,90.0,20.62,5.72
1990-08-23 18:00:00+00:00,36.0,0.0,36.0,20.18,5.17
1990-08-23 19:00:00+00:00,0.0,0.0,0.0,19.3,4.14
1990-08-23 20:00:00+00:00,0.0,0.0,0.0,18.56,4.07
1990-08-23 21:00:00+00:00,0.0,0.0,0.0,17.99,4.07
1990-08-23 22:00:00+00:00,0.0,0.0,0.0,17.62,4.14
1990-08-23 23:00:00+00:00,0.0,0.0,0.0,17.19,4.07
1990-08-24 00:00:00+00:00,0.0,0.0,0.0,16.91,3.86
1990-08-24 01:00:00+00:00,0.0,0.0,0.0,16.61,3.79
1990-08-24 02:00:00+00:00,0.0,0.0,0.0,16.26,3.52
1990-08-24 03:00:00+00:00,0.0,0.0,0.0,15.87,3.45
1990-08-24 04:00:00+00:00,0.0,0.0,0.0,15.63,3.59
1990-08-24 05:00:00+00:00,0.0,0.0,0.0,15.6,3.59
1990-08-24 06:00:00+00:00,35.0,0.0,35.0,15.58,3.31
1990-08-24 07:00:00+00:00,233.0,360.99,118.0,15.81,3.66
1990-08-24 08:00:00+00:00,353.0,353.38,188.0,16.38,4.0
1990-08-24 09:00:00+00:00,556.0,707.44,136.0,17.23,3.86
1990-08-24 10:00:00+00:00,419.0,124.59,333.0,18.57,3.93
1990-08-24 11:00:00+00:00,415.0,78.66,356.0,19.34,3.52
1990-08-24 12:00:00+00:00,440.0,91.03,370.0,19.6,3.03
1990-08-24 13:00:00+00:00,142.0,0.0,142.0,19.97,2.83
1990-08-24 14:00:00+00:00,134.0,0.0,134.0,20.44,2.97
1990-08-24 15:00:00+00:00,277.0,41.24,253.0,20.53,2.97
1990-08-24 16:00:00+00:00,261.0,119.34,207.0,20.48,3.24
1990-08-24 17:00:00+00:00,214.0,310.76,120.0,20.28,3.24
1990-08-24 18:00:00+00:00,85.0,218.13,54.0,19.86,2.76
1990-08-24 19:00:00+00:00,0.0,0.0,0.0,19.08,1.24
1990-08-24 20:00:00+00:00,0.0,0.0,0.0,18.22,0.97
1990-08-24 21:00:00+00:00,0.0,0.0,0.0,18.04,0.62
1990-08-24 22:00:00+00:00,0.0,0.0,0.0,17.74,0.41
1990-08-24 23:00:00+00:00,0.0,0.0,0.0,16.12,1.03
1990-08-25 00:00:00+00:00,0.0,0.0,0.0,14.5,1.45
1990-08-25 01:00:00+00:00,0.0,0.0,0.0,13.44,1.66
1990-08-25 02:00:00+00:00,0.0,0.0,0.0,13.18,1.86
1990-08-25 03:00:00+00:00,0.0,0.0,0.0,12.97,2.0
1990-08-25 04:00:00+00:00,0.0,0.0,0.0,12.74,1.79
1990-08-25 05:00:00+00:00,0.0,0.0,0.0,12.33,1.52
1990-08-25 06:00:00+00:00,92.0,219.37,58.0,12.75,1.1
1990-08-25 07:00:00+00:00,262.0,546.12,90.0,15.19,0.62
1990-08-25 08:00:00+00:00,429.0,697.04,106.0,17.34,0.34
1990-08-25 09:00:00+00:00,570.0,757.38,123.0,18.98,0.41
1990-08-25 10:00:00+00:00,674.0,777.62,140.0,20.27,1.17
1990-08-25 11:00:00+00:00,740.0,786.46,153.0,21.5,1.86
1990-08-25 12:00:00+00:00,758.0,777.65,163.0,22.24,2.21
1990-08-25 13:00:00+00:00,735.0,786.06,152.0,23.07,2.28
1990-08-25 14:00:00+00:00,666.0,776.25,140.0,23.77,2.21
1990-08-25 15:00:00+00:00,558.0,755.21,122.0,24.02,2.07
1990-08-25 16:00:00+00:00,410.0,674.67,108.0,23.83,2.0
1990-08-25 17:00:00+00:00,244.0,521.24,89.0,23.15,2.34
1990-08-25 18:00:00+00:00,89.0,299.74,48.0,21.89,2.62
1990-08-25 19:00:00+00:00,0.0,0.0,0.0,19.71,3.1
1990-08-25 20:00:00+00:00,0.0,0.0,0.0,18.4,2.9
1990-08-25 21:00:00+00:00,0.0,0.0,0.0,17.62,2.69
1990-08-25 22:00:00+00:00,0.0,0.0,0.0,16.99,2.55
1990-08-25 23:00:00+00:00,0.0,0.0,0.0,16.38,2.48
1990-08-26 00:00:00+00:00,0.0,0.0,0.0,15.9,2.34
1990-08-26 01:00:00+00:00,0.0,0.0,0.0,15.37,2.28
1990-08-26 02:00:00+00:00,0.0,0.0,0.0,14.92,2.41
1990-08-26 03:00:00+00:00,0.0,0.0,0.0,14.66,2.69
1990-08-26 04:00:00+00:00,0.0,0.0,0.0,14.56,2.76
1990-08-26 05:00:00+00:00,0.0,0.0,0.0,14.39,2.83
1990-08-26 06:00:00+00:00,95.0,264.57,55.0,14.47,2.83
1990-08-26 07:00:00+00:00,251.0,485.06,100.0,15.96,3.72
1990-08-26 08:00:00+00:00,421.0,671.99,112.0,17.11,3.72
1990-08-26 09:00:00+00:00,411.0,233.53,274.0,18.48,3.66
1990-08-26 10:00:00+00:00,503.0,269.35,319.0,19.21,3.86
1990-08-26 11:00:00+00:00,540.0,247.76,356.0,19.95,3.45
1990-08-26 12:00:00+00:00,592.0,320.54,348.0,20.44,2.41
1990-08-26 13:00:00+00:00,693.0,642.68,219.0,21.04,1.72
1990-08-26 14:00:00+00:00,669.0,796.18,133.0,21.28,1.59
1990-08-26 15:00:00+00:00,554.0,750.9,124.0,21.51,2.14
1990-08-26 16:00:00+00:00,408.0,679.95,107.0,21.32,2.97
1990-08-26 17:00:00+00:00,244.0,544.19,85.0,20.83,2.97
1990-08-26 18:00:00+00:00,86.0,304.44,46.0,20.08,2.28
1990-08-26 19:00:00+00:00,0.0,0.0,0.0,18.74,1.38
1990-08-26 20:00:00+00:00,0.0,0.0,0.0,17.04,1.86
1990-08-26 21:00:00+00:00,0.0,0.0,0.0,16.2,2.62
1990-08-26 22:00:00+00:00,0.0,0.0,0.0,15.78,3.31
1990-08-26 23:00:00+00:00,0.0,0.0,0.0,15.2,3.72
1990-08-27 00:00:00+00:00,0.0,0.0,0.0,14.48,3.86
1990-08-27 01:00:00+00:00,0.0,0.0,0.0,14.03,3.93
1990-08-27 02:00:00+00:00,0.0,0.0,0.0,13.39,3.93
1990-08-27 03:00:00+00:00,0.0,0.0,0.0,13.02,4.0
1990-08-27 04:00:00+00:00,0.0,0.0,0.0,12.75,3.86
1990-08-27 05:00:00+00:00,0.0,0.0,0.0,12.39,3.59
1990-08-27 06:00:00+00:00,78.0,135.71,58.0,12.23,3.24
1990-08-27 07:00:00+00:00,186.0,165.78,135.0,13.13,3.17
1990-08-27 08:00:00+00:00,260.0,107.4,211.0,13.74,3.1
1990-08-27 09:00:00+00:00,543.0,656.88,160.0,14.86,3.17
1990-08-27 10:00:00+00:00,600.0,522.47,245.0,15.85,3.17
1990-08-27 11:00:00+00:00,729.0,753.84,172.0,16.76,3.17
1990-08-27 12:00:00+00:00,548.0,237.7,368.0,17.8,3.31
1990-08-27 13:00:00+00:00,540.0,256.36,352.0,18.41,3.38
1990-08-27 14:00:00+00:00,601.0,556.26,229.0,18.78,3.72
1990-08-27 15:00:00+00:00,537.0,690.26,145.0,18.8,4.07
1990-08-27 16:00:00+00:00,399.0,648.9,115.0,18.65,4.28
1990-08-27 17:00:00+00:00,181.0,191.69,126.0,18.2,4.21
1990-08-27 18:00:00+00:00,0.0,0.0,0.0,17.69,3.45
1990-08-27 19:00:00+00:00,0.0,0.0,0.0,16.96,3.17
1990-08-27 20:00:00+00:00,0.0,0.0,0.0,16.5,3.03
1990-08-27 21:00:00+00:00,0.0,0.0,0.0,16.09,3.03
1990-08-27 22:00:00+00:00,0.0,0.0,0.0,15.72,3.24
1990-08-27 23:00:00+00:00,0.0,0.0,0.0,15.28,3.59
1990-08-28 00:00:00+00:00,0.0,0.0,0.0,14.78,3.66
1990-08-28 01:00:00+00:00,0.0,0.0,0.0,14.4,3.59
1990-08-28 02:00:00+00:00,0.0,0.0,0.0,14.01,3.45
1990-08-28 03:00:00+00:00,0.0,0.0,0.0,13.72,3.31
1990-08-28 04:00:00+00:00,0.0,0.0,0.0,13.45,3.1
1990-08-28 05:00:00+00:00,0.0,0.0,0.0,13.44,2.9
1990-08-28 06:00:00+00:00,63.0,69.67,53.0,13.67,2.76
1990-08-28 07:00:00+00:00,176.0,144.77,132.0,14.03,2.76
1990-08-28 08:00:00+00:00,367.0,446.3,165.0,15.18,3.1
1990-08-28 09:00:00+00:00,429.0,295.11,258.0,16.13,3.17
1990-08-28 10:00:00+00:00,341.0,48.83,308.0,17.05,3.52
1990-08-28 11:00:00+00:00,526.0,236.72,352.0,17.42,3.52
1990-08-28 12:00:00+00:00,637.0,446.08,301.0,18.05,3.52
1990-08-28 13:00:00+00:00,618.0,451.26,289.0,18.36,3.17
1990-08-28 14:00:00+00:00,331.0,46.67,300.0,18.17,2.9
1990-08-28 15:00:00+00:00,225.0,14.21,217.0,18.3,3.17
1990-08-28 16:00:00+00:00,189.0,30.05,176.0,18.17,3.17
1990-08-28 17:00:00+00:00,143.0,81.68,120.0,18.06,3.17
1990-08-28 18:00:00+00:00,34.0,8.31,33.0,17.54,2.62
1990-08-28 19:00:00+00:00,0.0,0.0,0.0,16.83,2.0
1990-08-28 20:00:00+00:00,0.0,0.0,0.0,16.1,1.93
1990-08-28 21:00:00+00:00,0.0,0.0,0.0,15.38,2.0
1990-08-28 22:00:00+00:00,0.0,0.0,0.0,14.93,1.93
1990-08-28 23:00:00+00:00,0.0,0.0,0.0,14.35,1.93
1990-08-29 00:00:00+00:00,0.0,0.0,0.0,13.87,1.86
1990-08-29 01:00:00+00:00,0.0,0.0,0.0,13.22,2.07
1990-08-29 02:00:00+00:00,0.0,0.0,0.0,12.99,2.34
1990-08-29 03:00:00+00:00,0.0,0.0,0.0,12.56,2.55
1990-08-29 04:00:00+00:00,0.0,0.0,0.0,12.49,2.62
1990-08-29 05:00:00+00:00,0.0,0.0,0.0,12.07,2.76
1990-08-29 06:00:00+00:00,72.0,128.87,54.0,11.87,2.97
1990-08-29 07:00:00+00:00,232.0,419.72,106.0,12.77,3.66
1990-08-29 08:00:00+00:00,405.0,634.81,120.0,14.23,4.0
1990-08-29 09:00:00+00:00,557.0,753.77,123.0,15.57,4.21
1990-08-29 10:00:00+00:00,658.0,755.92,150.0,16.64,4.07
1990-08-29 11:00:00+00:00,575.0,335.08,330.0,17.73,3.86
1990-08-29 12:00:00+00:00,480.0,144.17,372.0,18.4,3.59
1990-08-29 13:00:00+00:00,520.0,233.19,351.0,18.32,3.45
1990-08-29 14:00:00+00:00,584.0,529.1,235.0,18.43,3.66
1990-08-29 15:00:00+00:00,313.0,87.78,264.0,18.6,3.66
1990-08-29 16:00:00+00:00,387.0,641.04,113.0,18.46,3.86
1990-08-29 17:00:00+00:00,226.0,506.87,86.0,18.04,3.86
1990-08-29 18:00:00+00:00,69.0,235.14,42.0,17.3,3.72
1990-08-29 19:00:00+00:00,0.0,0.0,0.0,16.25,3.24
1990-08-29 20:00:00+00:00,0.0,0.0,0.0,15.28,3.03
1990-08-29 21:00:00+00:00,0.0,0.0,0.0,14.36,3.38
1990-08-29 22:00:00+00:00,0.0,0.0,0.0,13.77,3.66
1990-08-29 23:00:00+00:00,0.0,0.0,0.0,13.21,3.72
1990-08-30 00:00:00+00:00,0.0,0.0,0.0,12.78,3.59
1990-08-30 01:00:00+00:00,0.0,0.0,0.0,12.13,3.52
1990-08-30 02:00:00+00:00,0.0,0.0,0.0,11.61,3.45
1990-08-30 03:00:00+00:00,0.0,0.0,0.0,11.38,3.31
1990-08-30 04:00:00+00:00,0.0,0.0,0.0,11.44,3.03
1990-08-30 05:00:00+00:00,0.0,0.0,0.0,11.8,2.69
1990-08-30 06:00:00+00:00,56.0,58.91,48.0,12.02,2.55
1990-08-30 07:00:00+00:00,147.0,74.21,125.0,13.34,2.69
1990-08-30 08:00:00+00:00,217.0,53.9,193.0,14.72,3.24
1990-08-30 09:00:00+00:00,315.0,85.65,266.0,16.54,4.62
1990-08-30 10:00:00+00:00,606.0,598.59,206.0,17.79,4.62
1990-08-30 11:00:00+00:00,125.0,0.0,125.0,18.37,4.34
1990-08-30 12:00:00+00:00,150.0,0.0,150.0,18.32,4.28
1990-08-30 13:00:00+00:00,229.0,1.39,228.0,18.67,4.48
1990-08-30 14:00:00+00:00,282.0,19.85,269.0,18.9,4.21
1990-08-30 15:00:00+00:00,194.0,5.42,191.0,19.04,4.34
1990-08-30 16:00:00+00:00,167.0,16.58,160.0,18.9,4.14
1990-08-30 17:00:00+00:00,115.0,33.24,106.0,18.65,3.52
1990-08-30 18:00:00+00:00,32.0,9.16,31.0,18.28,3.17
1990-08-30 19:00:00+00:00,0.0,0.0,0.0,17.84,2.41
1990-08-30 20:00:00+00:00,0.0,0.0,0.0,17.3,2.34
1990-08-30 21:00:00+00:00,0.0,0.0,0.0,16.69,2.41
1990-08-30 22:00:00+00:00,0.0,0.0,0.0,16.1,2.55
1990-08-30 23:00:00+00:00,0.0,0.0,0.0,15.52,2.69
1990-08-31 00:00:00+00:00,0.0,0.0,0.0,14.9,2.69
1990-08-31 01:00:00+00:00,0.0,0.0,0.0,14.26,2.62
1990-08-31 02:00:00+00:00,0.0,0.0,0.0,13.96,2.48
1990-08-31 03:00:00+00:00,0.0,0.0,0.0,13.66,2.62
1990-08-31 04:00:00+00:00,0.0,0.0,0.0,13.29,3.03
1990-08-31 05:00:00+00:00,0.0,0.0,0.0,13.14,3.38
1990-08-31 06:00:00+00:00,53.0,53.07,46.0,13.13,3.45
1990-08-31 07:00:00+00:00,145.0,75.17,123.0,14.37,3.45
1990-08-31 08:00:00+00:00,209.0,45.3,189.0,15.64,4.76
1990-08-31 09:00:00+00:00,308.0,79.18,263.0,16.72,4.97
1990-08-31 10:00:00+00:00,138.0,0.0,138.0,17.68,5.03
1990-08-31 11:00:00+00:00,270.0,5.53,266.0,18.05,4.76
1990-08-31 12:00:00+00:00,415.0,79.65,356.0,18.51,4.97
1990-08-31 13:00:00+00:00,313.0,20.95,298.0,18.96,4.83
1990-08-31 14:00:00+00:00,270.0,15.38,260.0,19.17,4.76
1990-08-31 15:00:00+00:00,245.0,29.18,229.0,19.28,4.62
1990-08-31 16:00:00+00:00,246.0,129.52,192.0,18.28,4.01
1990-08-31 17:00:00+00:00,104.0,22.62,98.0,17.96,3.93
1990-08-31 18:00:00+00:00,55.0,154.6,39.0,17.63,3.85
1990-08-31 19:00:00+00:00,0.0,0.0,0.0,17.31,3.76
1990-08-31 20:00:00+00:00,0.0,0.0,0.0,16.98,3.68
1990-08-31 21:00:00+00:00,0.0,0.0,0.0,16.65,3.6
1990-08-31 22:00:00+00:00,0.0,0.0,0.0,16.33,3.52
1990-08-31 23:00:00+00:00,0.0,0.0,0.0,16.0,3.44
1990-09-01 00:00:00+00:00,0.0,0.0,0.0,15.68,3.36
1990-09-01 01:00:00+00:00,0.0,0.0,0.0,15.35,3.28
1990-09-01 02:00:00+00:00,0.0,0.0,0.0,15.02,3.2
1990-09-01 03:00:00+00:00,0.0,0.0,0.0,14.7,3.12
1990-09-01 04:00:00+00:00,0.0,0.0,0.0,14.37,3.04
1990-09-01 05:00:00+00:00,0.0,0.0,0.0,14.05,2.96
1990-09-01 06:00:00+00:00,56.0,70.33,47.0,13.72,2.88
1990-09-01 07:00:00+00:00,187.0,231.93,120.0,13.39,2.79
1990-09-01 08:00:00+00:00,358.0,468.27,153.0,16.62,3.03
1990-09-01 09:00:00+00:00,483.0,508.38,196.0,17.66,3.31
1990-09-01 10:00:00+00:00,378.0,95.38,315.0,18.34,3.31
1990-09-01 11:00:00+00:00,116.0,0.0,116.0,19.3,3.52
1990-09-01 12:00:00+00:00,111.0,0.0,111.0,19.45,3.17
1990-09-01 13:00:00+00:00,168.0,0.0,168.0,19.78,3.45
1990-09-01 14:00:00+00:00,79.0,0.0,79.0,19.85,3.66
1990-09-01 15:00:00+00:00,145.0,0.0,145.0,19.78,3.86
1990-09-01 16:00:00+00:00,180.0,31.58,167.0,19.27,3.79
1990-09-01 17:00:00+00:00,161.0,196.4,110.0,18.78,3.45
1990-09-01 18:00:00+00:00,30.0,10.23,29.0,18.25,2.9
1990-09-01 19:00:00+00:00,0.0,0.0,0.0,17.24,3.1
1990-09-01 20:00:00+00:00,0.0,0.0,0.0,16.73,3.17
1990-09-01 21:00:00+00:00,0.0,0.0,0.0,16.25,3.17
1990-09-01 22:00:00+00:00,0.0,0.0,0.0,15.78,3.03
1990-09-01 23:00:00+00:00,0.0,0.0,0.0,15.36,2.83
1990-09-02 00:00:00+00:00,0.0,0.0,0.0,14.78,2.76
1990-09-02 01:00:00+00:00,0.0,0.0,0.0,14.21,2.69
1990-09-02 02:00:00+00:00,0.0,0.0,0.0,13.65,2.69
1990-09-02 03:00:00+00:00,0.0,0.0,0.0,13.18,2.69
1990-09-02 04:00:00+00:00,0.0,0.0,0.0,12.91,2.69
1990-09-02 05:00:00+00:00,0.0,0.0,0.0,12.71,2.76
1990-09-02 06:00:00+00:00,46.0,40.31,41.0,12.79,2.83
1990-09-02 07:00:00+00:00,100.0,10.52,97.0,14.32,4.07
1990-09-02 08:00:00+00:00,159.0,9.22,155.0,15.66,4.55
1990-09-02 09:00:00+00:00,410.0,288.91,248.0,16.99,4.48
1990-09-02 10:00:00+00:00,562.0,493.46,238.0,17.98,4.62
1990-09-02 11:00:00+00:00,344.0,37.76,317.0,18.56,5.03
1990-09-02 12:00:00+00:00,309.0,16.39,297.0,19.1,5.45
1990-09-02 13:00:00+00:00,432.0,123.09,345.0,19.36,5.45
1990-09-02 14:00:00+00:00,152.0,0.0,152.0,19.6,5.45
1990-09-02 15:00:00+00:00,321.0,124.53,254.0,19.83,5.72
1990-09-02 16:00:00+00:00,158.0,14.77,152.0,19.65,5.45
1990-09-02 17:00:00+00:00,34.0,0.0,34.0,19.43,5.45
1990-09-02 18:00:00+00:00,8.0,0.0,8.0,18.79,4.83
1990-09-02 19:00:00+00:00,0.0,0.0,0.0,17.99,4.55
1990-09-02 20:00:00+00:00,0.0,0.0,0.0,17.64,4.48
1990-09-02 21:00:00+00:00,0.0,0.0,0.0,17.32,4.76
1990-09-02 22:00:00+00:00,0.0,0.0,0.0,17.18,4.97
1990-09-02 23:00:00+00:00,0.0,0.0,0.0,17.11,4.97
1990-09-03 00:00:00+00:00,0.0,0.0,0.0,17.07,4.83
1990-09-03 01:00:00+00:00,0.0,0.0,0.0,16.97,4.62
1990-09-03 02:00:00+00:00,0.0,0.0,0.0,16.58,4.34
1990-09-03 03:00:00+00:00,0.0,0.0,0.0,16.02,4.07
1990-09-03 04:00:00+00:00,0.0,0.0,0.0,15.37,3.79
1990-09-03 05:00:00+00:00,0.0,0.0,0.0,14.8,3.52
1990-09-03 06:00:00+00:00,33.0,8.33,32.0,14.36,3.59
1990-09-03 07:00:00+00:00,96.0,10.67,93.0,14.46,3.59
1990-09-03 08:00:00+00:00,169.0,16.27,162.0,14.81,4.34
1990-09-03 09:00:00+00:00,403.0,271.17,252.0,15.22,4.41
1990-09-03 10:00:00+00:00,514.0,353.96,283.0,15.74,4.41
1990-09-03 11:00:00+00:00,565.0,355.87,312.0,16.44,4.48
1990-09-03 12:00:00+00:00,635.0,498.75,272.0,17.0,4.69
1990-09-03 13:00:00+00:00,543.0,320.45,318.0,17.49,5.03
1990-09-03 14:00:00+00:00,444.0,221.83,303.0,17.43,5.03
1990-09-03 15:00:00+00:00,441.0,446.68,203.0,17.48,5.03
1990-09-03 16:00:00+00:00,157.0,14.97,151.0,17.16,4.69
1990-09-03 17:00:00+00:00,194.0,454.97,81.0,17.02,4.41
1990-09-03 18:00:00+00:00,31.0,34.84,28.0,16.37,3.45
1990-09-03 19:00:00+00:00,0.0,0.0,0.0,15.42,2.97
1990-09-03 20:00:00+00:00,0.0,0.0,0.0,14.5,2.97
1990-09-03 21:00:00+00:00,0.0,0.0,0.0,13.74,3.24
1990-09-03 22:00:00+00:00,0.0,0.0,0.0,13.28,3.72
1990-09-03 23:00:00+00:00,0.0,0.0,0.0,12.81,4.0
1990-09-04 00:00:00+00:00,0.0,0.0,0.0,12.39,3.79
1990-09-04 01:00:00+00:00,0.0,0.0,0.0,11.85,3.38
1990-09-04 02:00:00+00:00,0.0,0.0,0.0,11.33,3.1
1990-09-04 03:00:00+00:00,0.0,0.0,0.0,10.77,2.83
1990-09-04 04:00:00+00:00,0.0,0.0,0.0,10.26,2.69
1990-09-04 05:00:00+00:00,0.0,0.0,0.0,9.84,2.48
1990-09-04 06:00:00+00:00,79.0,370.33,36.0,9.61,2.28
1990-09-04 07:00:00+00:00,240.0,609.4,71.0,10.9,2.48
1990-09-04 08:00:00+00:00,396.0,699.01,98.0,12.52,2.48
1990-09-04 09:00:00+00:00,543.0,786.68,108.0,14.12,2.55
1990-09-04 10:00:00+00:00,541.0,430.16,262.0,15.27,2.34
1990-09-04 11:00:00+00:00,625.0,519.3,258.0,15.9,2.0
1990-09-04 12:00:00+00:00,627.0,479.69,280.0,16.19,1.86
1990-09-04 13:00:00+00:00,631.0,563.5,238.0,16.56,2.0
1990-09-04 14:00:00+00:00,554.0,521.69,225.0,16.96,2.48
1990-09-04 15:00:00+00:00,486.0,644.47,146.0,17.34,2.69
1990-09-04 16:00:00+00:00,357.0,645.21,102.0,17.45,2.55
1990-09-04 17:00:00+00:00,201.0,544.02,69.0,17.39,2.41
1990-09-04 18:00:00+00:00,37.0,99.74,29.0,16.8,1.79
1990-09-04 19:00:00+00:00,0.0,0.0,0.0,15.73,1.66
1990-09-04 20:00:00+00:00,0.0,0.0,0.0,14.07,1.59
1990-09-04 21:00:00+00:00,0.0,0.0,0.0,12.84,1.38
1990-09-04 22:00:00+00:00,0.0,0.0,0.0,12.54,1.24
1990-09-04 23:00:00+00:00,0.0,0.0,0.0,11.49,1.45
1990-09-05 00:00:00+00:00,0.0,0.0,0.0,10.49,1.72
1990-09-05 01:00:00+00:00,0.0,0.0,0.0,10.27,2.0
1990-09-05 02:00:00+00:00,0.0,0.0,0.0,10.51,2.21
1990-09-05 03:00:00+00:00,0.0,0.0,0.0,10.71,2.34
1990-09-05 04:00:00+00:00,0.0,0.0,0.0,11.03,2.34
1990-09-05 05:00:00+00:00,0.0,0.0,0.0,11.33,2.34
1990-09-05 06:00:00+00:00,44.0,53.51,38.0,11.5,2.21
1990-09-05 07:00:00+00:00,143.0,98.75,116.0,13.15,1.86
1990-09-05 08:00:00+00:00,235.0,104.16,191.0,14.91,1.93
1990-09-05 09:00:00+00:00,319.0,111.11,258.0,16.41,2.0
1990-09-05 10:00:00+00:00,472.0,274.62,295.0,17.73,2.07
1990-09-05 11:00:00+00:00,584.0,432.76,280.0,19.11,2.28
1990-09-05 12:00:00+00:00,575.0,370.01,309.0,20.26,2.55
1990-09-05 13:00:00+00:00,472.0,199.23,334.0,20.92,2.55
1990-09-05 14:00:00+00:00,201.0,1.6,200.0,21.33,2.62
1990-09-05 15:00:00+00:00,162.0,1.91,161.0,21.47,2.9
1990-09-05 16:00:00+00:00,177.0,38.5,162.0,21.76,3.17
1990-09-05 17:00:00+00:00,152.0,232.21,97.0,21.35,2.9
1990-09-05 18:00:00+00:00,28.0,40.39,25.0,20.7,2.83
1990-09-05 19:00:00+00:00,0.0,0.0,0.0,19.5,2.69
1990-09-05 20:00:00+00:00,0.0,0.0,0.0,18.44,2.62
1990-09-05 21:00:00+00:00,0.0,0.0,0.0,17.53,2.69
1990-09-05 22:00:00+00:00,0.0,0.0,0.0,16.81,2.83
1990-09-05 23:00:00+00:00,0.0,0.0,0.0,16.16,3.03
1990-09-06 00:00:00+00:00,0.0,0.0,0.0,15.57,3.24
1990-09-06 01:00:00+00:00,0.0,0.0,0.0,15.02,3.24
1990-09-06 02:00:00+00:00,0.0,0.0,0.0,14.6,3.17
1990-09-06 03:00:00+00:00,0.0,0.0,0.0,14.16,3.17
1990-09-06 04:00:00+00:00,0.0,0.0,0.0,13.99,3.1
1990-09-06 05:00:00+00:00,0.0,0.0,0.0,13.81,3.03
1990-09-06 06:00:00+00:00,64.0,249.73,37.0,13.78,2.97
1990-09-06 07:00:00+00:00,208.0,456.41,85.0,15.14,3.66
1990-09-06 08:00:00+00:00,361.0,580.62,118.0,16.31,3.66
1990-09-06 09:00:00+00:00,516.0,735.73,115.0,17.87,3.17
1990-09-06 10:00:00+00:00,633.0,805.73,117.0,19.3,2.83
1990-09-06 11:00:00+00:00,705.0,842.21,117.0,20.53,2.69
1990-09-06 12:00:00+00:00,736.0,884.72,104.0,21.51,2.76
1990-09-06 13:00:00+00:00,502.0,264.59,320.0,22.01,2.97
1990-09-06 14:00:00+00:00,618.0,820.3,109.0,21.95,3.1
1990-09-06 15:00:00+00:00,466.0,628.78,141.0,22.02,3.31
1990-09-06 16:00:00+00:00,306.0,440.07,137.0,21.74,3.31
1990-09-06 17:00:00+00:00,185.0,506.43,68.0,21.48,3.31
1990-09-06 18:00:00+00:00,28.0,73.22,23.0,20.79,2.9
1990-09-06 19:00:00+00:00,0.0,0.0,0.0,19.88,2.55
1990-09-06 20:00:00+00:00,0.0,0.0,0.0,19.03,2.62
1990-09-06 21:00:00+00:00,0.0,0.0,0.0,18.25,2.69
1990-09-06 22:00:00+00:00,0.0,0.0,0.0,17.85,2.62
1990-09-06 23:00:00+00:00,0.0,0.0,0.0,17.49,2.41
1990-09-07 00:00:00+00:00,0.0,0.0,0.0,17.13,2.21
1990-09-07 01:00:00+00:00,0.0,0.0,0.0,16.61,2.0
1990-09-07 02:00:00+00:00,0.0,0.0,0.0,16.37,1.66
1990-09-07 03:00:00+00:00,0.0,0.0,0.0,15.97,1.59
1990-09-07 04:00:00+00:00,0.0,0.0,0.0,15.76,1.72
1990-09-07 05:00:00+00:00,0.0,0.0,0.0,15.71,1.86
1990-09-07 06:00:00+00:00,49.0,105.68,38.0,15.79,1.93
1990-09-07 07:00:00+00:00,119.0,48.96,106.0,16.3,1.45
1990-09-07 08:00:00+00:00,296.0,289.45,176.0,17.35,2.0
1990-09-07 09:00:00+00:00,456.0,489.82,191.0,18.19,1.93
1990-09-07 10:00:00+00:00,547.0,499.8,229.0,18.85,1.79
1990-09-07 11:00:00+00:00,549.0,357.45,301.0,19.77,1.86
1990-09-07 12:00:00+00:00,431.0,119.76,346.0,20.68,2.21
1990-09-07 13:00:00+00:00,493.0,251.84,321.0,21.34,2.48
1990-09-07 14:00:00+00:00,409.0,185.26,295.0,21.75,2.62
1990-09-07 15:00:00+00:00,457.0,600.26,150.0,21.92,2.48
1990-09-07 16:00:00+00:00,341.0,658.11,92.0,21.88,2.28
1990-09-07 17:00:00+00:00,177.0,488.56,67.0,21.57,1.93
1990-09-07 18:00:00+00:00,24.0,64.23,20.0,20.61,1.31
1990-09-07 19:00:00+00:00,0.0,0.0,0.0,19.24,1.59
1990-09-07 20:00:00+00:00,0.0,0.0,0.0,17.86,2.07
1990-09-07 21:00:00+00:00,0.0,0.0,0.0,17.07,2.41
1990-09-07 22:00:00+00:00,0.0,0.0,0.0,16.42,2.62
1990-09-07 23:00:00+00:00,0.0,0.0,0.0,15.82,2.76
1990-09-08 00:00:00+00:00,0.0,0.0,0.0,15.29,2.83
1990-09-08 01:00:00+00:00,0.0,0.0,0.0,14.62,2.83
1990-09-08 02:00:00+00:00,0.0,0.0,0.0,14.13,2.83
1990-09-08 03:00:00+00:00,0.0,0.0,0.0,13.55,2.9
1990-09-08 04:00:00+00:00,0.0,0.0,0.0,13.03,3.17
1990-09-08 05:00:00+00:00,0.0,0.0,0.0,12.47,3.17
1990-09-08 06:00:00+00:00,44.0,79.96,36.0,12.12,2.97
1990-09-08 07:00:00+00:00,108.0,30.58,100.0,12.68,3.1
1990-09-08 08:00:00+00:00,152.0,9.74,148.0,13.69,3.17
1990-09-08 09:00:00+00:00,169.0,1.86,168.0,14.93,3.03
1990-09-08 10:00:00+00:00,195.0,0.0,195.0,16.43,2.97
1990-09-08 11:00:00+00:00,314.0,26.11,296.0,17.8,2.83
1990-09-08 12:00:00+00:00,683.0,713.38,180.0,18.97,2.9
1990-09-08 13:00:00+00:00,694.0,850.96,117.0,19.79,3.1
1990-09-08 14:00:00+00:00,627.0,865.38,99.0,20.33,3.31
1990-09-08 15:00:00+00:00,477.0,699.65,123.0,20.5,3.31
1990-09-08 16:00:00+00:00,322.0,560.87,113.0,20.45,3.24
1990-09-08 17:00:00+00:00,134.0,191.57,92.0,20.03,3.1
1990-09-08 18:00:00+00:00,19.0,35.57,17.0,19.16,2.55
1990-09-08 19:00:00+00:00,0.0,0.0,0.0,17.29,2.83
1990-09-08 20:00:00+00:00,0.0,0.0,0.0,16.86,2.76
1990-09-08 21:00:00+00:00,0.0,0.0,0.0,16.49,2.69
1990-09-08 22:00:00+00:00,0.0,0.0,0.0,16.17,2.41
1990-09-08 23:00:00+00:00,0.0,0.0,0.0,16.02,2.14
1990-09-09 00:00:00+00:00,0.0,0.0,0.0,15.83,2.0
1990-09-09 01:00:00+00:00,0.0,0.0,0.0,15.64,1.93
1990-09-09 02:00:00+00:00,0.0,0.0,0.0,15.53,1.93
1990-09-09 03:00:00+00:00,0.0,0.0,0.0,15.16,2.07
1990-09-09 04:00:00+00:00,0.0,0.0,0.0,15.11,2.07
1990-09-09 05:00:00+00:00,0.0,0.0,0.0,14.99,2.14
1990-09-09 06:00:00+00:00,38.0,62.5,32.0,14.99,2.14
1990-09-09 07:00:00+00:00,140.0,120.35,109.0,15.04,2.41
1990-09-09 08:00:00+00:00,242.0,137.73,186.0,15.63,2.55
1990-09-09 09:00:00+00:00,293.0,84.45,248.0,16.26,2.55
1990-09-09 10:00:00+00:00,318.0,50.97,286.0,17.31,2.28
1990-09-09 11:00:00+00:00,697.0,845.32,118.0,18.31,1.72
1990-09-09 12:00:00+00:00,377.0,65.68,331.0,18.61,1.1
1990-09-09 13:00:00+00:00,444.0,170.86,329.0,19.05,0.83
1990-09-09 14:00:00+00:00,411.0,198.39,291.0,19.31,0.9
1990-09-09 15:00:00+00:00,418.0,465.59,185.0,19.52,1.1
1990-09-09 16:00:00+00:00,204.0,106.31,165.0,19.46,1.31
1990-09-09 17:00:00+00:00,102.0,70.33,87.0,19.26,1.52
1990-09-09 18:00:00+00:00,17.0,39.89,15.0,18.7,1.93
1990-09-09 19:00:00+00:00,0.0,0.0,0.0,17.88,2.28
1990-09-09 20:00:00+00:00,0.0,0.0,0.0,17.19,2.48
1990-09-09 21:00:00+00:00,0.0,0.0,0.0,16.67,2.62
1990-09-09 22:00:00+00:00,0.0,0.0,0.0,16.2,2.83
1990-09-09 23:00:00+00:00,0.0,0.0,0.0,15.65,2.9
1990-09-10 00:00:00+00:00,0.0,0.0,0.0,15.18,3.03
1990-09-10 01:00:00+00:00,0.0,0.0,0.0,14.58,3.31
1990-09-10 02:00:00+00:00,0.0,0.0,0.0,14.2,3.24
1990-09-10 03:00:00+00:00,0.0,0.0,0.0,13.94,3.52
1990-09-10 04:00:00+00:00,0.0,0.0,0.0,13.78,3.38
1990-09-10 05:00:00+00:00,0.0,0.0,0.0,13.59,3.17
1990-09-10 06:00:00+00:00,5.0,0.0,5.0,13.59,3.38
1990-09-10 07:00:00+00:00,86.0,11.83,83.0,14.39,3.38
1990-09-10 08:00:00+00:00,321.0,429.77,148.0,15.7,4.41
1990-09-10 09:00:00+00:00,425.0,404.74,211.0,17.14,5.59
1990-09-10 10:00:00+00:00,524.0,450.67,243.0,18.08,5.66
1990-09-10 11:00:00+00:00,238.0,2.94,236.0,18.48,5.72
1990-09-10 12:00:00+00:00,184.0,0.0,184.0,18.93,5.59
1990-09-10 13:00:00+00:00,562.0,443.08,266.0,19.41,5.79
1990-09-10 14:00:00+00:00,562.0,670.49,160.0,19.52,5.79
1990-09-10 15:00:00+00:00,427.0,525.4,167.0,19.22,5.66
1990-09-10 16:00:00+00:00,327.0,659.18,89.0,18.73,5.52
1990-09-10 17:00:00+00:00,167.0,511.38,61.0,17.86,4.83
1990-09-10 18:00:00+00:00,16.0,45.44,14.0,16.98,4.69
1990-09-10 19:00:00+00:00,0.0,0.0,0.0,16.34,4.14
1990-09-10 20:00:00+00:00,0.0,0.0,0.0,15.27,4.21
1990-09-10 21:00:00+00:00,0.0,0.0,0.0,14.41,4.21
1990-09-10 22:00:00+00:00,0.0,0.0,0.0,13.76,4.07
1990-09-10 23:00:00+00:00,0.0,0.0,0.0,13.09,3.93
1990-09-11 00:00:00+00:00,0.0,0.0,0.0,12.45,3.86
1990-09-11 01:00:00+00:00,0.0,0.0,0.0,12.03,3.86
1990-09-11 02:00:00+00:00,0.0,0.0,0.0,11.67,3.72
1990-09-11 03:00:00+00:00,0.0,0.0,0.0,11.21,3.45
1990-09-11 04:00:00+00:00,0.0,0.0,0.0,10.8,3.03
1990-09-11 05:00:00+00:00,0.0,0.0,0.0,10.42,2.69
1990-09-11 06:00:00+00:00,51.0,261.88,28.0,10.13,2.48
1990-09-11 07:00:00+00:00,207.0,549.08,70.0,10.95,2.34
1990-09-11 08:00:00+00:00,362.0,662.54,98.0,12.58,2.48
1990-09-11 09:00:00+00:00,507.0,753.01,112.0,14.06,2.34
1990-09-11 10:00:00+00:00,617.0,801.06,121.0,15.43,2.14
1990-09-11 11:00:00+00:00,677.0,804.86,133.0,16.52,1.86
1990-09-11 12:00:00+00:00,714.0,868.53,114.0,17.28,1.79
1990-09-11 13:00:00+00:00,660.0,788.88,137.0,17.69,1.93
1990-09-11 14:00:00+00:00,564.0,688.32,155.0,18.01,2.21
1990-09-11 15:00:00+00:00,462.0,705.19,117.0,17.87,2.48
1990-09-11 16:00:00+00:00,298.0,512.38,116.0,17.63,2.69
1990-09-11 17:00:00+00:00,162.0,506.83,60.0,17.26,2.9
1990-09-11 18:00:00+00:00,11.0,0.0,11.0,16.71,2.69
1990-09-11 19:00:00+00:00,0.0,0.0,0.0,16.27,1.31
1990-09-11 20:00:00+00:00,0.0,0.0,0.0,14.38,1.59
1990-09-11 21:00:00+00:00,0.0,0.0,0.0,13.42,2.21
1990-09-11 22:00:00+00:00,0.0,0.0,0.0,13.21,2.76
1990-09-11 23:00:00+00:00,0.0,0.0,0.0,12.99,2.69
1990-09-12 00:00:00+00:00,0.0,0.0,0.0,12.76,2.55
1990-09-12 01:00:00+00:00,0.0,0.0,0.0,12.4,2.41
1990-09-12 02:00:00+00:00,0.0,0.0,0.0,11.91,2.41
1990-09-12 03:00:00+00:00,0.0,0.0,0.0,11.76,2.41
1990-09-12 04:00:00+00:00,0.0,0.0,0.0,11.44,2.41
1990-09-12 05:00:00+00:00,0.0,0.0,0.0,11.23,2.41
1990-09-12 06:00:00+00:00,45.0,191.11,29.0,11.12,2.48
1990-09-12 07:00:00+00:00,193.0,476.69,76.0,11.73,2.41
1990-09-12 08:00:00+00:00,349.0,613.64,107.0,13.49,2.48
1990-09-12 09:00:00+00:00,490.0,703.37,124.0,15.4,2.62
1990-09-12 10:00:00+00:00,608.0,787.24,124.0,16.78,2.34
1990-09-12 11:00:00+00:00,645.0,701.63,174.0,18.07,2.21
1990-09-12 12:00:00+00:00,569.0,411.1,287.0,19.12,2.21
1990-09-12 13:00:00+00:00,459.0,212.82,319.0,19.47,1.86
1990-09-12 14:00:00+00:00,137.0,0.0,137.0,19.56,1.59
1990-09-12 15:00:00+00:00,291.0,128.22,229.0,19.36,1.17
1990-09-12 16:00:00+00:00,145.0,22.9,137.0,19.09,0.76
1990-09-12 17:00:00+00:00,128.0,261.29,77.0,18.75,0.34
1990-09-12 18:00:00+00:00,9.0,0.0,9.0,18.27,0.62
1990-09-12 19:00:00+00:00,0.0,0.0,0.0,17.55,0.97
1990-09-12 20:00:00+00:00,0.0,0.0,0.0,16.83,1.59
1990-09-12 21:00:00+00:00,0.0,0.0,0.0,16.1,1.72
1990-09-12 22:00:00+00:00,0.0,0.0,0.0,15.12,1.86
1990-09-12 23:00:00+00:00,0.0,0.0,0.0,14.29,1.93
1990-09-13 00:00:00+00:00,0.0,0.0,0.0,13.79,2.0
1990-09-13 01:00:00+00:00,0.0,0.0,0.0,13.49,2.0
1990-09-13 02:00:00+00:00,0.0,0.0,0.0,13.14,1.93
1990-09-13 03:00:00+00:00,0.0,0.0,0.0,12.94,1.93
1990-09-13 04:00:00+00:00,0.0,0.0,0.0,12.45,2.0
1990-09-13 05:00:00+00:00,0.0,0.0,0.0,12.25,2.0
1990-09-13 06:00:00+00:00,40.0,163.32,27.0,11.93,2.0
1990-09-13 07:00:00+00:00,157.0,244.46,98.0,12.77,1.79
1990-09-13 08:00:00+00:00,337.0,561.2,118.0,15.07,1.86
1990-09-13 09:00:00+00:00,464.0,594.84,157.0,16.78,2.0
1990-09-13 10:00:00+00:00,389.0,150.72,297.0,17.98,2.41
1990-09-13 11:00:00+00:00,383.0,90.0,323.0,18.94,3.03
1990-09-13 12:00:00+00:00,404.0,102.78,334.0,19.51,3.17
1990-09-13 13:00:00+00:00,573.0,508.7,241.0,19.61,3.17
1990-09-13 14:00:00+00:00,578.0,790.28,117.0,19.74,3.1
1990-09-13 15:00:00+00:00,455.0,721.99,110.0,19.6,2.69
1990-09-13 16:00:00+00:00,305.0,620.3,92.0,19.26,2.28
1990-09-13 17:00:00+00:00,142.0,417.79,63.0,18.6,2.28
1990-09-13 18:00:00+00:00,6.0,0.0,6.0,17.5,2.0
1990-09-13 19:00:00+00:00,0.0,0.0,0.0,16.17,1.66
1990-09-13 20:00:00+00:00,0.0,0.0,0.0,14.93,1.52
1990-09-13 21:00:00+00:00,0.0,0.0,0.0,13.73,1.59
1990-09-13 22:00:00+00:00,0.0,0.0,0.0,13.08,1.38
1990-09-13 23:00:00+00:00,0.0,0.0,0.0,12.04,1.72
1990-09-14 00:00:00+00:00,0.0,0.0,0.0,11.57,2.07
1990-09-14 01:00:00+00:00,0.0,0.0,0.0,11.46,2.34
1990-09-14 02:00:00+00:00,0.0,0.0,0.0,11.68,2.34
1990-09-14 03:00:00+00:00,0.0,0.0,0.0,11.89,2.34
1990-09-14 04:00:00+00:00,0.0,0.0,0.0,12.25,2.48
1990-09-14 05:00:00+00:00,0.0,0.0,0.0,12.62,2.55
1990-09-14 06:00:00+00:00,38.0,172.28,25.0,12.92,2.69
1990-09-14 07:00:00+00:00,183.0,459.46,74.0,13.64,2.9
1990-09-14 08:00:00+00:00,323.0,520.63,122.0,15.07,3.86
1990-09-14 09:00:00+00:00,361.0,254.0,231.0,16.64,5.38
1990-09-14 10:00:00+00:00,344.0,92.42,288.0,17.95,5.38
1990-09-14 11:00:00+00:00,464.0,223.58,316.0,18.99,5.03
1990-09-14 12:00:00+00:00,378.0,81.35,323.0,19.76,5.03
1990-09-14 13:00:00+00:00,310.0,37.07,286.0,19.91,5.03
1990-09-14 14:00:00+00:00,335.0,103.84,275.0,19.9,5.03
1990-09-14 15:00:00+00:00,250.0,74.14,215.0,19.58,4.48
1990-09-14 16:00:00+00:00,286.0,554.21,99.0,19.56,4.83
1990-09-14 17:00:00+00:00,136.0,420.84,59.0,18.94,4.28
1990-09-14 18:00:00+00:00,0.0,0.0,0.0,18.16,4.0
1990-09-14 19:00:00+00:00,0.0,0.0,0.0,17.38,3.52
1990-09-14 20:00:00+00:00,0.0,0.0,0.0,16.55,3.17
1990-09-14 21:00:00+00:00,0.0,0.0,0.0,15.53,3.03
1990-09-14 22:00:00+00:00,0.0,0.0,0.0,14.46,3.03
1990-09-14 23:00:00+00:00,0.0,0.0,0.0,13.6,2.97
1990-09-15 00:00:00+00:00,0.0,0.0,0.0,12.86,2.9
1990-09-15 01:00:00+00:00,0.0,0.0,0.0,12.23,2.69
1990-09-15 02:00:00+00:00,0.0,0.0,0.0,11.6,2.41
1990-09-15 03:00:00+00:00,0.0,0.0,0.0,11.05,2.28
1990-09-15 04:00:00+00:00,0.0,0.0,0.0,10.62,2.28
1990-09-15 05:00:00+00:00,0.0,0.0,0.0,10.26,2.41
1990-09-15 06:00:00+00:00,40.0,238.41,23.0,10.01,2.41
1990-09-15 07:00:00+00:00,191.0,536.26,66.0,10.56,2.41
1990-09-15 08:00:00+00:00,344.0,644.19,98.0,12.31,2.28
1990-09-15 09:00:00+00:00,484.0,727.09,115.0,14.17,1.93
1990-09-15 10:00:00+00:00,593.0,776.5,126.0,15.77,1.38
1990-09-15 11:00:00+00:00,651.0,774.47,142.0,16.96,1.1
1990-09-15 12:00:00+00:00,664.0,765.89,150.0,17.84,1.17
1990-09-15 13:00:00+00:00,635.0,769.3,141.0,18.39,1.45
1990-09-15 14:00:00+00:00,558.0,753.12,127.0,18.73,1.72
1990-09-15 15:00:00+00:00,441.0,709.84,110.0,18.78,2.0
1990-09-15 16:00:00+00:00,293.0,615.54,89.0,18.64,2.21
1990-09-15 17:00:00+00:00,133.0,424.16,58.0,18.19,2.21
1990-09-15 18:00:00+00:00,0.0,0.0,0.0,17.25,2.14
1990-09-15 19:00:00+00:00,0.0,0.0,0.0,15.68,2.41
1990-09-15 20:00:00+00:00,0.0,0.0,0.0,14.78,2.55
1990-09-15 21:00:00+00:00,0.0,0.0,0.0,14.1,2.48
1990-09-15 22:00:00+00:00,0.0,0.0,0.0,13.49,2.41
1990-09-15 23:00:00+00:00,0.0,0.0,0.0,12.93,2.28
1990-09-16 00:00:00+00:00,0.0,0.0,0.0,12.43,2.14
1990-09-16 01:00:00+00:00,0.0,0.0,0.0,12.13,2.21
1990-09-16 02:00:00+00:00,0.0,0.0,0.0,12.06,2.21
1990-09-16 03:00:00+00:00,0.0,0.0,0.0,12.12,2.21
1990-09-16 04:00:00+00:00,0.0,0.0,0.0,12.12,2.34
1990-09-16 05:00:00+00:00,0.0,0.0,0.0,12.35,2.48
1990-09-16 06:00:00+00:00,34.0,178.74,22.0,12.56,2.83
1990-09-16 07:00:00+00:00,147.0,240.24,92.0,12.91,2.69
1990-09-16 08:00:00+00:00,293.0,397.19,143.0,14.36,4.21
1990-09-16 09:00:00+00:00,395.0,377.62,205.0,15.17,5.66
1990-09-16 10:00:00+00:00,339.0,92.15,284.0,15.6,6.21
1990-09-16 11:00:00+00:00,427.0,167.06,318.0,16.04,6.34
1990-09-16 12:00:00+00:00,649.0,749.17,150.0,16.72,6.34
1990-09-16 13:00:00+00:00,518.0,395.71,266.0,17.51,6.48
1990-09-16 14:00:00+00:00,98.0,0.0,98.0,17.96,6.9
1990-09-16 15:00:00+00:00,113.0,0.0,113.0,17.57,7.93
1990-09-16 16:00:00+00:00,94.0,0.0,94.0,17.27,8.21
1990-09-16 17:00:00+00:00,93.0,134.78,70.0,17.23,7.45
1990-09-16 18:00:00+00:00,0.0,0.0,0.0,16.77,6.62
1990-09-16 19:00:00+00:00,0.0,0.0,0.0,16.33,5.72
1990-09-16 20:00:00+00:00,0.0,0.0,0.0,15.92,5.38
1990-09-16 21:00:00+00:00,0.0,0.0,0.0,15.76,5.24
1990-09-16 22:00:00+00:00,0.0,0.0,0.0,15.7,5.24
1990-09-16 23:00:00+00:00,0.0,0.0,0.0,15.81,4.97
1990-09-17 00:00:00+00:00,0.0,0.0,0.0,15.87,3.86
1990-09-17 01:00:00+00:00,0.0,0.0,0.0,15.74,3.24
1990-09-17 02:00:00+00:00,0.0,0.0,0.0,15.31,3.38
1990-09-17 03:00:00+00:00,0.0,0.0,0.0,14.54,3.45
1990-09-17 04:00:00+00:00,0.0,0.0,0.0,13.73,3.17
1990-09-17 05:00:00+00:00,0.0,0.0,0.0,12.82,2.97
1990-09-17 06:00:00+00:00,10.0,0.0,10.0,12.27,2.9
1990-09-17 07:00:00+00:00,65.0,4.45,64.0,12.51,2.21
1990-09-17 08:00:00+00:00,122.0,2.68,121.0,13.26,2.55
1990-09-17 09:00:00+00:00,335.0,202.5,234.0,13.89,3.03
1990-09-17 10:00:00+00:00,393.0,180.65,286.0,14.73,3.17
1990-09-17 11:00:00+00:00,198.0,0.0,198.0,15.2,3.1
1990-09-17 12:00:00+00:00,341.0,52.95,306.0,15.06,3.31
1990-09-17 13:00:00+00:00,193.0,0.0,193.0,15.17,3.59
1990-09-17 14:00:00+00:00,364.0,165.75,271.0,15.19,3.86
1990-09-17 15:00:00+00:00,233.0,61.59,205.0,14.9,4.21
1990-09-17 16:00:00+00:00,92.0,0.0,92.0,13.64,4.76
1990-09-17 17:00:00+00:00,104.0,237.14,65.0,13.02,4.97
1990-09-17 18:00:00+00:00,0.0,0.0,0.0,12.56,4.9
1990-09-17 19:00:00+00:00,0.0,0.0,0.0,12.64,5.1
1990-09-17 20:00:00+00:00,0.0,0.0,0.0,11.92,5.66
1990-09-17 21:00:00+00:00,0.0,0.0,0.0,11.14,6.14
1990-09-17 22:00:00+00:00,0.0,0.0,0.0,10.49,5.86
1990-09-17 23:00:00+00:00,0.0,0.0,0.0,9.65,5.52
1990-09-18 00:00:00+00:00,0.0,0.0,0.0,9.02,5.59
1990-09-18 01:00:00+00:00,0.0,0.0,0.0,8.57,5.38
1990-09-18 02:00:00+00:00,0.0,0.0,0.0,8.19,5.17
1990-09-18 03:00:00+00:00,0.0,0.0,0.0,7.86,5.03
1990-09-18 04:00:00+00:00,0.0,0.0,0.0,7.58,5.1
1990-09-18 05:00:00+00:00,0.0,0.0,0.0,7.34,5.1
1990-09-18 06:00:00+00:00,31.0,221.26,18.0,7.12,4.9
1990-09-18 07:00:00+00:00,182.0,539.57,63.0,7.39,4.48
1990-09-18 08:00:00+00:00,335.0,647.5,96.0,8.44,5.1
1990-09-18 09:00:00+00:00,476.0,728.26,116.0,9.77,4.9
1990-09-18 10:00:00+00:00,588.0,791.27,123.0,11.16,4.55
1990-09-18 11:00:00+00:00,650.0,802.79,134.0,12.26,4.28
1990-09-18 12:00:00+00:00,666.0,809.63,135.0,13.05,3.59
1990-09-18 13:00:00+00:00,507.0,365.77,278.0,13.54,3.24
1990-09-18 14:00:00+00:00,342.0,126.03,272.0,13.9,3.66
1990-09-18 15:00:00+00:00,364.0,401.14,184.0,14.04,3.86
1990-09-18 16:00:00+00:00,280.0,622.49,85.0,13.93,4.0
1990-09-18 17:00:00+00:00,107.0,290.68,61.0,13.47,3.72
1990-09-18 18:00:00+00:00,0.0,0.0,0.0,12.83,3.17
1990-09-18 19:00:00+00:00,0.0,0.0,0.0,12.43,2.83
1990-09-18 20:00:00+00:00,0.0,0.0,0.0,11.81,2.9
1990-09-18 21:00:00+00:00,0.0,0.0,0.0,11.08,3.52
1990-09-18 22:00:00+00:00,0.0,0.0,0.0,10.4,3.52
1990-09-18 23:00:00+00:00,0.0,0.0,0.0,9.88,2.83
1990-09-19 00:00:00+00:00,0.0,0.0,0.0,9.6,2.55
1990-09-19 01:00:00+00:00,0.0,0.0,0.0,9.72,3.1
1990-09-19 02:00:00+00:00,0.0,0.0,0.0,10.41,3.59
1990-09-19 03:00:00+00:00,0.0,0.0,0.0,10.77,3.86
1990-09-19 04:00:00+00:00,0.0,0.0,0.0,10.95,4.07
1990-09-19 05:00:00+00:00,0.0,0.0,0.0,11.06,4.34
1990-09-19 06:00:00+00:00,15.0,18.33,14.0,11.4,4.48
1990-09-19 07:00:00+00:00,107.0,87.83,88.0,12.24,4.62
1990-09-19 08:00:00+00:00,235.0,197.37,163.0,13.06,5.03
1990-09-19 09:00:00+00:00,161.0,2.04,160.0,13.89,5.03
1990-09-19 10:00:00+00:00,307.0,65.18,269.0,14.87,6.0
1990-09-19 11:00:00+00:00,194.0,0.0,194.0,16.04,7.45
1990-09-19 12:00:00+00:00,220.0,1.54,219.0,17.02,7.72
1990-09-19 13:00:00+00:00,77.0,0.0,77.0,16.99,7.03
1990-09-19 14:00:00+00:00,96.0,0.0,96.0,16.91,7.31
1990-09-19 15:00:00+00:00,137.0,2.26,136.0,17.11,7.72
1990-09-19 16:00:00+00:00,114.0,13.02,110.0,17.16,8.0
1990-09-19 17:00:00+00:00,72.0,78.94,60.0,16.49,6.55
1990-09-19 18:00:00+00:00,0.0,0.0,0.0,15.82,6.07
1990-09-19 19:00:00+00:00,0.0,0.0,0.0,15.42,6.21
1990-09-19 20:00:00+00:00,0.0,0.0,0.0,15.05,6.21
1990-09-19 21:00:00+00:00,0.0,0.0,0.0,14.78,6.14
1990-09-19 22:00:00+00:00,0.0,0.0,0.0,14.62,6.0
1990-09-19 23:00:00+00:00,0.0,0.0,0.0,14.56,5.93
1990-09-20 00:00:00+00:00,0.0,0.0,0.0,14.75,6.0
1990-09-20 01:00:00+00:00,0.0,0.0,0.0,14.65,5.93
1990-09-20 02:00:00+00:00,0.0,0.0,0.0,14.61,5.72
1990-09-20 03:00:00+00:00,0.0,0.0,0.0,14.71,5.93
1990-09-20 04:00:00+00:00,0.0,0.0,0.0,14.78,5.86
1990-09-20 05:00:00+00:00,0.0,0.0,0.0,14.88,5.93
1990-09-20 06:00:00+00:00,21.0,119.25,15.0,14.91,5.86
1990-09-20 07:00:00+00:00,158.0,419.68,69.0,15.11,6.21
1990-09-20 08:00:00+00:00,113.0,2.77,112.0,15.99,7.03
1990-09-20 09:00:00+00:00,213.0,26.78,200.0,17.04,8.14
1990-09-20 10:00:00+00:00,289.0,50.15,260.0,17.61,7.93
1990-09-20 11:00:00+00:00,468.0,276.5,293.0,18.08,8.14
1990-09-20 12:00:00+00:00,270.0,15.49,260.0,17.96,8.0
1990-09-20 13:00:00+00:00,122.0,0.0,122.0,17.91,8.34
1990-09-20 14:00:00+00:00,178.0,1.84,177.0,18.01,8.41
1990-09-20 15:00:00+00:00,220.0,59.52,194.0,17.76,7.31
1990-09-20 16:00:00+00:00,147.0,63.12,128.0,17.56,7.66
1990-09-20 17:00:00+00:00,17.0,0.0,17.0,17.13,6.62
1990-09-20 18:00:00+00:00,0.0,0.0,0.0,16.74,6.34
1990-09-20 19:00:00+00:00,0.0,0.0,0.0,16.21,5.24
1990-09-20 20:00:00+00:00,0.0,0.0,0.0,16.07,5.24
1990-09-20 21:00:00+00:00,0.0,0.0,0.0,16.09,5.93
1990-09-20 22:00:00+00:00,0.0,0.0,0.0,16.0,5.86
1990-09-20 23:00:00+00:00,0.0,0.0,0.0,16.02,5.72
1990-09-21 00:00:00+00:00,0.0,0.0,0.0,15.88,5.59
1990-09-21 01:00:00+00:00,0.0,0.0,0.0,15.74,5.45
1990-09-21 02:00:00+00:00,0.0,0.0,0.0,15.62,5.31
1990-09-21 03:00:00+00:00,0.0,0.0,0.0,15.47,5.38
1990-09-21 04:00:00+00:00,0.0,0.0,0.0,15.34,5.52
1990-09-21 05:00:00+00:00,0.0,0.0,0.0,15.25,5.52
1990-09-21 06:00:00+00:00,16.0,65.12,13.0,15.1,5.17
1990-09-21 07:00:00+00:00,92.0,52.94,81.0,15.12,5.52
1990-09-21 08:00:00+00:00,56.0,0.0,56.0,15.64,6.28
1990-09-21 09:00:00+00:00,356.0,305.71,209.0,16.22,7.66
1990-09-21 10:00:00+00:00,249.0,22.67,236.0,16.72,8.07
1990-09-21 11:00:00+00:00,380.0,119.44,305.0,16.77,8.0
1990-09-21 12:00:00+00:00,485.0,301.45,292.0,17.26,7.86
1990-09-21 13:00:00+00:00,377.0,132.86,296.0,17.27,7.45
1990-09-21 14:00:00+00:00,232.0,22.3,220.0,17.15,6.97
1990-09-21 15:00:00+00:00,240.0,95.15,199.0,16.97,6.76
1990-09-21 16:00:00+00:00,32.0,0.0,32.0,16.81,6.34
1990-09-21 17:00:00+00:00,25.0,0.0,25.0,16.59,5.52
1990-09-21 18:00:00+00:00,0.0,0.0,0.0,16.37,4.83
1990-09-21 19:00:00+00:00,0.0,0.0,0.0,16.32,3.72
1990-09-21 20:00:00+00:00,0.0,0.0,0.0,16.08,3.45
1990-09-21 21:00:00+00:00,0.0,0.0,0.0,15.9,3.31
1990-09-21 22:00:00+00:00,0.0,0.0,0.0,15.64,3.03
1990-09-21 23:00:00+00:00,0.0,0.0,0.0,15.34,2.76
1990-09-22 00:00:00+00:00,0.0,0.0,0.0,14.87,2.62
1990-09-22 01:00:00+00:00,0.0,0.0,0.0,14.74,2.41
1990-09-22 02:00:00+00:00,0.0,0.0,0.0,14.38,2.41
1990-09-22 03:00:00+00:00,0.0,0.0,0.0,14.03,2.28
1990-09-22 04:00:00+00:00,0.0,0.0,0.0,13.78,2.07
1990-09-22 05:00:00+00:00,0.0,0.0,0.0,13.76,1.79
1990-09-22 06:00:00+00:00,16.0,95.66,12.0,13.87,1.38
1990-09-22 07:00:00+00:00,129.0,235.87,81.0,14.13,0.97
1990-09-22 08:00:00+00:00,158.0,36.96,145.0,14.31,1.31
1990-09-22 09:00:00+00:00,207.0,25.2,195.0,14.82,2.0
1990-09-22 10:00:00+00:00,188.0,1.76,187.0,16.13,2.34
1990-09-22 11:00:00+00:00,186.0,0.0,186.0,17.3,2.48
1990-09-22 12:00:00+00:00,163.0,0.0,163.0,18.51,2.83
1990-09-22 13:00:00+00:00,304.0,48.01,275.0,18.77,3.17
1990-09-22 14:00:00+00:00,326.0,133.35,255.0,18.62,3.38
1990-09-22 15:00:00+00:00,276.0,185.93,197.0,18.37,3.38
1990-09-22 16:00:00+00:00,245.0,564.53,82.0,18.08,3.38
1990-09-22 17:00:00+00:00,91.0,337.61,46.0,17.4,3.1
1990-09-22 18:00:00+00:00,0.0,0.0,0.0,16.3,2.97
1990-09-22 19:00:00+00:00,0.0,0.0,0.0,15.29,2.62
1990-09-22 20:00:00+00:00,0.0,0.0,0.0,14.47,2.48
1990-09-22 21:00:00+00:00,0.0,0.0,0.0,13.9,2.48
1990-09-22 22:00:00+00:00,0.0,0.0,0.0,13.58,2.69
1990-09-22 23:00:00+00:00,0.0,0.0,0.0,13.35,2.83
1990-09-23 00:00:00+00:00,0.0,0.0,0.0,13.31,3.1
1990-09-23 01:00:00+00:00,0.0,0.0,0.0,13.39,3.31
1990-09-23 02:00:00+00:00,0.0,0.0,0.0,13.58,3.31
1990-09-23 03:00:00+00:00,0.0,0.0,0.0,13.78,3.31
1990-09-23 04:00:00+00:00,0.0,0.0,0.0,13.94,3.52
1990-09-23 05:00:00+00:00,0.0,0.0,0.0,14.03,3.72
1990-09-23 06:00:00+00:00,7.0,0.0,7.0,14.28,3.86
1990-09-23 07:00:00+00:00,96.0,80.33,80.0,15.1,4.21
1990-09-23 08:00:00+00:00,226.0,210.22,153.0,15.93,5.72
1990-09-23 09:00:00+00:00,273.0,112.36,220.0,17.01,6.62
1990-09-23 10:00:00+00:00,225.0,12.41,218.0,17.31,6.62
1990-09-23 11:00:00+00:00,257.0,14.57,248.0,17.77,6.9
1990-09-23 12:00:00+00:00,357.0,87.35,302.0,17.9,7.03
1990-09-23 13:00:00+00:00,275.0,30.07,257.0,17.96,7.24
1990-09-23 14:00:00+00:00,180.0,3.8,178.0,17.74,7.24
1990-09-23 15:00:00+00:00,180.0,26.26,169.0,17.7,7.1
1990-09-23 16:00:00+00:00,34.0,0.0,34.0,17.3,6.34
1990-09-23 17:00:00+00:00,9.0,0.0,9.0,16.98,5.59
1990-09-23 18:00:00+00:00,0.0,0.0,0.0,16.91,6.0
1990-09-23 19:00:00+00:00,0.0,0.0,0.0,16.51,6.21
1990-09-23 20:00:00+00:00,0.0,0.0,0.0,16.67,6.48
1990-09-23 21:00:00+00:00,0.0,0.0,0.0,16.54,6.41
1990-09-23 22:00:00+00:00,0.0,0.0,0.0,16.3,6.14
1990-09-23 23:00:00+00:00,0.0,0.0,0.0,16.28,6.34
1990-09-24 00:00:00+00:00,0.0,0.0,0.0,16.33,6.62
1990-09-24 01:00:00+00:00,0.0,0.0,0.0,16.44,7.1
1990-09-24 02:00:00+00:00,0.0,0.0,0.0,16.48,7.38
1990-09-24 03:00:00+00:00,0.0,0.0,0.0,16.41,8.07
1990-09-24 04:00:00+00:00,0.0,0.0,0.0,16.55,9.72
1990-09-24 05:00:00+00:00,0.0,0.0,0.0,16.54,10.62
1990-09-24 06:00:00+00:00,6.0,0.0,6.0,15.82,10.34
1990-09-24 07:00:00+00:00,69.0,15.4,66.0,13.29,8.83
1990-09-24 08:00:00+00:00,311.0,673.85,80.0,11.41,5.93
1990-09-24 09:00:00+00:00,434.0,689.42,112.0,11.81,6.76
1990-09-24 10:00:00+00:00,526.0,688.56,141.0,13.47,7.17
1990-09-24 11:00:00+00:00,566.0,626.67,182.0,14.93,7.72
1990-09-24 12:00:00+00:00,459.0,269.11,291.0,15.81,9.03
1990-09-24 13:00:00+00:00,572.0,735.35,136.0,15.95,8.97
1990-09-24 14:00:00+00:00,483.0,660.53,139.0,15.81,8.28
1990-09-24 15:00:00+00:00,391.0,724.26,92.0,15.85,7.79
1990-09-24 16:00:00+00:00,149.0,101.3,121.0,15.38,7.17
1990-09-24 17:00:00+00:00,75.0,248.4,45.0,14.69,6.28
1990-09-24 18:00:00+00:00,0.0,0.0,0.0,13.71,5.93
1990-09-24 19:00:00+00:00,0.0,0.0,0.0,12.71,5.72
1990-09-24 20:00:00+00:00,0.0,0.0,0.0,12.35,5.45
1990-09-24 21:00:00+00:00,0.0,0.0,0.0,12.13,5.31
1990-09-24 22:00:00+00:00,0.0,0.0,0.0,11.91,5.24
1990-09-24 23:00:00+00:00,0.0,0.0,0.0,11.85,5.31
1990-09-25 00:00:00+00:00,0.0,0.0,0.0,11.82,5.31
1990-09-25 01:00:00+00:00,0.0,0.0,0.0,11.81,5.24
1990-09-25 02:00:00+00:00,0.0,0.0,0.0,11.68,5.03
1990-09-25 03:00:00+00:00,0.0,0.0,0.0,11.59,4.9
1990-09-25 04:00:00+00:00,0.0,0.0,0.0,11.33,4.83
1990-09-25 05:00:00+00:00,0.0,0.0,0.0,11.05,4.83
1990-09-25 06:00:00+00:00,7.0,0.0,7.0,10.81,4.76
1990-09-25 07:00:00+00:00,146.0,461.96,58.0,11.16,4.41
1990-09-25 08:00:00+00:00,298.0,608.88,92.0,12.12,4.41
1990-09-25 09:00:00+00:00,428.0,657.44,124.0,13.31,5.52
1990-09-25 10:00:00+00:00,394.0,236.35,263.0,14.22,5.31
1990-09-25 11:00:00+00:00,452.0,273.19,286.0,15.16,4.83
1990-09-25 12:00:00+00:00,401.0,153.5,306.0,15.46,4.34
1990-09-25 13:00:00+00:00,528.0,551.7,204.0,15.59,4.14
1990-09-25 14:00:00+00:00,473.0,617.56,155.0,15.93,3.93
1990-09-25 15:00:00+00:00,34.0,0.0,34.0,15.08,3.66
1990-09-25 16:00:00+00:00,27.0,0.0,27.0,14.75,3.52
1990-09-25 17:00:00+00:00,78.0,331.83,40.0,14.57,4.07
1990-09-25 18:00:00+00:00,0.0,0.0,0.0,13.98,4.55
1990-09-25 19:00:00+00:00,0.0,0.0,0.0,12.83,4.9
1990-09-25 20:00:00+00:00,0.0,0.0,0.0,12.12,5.03
1990-09-25 21:00:00+00:00,0.0,0.0,0.0,11.39,4.76
1990-09-25 22:00:00+00:00,0.0,0.0,0.0,10.93,4.62
1990-09-25 23:00:00+00:00,0.0,0.0,0.0,10.66,4.55
1990-09-26 00:00:00+00:00,0.0,0.0,0.0,10.29,4.41
1990-09-26 01:00:00+00:00,0.0,0.0,0.0,9.96,4.28
1990-09-26 02:00:00+00:00,0.0,0.0,0.0,9.93,4.41
1990-09-26 03:00:00+00:00,0.0,0.0,0.0,9.67,4.28
1990-09-26 04:00:00+00:00,0.0,0.0,0.0,9.45,4.21
1990-09-26 05:00:00+00:00,0.0,0.0,0.0,9.08,4.48
1990-09-26 06:00:00+00:00,5.0,0.0,5.0,8.65,4.83
1990-09-26 07:00:00+00:00,147.0,488.95,56.0,8.48,5.1
1990-09-26 08:00:00+00:00,298.0,623.09,90.0,9.16,5.66
1990-09-26 09:00:00+00:00,413.0,589.89,143.0,10.15,5.93
1990-09-26 10:00:00+00:00,513.0,631.66,166.0,11.1,5.59
1990-09-26 11:00:00+00:00,438.0,240.67,293.0,11.76,6.0
1990-09-26 12:00:00+00:00,434.0,215.16,302.0,12.04,6.55
1990-09-26 13:00:00+00:00,390.0,175.37,288.0,12.16,6.83
1990-09-26 14:00:00+00:00,461.0,569.69,171.0,11.99,7.17
1990-09-26 15:00:00+00:00,387.0,738.66,91.0,11.87,7.66
1990-09-26 16:00:00+00:00,180.0,246.19,115.0,11.63,7.66
1990-09-26 17:00:00+00:00,76.0,369.46,36.0,11.35,7.03
1990-09-26 18:00:00+00:00,0.0,0.0,0.0,10.7,6.55
1990-09-26 19:00:00+00:00,0.0,0.0,0.0,9.38,6.69
1990-09-26 20:00:00+00:00,0.0,0.0,0.0,8.96,6.83
1990-09-26 21:00:00+00:00,0.0,0.0,0.0,8.65,7.1
1990-09-26 22:00:00+00:00,0.0,0.0,0.0,8.31,7.1
1990-09-26 23:00:00+00:00,0.0,0.0,0.0,8.02,6.9
1990-09-27 00:00:00+00:00,0.0,0.0,0.0,7.77,6.76
1990-09-27 01:00:00+00:00,0.0,0.0,0.0,7.49,6.76
1990-09-27 02:00:00+00:00,0.0,0.0,0.0,7.33,6.76
1990-09-27 03:00:00+00:00,0.0,0.0,0.0,7.2,6.69
1990-09-27 04:00:00+00:00,0.0,0.0,0.0,7.08,6.62
1990-09-27 05:00:00+00:00,0.0,0.0,0.0,6.95,6.48
1990-09-27 06:00:00+00:00,0.0,0.0,0.0,6.91,6.34
1990-09-27 07:00:00+00:00,138.0,440.24,58.0,7.12,6.76
1990-09-27 08:00:00+00:00,291.0,607.37,91.0,8.02,6.62
1990-09-27 09:00:00+00:00,426.0,679.92,118.0,9.36,7.24
1990-09-27 10:00:00+00:00,527.0,716.38,137.0,11.18,8.14
1990-09-27 11:00:00+00:00,411.0,194.21,295.0,12.64,7.93
1990-09-27 12:00:00+00:00,175.0,0.0,175.0,13.31,7.52
1990-09-27 13:00:00+00:00,319.0,74.66,276.0,13.43,7.03
1990-09-27 14:00:00+00:00,233.0,31.8,217.0,13.28,6.41
1990-09-27 15:00:00+00:00,251.0,162.17,187.0,13.24,6.41
1990-09-27 16:00:00+00:00,177.0,255.98,111.0,13.3,6.69
1990-09-27 17:00:00+00:00,48.0,88.22,39.0,12.68,6.21
1990-09-27 18:00:00+00:00,0.0,0.0,0.0,11.84,5.66
1990-09-27 19:00:00+00:00,0.0,0.0,0.0,11.06,5.03
1990-09-27 20:00:00+00:00,0.0,0.0,0.0,10.72,4.69
1990-09-27 21:00:00+00:00,0.0,0.0,0.0,10.37,4.62
1990-09-27 22:00:00+00:00,0.0,0.0,0.0,10.11,4.62
1990-09-27 23:00:00+00:00,0.0,0.0,0.0,9.93,4.76
1990-09-28 00:00:00+00:00,0.0,0.0,0.0,9.93,4.9
1990-09-28 01:00:00+00:00,0.0,0.0,0.0,9.69,4.97
1990-09-28 02:00:00+00:00,0.0,0.0,0.0,9.42,4.97
1990-09-28 03:00:00+00:00,0.0,0.0,0.0,9.16,5.03
1990-09-28 04:00:00+00:00,0.0,0.0,0.0,9.04,5.1
1990-09-28 05:00:00+00:00,0.0,0.0,0.0,8.94,5.1
1990-09-28 06:00:00+00:00,0.0,0.0,0.0,9.04,5.17
1990-09-28 07:00:00+00:00,26.0,0.0,26.0,10.13,5.24
1990-09-28 08:00:00+00:00,76.0,0.0,76.0,11.28,5.38
1990-09-28 09:00:00+00:00,236.0,71.39,204.0,12.58,7.17
1990-09-28 10:00:00+00:00,107.0,0.0,107.0,13.83,7.03
1990-09-28 11:00:00+00:00,70.0,0.0,70.0,14.49,6.62
1990-09-28 12:00:00+00:00,174.0,0.0,174.0,14.64,6.21
1990-09-28 13:00:00+00:00,182.0,1.75,181.0,14.71,6.28
1990-09-28 14:00:00+00:00,80.0,0.0,80.0,14.5,5.93
1990-09-28 15:00:00+00:00,163.0,23.16,154.0,14.23,5.59
1990-09-28 16:00:00+00:00,101.0,23.84,95.0,13.72,5.52
1990-09-28 17:00:00+00:00,53.0,187.92,35.0,13.34,6.0
1990-09-28 18:00:00+00:00,0.0,0.0,0.0,12.62,5.59
1990-09-28 19:00:00+00:00,0.0,0.0,0.0,12.24,5.03
1990-09-28 20:00:00+00:00,0.0,0.0,0.0,12.07,4.76
1990-09-28 21:00:00+00:00,0.0,0.0,0.0,11.97,4.34
1990-09-28 22:00:00+00:00,0.0,0.0,0.0,11.81,3.72
1990-09-28 23:00:00+00:00,0.0,0.0,0.0,11.69,3.45
1990-09-29 00:00:00+00:00,0.0,0.0,0.0,11.6,3.24
1990-09-29 01:00:00+00:00,0.0,0.0,0.0,11.67,3.1
1990-09-29 02:00:00+00:00,0.0,0.0,0.0,11.59,2.97
1990-09-29 03:00:00+00:00,0.0,0.0,0.0,11.72,2.9
1990-09-29 04:00:00+00:00,0.0,0.0,0.0,11.69,2.97
1990-09-29 05:00:00+00:00,0.0,0.0,0.0,11.49,2.9
1990-09-29 06:00:00+00:00,0.0,0.0,0.0,11.57,2.76
1990-09-29 07:00:00+00:00,72.0,46.28,64.0,12.32,2.83
1990-09-29 08:00:00+00:00,88.0,0.0,88.0,12.9,2.97
1990-09-29 09:00:00+00:00,62.0,0.0,62.0,13.7,3.66
1990-09-29 10:00:00+00:00,75.0,0.0,75.0,14.41,3.79
1990-09-29 11:00:00+00:00,108.0,0.0,108.0,15.14,3.03
1990-09-29 12:00:00+00:00,181.0,0.0,181.0,15.68,2.21
1990-09-29 13:00:00+00:00,128.0,0.0,128.0,16.19,1.38
1990-09-29 14:00:00+00:00,86.0,0.0,86.0,16.16,1.1
1990-09-29 15:00:00+00:00,84.0,0.0,84.0,16.44,1.17
1990-09-29 16:00:00+00:00,85.0,12.22,82.0,15.73,0.9
1990-09-29 17:00:00+00:00,41.0,89.32,33.0,15.17,1.1
1990-09-29 18:00:00+00:00,0.0,0.0,0.0,14.49,1.52
1990-09-29 19:00:00+00:00,0.0,0.0,0.0,13.32,1.52
1990-09-29 20:00:00+00:00,0.0,0.0,0.0,13.2,1.59
1990-09-29 21:00:00+00:00,0.0,0.0,0.0,13.01,1.93
1990-09-29 22:00:00+00:00,0.0,0.0,0.0,12.84,2.41
1990-09-29 23:00:00+00:00,0.0,0.0,0.0,12.3,2.83
1990-09-30 00:00:00+00:00,0.0,0.0,0.0,11.92,3.03
1990-09-30 01:00:00+00:00,0.0,0.0,0.0,11.53,3.24
1990-09-30 02:00:00+00:00,0.0,0.0,0.0,11.16,3.52
1990-09-30 03:00:00+00:00,0.0,0.0,0.0,11.0,3.66
1990-09-30 04:00:00+00:00,0.0,0.0,0.0,10.8,3.72
1990-09-30 05:00:00+00:00,0.0,0.0,0.0,10.83,3.66
1990-09-30 06:00:00+00:00,0.0,0.0,0.0,11.08,3.52
1990-09-30 07:00:00+00:00,77.0,71.25,65.0,10.73,3.59
1990-09-30 08:00:00+00:00,118.0,12.68,114.0,11.1,3.72
1990-09-30 09:00:00+00:00,134.0,2.28,133.0,11.95,4.07
1990-09-30 10:00:00+00:00,319.0,122.78,254.0,13.0,4.48
1990-09-30 11:00:00+00:00,291.0,48.15,263.0,14.24,4.48
1990-09-30 12:00:00+00:00,343.0,98.04,285.0,15.56,4.9
1990-09-30 13:00:00+00:00,358.0,155.7,271.0,16.17,4.83
1990-09-30 14:00:00+00:00,269.0,86.53,227.0,16.31,4.69
1990-09-30 15:00:00+00:00,209.0,98.3,172.0,16.07,4.9
1990-09-30 16:00:00+00:00,88.0,16.72,84.0,15.62,4.7
1990-09-30 17:00:00+00:00,36.0,71.98,30.0,15.23,4.6
1990-09-30 18:00:00+00:00,0.0,0.0,0.0,14.84,4.5
1990-09-30 19:00:00+00:00,0.0,0.0,0.0,14.46,4.4
1990-09-30 20:00:00+00:00,0.0,0.0,0.0,14.07,4.3
1990-09-30 21:00:00+00:00,0.0,0.0,0.0,13.68,4.2
1990-09-30 22:00:00+00:00,0.0,0.0,0.0,13.29,4.1
1990-09-30 23:00:00+00:00,0.0,0.0,0.0,12.91,4.0
1990-10-01 00:00:00+00:00,0.0,0.0,0.0,12.52,3.9
1990-10-01 01:00:00+00:00,0.0,0.0,0.0,12.13,3.8
1990-10-01 02:00:00+00:00,0.0,0.0,0.0,11.75,3.7
1990-10-01 03:00:00+00:00,0.0,0.0,0.0,11.36,3.6
1990-10-01 04:00:00+00:00,0.0,0.0,0.0,10.97,3.5
1990-10-01 05:00:00+00:00,0.0,0.0,0.0,10.59,3.4
1990-10-01 06:00:00+00:00,0.0,0.0,0.0,10.2,3.3
1990-10-01 07:00:00+00:00,123.0,470.36,48.0,9.81,3.2
1990-10-01 08:00:00+00:00,269.0,610.57,82.0,10.7,4.14
1990-10-01 09:00:00+00:00,419.0,769.24,89.0,11.5,4.0
1990-10-01 10:00:00+00:00,507.0,756.83,114.0,12.29,3.66
1990-10-01 11:00:00+00:00,164.0,0.0,164.0,13.15,3.86
1990-10-01 12:00:00+00:00,583.0,801.07,118.0,13.85,4.07
1990-10-01 13:00:00+00:00,317.0,96.85,264.0,14.27,4.21
1990-10-01 14:00:00+00:00,404.0,481.54,176.0,14.21,4.41
1990-10-01 15:00:00+00:00,279.0,354.16,150.0,14.04,4.48
1990-10-01 16:00:00+00:00,101.0,44.06,91.0,13.62,4.41
1990-10-01 17:00:00+00:00,9.0,0.0,9.0,12.58,4.55
1990-10-01 18:00:00+00:00,0.0,0.0,0.0,11.54,4.48
1990-10-01 19:00:00+00:00,0.0,0.0,0.0,11.28,3.66
1990-10-01 20:00:00+00:00,0.0,0.0,0.0,11.02,3.66
1990-10-01 21:00:00+00:00,0.0,0.0,0.0,10.83,4.34
1990-10-01 22:00:00+00:00,0.0,0.0,0.0,11.14,4.83
1990-10-01 23:00:00+00:00,0.0,0.0,0.0,11.5,4.62
1990-10-02 00:00:00+00:00,0.0,0.0,0.0,11.54,4.97
1990-10-02 01:00:00+00:00,0.0,0.0,0.0,11.81,5.72
1990-10-02 02:00:00+00:00,0.0,0.0,0.0,11.83,6.83
1990-10-02 03:00:00+00:00,0.0,0.0,0.0,11.83,8.55
1990-10-02 04:00:00+00:00,0.0,0.0,0.0,11.85,9.59
1990-10-02 05:00:00+00:00,0.0,0.0,0.0,11.88,10.76
1990-10-02 06:00:00+00:00,0.0,0.0,0.0,11.83,11.45
1990-10-02 07:00:00+00:00,27.0,0.0,27.0,11.88,10.69
1990-10-02 08:00:00+00:00,23.0,0.0,23.0,12.0,10.0
1990-10-02 09:00:00+00:00,165.0,14.15,159.0,12.34,8.14
1990-10-02 10:00:00+00:00,146.0,0.0,146.0,12.69,6.07
1990-10-02 11:00:00+00:00,305.0,70.72,265.0,13.49,5.38
1990-10-02 12:00:00+00:00,267.0,31.31,249.0,14.07,4.76
1990-10-02 13:00:00+00:00,326.0,120.05,261.0,14.7,4.14
1990-10-02 14:00:00+00:00,202.0,23.53,191.0,14.31,3.86
1990-10-02 15:00:00+00:00,86.0,0.0,86.0,13.86,3.72
1990-10-02 16:00:00+00:00,52.0,0.0,52.0,13.71,3.45
1990-10-02 17:00:00+00:00,9.0,0.0,9.0,13.1,3.03
1990-10-02 18:00:00+00:00,0.0,0.0,0.0,12.61,3.31
1990-10-02 19:00:00+00:00,0.0,0.0,0.0,12.45,3.86
1990-10-02 20:00:00+00:00,0.0,0.0,0.0,12.33,4.21
1990-10-02 21:00:00+00:00,0.0,0.0,0.0,12.26,4.76
1990-10-02 22:00:00+00:00,0.0,0.0,0.0,12.26,5.38
1990-10-02 23:00:00+00:00,0.0,0.0,0.0,12.34,5.72
1990-10-03 00:00:00+00:00,0.0,0.0,0.0,12.42,5.93
1990-10-03 01:00:00+00:00,0.0,0.0,0.0,12.62,5.66
1990-10-03 02:00:00+00:00,0.0,0.0,0.0,12.86,4.97
1990-10-03 03:00:00+00:00,0.0,0.0,0.0,12.9,5.03
1990-10-03 04:00:00+00:00,0.0,0.0,0.0,12.99,5.66
1990-10-03 05:00:00+00:00,0.0,0.0,0.0,13.18,6.48
1990-10-03 06:00:00+00:00,0.0,0.0,0.0,13.29,7.45
1990-10-03 07:00:00+00:00,17.0,0.0,17.0,13.65,5.52
1990-10-03 08:00:00+00:00,81.0,0.0,81.0,13.58,3.72
1990-10-03 09:00:00+00:00,53.0,0.0,53.0,13.4,2.28
1990-10-03 10:00:00+00:00,88.0,0.0,88.0,13.31,3.1
1990-10-03 11:00:00+00:00,114.0,0.0,114.0,13.25,3.66
1990-10-03 12:00:00+00:00,128.0,0.0,128.0,13.24,3.79
1990-10-03 13:00:00+00:00,321.0,121.35,256.0,13.27,3.66
1990-10-03 14:00:00+00:00,262.0,101.82,215.0,13.27,3.72
1990-10-03 15:00:00+00:00,304.0,573.69,102.0,13.3,3.66
1990-10-03 16:00:00+00:00,111.0,97.81,90.0,13.17,3.1
1990-10-03 17:00:00+00:00,3.0,0.0,3.0,12.75,2.21
1990-10-03 18:00:00+00:00,0.0,0.0,0.0,12.41,1.79
1990-10-03 19:00:00+00:00,0.0,0.0,0.0,11.81,3.38
1990-10-03 20:00:00+00:00,0.0,0.0,0.0,11.36,5.45
1990-10-03 21:00:00+00:00,0.0,0.0,0.0,10.83,6.83
1990-10-03 22:00:00+00:00,0.0,0.0,0.0,10.4,6.76
1990-10-03 23:00:00+00:00,0.0,0.0,0.0,10.08,6.55
1990-10-04 00:00:00+00:00,0.0,0.0,0.0,9.85,6.48
1990-10-04 01:00:00+00:00,0.0,0.0,0.0,9.69,6.41
1990-10-04 02:00:00+00:00,0.0,0.0,0.0,9.6,6.62
1990-10-04 03:00:00+00:00,0.0,0.0,0.0,9.59,6.97
1990-10-04 04:00:00+00:00,0.0,0.0,0.0,9.59,7.1
1990-10-04 05:00:00+00:00,0.0,0.0,0.0,9.54,7.03
1990-10-04 06:00:00+00:00,0.0,0.0,0.0,9.38,6.97
1990-10-04 07:00:00+00:00,20.0,0.0,20.0,9.73,7.24
1990-10-04 08:00:00+00:00,45.0,0.0,45.0,9.86,7.31
1990-10-04 09:00:00+00:00,74.0,0.0,74.0,10.01,7.59
1990-10-04 10:00:00+00:00,86.0,0.0,86.0,10.15,7.59
1990-10-04 11:00:00+00:00,152.0,0.0,152.0,10.26,7.52
1990-10-04 12:00:00+00:00,167.0,0.0,167.0,10.53,7.59
1990-10-04 13:00:00+00:00,130.0,0.0,130.0,10.78,7.93
1990-10-04 14:00:00+00:00,100.0,0.0,100.0,10.59,7.93
1990-10-04 15:00:00+00:00,267.0,372.78,138.0,10.75,8.07
1990-10-04 16:00:00+00:00,93.0,47.94,83.0,11.01,7.45
1990-10-04 17:00:00+00:00,16.0,18.99,15.0,11.26,5.93
1990-10-04 18:00:00+00:00,0.0,0.0,0.0,11.57,4.83
1990-10-04 19:00:00+00:00,0.0,0.0,0.0,11.59,4.34
1990-10-04 20:00:00+00:00,0.0,0.0,0.0,11.26,4.0
1990-10-04 21:00:00+00:00,0.0,0.0,0.0,10.8,3.93
1990-10-04 22:00:00+00:00,0.0,0.0,0.0,10.3,4.0
1990-10-04 23:00:00+00:00,0.0,0.0,0.0,10.12,4.0
1990-10-05 00:00:00+00:00,0.0,0.0,0.0,9.8,4.0
1990-10-05 01:00:00+00:00,0.0,0.0,0.0,9.68,3.79
1990-10-05 02:00:00+00:00,0.0,0.0,0.0,9.53,3.72
1990-10-05 03:00:00+00:00,0.0,0.0,0.0,9.59,3.59
1990-10-05 04:00:00+00:00,0.0,0.0,0.0,9.57,3.38
1990-10-05 05:00:00+00:00,0.0,0.0,0.0,9.39,3.24
1990-10-05 06:00:00+00:00,0.0,0.0,0.0,9.39,3.45
1990-10-05 07:00:00+00:00,74.0,127.36,56.0,10.32,3.93
1990-10-05 08:00:00+00:00,183.0,201.77,125.0,11.4,3.45
1990-10-05 09:00:00+00:00,371.0,642.47,108.0,12.85,3.93
1990-10-05 10:00:00+00:00,306.0,134.35,239.0,14.05,4.83
1990-10-05 11:00:00+00:00,550.0,804.45,108.0,15.04,5.38
1990-10-05 12:00:00+00:00,239.0,19.71,228.0,15.42,5.31
1990-10-05 13:00:00+00:00,120.0,0.0,120.0,14.41,6.21
1990-10-05 14:00:00+00:00,142.0,2.22,141.0,13.95,6.28
1990-10-05 15:00:00+00:00,137.0,20.59,130.0,13.57,6.97
1990-10-05 16:00:00+00:00,92.0,54.31,81.0,13.5,6.9
1990-10-05 17:00:00+00:00,11.0,0.0,11.0,13.16,6.76
1990-10-05 18:00:00+00:00,0.0,0.0,0.0,12.7,6.69
1990-10-05 19:00:00+00:00,0.0,0.0,0.0,12.8,6.28
1990-10-05 20:00:00+00:00,0.0,0.0,0.0,12.54,5.86
1990-10-05 21:00:00+00:00,0.0,0.0,0.0,12.47,5.66
1990-10-05 22:00:00+00:00,0.0,0.0,0.0,12.13,5.03
1990-10-05 23:00:00+00:00,0.0,0.0,0.0,12.38,4.9
1990-10-06 00:00:00+00:00,0.0,0.0,0.0,12.88,4.97
1990-10-06 01:00:00+00:00,0.0,0.0,0.0,13.22,5.1
1990-10-06 02:00:00+00:00,0.0,0.0,0.0,12.94,6.34
1990-10-06 03:00:00+00:00,0.0,0.0,0.0,12.41,6.76
1990-10-06 04:00:00+00:00,0.0,0.0,0.0,11.95,6.55
1990-10-06 05:00:00+00:00,0.0,0.0,0.0,11.72,6.34
1990-10-06 06:00:00+00:00,0.0,0.0,0.0,11.38,6.0
1990-10-06 07:00:00+00:00,98.0,394.83,44.0,11.57,5.59
1990-10-06 08:00:00+00:00,240.0,562.41,81.0,12.08,5.72
1990-10-06 09:00:00+00:00,315.0,373.4,164.0,12.86,6.48
1990-10-06 10:00:00+00:00,244.0,48.63,220.0,13.4,6.9
1990-10-06 11:00:00+00:00,514.0,674.59,147.0,13.93,7.17
1990-10-06 12:00:00+00:00,536.0,733.08,131.0,14.26,7.24
1990-10-06 13:00:00+00:00,160.0,0.0,160.0,14.69,7.52
1990-10-06 14:00:00+00:00,229.0,63.1,201.0,14.62,7.66
1990-10-06 15:00:00+00:00,294.0,595.84,95.0,14.13,7.52
1990-10-06 16:00:00+00:00,46.0,0.0,46.0,13.83,7.45
1990-10-06 17:00:00+00:00,5.0,0.0,5.0,13.29,7.17
1990-10-06 18:00:00+00:00,0.0,0.0,0.0,12.77,6.9
1990-10-06 19:00:00+00:00,0.0,0.0,0.0,12.55,6.28
1990-10-06 20:00:00+00:00,0.0,0.0,0.0,12.11,6.0
1990-10-06 21:00:00+00:00,0.0,0.0,0.0,11.83,6.0
1990-10-06 22:00:00+00:00,0.0,0.0,0.0,11.64,5.79
1990-10-06 23:00:00+00:00,0.0,0.0,0.0,11.42,5.66
1990-10-07 00:00:00+00:00,0.0,0.0,0.0,11.17,5.52
1990-10-07 01:00:00+00:00,0.0,0.0,0.0,11.01,5.38
1990-10-07 02:00:00+00:00,0.0,0.0,0.0,10.71,5.31
1990-10-07 03:00:00+00:00,0.0,0.0,0.0,10.49,5.24
1990-10-07 04:00:00+00:00,0.0,0.0,0.0,10.29,4.97
1990-10-07 05:00:00+00:00,0.0,0.0,0.0,10.12,4.76
1990-10-07 06:00:00+00:00,0.0,0.0,0.0,9.95,4.41
1990-10-07 07:00:00+00:00,89.0,340.43,44.0,10.3,4.48
1990-10-07 08:00:00+00:00,150.0,104.34,121.0,11.07,4.28
1990-10-07 09:00:00+00:00,352.0,578.34,121.0,11.99,4.69
1990-10-07 10:00:00+00:00,466.0,720.84,114.0,13.08,5.59
1990-10-07 11:00:00+00:00,502.0,647.97,153.0,14.22,6.41
1990-10-07 12:00:00+00:00,520.0,687.59,144.0,14.84,6.0
1990-10-07 13:00:00+00:00,404.0,357.11,221.0,15.01,5.52
1990-10-07 14:00:00+00:00,322.0,290.08,195.0,15.21,5.72
1990-10-07 15:00:00+00:00,244.0,332.34,135.0,14.71,4.83
1990-10-07 16:00:00+00:00,118.0,204.78,79.0,14.37,4.76
1990-10-07 17:00:00+00:00,2.0,0.0,2.0,13.79,4.07
1990-10-07 18:00:00+00:00,0.0,0.0,0.0,13.56,3.86
1990-10-07 19:00:00+00:00,0.0,0.0,0.0,13.59,3.59
1990-10-07 20:00:00+00:00,0.0,0.0,0.0,13.35,3.66
1990-10-07 21:00:00+00:00,0.0,0.0,0.0,13.56,4.21
1990-10-07 22:00:00+00:00,0.0,0.0,0.0,14.09,5.1
1990-10-07 23:00:00+00:00,0.0,0.0,0.0,14.67,6.41
1990-10-08 00:00:00+00:00,0.0,0.0,0.0,14.83,7.1
1990-10-08 01:00:00+00:00,0.0,0.0,0.0,14.78,8.0
1990-10-08 02:00:00+00:00,0.0,0.0,0.0,14.84,8.21
1990-10-08 03:00:00+00:00,0.0,0.0,0.0,14.97,7.79
1990-10-08 04:00:00+00:00,0.0,0.0,0.0,14.98,7.93
1990-10-08 05:00:00+00:00,0.0,0.0,0.0,14.89,8.14
1990-10-08 06:00:00+00:00,0.0,0.0,0.0,15.15,8.9
1990-10-08 07:00:00+00:00,43.0,15.67,41.0,15.92,8.9
1990-10-08 08:00:00+00:00,50.0,0.0,50.0,16.09,8.97
1990-10-08 09:00:00+00:00,112.0,0.0,112.0,16.02,8.83
1990-10-08 10:00:00+00:00,228.0,39.33,209.0,16.07,8.9
1990-10-08 11:00:00+00:00,228.0,20.63,217.0,16.14,7.38
1990-10-08 12:00:00+00:00,286.0,66.52,250.0,15.98,6.0
1990-10-08 13:00:00+00:00,212.0,17.76,203.0,16.23,5.52
1990-10-08 14:00:00+00:00,234.0,83.36,198.0,16.7,5.52
1990-10-08 15:00:00+00:00,280.0,590.09,90.0,16.69,4.97
1990-10-08 16:00:00+00:00,145.0,477.09,57.0,16.11,3.86
1990-10-08 17:00:00+00:00,5.0,0.0,5.0,15.14,3.24
1990-10-08 18:00:00+00:00,0.0,0.0,0.0,14.21,2.83
1990-10-08 19:00:00+00:00,0.0,0.0,0.0,13.61,2.14
1990-10-08 20:00:00+00:00,0.0,0.0,0.0,12.95,2.14
1990-10-08 21:00:00+00:00,0.0,0.0,0.0,12.26,2.07
1990-10-08 22:00:00+00:00,0.0,0.0,0.0,11.6,2.21
1990-10-08 23:00:00+00:00,0.0,0.0,0.0,10.8,2.28
1990-10-09 00:00:00+00:00,0.0,0.0,0.0,10.37,2.14
1990-10-09 01:00:00+00:00,0.0,0.0,0.0,9.78,2.41
1990-10-09 02:00:00+00:00,0.0,0.0,0.0,9.67,2.48
1990-10-09 03:00:00+00:00,0.0,0.0,0.0,9.22,2.48
1990-10-09 04:00:00+00:00,0.0,0.0,0.0,9.27,2.34
1990-10-09 05:00:00+00:00,0.0,0.0,0.0,9.1,2.48
1990-10-09 06:00:00+00:00,0.0,0.0,0.0,8.86,2.62
1990-10-09 07:00:00+00:00,87.0,382.14,40.0,9.26,2.76
1990-10-09 08:00:00+00:00,226.0,547.76,79.0,10.37,2.9
1990-10-09 09:00:00+00:00,369.0,711.33,92.0,11.9,4.0
1990-10-09 10:00:00+00:00,462.0,736.6,110.0,13.0,6.0
1990-10-09 11:00:00+00:00,465.0,523.01,189.0,13.56,6.07
1990-10-09 12:00:00+00:00,509.0,677.8,146.0,13.77,6.07
1990-10-09 13:00:00+00:00,118.0,0.0,118.0,13.66,6.83
1990-10-09 14:00:00+00:00,134.0,2.35,133.0,12.8,5.52
1990-10-09 15:00:00+00:00,282.0,620.2,86.0,12.82,5.1
1990-10-09 16:00:00+00:00,106.0,179.28,74.0,12.48,5.93
1990-10-09 17:00:00+00:00,3.0,0.0,3.0,11.78,5.52
1990-10-09 18:00:00+00:00,0.0,0.0,0.0,10.94,4.76
1990-10-09 19:00:00+00:00,0.0,0.0,0.0,10.39,4.55
1990-10-09 20:00:00+00:00,0.0,0.0,0.0,9.66,4.28
1990-10-09 21:00:00+00:00,0.0,0.0,0.0,8.91,4.14
1990-10-09 22:00:00+00:00,0.0,0.0,0.0,8.33,4.0
1990-10-09 23:00:00+00:00,0.0,0.0,0.0,7.86,3.93
1990-10-10 00:00:00+00:00,0.0,0.0,0.0,7.48,3.72
1990-10-10 01:00:00+00:00,0.0,0.0,0.0,7.15,3.66
1990-10-10 02:00:00+00:00,0.0,0.0,0.0,6.92,3.72
1990-10-10 03:00:00+00:00,0.0,0.0,0.0,6.77,3.79
1990-10-10 04:00:00+00:00,0.0,0.0,0.0,6.67,3.72
1990-10-10 05:00:00+00:00,0.0,0.0,0.0,6.62,3.79
1990-10-10 06:00:00+00:00,0.0,0.0,0.0,6.63,4.0
1990-10-10 07:00:00+00:00,80.0,337.91,40.0,7.43,4.48
1990-10-10 08:00:00+00:00,228.0,588.11,73.0,8.64,4.62
1990-10-10 09:00:00+00:00,182.0,41.63,166.0,10.13,5.31
1990-10-10 10:00:00+00:00,339.0,247.55,222.0,11.4,6.0
1990-10-10 11:00:00+00:00,325.0,132.12,256.0,12.56,7.17
1990-10-10 12:00:00+00:00,107.0,0.0,107.0,13.08,7.03
1990-10-10 13:00:00+00:00,219.0,24.24,207.0,12.92,7.17
1990-10-10 14:00:00+00:00,127.0,0.0,127.0,13.01,6.76
1990-10-10 15:00:00+00:00,122.0,16.12,117.0,13.27,6.69
1990-10-10 16:00:00+00:00,94.0,121.69,73.0,12.95,5.72
1990-10-10 17:00:00+00:00,0.0,0.0,0.0,12.02,5.52
1990-10-10 18:00:00+00:00,0.0,0.0,0.0,11.52,5.31
1990-10-10 19:00:00+00:00,0.0,0.0,0.0,10.99,5.1
1990-10-10 20:00:00+00:00,0.0,0.0,0.0,10.55,4.83
1990-10-10 21:00:00+00:00,0.0,0.0,0.0,10.13,4.69
1990-10-10 22:00:00+00:00,0.0,0.0,0.0,9.84,4.55
1990-10-10 23:00:00+00:00,0.0,0.0,0.0,9.59,4.55
1990-10-11 00:00:00+00:00,0.0,0.0,0.0,9.44,4.48
1990-10-11 01:00:00+00:00,0.0,0.0,0.0,9.31,4.28
1990-10-11 02:00:00+00:00,0.0,0.0,0.0,9.11,4.28
1990-10-11 03:00:00+00:00,0.0,0.0,0.0,8.9,4.34
1990-10-11 04:00:00+00:00,0.0,0.0,0.0,8.89,4.34
1990-10-11 05:00:00+00:00,0.0,0.0,0.0,8.84,4.34
1990-10-11 06:00:00+00:00,0.0,0.0,0.0,8.7,4.28
1990-10-11 07:00:00+00:00,76.0,334.06,38.0,8.2,4.14
1990-10-11 08:00:00+00:00,217.0,541.1,77.0,9.0,4.07
1990-10-11 09:00:00+00:00,351.0,669.58,97.0,10.29,5.38
1990-10-11 10:00:00+00:00,306.0,171.17,226.0,11.44,5.31
1990-10-11 11:00:00+00:00,292.0,85.14,248.0,12.29,5.17
1990-10-11 12:00:00+00:00,0.0,0.0,0.0,13.0,5.17
1990-10-11 13:00:00+00:00,339.0,210.51,236.0,13.33,5.03
1990-10-11 14:00:00+00:00,330.0,381.44,172.0,13.26,5.17
1990-10-11 15:00:00+00:00,124.0,19.72,118.0,13.07,4.9
1990-10-11 16:00:00+00:00,134.0,497.96,51.0,12.69,4.0
1990-10-11 17:00:00+00:00,0.0,0.0,0.0,11.95,3.31
1990-10-11 18:00:00+00:00,0.0,0.0,0.0,10.84,2.83
1990-10-11 19:00:00+00:00,0.0,0.0,0.0,10.36,2.62
1990-10-11 20:00:00+00:00,0.0,0.0,0.0,9.71,2.41
1990-10-11 21:00:00+00:00,0.0,0.0,0.0,9.01,2.28
1990-10-11 22:00:00+00:00,0.0,0.0,0.0,8.46,2.0
1990-10-11 23:00:00+00:00,0.0,0.0,0.0,7.36,1.72
1990-10-12 00:00:00+00:00,0.0,0.0,0.0,6.67,2.07
1990-10-12 01:00:00+00:00,0.0,0.0,0.0,6.19,1.93
1990-10-12 02:00:00+00:00,0.0,0.0,0.0,5.83,1.66
1990-10-12 03:00:00+00:00,0.0,0.0,0.0,6.61,1.17
1990-10-12 04:00:00+00:00,0.0,0.0,0.0,7.62,0.69
1990-10-12 05:00:00+00:00,0.0,0.0,0.0,7.96,0.48
1990-10-12 06:00:00+00:00,0.0,0.0,0.0,7.11,1.31
1990-10-12 07:00:00+00:00,68.0,274.93,38.0,8.21,2.14
1990-10-12 08:00:00+00:00,107.0,31.51,99.0,9.94,2.28
1990-10-12 09:00:00+00:00,68.0,0.0,68.0,11.33,2.48
1990-10-12 10:00:00+00:00,279.0,127.68,220.0,11.86,2.83
1990-10-12 11:00:00+00:00,277.0,72.36,240.0,12.19,3.31
1990-10-12 12:00:00+00:00,326.0,144.61,251.0,12.15,3.66
1990-10-12 13:00:00+00:00,156.0,2.07,155.0,12.21,4.07
1990-10-12 14:00:00+00:00,133.0,2.45,132.0,11.92,4.21
1990-10-12 15:00:00+00:00,114.0,13.41,110.0,11.87,4.14
1990-10-12 16:00:00+00:00,62.0,31.09,57.0,11.74,3.79
1990-10-12 17:00:00+00:00,0.0,0.0,0.0,11.65,3.52
1990-10-12 18:00:00+00:00,0.0,0.0,0.0,11.83,2.69
1990-10-12 19:00:00+00:00,0.0,0.0,0.0,11.65,1.66
1990-10-12 20:00:00+00:00,0.0,0.0,0.0,11.51,2.9
1990-10-12 21:00:00+00:00,0.0,0.0,0.0,11.08,4.83
1990-10-12 22:00:00+00:00,0.0,0.0,0.0,10.63,5.38
1990-10-12 23:00:00+00:00,0.0,0.0,0.0,10.13,5.03
1990-10-13 00:00:00+00:00,0.0,0.0,0.0,9.51,4.76
1990-10-13 01:00:00+00:00,0.0,0.0,0.0,8.9,4.41
1990-10-13 02:00:00+00:00,0.0,0.0,0.0,8.36,4.48
1990-10-13 03:00:00+00:00,0.0,0.0,0.0,7.88,4.48
1990-10-13 04:00:00+00:00,0.0,0.0,0.0,7.54,4.28
1990-10-13 05:00:00+00:00,0.0,0.0,0.0,7.22,4.07
1990-10-13 06:00:00+00:00,0.0,0.0,0.0,6.92,3.86
1990-10-13 07:00:00+00:00,45.0,67.0,38.0,7.19,3.79
1990-10-13 08:00:00+00:00,140.0,120.46,110.0,7.84,3.45
1990-10-13 09:00:00+00:00,193.0,70.42,167.0,8.82,4.55
1990-10-13 10:00:00+00:00,263.0,100.69,217.0,9.55,4.55
1990-10-13 11:00:00+00:00,279.0,77.09,240.0,10.46,4.14
1990-10-13 12:00:00+00:00,281.0,74.07,243.0,10.93,4.07
1990-10-13 13:00:00+00:00,153.0,2.09,152.0,11.32,4.0
1990-10-13 14:00:00+00:00,301.0,303.07,179.0,11.62,4.21
1990-10-13 15:00:00+00:00,113.0,13.68,109.0,11.63,4.41
1990-10-13 16:00:00+00:00,95.0,206.4,63.0,11.47,4.28
1990-10-13 17:00:00+00:00,0.0,0.0,0.0,10.9,3.86
1990-10-13 18:00:00+00:00,0.0,0.0,0.0,10.64,3.72
1990-10-13 19:00:00+00:00,0.0,0.0,0.0,10.09,3.86
1990-10-13 20:00:00+00:00,0.0,0.0,0.0,9.95,4.55
1990-10-13 21:00:00+00:00,0.0,0.0,0.0,9.99,4.97
1990-10-13 22:00:00+00:00,0.0,0.0,0.0,9.94,5.38
1990-10-13 23:00:00+00:00,0.0,0.0,0.0,10.04,5.86
1990-10-14 00:00:00+00:00,0.0,0.0,0.0,10.02,6.28
1990-10-14 01:00:00+00:00,0.0,0.0,0.0,9.85,6.76
1990-10-14 02:00:00+00:00,0.0,0.0,0.0,9.77,6.76
1990-10-14 03:00:00+00:00,0.0,0.0,0.0,9.54,6.83
1990-10-14 04:00:00+00:00,0.0,0.0,0.0,9.45,6.9
1990-10-14 05:00:00+00:00,0.0,0.0,0.0,9.43,6.83
1990-10-14 06:00:00+00:00,0.0,0.0,0.0,9.49,6.76
1990-10-14 07:00:00+00:00,62.0,270.47,35.0,9.48,6.34
1990-10-14 08:00:00+00:00,202.0,528.26,73.0,10.13,6.41
1990-10-14 09:00:00+00:00,336.0,667.28,93.0,11.19,6.41
1990-10-14 10:00:00+00:00,421.0,662.16,122.0,12.25,7.17
1990-10-14 11:00:00+00:00,436.0,503.59,184.0,13.1,7.03
1990-10-14 12:00:00+00:00,133.0,0.0,133.0,13.57,6.62
1990-10-14 13:00:00+00:00,475.0,809.25,93.0,13.83,6.21
1990-10-14 14:00:00+00:00,86.0,0.0,86.0,13.83,5.86
1990-10-14 15:00:00+00:00,156.0,97.67,128.0,13.44,5.59
1990-10-14 16:00:00+00:00,54.0,20.1,51.0,12.82,5.24
1990-10-14 17:00:00+00:00,0.0,0.0,0.0,11.98,4.76
1990-10-14 18:00:00+00:00,0.0,0.0,0.0,11.33,4.76
1990-10-14 19:00:00+00:00,0.0,0.0,0.0,10.9,5.38
1990-10-14 20:00:00+00:00,0.0,0.0,0.0,10.42,5.38
1990-10-14 21:00:00+00:00,0.0,0.0,0.0,9.97,5.38
1990-10-14 22:00:00+00:00,0.0,0.0,0.0,9.65,5.45
1990-10-14 23:00:00+00:00,0.0,0.0,0.0,9.2,5.38
1990-10-15 00:00:00+00:00,0.0,0.0,0.0,8.78,5.31
1990-10-15 01:00:00+00:00,0.0,0.0,0.0,8.44,5.17
1990-10-15 02:00:00+00:00,0.0,0.0,0.0,8.2,5.17
1990-10-15 03:00:00+00:00,0.0,0.0,0.0,7.98,5.24
1990-10-15 04:00:00+00:00,0.0,0.0,0.0,7.8,5.24
1990-10-15 05:00:00+00:00,0.0,0.0,0.0,7.85,5.24
1990-10-15 06:00:00+00:00,0.0,0.0,0.0,7.72,5.17
1990-10-15 07:00:00+00:00,58.0,262.68,33.0,7.69,5.24
1990-10-15 08:00:00+00:00,196.0,505.56,75.0,8.44,4.97
1990-10-15 09:00:00+00:00,317.0,573.67,111.0,9.67,5.45
1990-10-15 10:00:00+00:00,432.0,730.49,106.0,10.89,5.93
1990-10-15 11:00:00+00:00,481.0,723.31,123.0,11.83,5.86
1990-10-15 12:00:00+00:00,332.0,173.38,245.0,12.57,5.93
1990-10-15 13:00:00+00:00,393.0,448.18,184.0,12.82,5.66
1990-10-15 14:00:00+00:00,205.0,66.5,179.0,12.83,5.45
1990-10-15 15:00:00+00:00,77.0,0.0,77.0,12.56,5.17
1990-10-15 16:00:00+00:00,104.0,376.1,50.0,12.12,4.69
1990-10-15 17:00:00+00:00,0.0,0.0,0.0,11.11,4.34
1990-10-15 18:00:00+00:00,0.0,0.0,0.0,10.26,4.14
1990-10-15 19:00:00+00:00,0.0,0.0,0.0,10.29,4.28
1990-10-15 20:00:00+00:00,0.0,0.0,0.0,10.03,4.14
1990-10-15 21:00:00+00:00,0.0,0.0,0.0,9.54,3.86
1990-10-15 22:00:00+00:00,0.0,0.0,0.0,9.09,3.86
1990-10-15 23:00:00+00:00,0.0,0.0,0.0,8.56,3.93
1990-10-16 00:00:00+00:00,0.0,0.0,0.0,8.01,3.93
1990-10-16 01:00:00+00:00,0.0,0.0,0.0,7.88,3.93
1990-10-16 02:00:00+00:00,0.0,0.0,0.0,7.69,3.86
1990-10-16 03:00:00+00:00,0.0,0.0,0.0,7.37,3.79
1990-10-16 04:00:00+00:00,0.0,0.0,0.0,7.22,3.72
1990-10-16 05:00:00+00:00,0.0,0.0,0.0,6.94,3.66
1990-10-16 06:00:00+00:00,0.0,0.0,0.0,6.73,3.59
1990-10-16 07:00:00+00:00,42.0,99.43,33.0,7.0,3.72
1990-10-16 08:00:00+00:00,177.0,383.84,87.0,7.74,3.59
1990-10-16 09:00:00+00:00,326.0,655.34,94.0,9.13,3.86
1990-10-16 10:00:00+00:00,431.0,750.57,100.0,10.54,3.93
1990-10-16 11:00:00+00:00,481.0,749.76,114.0,11.72,4.21
1990-10-16 12:00:00+00:00,424.0,459.5,196.0,12.5,3.86
1990-10-16 13:00:00+00:00,353.0,314.78,208.0,12.69,3.17
1990-10-16 14:00:00+00:00,219.0,98.64,181.0,12.81,2.83
1990-10-16 15:00:00+00:00,127.0,43.61,115.0,12.68,2.48
1990-10-16 16:00:00+00:00,60.0,50.75,53.0,12.31,2.07
1990-10-16 17:00:00+00:00,0.0,0.0,0.0,11.6,2.07
1990-10-16 18:00:00+00:00,0.0,0.0,0.0,10.63,2.28
1990-10-16 19:00:00+00:00,0.0,0.0,0.0,10.56,2.62
1990-10-16 20:00:00+00:00,0.0,0.0,0.0,10.12,2.76
1990-10-16 21:00:00+00:00,0.0,0.0,0.0,9.67,2.76
1990-10-16 22:00:00+00:00,0.0,0.0,0.0,9.35,2.83
1990-10-16 23:00:00+00:00,0.0,0.0,0.0,8.79,2.97
1990-10-17 00:00:00+00:00,0.0,0.0,0.0,8.6,3.17
1990-10-17 01:00:00+00:00,0.0,0.0,0.0,8.4,3.31
1990-10-17 02:00:00+00:00,0.0,0.0,0.0,8.25,3.38
1990-10-17 03:00:00+00:00,0.0,0.0,0.0,8.4,3.31
1990-10-17 04:00:00+00:00,0.0,0.0,0.0,8.55,3.17
1990-10-17 05:00:00+00:00,0.0,0.0,0.0,8.61,3.1
1990-10-17 06:00:00+00:00,0.0,0.0,0.0,8.92,3.17
1990-10-17 07:00:00+00:00,32.0,46.59,28.0,9.14,3.24
1990-10-17 08:00:00+00:00,131.0,135.02,100.0,9.67,3.86
1990-10-17 09:00:00+00:00,147.0,22.93,139.0,10.23,4.14
1990-10-17 10:00:00+00:00,107.0,0.0,107.0,10.89,4.0
1990-10-17 11:00:00+00:00,241.0,47.52,218.0,11.3,3.72
1990-10-17 12:00:00+00:00,223.0,26.5,210.0,11.8,3.24
1990-10-17 13:00:00+00:00,179.0,10.99,174.0,12.23,2.62
1990-10-17 14:00:00+00:00,144.0,10.54,140.0,12.29,2.28
1990-10-17 15:00:00+00:00,86.0,3.71,85.0,12.11,1.86
1990-10-17 16:00:00+00:00,51.0,30.23,47.0,11.98,1.72
1990-10-17 17:00:00+00:00,0.0,0.0,0.0,11.46,1.72
1990-10-17 18:00:00+00:00,0.0,0.0,0.0,10.94,1.93
1990-10-17 19:00:00+00:00,0.0,0.0,0.0,10.55,2.34
1990-10-17 20:00:00+00:00,0.0,0.0,0.0,10.3,2.41
1990-10-17 21:00:00+00:00,0.0,0.0,0.0,9.99,2.41
1990-10-17 22:00:00+00:00,0.0,0.0,0.0,9.68,2.28
1990-10-17 23:00:00+00:00,0.0,0.0,0.0,9.14,2.14
1990-10-18 00:00:00+00:00,0.0,0.0,0.0,8.98,2.0
1990-10-18 01:00:00+00:00,0.0,0.0,0.0,8.46,1.79
1990-10-18 02:00:00+00:00,0.0,0.0,0.0,8.08,1.59
1990-10-18 03:00:00+00:00,0.0,0.0,0.0,7.29,1.79
1990-10-18 04:00:00+00:00,0.0,0.0,0.0,6.85,1.86
1990-10-18 05:00:00+00:00,0.0,0.0,0.0,6.84,1.86
1990-10-18 06:00:00+00:00,0.0,0.0,0.0,6.63,1.79
1990-10-18 07:00:00+00:00,18.0,0.0,18.0,6.7,1.66
1990-10-18 08:00:00+00:00,118.0,93.45,97.0,7.46,1.45
1990-10-18 09:00:00+00:00,155.0,34.9,143.0,9.23,1.17
1990-10-18 10:00:00+00:00,184.0,20.91,175.0,11.03,0.97
1990-10-18 11:00:00+00:00,245.0,54.33,219.0,12.0,0.41
1990-10-18 12:00:00+00:00,269.0,80.41,230.0,12.53,0.14
1990-10-18 13:00:00+00:00,237.0,64.54,208.0,12.88,0.69
1990-10-18 14:00:00+00:00,130.0,5.35,128.0,13.08,1.1
1990-10-18 15:00:00+00:00,79.0,0.0,79.0,13.02,1.38
1990-10-18 16:00:00+00:00,57.0,63.1,49.0,12.6,1.31
1990-10-18 17:00:00+00:00,0.0,0.0,0.0,11.88,1.52
1990-10-18 18:00:00+00:00,0.0,0.0,0.0,11.21,1.52
1990-10-18 19:00:00+00:00,0.0,0.0,0.0,10.45,1.59
1990-10-18 20:00:00+00:00,0.0,0.0,0.0,9.82,1.38
1990-10-18 21:00:00+00:00,0.0,0.0,0.0,9.22,1.38
1990-10-18 22:00:00+00:00,0.0,0.0,0.0,9.0,2.0
1990-10-18 23:00:00+00:00,0.0,0.0,0.0,9.35,2.21
1990-10-19 00:00:00+00:00,0.0,0.0,0.0,9.5,2.34
1990-10-19 01:00:00+00:00,0.0,0.0,0.0,9.63,2.55
1990-10-19 02:00:00+00:00,0.0,0.0,0.0,9.88,2.69
1990-10-19 03:00:00+00:00,0.0,0.0,0.0,10.22,2.83
1990-10-19 04:00:00+00:00,0.0,0.0,0.0,10.36,2.97
1990-10-19 05:00:00+00:00,0.0,0.0,0.0,10.29,3.17
1990-10-19 06:00:00+00:00,0.0,0.0,0.0,10.29,3.38
1990-10-19 07:00:00+00:00,15.0,0.0,15.0,10.5,3.72
1990-10-19 08:00:00+00:00,150.0,277.46,89.0,11.44,4.48
1990-10-19 09:00:00+00:00,256.0,348.32,138.0,12.44,4.83
1990-10-19 10:00:00+00:00,393.0,651.51,116.0,13.06,6.41
1990-10-19 11:00:00+00:00,476.0,809.44,93.0,13.29,6.41
1990-10-19 12:00:00+00:00,474.0,775.82,102.0,13.57,5.93
1990-10-19 13:00:00+00:00,330.0,292.98,200.0,13.67,5.93
1990-10-19 14:00:00+00:00,244.0,200.94,170.0,13.76,6.0
1990-10-19 15:00:00+00:00,129.0,69.69,111.0,13.82,6.0
1990-10-19 16:00:00+00:00,49.0,41.22,44.0,13.7,5.45
1990-10-19 17:00:00+00:00,0.0,0.0,0.0,13.57,5.66
1990-10-19 18:00:00+00:00,0.0,0.0,0.0,13.65,6.14
1990-10-19 19:00:00+00:00,0.0,0.0,0.0,13.32,6.62
1990-10-19 20:00:00+00:00,0.0,0.0,0.0,12.98,6.69
1990-10-19 21:00:00+00:00,0.0,0.0,0.0,12.85,6.62
1990-10-19 22:00:00+00:00,0.0,0.0,0.0,13.04,6.34
1990-10-19 23:00:00+00:00,0.0,0.0,0.0,13.26,6.28
1990-10-20 00:00:00+00:00,0.0,0.0,0.0,13.04,6.21
1990-10-20 01:00:00+00:00,0.0,0.0,0.0,13.07,6.28
1990-10-20 02:00:00+00:00,0.0,0.0,0.0,13.03,5.86
1990-10-20 03:00:00+00:00,0.0,0.0,0.0,13.18,6.34
1990-10-20 04:00:00+00:00,0.0,0.0,0.0,13.38,6.55
1990-10-20 05:00:00+00:00,0.0,0.0,0.0,13.7,6.69
1990-10-20 06:00:00+00:00,0.0,0.0,0.0,14.25,6.9
1990-10-20 07:00:00+00:00,26.0,41.75,23.0,14.51,7.38
1990-10-20 08:00:00+00:00,171.0,493.08,65.0,14.82,7.59
1990-10-20 09:00:00+00:00,230.0,251.73,146.0,15.14,7.93
1990-10-20 10:00:00+00:00,286.0,221.48,193.0,15.52,7.38
1990-10-20 11:00:00+00:00,303.0,171.03,223.0,15.9,7.86
1990-10-20 12:00:00+00:00,292.0,137.14,227.0,16.49,8.48
1990-10-20 13:00:00+00:00,113.0,0.0,113.0,16.69,8.48
1990-10-20 14:00:00+00:00,186.0,68.93,161.0,16.72,7.59
1990-10-20 15:00:00+00:00,118.0,55.39,104.0,16.56,6.69
1990-10-20 16:00:00+00:00,72.0,250.26,43.0,16.09,5.59
1990-10-20 17:00:00+00:00,0.0,0.0,0.0,15.59,4.69
1990-10-20 18:00:00+00:00,0.0,0.0,0.0,15.29,4.41
1990-10-20 19:00:00+00:00,0.0,0.0,0.0,15.43,5.24
1990-10-20 20:00:00+00:00,0.0,0.0,0.0,15.35,5.17
1990-10-20 21:00:00+00:00,0.0,0.0,0.0,15.22,5.1
1990-10-20 22:00:00+00:00,0.0,0.0,0.0,15.07,4.9
1990-10-20 23:00:00+00:00,0.0,0.0,0.0,14.97,4.69
1990-10-21 00:00:00+00:00,0.0,0.0,0.0,14.97,4.69
1990-10-21 01:00:00+00:00,0.0,0.0,0.0,14.91,4.07
1990-10-21 02:00:00+00:00,0.0,0.0,0.0,14.78,3.45
1990-10-21 03:00:00+00:00,0.0,0.0,0.0,14.5,3.1
1990-10-21 04:00:00+00:00,0.0,0.0,0.0,14.35,2.97
1990-10-21 05:00:00+00:00,0.0,0.0,0.0,14.25,3.24
1990-10-21 06:00:00+00:00,0.0,0.0,0.0,14.32,3.38
1990-10-21 07:00:00+00:00,3.0,0.0,3.0,14.34,3.03
1990-10-21 08:00:00+00:00,19.0,0.0,19.0,14.32,2.48
1990-10-21 09:00:00+00:00,26.0,0.0,26.0,14.27,1.38
1990-10-21 10:00:00+00:00,119.0,0.0,119.0,14.4,2.28
1990-10-21 11:00:00+00:00,103.0,0.0,103.0,14.53,3.45
1990-10-21 12:00:00+00:00,56.0,0.0,56.0,14.36,4.41
1990-10-21 13:00:00+00:00,232.0,78.6,198.0,14.12,4.9
1990-10-21 14:00:00+00:00,96.0,0.0,96.0,14.24,5.31
1990-10-21 15:00:00+00:00,102.0,28.31,95.0,14.47,5.31
1990-10-21 16:00:00+00:00,49.0,72.38,41.0,14.47,4.69
1990-10-21 17:00:00+00:00,0.0,0.0,0.0,14.14,5.66
1990-10-21 18:00:00+00:00,0.0,0.0,0.0,13.85,6.97
1990-10-21 19:00:00+00:00,0.0,0.0,0.0,13.78,6.97
1990-10-21 20:00:00+00:00,0.0,0.0,0.0,13.66,7.17
1990-10-21 21:00:00+00:00,0.0,0.0,0.0,13.46,6.76
1990-10-21 22:00:00+00:00,0.0,0.0,0.0,13.25,6.55
1990-10-21 23:00:00+00:00,0.0,0.0,0.0,13.14,6.48
1990-10-22 00:00:00+00:00,0.0,0.0,0.0,13.13,6.55
1990-10-22 01:00:00+00:00,0.0,0.0,0.0,12.97,6.28
1990-10-22 02:00:00+00:00,0.0,0.0,0.0,12.94,6.0
1990-10-22 03:00:00+00:00,0.0,0.0,0.0,12.79,5.52
1990-10-22 04:00:00+00:00,0.0,0.0,0.0,12.59,5.24
1990-10-22 05:00:00+00:00,0.0,0.0,0.0,12.45,4.97
1990-10-22 06:00:00+00:00,0.0,0.0,0.0,12.39,4.76
1990-10-22 07:00:00+00:00,31.0,159.89,21.0,12.56,4.76
1990-10-22 08:00:00+00:00,35.0,0.0,35.0,12.86,4.69
1990-10-22 09:00:00+00:00,177.0,95.81,146.0,13.41,5.31
1990-10-22 10:00:00+00:00,311.0,322.42,179.0,13.95,5.45
1990-10-22 11:00:00+00:00,423.0,638.99,131.0,14.43,5.24
1990-10-22 12:00:00+00:00,272.0,107.99,222.0,14.69,5.03
1990-10-22 13:00:00+00:00,325.0,323.12,187.0,14.92,5.17
1990-10-22 14:00:00+00:00,143.0,19.91,136.0,14.87,5.03
1990-10-22 15:00:00+00:00,184.0,388.61,90.0,14.57,4.48
1990-10-22 16:00:00+00:00,64.0,237.58,39.0,14.2,3.59
1990-10-22 17:00:00+00:00,0.0,0.0,0.0,13.48,2.76
1990-10-22 18:00:00+00:00,0.0,0.0,0.0,12.57,2.48
1990-10-22 19:00:00+00:00,0.0,0.0,0.0,12.33,2.83
1990-10-22 20:00:00+00:00,0.0,0.0,0.0,12.11,2.69
1990-10-22 21:00:00+00:00,0.0,0.0,0.0,11.84,2.48
1990-10-22 22:00:00+00:00,0.0,0.0,0.0,11.68,2.41
1990-10-22 23:00:00+00:00,0.0,0.0,0.0,11.68,2.83
1990-10-23 00:00:00+00:00,0.0,0.0,0.0,11.93,3.31
1990-10-23 01:00:00+00:00,0.0,0.0,0.0,12.25,3.59
1990-10-23 02:00:00+00:00,0.0,0.0,0.0,12.35,4.28
1990-10-23 03:00:00+00:00,0.0,0.0,0.0,12.47,4.41
1990-10-23 04:00:00+00:00,0.0,0.0,0.0,12.32,4.34
1990-10-23 05:00:00+00:00,0.0,0.0,0.0,12.22,4.76
1990-10-23 06:00:00+00:00,0.0,0.0,0.0,12.12,5.24
1990-10-23 07:00:00+00:00,20.0,34.55,18.0,12.31,4.97
1990-10-23 08:00:00+00:00,77.0,24.95,72.0,12.61,5.38
1990-10-23 09:00:00+00:00,64.0,0.0,64.0,13.27,5.72
1990-10-23 10:00:00+00:00,299.0,296.9,179.0,13.71,5.59
1990-10-23 11:00:00+00:00,245.0,75.29,211.0,13.98,5.1
1990-10-23 12:00:00+00:00,373.0,406.5,187.0,14.38,5.86
1990-10-23 13:00:00+00:00,209.0,49.81,188.0,14.23,6.28
1990-10-23 14:00:00+00:00,93.0,0.0,93.0,14.26,6.55
1990-10-23 15:00:00+00:00,116.0,67.64,100.0,14.07,5.86
1990-10-23 16:00:00+00:00,23.0,0.0,23.0,13.55,4.83
1990-10-23 17:00:00+00:00,0.0,0.0,0.0,12.65,4.07
1990-10-23 18:00:00+00:00,0.0,0.0,0.0,12.08,3.72
1990-10-23 19:00:00+00:00,0.0,0.0,0.0,11.43,3.17
1990-10-23 20:00:00+00:00,0.0,0.0,0.0,10.86,2.69
1990-10-23 21:00:00+00:00,0.0,0.0,0.0,10.57,2.48
1990-10-23 22:00:00+00:00,0.0,0.0,0.0,10.54,2.69
1990-10-23 23:00:00+00:00,0.0,0.0,0.0,10.61,2.97
1990-10-24 00:00:00+00:00,0.0,0.0,0.0,10.59,3.17
1990-10-24 01:00:00+00:00,0.0,0.0,0.0,10.97,3.86
1990-10-24 02:00:00+00:00,0.0,0.0,0.0,11.26,4.55
1990-10-24 03:00:00+00:00,0.0,0.0,0.0,11.83,5.24
1990-10-24 04:00:00+00:00,0.0,0.0,0.0,12.28,5.93
1990-10-24 05:00:00+00:00,0.0,0.0,0.0,12.64,6.41
1990-10-24 06:00:00+00:00,0.0,0.0,0.0,12.73,6.55
1990-10-24 07:00:00+00:00,12.0,0.0,12.0,13.04,7.31
1990-10-24 08:00:00+00:00,76.0,25.57,71.0,13.74,8.14
1990-10-24 09:00:00+00:00,100.0,3.19,99.0,14.19,8.55
1990-10-24 10:00:00+00:00,81.0,0.0,81.0,14.41,8.83
1990-10-24 11:00:00+00:00,204.0,33.61,189.0,14.62,9.1
1990-10-24 12:00:00+00:00,134.0,0.0,134.0,14.93,9.45
1990-10-24 13:00:00+00:00,119.0,0.0,119.0,15.15,10.76
1990-10-24 14:00:00+00:00,93.0,0.0,93.0,15.55,11.59
1990-10-24 15:00:00+00:00,51.0,0.0,51.0,15.43,11.17
1990-10-24 16:00:00+00:00,43.0,84.35,35.0,15.3,10.97
1990-10-24 17:00:00+00:00,0.0,0.0,0.0,14.37,10.48
1990-10-24 18:00:00+00:00,0.0,0.0,0.0,13.59,8.69
1990-10-24 19:00:00+00:00,0.0,0.0,0.0,13.84,9.03
1990-10-24 20:00:00+00:00,0.0,0.0,0.0,13.14,7.17
1990-10-24 21:00:00+00:00,0.0,0.0,0.0,12.52,6.21
1990-10-24 22:00:00+00:00,0.0,0.0,0.0,12.02,5.03
1990-10-24 23:00:00+00:00,0.0,0.0,0.0,11.26,5.24
1990-10-25 00:00:00+00:00,0.0,0.0,0.0,10.6,4.9
1990-10-25 01:00:00+00:00,0.0,0.0,0.0,10.29,4.41
1990-10-25 02:00:00+00:00,0.0,0.0,0.0,10.3,4.83
1990-10-25 03:00:00+00:00,0.0,0.0,0.0,10.38,5.66
1990-10-25 04:00:00+00:00,0.0,0.0,0.0,10.21,6.14
1990-10-25 05:00:00+00:00,0.0,0.0,0.0,9.91,6.34
1990-10-25 06:00:00+00:00,0.0,0.0,0.0,9.67,7.03
1990-10-25 07:00:00+00:00,21.0,123.44,15.0,9.63,5.93
1990-10-25 08:00:00+00:00,13.0,0.0,13.0,9.88,5.17
1990-10-25 09:00:00+00:00,81.0,0.0,81.0,10.5,5.45
1990-10-25 10:00:00+00:00,191.0,45.71,173.0,11.15,5.86
1990-10-25 11:00:00+00:00,38.0,0.0,38.0,11.61,5.86
1990-10-25 12:00:00+00:00,387.0,492.41,167.0,11.85,5.79
1990-10-25 13:00:00+00:00,35.0,0.0,35.0,11.47,6.0
1990-10-25 14:00:00+00:00,307.0,643.8,91.0,11.42,5.52
1990-10-25 15:00:00+00:00,193.0,557.51,67.0,11.27,5.66
1990-10-25 16:00:00+00:00,56.0,267.37,32.0,11.0,5.31
1990-10-25 17:00:00+00:00,0.0,0.0,0.0,10.38,4.9
1990-10-25 18:00:00+00:00,0.0,0.0,0.0,10.27,4.69
1990-10-25 19:00:00+00:00,0.0,0.0,0.0,10.37,4.55
1990-10-25 20:00:00+00:00,0.0,0.0,0.0,10.05,4.41
1990-10-25 21:00:00+00:00,0.0,0.0,0.0,9.84,4.0
1990-10-25 22:00:00+00:00,0.0,0.0,0.0,9.49,3.66
1990-10-25 23:00:00+00:00,0.0,0.0,0.0,9.14,3.52
1990-10-26 00:00:00+00:00,0.0,0.0,0.0,8.81,3.59
1990-10-26 01:00:00+00:00,0.0,0.0,0.0,8.61,3.93
1990-10-26 02:00:00+00:00,0.0,0.0,0.0,8.46,4.21
1990-10-26 03:00:00+00:00,0.0,0.0,0.0,8.6,4.41
1990-10-26 04:00:00+00:00,0.0,0.0,0.0,8.81,4.9
1990-10-26 05:00:00+00:00,0.0,0.0,0.0,9.0,5.03
1990-10-26 06:00:00+00:00,0.0,0.0,0.0,9.1,4.97
1990-10-26 07:00:00+00:00,16.0,68.22,13.0,8.71,4.34
1990-10-26 08:00:00+00:00,118.0,220.64,77.0,9.43,4.69
1990-10-26 09:00:00+00:00,209.0,243.93,135.0,10.68,4.76
1990-10-26 10:00:00+00:00,308.0,373.15,163.0,11.6,5.93
1990-10-26 11:00:00+00:00,173.0,11.48,168.0,12.12,6.28
1990-10-26 12:00:00+00:00,441.0,786.06,94.0,12.54,6.07
1990-10-26 13:00:00+00:00,384.0,688.08,105.0,12.94,6.28
1990-10-26 14:00:00+00:00,238.0,275.56,147.0,12.97,6.28
1990-10-26 15:00:00+00:00,185.0,529.79,68.0,12.62,5.72
1990-10-26 16:00:00+00:00,48.0,200.58,31.0,12.05,5.24
1990-10-26 17:00:00+00:00,0.0,0.0,0.0,11.18,4.55
1990-10-26 18:00:00+00:00,0.0,0.0,0.0,10.35,4.48
1990-10-26 19:00:00+00:00,0.0,0.0,0.0,9.82,4.14
1990-10-26 20:00:00+00:00,0.0,0.0,0.0,9.32,4.07
1990-10-26 21:00:00+00:00,0.0,0.0,0.0,8.92,4.07
1990-10-26 22:00:00+00:00,0.0,0.0,0.0,8.73,4.07
1990-10-26 23:00:00+00:00,0.0,0.0,0.0,8.71,4.07
1990-10-27 00:00:00+00:00,0.0,0.0,0.0,8.7,4.21
1990-10-27 01:00:00+00:00,0.0,0.0,0.0,8.76,4.14
1990-10-27 02:00:00+00:00,0.0,0.0,0.0,8.61,3.79
1990-10-27 03:00:00+00:00,0.0,0.0,0.0,8.87,3.86
1990-10-27 04:00:00+00:00,0.0,0.0,0.0,9.19,3.66
1990-10-27 05:00:00+00:00,0.0,0.0,0.0,9.65,3.93
1990-10-27 06:00:00+00:00,0.0,0.0,0.0,10.07,4.28
1990-10-27 07:00:00+00:00,8.0,0.0,8.0,10.19,4.07
1990-10-27 08:00:00+00:00,57.0,5.52,56.0,10.77,5.45
1990-10-27 09:00:00+00:00,46.0,0.0,46.0,11.34,7.03
1990-10-27 10:00:00+00:00,205.0,78.24,175.0,11.97,7.93
1990-10-27 11:00:00+00:00,59.0,0.0,59.0,12.41,8.14
1990-10-27 12:00:00+00:00,130.0,0.0,130.0,12.96,8.76
1990-10-27 13:00:00+00:00,115.0,0.0,115.0,13.63,7.66
1990-10-27 14:00:00+00:00,102.0,3.08,101.0,13.99,7.93
1990-10-27 15:00:00+00:00,83.0,18.54,79.0,13.78,8.07
1990-10-27 16:00:00+00:00,35.0,75.17,29.0,12.76,7.17
1990-10-27 17:00:00+00:00,0.0,0.0,0.0,11.67,6.0
1990-10-27 18:00:00+00:00,0.0,0.0,0.0,10.86,5.66
1990-10-27 19:00:00+00:00,0.0,0.0,0.0,10.77,5.1
1990-10-27 20:00:00+00:00,0.0,0.0,0.0,10.29,4.69
1990-10-27 21:00:00+00:00,0.0,0.0,0.0,10.05,4.97
1990-10-27 22:00:00+00:00,0.0,0.0,0.0,9.77,5.31
1990-10-27 23:00:00+00:00,0.0,0.0,0.0,9.78,5.79
1990-10-28 00:00:00+00:00,0.0,0.0,0.0,9.72,6.21
1990-10-28 01:00:00+00:00,0.0,0.0,0.0,9.84,6.55
1990-10-28 02:00:00+00:00,0.0,0.0,0.0,9.95,6.69
1990-10-28 03:00:00+00:00,0.0,0.0,0.0,10.02,6.41
1990-10-28 04:00:00+00:00,0.0,0.0,0.0,10.09,6.28
1990-10-28 05:00:00+00:00,0.0,0.0,0.0,10.1,6.28
1990-10-28 06:00:00+00:00,0.0,0.0,0.0,9.99,6.41
1990-10-28 07:00:00+00:00,2.0,0.0,2.0,10.18,5.66
1990-10-28 08:00:00+00:00,23.0,0.0,23.0,10.53,6.28
1990-10-28 09:00:00+00:00,87.0,0.0,87.0,11.17,6.76
1990-10-28 10:00:00+00:00,238.0,153.32,180.0,11.89,7.1
1990-10-28 11:00:00+00:00,191.0,28.22,179.0,12.47,8.55
1990-10-28 12:00:00+00:00,69.0,0.0,69.0,11.98,8.83
1990-10-28 13:00:00+00:00,153.0,10.13,149.0,11.61,8.41
1990-10-28 14:00:00+00:00,140.0,28.14,131.0,11.5,7.93
1990-10-28 15:00:00+00:00,35.0,0.0,35.0,11.35,7.93
1990-10-28 16:00:00+00:00,27.0,26.68,25.0,11.1,7.17
1990-10-28 17:00:00+00:00,0.0,0.0,0.0,10.51,7.31
1990-10-28 18:00:00+00:00,0.0,0.0,0.0,10.23,7.31
1990-10-28 19:00:00+00:00,0.0,0.0,0.0,10.02,6.28
1990-10-28 20:00:00+00:00,0.0,0.0,0.0,9.79,6.41
1990-10-28 21:00:00+00:00,0.0,0.0,0.0,9.62,6.55
1990-10-28 22:00:00+00:00,0.0,0.0,0.0,9.67,6.48
1990-10-28 23:00:00+00:00,0.0,0.0,0.0,9.79,6.28
1990-10-29 00:00:00+00:00,0.0,0.0,0.0,9.72,6.14
1990-10-29 01:00:00+00:00,0.0,0.0,0.0,9.63,6.14
1990-10-29 02:00:00+00:00,0.0,0.0,0.0,9.67,5.79
1990-10-29 03:00:00+00:00,0.0,0.0,0.0,9.71,5.24
1990-10-29 04:00:00+00:00,0.0,0.0,0.0,9.8,5.03
1990-10-29 05:00:00+00:00,0.0,0.0,0.0,10.07,4.97
1990-10-29 06:00:00+00:00,0.0,0.0,0.0,10.32,4.41
1990-10-29 07:00:00+00:00,5.0,0.0,5.0,11.05,4.69
1990-10-29 08:00:00+00:00,71.0,40.84,64.0,11.64,5.1
1990-10-29 09:00:00+00:00,64.0,0.0,64.0,12.13,5.72
1990-10-29 10:00:00+00:00,69.0,0.0,69.0,12.67,6.62
1990-10-29 11:00:00+00:00,84.0,0.0,84.0,13.14,7.79
1990-10-29 12:00:00+00:00,120.0,0.0,120.0,13.72,8.34
1990-10-29 13:00:00+00:00,79.0,0.0,79.0,14.13,8.76
1990-10-29 14:00:00+00:00,64.0,0.0,64.0,14.35,8.83
1990-10-29 15:00:00+00:00,15.0,0.0,15.0,14.37,8.34
1990-10-29 16:00:00+00:00,9.0,0.0,9.0,14.32,8.28
1990-10-29 17:00:00+00:00,0.0,0.0,0.0,14.19,8.14
1990-10-29 18:00:00+00:00,0.0,0.0,0.0,14.13,7.86
1990-10-29 19:00:00+00:00,0.0,0.0,0.0,14.0,8.28
1990-10-29 20:00:00+00:00,0.0,0.0,0.0,14.12,8.21
1990-10-29 21:00:00+00:00,0.0,0.0,0.0,14.19,8.0
1990-10-29 22:00:00+00:00,0.0,0.0,0.0,14.25,8.0
1990-10-29 23:00:00+00:00,0.0,0.0,0.0,14.31,8.07
1990-10-30 00:00:00+00:00,0.0,0.0,0.0,14.35,8.21
1990-10-30 01:00:00+00:00,0.0,0.0,0.0,14.33,8.14
1990-10-30 02:00:00+00:00,0.0,0.0,0.0,14.35,7.86
1990-10-30 03:00:00+00:00,0.0,0.0,0.0,14.35,7.66
1990-10-30 04:00:00+00:00,0.0,0.0,0.0,14.32,7.66
1990-10-30 05:00:00+00:00,0.0,0.0,0.0,14.35,7.72
1990-10-30 06:00:00+00:00,0.0,0.0,0.0,14.41,7.72
1990-10-30 07:00:00+00:00,1.0,0.0,1.0,14.52,8.21
1990-10-30 08:00:00+00:00,58.0,18.01,55.0,14.62,8.21
1990-10-30 09:00:00+00:00,44.0,0.0,44.0,14.76,8.28
1990-10-30 10:00:00+00:00,109.0,0.0,109.0,14.87,8.28
1990-10-30 11:00:00+00:00,69.0,0.0,69.0,14.96,8.14
1990-10-30 12:00:00+00:00,37.0,0.0,37.0,15.02,7.79
1990-10-30 13:00:00+00:00,68.0,0.0,68.0,14.98,7.52
1990-10-30 14:00:00+00:00,54.0,0.0,54.0,14.96,7.17
1990-10-30 15:00:00+00:00,54.0,0.0,54.0,14.91,6.83
1990-10-30 16:00:00+00:00,18.0,15.27,17.0,14.82,6.48
1990-10-30 17:00:00+00:00,0.0,0.0,0.0,14.72,6.21
1990-10-30 18:00:00+00:00,0.0,0.0,0.0,14.69,6.07
1990-10-30 19:00:00+00:00,0.0,0.0,0.0,14.52,5.52
1990-10-30 20:00:00+00:00,0.0,0.0,0.0,14.52,5.45
1990-10-30 21:00:00+00:00,0.0,0.0,0.0,14.51,5.52
1990-10-30 22:00:00+00:00,0.0,0.0,0.0,14.49,5.79
1990-10-30 23:00:00+00:00,0.0,0.0,0.0,14.44,6.14
1990-10-31 00:00:00+00:00,0.0,0.0,0.0,14.33,6.41
1990-10-31 01:00:00+00:00,0.0,0.0,0.0,14.24,6.55
1990-10-31 02:00:00+00:00,0.0,0.0,0.0,14.15,6.83
1990-10-31 03:00:00+00:00,0.0,0.0,0.0,14.11,7.03
1990-10-31 04:00:00+00:00,0.0,0.0,0.0,13.87,7.17
1990-10-31 05:00:00+00:00,0.0,0.0,0.0,13.44,7.38
1990-10-31 06:00:00+00:00,0.0,0.0,0.0,13.12,7.66
1990-10-31 07:00:00+00:00,0.0,0.0,0.0,14.19,8.41
1990-10-31 08:00:00+00:00,51.0,12.36,49.0,14.6,9.1
1990-10-31 09:00:00+00:00,24.0,0.0,24.0,15.09,9.79
1990-10-31 10:00:00+00:00,36.0,0.0,36.0,15.12,10.41
1990-10-31 11:00:00+00:00,61.0,0.0,61.0,14.83,10.69
1990-10-31 12:00:00+00:00,50.0,0.0,50.0,14.64,10.76
1990-10-31 13:00:00+00:00,332.0,561.14,119.0,14.43,8.48
1990-10-31 14:00:00+00:00,151.0,62.34,132.0,13.38,7.03
1990-10-31 15:00:00+00:00,134.0,285.59,78.0,12.88,6.28
1990-10-31 16:00:00+00:00,27.0,98.53,21.0,12.08,5.2
1990-10-31 17:00:00+00:00,0.0,0.0,0.0,11.9,5.26
1990-10-31 18:00:00+00:00,0.0,0.0,0.0,11.72,5.32
1990-10-31 19:00:00+00:00,0.0,0.0,0.0,11.53,5.39
1990-10-31 20:00:00+00:00,0.0,0.0,0.0,11.35,5.45
1990-10-31 21:00:00+00:00,0.0,0.0,0.0,11.17,5.52
1990-10-31 22:00:00+00:00,0.0,0.0,0.0,10.99,5.58
1990-10-31 23:00:00+00:00,0.0,0.0,0.0,10.8,5.64
1990-11-01 00:00:00+00:00,0.0,0.0,0.0,10.62,5.71
1990-11-01 01:00:00+00:00,0.0,0.0,0.0,10.44,5.77
1990-11-01 02:00:00+00:00,0.0,0.0,0.0,10.26,5.84
1990-11-01 03:00:00+00:00,0.0,0.0,0.0,10.07,5.9
1990-11-01 04:00:00+00:00,0.0,0.0,0.0,9.89,5.96
1990-11-01 05:00:00+00:00,0.0,0.0,0.0,9.71,6.03
1990-11-01 06:00:00+00:00,0.0,0.0,0.0,9.53,6.09
1990-11-01 07:00:00+00:00,0.0,0.0,0.0,9.35,6.16
1990-11-01 08:00:00+00:00,118.0,376.88,57.0,9.37,5.17
1990-11-01 09:00:00+00:00,246.0,610.37,76.0,10.04,5.17
1990-11-01 10:00:00+00:00,339.0,677.55,93.0,10.81,6.28
1990-11-01 11:00:00+00:00,402.0,771.19,86.0,11.49,6.83
1990-11-01 12:00:00+00:00,387.0,652.4,116.0,12.0,6.76
1990-11-01 13:00:00+00:00,32.0,0.0,32.0,11.96,6.21
1990-11-01 14:00:00+00:00,47.0,0.0,47.0,11.74,6.0
1990-11-01 15:00:00+00:00,134.0,275.39,80.0,11.09,5.66
1990-11-01 16:00:00+00:00,33.0,213.48,20.0,10.61,4.48
1990-11-01 17:00:00+00:00,0.0,0.0,0.0,10.1,3.38
1990-11-01 18:00:00+00:00,0.0,0.0,0.0,9.43,2.69
1990-11-01 19:00:00+00:00,0.0,0.0,0.0,8.55,2.69
1990-11-01 20:00:00+00:00,0.0,0.0,0.0,7.93,2.62
1990-11-01 21:00:00+00:00,0.0,0.0,0.0,7.46,2.55
1990-11-01 22:00:00+00:00,0.0,0.0,0.0,7.06,2.62
1990-11-01 23:00:00+00:00,0.0,0.0,0.0,6.74,2.55
1990-11-02 00:00:00+00:00,0.0,0.0,0.0,6.45,2.48
1990-11-02 01:00:00+00:00,0.0,0.0,0.0,6.1,2.69
1990-11-02 02:00:00+00:00,0.0,0.0,0.0,5.92,2.76
1990-11-02 03:00:00+00:00,0.0,0.0,0.0,5.7,2.62
1990-11-02 04:00:00+00:00,0.0,0.0,0.0,5.69,2.55
1990-11-02 05:00:00+00:00,0.0,0.0,0.0,5.59,2.48
1990-11-02 06:00:00+00:00,0.0,0.0,0.0,5.74,2.48
1990-11-02 07:00:00+00:00,0.0,0.0,0.0,5.08,2.48
1990-11-02 08:00:00+00:00,112.0,356.41,56.0,5.32,2.07
1990-11-02 09:00:00+00:00,244.0,632.26,71.0,6.93,1.66
1990-11-02 10:00:00+00:00,343.0,734.51,80.0,8.66,1.45
1990-11-02 11:00:00+00:00,397.0,770.96,85.0,9.84,1.31
1990-11-02 12:00:00+00:00,393.0,714.07,100.0,10.51,1.24
1990-11-02 13:00:00+00:00,285.0,320.36,165.0,10.83,1.24
1990-11-02 14:00:00+00:00,196.0,196.73,137.0,10.98,1.03
1990-11-02 15:00:00+00:00,85.0,47.03,76.0,10.81,0.69
1990-11-02 16:00:00+00:00,26.0,124.17,19.0,10.18,0.48
1990-11-02 17:00:00+00:00,0.0,0.0,0.0,9.55,0.69
1990-11-02 18:00:00+00:00,0.0,0.0,0.0,7.72,1.17
1990-11-02 19:00:00+00:00,0.0,0.0,0.0,5.94,2.41
1990-11-02 20:00:00+00:00,0.0,0.0,0.0,5.69,2.55
1990-11-02 21:00:00+00:00,0.0,0.0,0.0,5.56,2.69
1990-11-02 22:00:00+00:00,0.0,0.0,0.0,5.37,2.69
1990-11-02 23:00:00+00:00,0.0,0.0,0.0,5.08,2.62
1990-11-03 00:00:00+00:00,0.0,0.0,0.0,4.85,2.55
1990-11-03 01:00:00+00:00,0.0,0.0,0.0,4.6,2.55
1990-11-03 02:00:00+00:00,0.0,0.0,0.0,4.37,2.62
1990-11-03 03:00:00+00:00,0.0,0.0,0.0,4.2,2.69
1990-11-03 04:00:00+00:00,0.0,0.0,0.0,4.04,2.76
1990-11-03 05:00:00+00:00,0.0,0.0,0.0,4.01,2.69
1990-11-03 06:00:00+00:00,0.0,0.0,0.0,3.96,2.69
1990-11-03 07:00:00+00:00,0.0,0.0,0.0,3.97,2.83
1990-11-03 08:00:00+00:00,106.0,328.06,56.0,4.39,2.83
1990-11-03 09:00:00+00:00,231.0,565.57,79.0,5.85,2.83
1990-11-03 10:00:00+00:00,319.0,611.74,103.0,7.69,3.31
1990-11-03 11:00:00+00:00,343.0,492.91,146.0,9.3,4.0
1990-11-03 12:00:00+00:00,281.0,219.58,192.0,9.91,4.28
1990-11-03 13:00:00+00:00,183.0,51.4,164.0,10.25,4.41
1990-11-03 14:00:00+00:00,46.0,0.0,46.0,10.13,4.34
1990-11-03 15:00:00+00:00,31.0,0.0,31.0,9.93,4.07
1990-11-03 16:00:00+00:00,10.0,0.0,10.0,9.48,4.07
1990-11-03 17:00:00+00:00,0.0,0.0,0.0,8.69,4.07
1990-11-03 18:00:00+00:00,0.0,0.0,0.0,8.1,4.14
1990-11-03 19:00:00+00:00,0.0,0.0,0.0,7.29,4.21
1990-11-03 20:00:00+00:00,0.0,0.0,0.0,6.87,4.28
1990-11-03 21:00:00+00:00,0.0,0.0,0.0,6.46,4.48
1990-11-03 22:00:00+00:00,0.0,0.0,0.0,6.18,4.76
1990-11-03 23:00:00+00:00,0.0,0.0,0.0,5.95,4.9
1990-11-04 00:00:00+00:00,0.0,0.0,0.0,5.78,5.03
1990-11-04 01:00:00+00:00,0.0,0.0,0.0,5.38,5.03
1990-11-04 02:00:00+00:00,0.0,0.0,0.0,5.13,5.1
1990-11-04 03:00:00+00:00,0.0,0.0,0.0,4.92,5.17
1990-11-04 04:00:00+00:00,0.0,0.0,0.0,4.76,5.24
1990-11-04 05:00:00+00:00,0.0,0.0,0.0,4.62,5.24
1990-11-04 06:00:00+00:00,0.0,0.0,0.0,4.49,5.38
1990-11-04 07:00:00+00:00,0.0,0.0,0.0,4.73,5.45
1990-11-04 08:00:00+00:00,110.0,419.7,48.0,4.93,5.45
1990-11-04 09:00:00+00:00,232.0,610.04,71.0,5.75,5.24
1990-11-04 10:00:00+00:00,231.0,195.32,163.0,6.41,6.07
1990-11-04 11:00:00+00:00,255.0,164.69,190.0,7.03,5.93
1990-11-04 12:00:00+00:00,208.0,59.95,184.0,7.99,6.97
1990-11-04 13:00:00+00:00,194.0,71.28,168.0,8.64,6.9
1990-11-04 14:00:00+00:00,111.0,13.78,107.0,9.05,6.0
1990-11-04 15:00:00+00:00,71.0,21.96,67.0,9.05,5.72
1990-11-04 16:00:00+00:00,9.0,0.0,9.0,8.87,5.24
1990-11-04 17:00:00+00:00,0.0,0.0,0.0,8.1,4.9
1990-11-04 18:00:00+00:00,0.0,0.0,0.0,7.41,4.69
1990-11-04 19:00:00+00:00,0.0,0.0,0.0,7.49,4.28
1990-11-04 20:00:00+00:00,0.0,0.0,0.0,6.81,4.0
1990-11-04 21:00:00+00:00,0.0,0.0,0.0,6.22,3.93
1990-11-04 22:00:00+00:00,0.0,0.0,0.0,5.58,3.79
1990-11-04 23:00:00+00:00,0.0,0.0,0.0,5.08,3.86
1990-11-05 00:00:00+00:00,0.0,0.0,0.0,4.52,3.79
1990-11-05 01:00:00+00:00,0.0,0.0,0.0,4.05,3.72
1990-11-05 02:00:00+00:00,0.0,0.0,0.0,3.69,3.59
1990-11-05 03:00:00+00:00,0.0,0.0,0.0,3.36,3.31
1990-11-05 04:00:00+00:00,0.0,0.0,0.0,3.12,3.03
1990-11-05 05:00:00+00:00,0.0,0.0,0.0,2.96,2.83
1990-11-05 06:00:00+00:00,0.0,0.0,0.0,2.79,2.69
1990-11-05 07:00:00+00:00,0.0,0.0,0.0,2.42,2.41
1990-11-05 08:00:00+00:00,98.0,328.51,51.0,2.64,2.07
1990-11-05 09:00:00+00:00,228.0,613.62,69.0,4.16,1.72
1990-11-05 10:00:00+00:00,319.0,678.79,86.0,6.07,1.52
1990-11-05 11:00:00+00:00,378.0,749.17,86.0,7.54,1.24
1990-11-05 12:00:00+00:00,376.0,702.98,98.0,8.56,1.24
1990-11-05 13:00:00+00:00,334.0,666.74,94.0,9.15,1.45
1990-11-05 14:00:00+00:00,184.0,185.52,131.0,9.51,1.79
1990-11-05 15:00:00+00:00,74.0,33.77,68.0,9.7,2.07
1990-11-05 16:00:00+00:00,11.0,0.0,11.0,9.5,1.86
1990-11-05 17:00:00+00:00,0.0,0.0,0.0,9.16,2.0
1990-11-05 18:00:00+00:00,0.0,0.0,0.0,9.08,1.93
1990-11-05 19:00:00+00:00,0.0,0.0,0.0,8.97,2.07
1990-11-05 20:00:00+00:00,0.0,0.0,0.0,8.58,2.41
1990-11-05 21:00:00+00:00,0.0,0.0,0.0,8.18,2.62
1990-11-05 22:00:00+00:00,0.0,0.0,0.0,7.97,2.55
1990-11-05 23:00:00+00:00,0.0,0.0,0.0,7.67,2.55
1990-11-06 00:00:00+00:00,0.0,0.0,0.0,7.58,2.69
1990-11-06 01:00:00+00:00,0.0,0.0,0.0,7.67,2.9
1990-11-06 02:00:00+00:00,0.0,0.0,0.0,7.82,3.17
1990-11-06 03:00:00+00:00,0.0,0.0,0.0,7.94,3.38
1990-11-06 04:00:00+00:00,0.0,0.0,0.0,8.16,3.52
1990-11-06 05:00:00+00:00,0.0,0.0,0.0,8.51,3.59
1990-11-06 06:00:00+00:00,0.0,0.0,0.0,8.71,3.72
1990-11-06 07:00:00+00:00,0.0,0.0,0.0,9.47,4.34
1990-11-06 08:00:00+00:00,73.0,130.02,55.0,9.75,4.83
1990-11-06 09:00:00+00:00,167.0,228.03,109.0,10.43,5.45
1990-11-06 10:00:00+00:00,131.0,11.82,127.0,11.04,5.66
1990-11-06 11:00:00+00:00,305.0,394.92,153.0,11.7,5.38
1990-11-06 12:00:00+00:00,99.0,0.0,99.0,12.24,6.55
1990-11-06 13:00:00+00:00,144.0,16.89,138.0,12.44,7.17
1990-11-06 14:00:00+00:00,92.0,3.56,91.0,12.29,6.48
1990-11-06 15:00:00+00:00,75.0,46.16,67.0,12.28,6.69
1990-11-06 16:00:00+00:00,9.0,0.0,9.0,11.89,6.21
1990-11-06 17:00:00+00:00,0.0,0.0,0.0,11.45,6.14
1990-11-06 18:00:00+00:00,0.0,0.0,0.0,11.72,6.76
1990-11-06 19:00:00+00:00,0.0,0.0,0.0,11.58,6.62
1990-11-06 20:00:00+00:00,0.0,0.0,0.0,11.9,6.55
1990-11-06 21:00:00+00:00,0.0,0.0,0.0,12.19,6.21
1990-11-06 22:00:00+00:00,0.0,0.0,0.0,12.43,6.07
1990-11-06 23:00:00+00:00,0.0,0.0,0.0,12.63,5.72
1990-11-07 00:00:00+00:00,0.0,0.0,0.0,12.75,5.17
1990-11-07 01:00:00+00:00,0.0,0.0,0.0,12.61,4.69
1990-11-07 02:00:00+00:00,0.0,0.0,0.0,12.13,5.1
1990-11-07 03:00:00+00:00,0.0,0.0,0.0,11.29,5.38
1990-11-07 04:00:00+00:00,0.0,0.0,0.0,10.6,4.76
1990-11-07 05:00:00+00:00,0.0,0.0,0.0,10.06,4.07
1990-11-07 06:00:00+00:00,0.0,0.0,0.0,9.11,3.86
1990-11-07 07:00:00+00:00,0.0,0.0,0.0,8.3,4.21
1990-11-07 08:00:00+00:00,87.0,283.9,49.0,8.33,4.76
1990-11-07 09:00:00+00:00,175.0,280.42,105.0,9.07,5.38
1990-11-07 10:00:00+00:00,282.0,497.6,116.0,10.1,5.72
1990-11-07 11:00:00+00:00,324.0,492.02,137.0,11.01,6.76
1990-11-07 12:00:00+00:00,349.0,603.86,116.0,11.43,6.9
1990-11-07 13:00:00+00:00,313.0,593.33,105.0,11.61,6.55
1990-11-07 14:00:00+00:00,238.0,556.76,84.0,11.57,6.07
1990-11-07 15:00:00+00:00,105.0,207.09,70.0,11.25,5.1
1990-11-07 16:00:00+00:00,8.0,0.0,8.0,10.51,4.28
1990-11-07 17:00:00+00:00,0.0,0.0,0.0,9.56,3.52
1990-11-07 18:00:00+00:00,0.0,0.0,0.0,8.72,3.03
1990-11-07 19:00:00+00:00,0.0,0.0,0.0,7.9,2.76
1990-11-07 20:00:00+00:00,0.0,0.0,0.0,7.34,3.03
1990-11-07 21:00:00+00:00,0.0,0.0,0.0,6.98,2.9
1990-11-07 22:00:00+00:00,0.0,0.0,0.0,6.63,2.76
1990-11-07 23:00:00+00:00,0.0,0.0,0.0,6.32,2.83
1990-11-08 00:00:00+00:00,0.0,0.0,0.0,6.09,2.55
1990-11-08 01:00:00+00:00,0.0,0.0,0.0,5.84,2.14
1990-11-08 02:00:00+00:00,0.0,0.0,0.0,5.55,2.14
1990-11-08 03:00:00+00:00,0.0,0.0,0.0,5.37,2.34
1990-11-08 04:00:00+00:00,0.0,0.0,0.0,5.39,2.41
1990-11-08 05:00:00+00:00,0.0,0.0,0.0,5.55,2.34
1990-11-08 06:00:00+00:00,0.0,0.0,0.0,5.63,2.0
1990-11-08 07:00:00+00:00,0.0,0.0,0.0,5.34,2.28
1990-11-08 08:00:00+00:00,55.0,54.14,48.0,5.25,1.17
1990-11-08 09:00:00+00:00,120.0,69.41,103.0,6.88,0.83
1990-11-08 10:00:00+00:00,138.0,24.33,130.0,8.29,1.1
1990-11-08 11:00:00+00:00,129.0,5.33,127.0,9.91,1.45
1990-11-08 12:00:00+00:00,156.0,18.37,149.0,10.95,2.07
1990-11-08 13:00:00+00:00,151.0,28.9,141.0,11.59,2.69
1990-11-08 14:00:00+00:00,101.0,14.7,97.0,11.83,2.9
1990-11-08 15:00:00+00:00,47.0,0.0,47.0,11.84,2.69
1990-11-08 16:00:00+00:00,2.0,0.0,2.0,11.68,2.28
1990-11-08 17:00:00+00:00,0.0,0.0,0.0,11.52,2.14
1990-11-08 18:00:00+00:00,0.0,0.0,0.0,11.53,2.21
1990-11-08 19:00:00+00:00,0.0,0.0,0.0,11.71,2.21
1990-11-08 20:00:00+00:00,0.0,0.0,0.0,11.7,2.07
1990-11-08 21:00:00+00:00,0.0,0.0,0.0,11.65,2.14
1990-11-08 22:00:00+00:00,0.0,0.0,0.0,11.68,2.34
1990-11-08 23:00:00+00:00,0.0,0.0,0.0,11.7,2.62
1990-11-09 00:00:00+00:00,0.0,0.0,0.0,11.6,2.76
1990-11-09 01:00:00+00:00,0.0,0.0,0.0,11.54,2.9
1990-11-09 02:00:00+00:00,0.0,0.0,0.0,11.42,2.97
1990-11-09 03:00:00+00:00,0.0,0.0,0.0,11.34,2.97
1990-11-09 04:00:00+00:00,0.0,0.0,0.0,11.13,2.9
1990-11-09 05:00:00+00:00,0.0,0.0,0.0,10.97,2.83
1990-11-09 06:00:00+00:00,0.0,0.0,0.0,10.81,2.62
1990-11-09 07:00:00+00:00,0.0,0.0,0.0,10.9,2.48
1990-11-09 08:00:00+00:00,63.0,112.21,49.0,11.02,2.41
1990-11-09 09:00:00+00:00,127.0,95.72,104.0,11.86,2.62
1990-11-09 10:00:00+00:00,231.0,280.74,140.0,12.81,3.31
1990-11-09 11:00:00+00:00,259.0,248.25,167.0,13.49,3.72
1990-11-09 12:00:00+00:00,165.0,26.56,155.0,14.05,4.28
1990-11-09 13:00:00+00:00,222.0,190.36,157.0,14.12,4.69
1990-11-09 14:00:00+00:00,87.0,3.73,86.0,14.19,4.48
1990-11-09 15:00:00+00:00,73.0,62.23,63.0,13.83,3.66
1990-11-09 16:00:00+00:00,2.0,0.0,2.0,13.01,3.31
1990-11-09 17:00:00+00:00,0.0,0.0,0.0,12.73,3.17
1990-11-09 18:00:00+00:00,0.0,0.0,0.0,12.65,3.24
1990-11-09 19:00:00+00:00,0.0,0.0,0.0,12.43,2.9
1990-11-09 20:00:00+00:00,0.0,0.0,0.0,12.12,3.03
1990-11-09 21:00:00+00:00,0.0,0.0,0.0,12.22,3.24
1990-11-09 22:00:00+00:00,0.0,0.0,0.0,12.13,3.1
1990-11-09 23:00:00+00:00,0.0,0.0,0.0,12.12,2.97
1990-11-10 00:00:00+00:00,0.0,0.0,0.0,11.88,2.83
1990-11-10 01:00:00+00:00,0.0,0.0,0.0,11.56,2.69
1990-11-10 02:00:00+00:00,0.0,0.0,0.0,11.34,2.55
1990-11-10 03:00:00+00:00,0.0,0.0,0.0,10.92,2.55
1990-11-10 04:00:00+00:00,0.0,0.0,0.0,10.94,2.48
1990-11-10 05:00:00+00:00,0.0,0.0,0.0,10.96,2.48
1990-11-10 06:00:00+00:00,0.0,0.0,0.0,11.13,2.55
1990-11-10 07:00:00+00:00,0.0,0.0,0.0,11.07,2.34
1990-11-10 08:00:00+00:00,14.0,0.0,14.0,11.57,2.41
1990-11-10 09:00:00+00:00,30.0,0.0,30.0,12.1,2.41
1990-11-10 10:00:00+00:00,102.0,3.13,101.0,12.49,2.48
1990-11-10 11:00:00+00:00,118.0,2.73,117.0,12.78,2.34
1990-11-10 12:00:00+00:00,82.0,0.0,82.0,13.13,3.1
1990-11-10 13:00:00+00:00,127.0,11.87,123.0,13.25,2.69
1990-11-10 14:00:00+00:00,52.0,0.0,52.0,13.1,2.07
1990-11-10 15:00:00+00:00,54.0,12.77,52.0,13.14,1.72
1990-11-10 16:00:00+00:00,1.0,0.0,1.0,13.0,1.24
1990-11-10 17:00:00+00:00,0.0,0.0,0.0,12.59,1.45
1990-11-10 18:00:00+00:00,0.0,0.0,0.0,12.39,1.31
1990-11-10 19:00:00+00:00,0.0,0.0,0.0,12.45,2.28
1990-11-10 20:00:00+00:00,0.0,0.0,0.0,12.38,2.34
1990-11-10 21:00:00+00:00,0.0,0.0,0.0,12.16,2.34
1990-11-10 22:00:00+00:00,0.0,0.0,0.0,11.85,2.21
1990-11-10 23:00:00+00:00,0.0,0.0,0.0,11.62,2.21
1990-11-11 00:00:00+00:00,0.0,0.0,0.0,11.36,2.07
1990-11-11 01:00:00+00:00,0.0,0.0,0.0,11.12,2.07
1990-11-11 02:00:00+00:00,0.0,0.0,0.0,10.96,2.07
1990-11-11 03:00:00+00:00,0.0,0.0,0.0,10.67,2.14
1990-11-11 04:00:00+00:00,0.0,0.0,0.0,10.44,2.07
1990-11-11 05:00:00+00:00,0.0,0.0,0.0,10.49,1.66
1990-11-11 06:00:00+00:00,0.0,0.0,0.0,10.18,1.38
1990-11-11 07:00:00+00:00,0.0,0.0,0.0,9.88,1.31
1990-11-11 08:00:00+00:00,27.0,0.0,27.0,9.59,1.31
1990-11-11 09:00:00+00:00,117.0,77.88,99.0,11.07,0.9
1990-11-11 10:00:00+00:00,205.0,196.9,143.0,12.46,1.79
1990-11-11 11:00:00+00:00,170.0,41.51,155.0,13.31,3.03
1990-11-11 12:00:00+00:00,89.0,0.0,89.0,13.64,3.59
1990-11-11 13:00:00+00:00,50.0,0.0,50.0,13.55,3.59
1990-11-11 14:00:00+00:00,50.0,0.0,50.0,13.44,3.38
1990-11-11 15:00:00+00:00,77.0,98.21,62.0,13.14,3.1
1990-11-11 16:00:00+00:00,0.0,0.0,0.0,12.59,3.1
1990-11-11 17:00:00+00:00,0.0,0.0,0.0,11.73,3.24
1990-11-11 18:00:00+00:00,0.0,0.0,0.0,11.35,3.31
1990-11-11 19:00:00+00:00,0.0,0.0,0.0,10.58,2.97
1990-11-11 20:00:00+00:00,0.0,0.0,0.0,10.28,3.86
1990-11-11 21:00:00+00:00,0.0,0.0,0.0,10.6,4.48
1990-11-11 22:00:00+00:00,0.0,0.0,0.0,10.77,4.28
1990-11-11 23:00:00+00:00,0.0,0.0,0.0,10.63,4.07
1990-11-12 00:00:00+00:00,0.0,0.0,0.0,10.65,3.72
1990-11-12 01:00:00+00:00,0.0,0.0,0.0,10.75,3.79
1990-11-12 02:00:00+00:00,0.0,0.0,0.0,11.26,4.55
1990-11-12 03:00:00+00:00,0.0,0.0,0.0,11.62,5.38
1990-11-12 04:00:00+00:00,0.0,0.0,0.0,11.95,6.0
1990-11-12 05:00:00+00:00,0.0,0.0,0.0,11.96,6.41
1990-11-12 06:00:00+00:00,0.0,0.0,0.0,12.29,6.69
1990-11-12 07:00:00+00:00,0.0,0.0,0.0,12.57,6.9
1990-11-12 08:00:00+00:00,62.0,179.45,42.0,13.06,7.24
1990-11-12 09:00:00+00:00,25.0,0.0,25.0,13.32,7.52
1990-11-12 10:00:00+00:00,100.0,3.22,99.0,13.58,7.38
1990-11-12 11:00:00+00:00,322.0,622.09,100.0,13.92,7.45
1990-11-12 12:00:00+00:00,238.0,187.32,170.0,13.97,6.97
1990-11-12 13:00:00+00:00,98.0,0.0,98.0,13.84,7.03
1990-11-12 14:00:00+00:00,141.0,109.64,113.0,13.54,6.34
1990-11-12 15:00:00+00:00,67.0,60.44,58.0,13.42,5.93
1990-11-12 16:00:00+00:00,0.0,0.0,0.0,12.93,5.66
1990-11-12 17:00:00+00:00,0.0,0.0,0.0,12.64,5.86
1990-11-12 18:00:00+00:00,0.0,0.0,0.0,12.77,6.14
1990-11-12 19:00:00+00:00,0.0,0.0,0.0,12.79,5.59
1990-11-12 20:00:00+00:00,0.0,0.0,0.0,12.78,5.24
1990-11-12 21:00:00+00:00,0.0,0.0,0.0,12.64,5.24
1990-11-12 22:00:00+00:00,0.0,0.0,0.0,12.35,5.17
1990-11-12 23:00:00+00:00,0.0,0.0,0.0,12.38,5.03
1990-11-13 00:00:00+00:00,0.0,0.0,0.0,12.28,4.97
1990-11-13 01:00:00+00:00,0.0,0.0,0.0,11.94,4.9
1990-11-13 02:00:00+00:00,0.0,0.0,0.0,11.67,4.69
1990-11-13 03:00:00+00:00,0.0,0.0,0.0,11.22,4.41
1990-11-13 04:00:00+00:00,0.0,0.0,0.0,10.65,4.34
1990-11-13 05:00:00+00:00,0.0,0.0,0.0,10.06,4.28
1990-11-13 06:00:00+00:00,0.0,0.0,0.0,9.76,4.21
1990-11-13 07:00:00+00:00,0.0,0.0,0.0,9.85,4.07
1990-11-13 08:00:00+00:00,26.0,0.0,26.0,9.82,3.93
1990-11-13 09:00:00+00:00,81.0,13.5,78.0,10.53,3.79
1990-11-13 10:00:00+00:00,87.0,0.0,87.0,11.44,4.14
1990-11-13 11:00:00+00:00,158.0,31.21,147.0,12.21,5.31
1990-11-13 12:00:00+00:00,154.0,25.09,145.0,12.75,4.9
1990-11-13 13:00:00+00:00,182.0,101.78,149.0,13.02,4.55
1990-11-13 14:00:00+00:00,80.0,3.98,79.0,13.07,4.07
1990-11-13 15:00:00+00:00,48.0,13.78,46.0,12.9,3.52
1990-11-13 16:00:00+00:00,0.0,0.0,0.0,12.54,3.24
1990-11-13 17:00:00+00:00,0.0,0.0,0.0,12.25,3.1
1990-11-13 18:00:00+00:00,0.0,0.0,0.0,11.84,2.83
1990-11-13 19:00:00+00:00,0.0,0.0,0.0,10.96,2.83
1990-11-13 20:00:00+00:00,0.0,0.0,0.0,10.5,2.9
1990-11-13 21:00:00+00:00,0.0,0.0,0.0,10.45,2.9
1990-11-13 22:00:00+00:00,0.0,0.0,0.0,10.1,2.9
1990-11-13 23:00:00+00:00,0.0,0.0,0.0,9.77,2.9
1990-11-14 00:00:00+00:00,0.0,0.0,0.0,9.52,3.03
1990-11-14 01:00:00+00:00,0.0,0.0,0.0,9.31,3.1
1990-11-14 02:00:00+00:00,0.0,0.0,0.0,9.03,3.24
1990-11-14 03:00:00+00:00,0.0,0.0,0.0,9.02,3.38
1990-11-14 04:00:00+00:00,0.0,0.0,0.0,8.86,3.38
1990-11-14 05:00:00+00:00,0.0,0.0,0.0,8.62,3.52
1990-11-14 06:00:00+00:00,0.0,0.0,0.0,8.48,3.72
1990-11-14 07:00:00+00:00,0.0,0.0,0.0,9.41,3.72
1990-11-14 08:00:00+00:00,29.0,9.73,28.0,9.52,3.86
1990-11-14 09:00:00+00:00,44.0,0.0,44.0,9.97,3.66
1990-11-14 10:00:00+00:00,90.0,0.0,90.0,10.71,4.34
1990-11-14 11:00:00+00:00,157.0,31.61,146.0,11.38,4.48
1990-11-14 12:00:00+00:00,104.0,0.0,104.0,11.92,4.48
1990-11-14 13:00:00+00:00,123.0,12.49,119.0,12.28,4.48
1990-11-14 14:00:00+00:00,89.0,8.08,87.0,12.61,3.93
1990-11-14 15:00:00+00:00,63.0,56.52,55.0,12.64,3.66
1990-11-14 16:00:00+00:00,0.0,0.0,0.0,12.43,3.31
1990-11-14 17:00:00+00:00,0.0,0.0,0.0,11.95,3.24
1990-11-14 18:00:00+00:00,0.0,0.0,0.0,11.43,3.1
1990-11-14 19:00:00+00:00,0.0,0.0,0.0,11.43,3.45
1990-11-14 20:00:00+00:00,0.0,0.0,0.0,10.91,3.24
1990-11-14 21:00:00+00:00,0.0,0.0,0.0,10.75,3.1
1990-11-14 22:00:00+00:00,0.0,0.0,0.0,10.47,2.97
1990-11-14 23:00:00+00:00,0.0,0.0,0.0,10.17,2.83
1990-11-15 00:00:00+00:00,0.0,0.0,0.0,9.66,2.48
1990-11-15 01:00:00+00:00,0.0,0.0,0.0,9.15,2.41
1990-11-15 02:00:00+00:00,0.0,0.0,0.0,8.71,2.41
1990-11-15 03:00:00+00:00,0.0,0.0,0.0,8.29,2.41
1990-11-15 04:00:00+00:00,0.0,0.0,0.0,7.99,2.28
1990-11-15 05:00:00+00:00,0.0,0.0,0.0,7.75,2.21
1990-11-15 06:00:00+00:00,0.0,0.0,0.0,7.69,2.21
1990-11-15 07:00:00+00:00,0.0,0.0,0.0,9.07,2.0
1990-11-15 08:00:00+00:00,23.0,0.0,23.0,9.12,1.86
1990-11-15 09:00:00+00:00,28.0,0.0,28.0,9.69,1.72
1990-11-15 10:00:00+00:00,57.0,0.0,57.0,10.4,1.66
1990-11-15 11:00:00+00:00,82.0,0.0,82.0,11.28,1.59
1990-11-15 12:00:00+00:00,120.0,2.86,119.0,11.76,1.86
1990-11-15 13:00:00+00:00,109.0,6.33,107.0,11.87,2.14
1990-11-15 14:00:00+00:00,43.0,0.0,43.0,12.0,2.34
1990-11-15 15:00:00+00:00,79.0,166.64,56.0,11.61,1.79
1990-11-15 16:00:00+00:00,0.0,0.0,0.0,10.98,1.79
1990-11-15 17:00:00+00:00,0.0,0.0,0.0,10.27,1.79
1990-11-15 18:00:00+00:00,0.0,0.0,0.0,9.55,2.0
1990-11-15 19:00:00+00:00,0.0,0.0,0.0,9.05,2.14
1990-11-15 20:00:00+00:00,0.0,0.0,0.0,8.81,2.0
1990-11-15 21:00:00+00:00,0.0,0.0,0.0,8.34,1.79
1990-11-15 22:00:00+00:00,0.0,0.0,0.0,7.74,1.72
1990-11-15 23:00:00+00:00,0.0,0.0,0.0,7.26,1.45
1990-11-16 00:00:00+00:00,0.0,0.0,0.0,6.57,1.66
1990-11-16 01:00:00+00:00,0.0,0.0,0.0,6.6,1.59
1990-11-16 02:00:00+00:00,0.0,0.0,0.0,6.18,1.52
1990-11-16 03:00:00+00:00,0.0,0.0,0.0,6.0,1.1
1990-11-16 04:00:00+00:00,0.0,0.0,0.0,5.98,0.9
1990-11-16 05:00:00+00:00,0.0,0.0,0.0,5.67,0.76
1990-11-16 06:00:00+00:00,0.0,0.0,0.0,5.73,0.34
1990-11-16 07:00:00+00:00,0.0,0.0,0.0,6.46,0.41
1990-11-16 08:00:00+00:00,34.0,31.8,31.0,6.4,0.14
1990-11-16 09:00:00+00:00,53.0,0.0,53.0,7.14,0.55
1990-11-16 10:00:00+00:00,227.0,385.93,114.0,8.19,1.03
1990-11-16 11:00:00+00:00,133.0,14.73,128.0,9.2,1.38
1990-11-16 12:00:00+00:00,96.0,0.0,96.0,10.45,2.07
1990-11-16 13:00:00+00:00,138.0,32.03,128.0,11.17,2.48
1990-11-16 14:00:00+00:00,84.0,8.33,82.0,11.57,2.76
1990-11-16 15:00:00+00:00,61.0,66.87,52.0,11.49,2.41
1990-11-16 16:00:00+00:00,0.0,0.0,0.0,11.36,2.48
1990-11-16 17:00:00+00:00,0.0,0.0,0.0,11.21,2.41
1990-11-16 18:00:00+00:00,0.0,0.0,0.0,11.05,2.14
1990-11-16 19:00:00+00:00,0.0,0.0,0.0,10.79,2.76
1990-11-16 20:00:00+00:00,0.0,0.0,0.0,10.81,3.03
1990-11-16 21:00:00+00:00,0.0,0.0,0.0,10.96,3.03
1990-11-16 22:00:00+00:00,0.0,0.0,0.0,10.64,2.55
1990-11-16 23:00:00+00:00,0.0,0.0,0.0,9.72,2.97
1990-11-17 00:00:00+00:00,0.0,0.0,0.0,9.21,3.17
1990-11-17 01:00:00+00:00,0.0,0.0,0.0,8.84,3.45
1990-11-17 02:00:00+00:00,0.0,0.0,0.0,8.6,3.38
1990-11-17 03:00:00+00:00,0.0,0.0,0.0,8.53,3.24
1990-11-17 04:00:00+00:00,0.0,0.0,0.0,8.5,3.1
1990-11-17 05:00:00+00:00,0.0,0.0,0.0,8.51,3.17
1990-11-17 06:00:00+00:00,0.0,0.0,0.0,8.51,3.24
1990-11-17 07:00:00+00:00,0.0,0.0,0.0,8.32,3.17
1990-11-17 08:00:00+00:00,12.0,0.0,12.0,8.31,2.76
1990-11-17 09:00:00+00:00,99.0,63.43,86.0,8.53,2.76
1990-11-17 10:00:00+00:00,258.0,620.27,79.0,9.36,2.9
1990-11-17 11:00:00+00:00,268.0,399.56,134.0,10.15,3.1
1990-11-17 12:00:00+00:00,321.0,692.72,84.0,10.83,3.66
1990-11-17 13:00:00+00:00,288.0,693.9,74.0,11.24,3.59
1990-11-17 14:00:00+00:00,204.0,579.32,67.0,11.37,3.17
1990-11-17 15:00:00+00:00,75.0,175.2,52.0,11.05,2.41
1990-11-17 16:00:00+00:00,0.0,0.0,0.0,10.12,2.14
1990-11-17 17:00:00+00:00,0.0,0.0,0.0,9.15,2.28
1990-11-17 18:00:00+00:00,0.0,0.0,0.0,8.3,2.48
1990-11-17 19:00:00+00:00,0.0,0.0,0.0,7.81,2.62
1990-11-17 20:00:00+00:00,0.0,0.0,0.0,7.39,2.62
1990-11-17 21:00:00+00:00,0.0,0.0,0.0,7.1,2.76
1990-11-17 22:00:00+00:00,0.0,0.0,0.0,6.88,2.62
1990-11-17 23:00:00+00:00,0.0,0.0,0.0,6.72,2.41
1990-11-18 00:00:00+00:00,0.0,0.0,0.0,6.69,2.48
1990-11-18 01:00:00+00:00,0.0,0.0,0.0,6.65,2.69
1990-11-18 02:00:00+00:00,0.0,0.0,0.0,6.86,2.97
1990-11-18 03:00:00+00:00,0.0,0.0,0.0,7.0,3.17
1990-11-18 04:00:00+00:00,0.0,0.0,0.0,7.04,3.03
1990-11-18 05:00:00+00:00,0.0,0.0,0.0,6.97,2.83
1990-11-18 06:00:00+00:00,0.0,0.0,0.0,7.05,2.83
1990-11-18 07:00:00+00:00,0.0,0.0,0.0,8.1,3.24
1990-11-18 08:00:00+00:00,29.0,23.23,27.0,8.27,3.17
1990-11-18 09:00:00+00:00,46.0,0.0,46.0,9.19,3.31
1990-11-18 10:00:00+00:00,166.0,133.6,128.0,10.54,3.45
1990-11-18 11:00:00+00:00,178.0,84.52,150.0,11.82,3.86
1990-11-18 12:00:00+00:00,209.0,153.75,157.0,12.91,4.83
1990-11-18 13:00:00+00:00,124.0,19.69,118.0,13.31,4.14
1990-11-18 14:00:00+00:00,48.0,0.0,48.0,13.51,4.41
1990-11-18 15:00:00+00:00,40.0,7.81,39.0,13.23,3.79
1990-11-18 16:00:00+00:00,0.0,0.0,0.0,12.85,3.38
1990-11-18 17:00:00+00:00,0.0,0.0,0.0,12.12,3.03
1990-11-18 18:00:00+00:00,0.0,0.0,0.0,11.37,3.03
1990-11-18 19:00:00+00:00,0.0,0.0,0.0,11.45,3.31
1990-11-18 20:00:00+00:00,0.0,0.0,0.0,11.48,3.31
1990-11-18 21:00:00+00:00,0.0,0.0,0.0,11.51,3.45
1990-11-18 22:00:00+00:00,0.0,0.0,0.0,11.55,3.38
1990-11-18 23:00:00+00:00,0.0,0.0,0.0,11.54,3.31
1990-11-19 00:00:00+00:00,0.0,0.0,0.0,11.51,3.24
1990-11-19 01:00:00+00:00,0.0,0.0,0.0,11.47,3.31
1990-11-19 02:00:00+00:00,0.0,0.0,0.0,11.29,2.9
1990-11-19 03:00:00+00:00,0.0,0.0,0.0,11.11,2.34
1990-11-19 04:00:00+00:00,0.0,0.0,0.0,11.02,2.07
1990-11-19 05:00:00+00:00,0.0,0.0,0.0,10.98,2.21
1990-11-19 06:00:00+00:00,0.0,0.0,0.0,11.06,2.28
1990-11-19 07:00:00+00:00,0.0,0.0,0.0,10.64,1.79
1990-11-19 08:00:00+00:00,26.0,12.18,25.0,10.57,1.72
1990-11-19 09:00:00+00:00,52.0,0.0,52.0,10.96,1.93
1990-11-19 10:00:00+00:00,101.0,10.7,98.0,11.36,2.41
1990-11-19 11:00:00+00:00,170.0,70.27,147.0,12.03,2.9
1990-11-19 12:00:00+00:00,66.0,0.0,66.0,12.52,2.9
1990-11-19 13:00:00+00:00,60.0,0.0,60.0,12.78,2.83
1990-11-19 14:00:00+00:00,34.0,0.0,34.0,12.88,2.62
1990-11-19 15:00:00+00:00,10.0,0.0,10.0,12.79,1.86
1990-11-19 16:00:00+00:00,0.0,0.0,0.0,12.33,1.38
1990-11-19 17:00:00+00:00,0.0,0.0,0.0,11.61,1.38
1990-11-19 18:00:00+00:00,0.0,0.0,0.0,10.79,1.45
1990-11-19 19:00:00+00:00,0.0,0.0,0.0,10.62,0.83
1990-11-19 20:00:00+00:00,0.0,0.0,0.0,10.84,0.55
1990-11-19 21:00:00+00:00,0.0,0.0,0.0,10.67,0.55
1990-11-19 22:00:00+00:00,0.0,0.0,0.0,10.71,0.41
1990-11-19 23:00:00+00:00,0.0,0.0,0.0,10.44,0.0
1990-11-20 00:00:00+00:00,0.0,0.0,0.0,10.22,0.48
1990-11-20 01:00:00+00:00,0.0,0.0,0.0,9.53,0.76
1990-11-20 02:00:00+00:00,0.0,0.0,0.0,9.57,0.69
1990-11-20 03:00:00+00:00,0.0,0.0,0.0,9.95,0.28
1990-11-20 04:00:00+00:00,0.0,0.0,0.0,9.8,0.21
1990-11-20 05:00:00+00:00,0.0,0.0,0.0,9.45,0.62
1990-11-20 06:00:00+00:00,0.0,0.0,0.0,9.21,0.83
1990-11-20 07:00:00+00:00,0.0,0.0,0.0,9.54,1.24
1990-11-20 08:00:00+00:00,33.0,76.82,27.0,9.46,1.17
1990-11-20 09:00:00+00:00,49.0,0.0,49.0,9.75,0.83
1990-11-20 10:00:00+00:00,62.0,0.0,62.0,10.59,0.62
1990-11-20 11:00:00+00:00,60.0,0.0,60.0,11.18,0.9
1990-11-20 12:00:00+00:00,60.0,0.0,60.0,11.5,1.59
1990-11-20 13:00:00+00:00,48.0,0.0,48.0,11.57,2.21
1990-11-20 14:00:00+00:00,34.0,0.0,34.0,11.48,2.55
1990-11-20 15:00:00+00:00,39.0,16.4,37.0,11.35,2.14
1990-11-20 16:00:00+00:00,0.0,0.0,0.0,10.98,2.07
1990-11-20 17:00:00+00:00,0.0,0.0,0.0,10.74,2.21
1990-11-20 18:00:00+00:00,0.0,0.0,0.0,10.57,2.34
1990-11-20 19:00:00+00:00,0.0,0.0,0.0,9.92,2.48
1990-11-20 20:00:00+00:00,0.0,0.0,0.0,9.75,2.69
1990-11-20 21:00:00+00:00,0.0,0.0,0.0,9.43,2.97
1990-11-20 22:00:00+00:00,0.0,0.0,0.0,9.15,3.03
1990-11-20 23:00:00+00:00,0.0,0.0,0.0,9.14,2.83
1990-11-21 00:00:00+00:00,0.0,0.0,0.0,9.38,2.83
1990-11-21 01:00:00+00:00,0.0,0.0,0.0,9.67,3.1
1990-11-21 02:00:00+00:00,0.0,0.0,0.0,9.84,3.93
1990-11-21 03:00:00+00:00,0.0,0.0,0.0,9.77,5.03
1990-11-21 04:00:00+00:00,0.0,0.0,0.0,9.21,5.38
1990-11-21 05:00:00+00:00,0.0,0.0,0.0,8.45,5.52
1990-11-21 06:00:00+00:00,0.0,0.0,0.0,7.66,5.59
1990-11-21 07:00:00+00:00,0.0,0.0,0.0,6.64,5.45
1990-11-21 08:00:00+00:00,40.0,175.22,27.0,6.06,5.45
1990-11-21 09:00:00+00:00,148.0,450.34,63.0,6.13,5.52
1990-11-21 10:00:00+00:00,237.0,561.57,84.0,6.52,5.86
1990-11-21 11:00:00+00:00,287.0,600.75,95.0,7.04,6.21
1990-11-21 12:00:00+00:00,295.0,605.53,97.0,7.67,7.31
1990-11-21 13:00:00+00:00,225.0,350.22,122.0,7.84,6.9
1990-11-21 14:00:00+00:00,85.0,17.92,81.0,7.81,6.76
1990-11-21 15:00:00+00:00,45.0,25.19,42.0,7.47,6.62
1990-11-21 16:00:00+00:00,0.0,0.0,0.0,6.75,6.34
1990-11-21 17:00:00+00:00,0.0,0.0,0.0,6.09,6.34
1990-11-21 18:00:00+00:00,0.0,0.0,0.0,5.66,6.48
1990-11-21 19:00:00+00:00,0.0,0.0,0.0,5.32,6.83
1990-11-21 20:00:00+00:00,0.0,0.0,0.0,5.08,6.9
1990-11-21 21:00:00+00:00,0.0,0.0,0.0,4.86,6.9
1990-11-21 22:00:00+00:00,0.0,0.0,0.0,4.69,6.69
1990-11-21 23:00:00+00:00,0.0,0.0,0.0,4.54,6.55
1990-11-22 00:00:00+00:00,0.0,0.0,0.0,4.47,6.48
1990-11-22 01:00:00+00:00,0.0,0.0,0.0,4.5,6.41
1990-11-22 02:00:00+00:00,0.0,0.0,0.0,4.62,6.41
1990-11-22 03:00:00+00:00,0.0,0.0,0.0,4.73,6.34
1990-11-22 04:00:00+00:00,0.0,0.0,0.0,4.76,6.34
1990-11-22 05:00:00+00:00,0.0,0.0,0.0,4.75,6.21
1990-11-22 06:00:00+00:00,0.0,0.0,0.0,4.68,6.0
1990-11-22 07:00:00+00:00,0.0,0.0,0.0,4.72,5.86
1990-11-22 08:00:00+00:00,37.0,184.79,24.0,4.69,5.72
1990-11-22 09:00:00+00:00,143.0,421.92,65.0,5.32,5.93
1990-11-22 10:00:00+00:00,235.0,569.59,82.0,6.36,5.45
1990-11-22 11:00:00+00:00,299.0,702.81,77.0,7.47,5.79
1990-11-22 12:00:00+00:00,304.0,686.38,82.0,8.44,5.86
1990-11-22 13:00:00+00:00,263.0,619.03,83.0,9.01,5.86
1990-11-22 14:00:00+00:00,187.0,549.68,66.0,9.15,5.59
1990-11-22 15:00:00+00:00,76.0,283.76,43.0,8.81,5.45
1990-11-22 16:00:00+00:00,0.0,0.0,0.0,7.96,5.1
1990-11-22 17:00:00+00:00,0.0,0.0,0.0,7.11,4.97
1990-11-22 18:00:00+00:00,0.0,0.0,0.0,6.42,4.76
1990-11-22 19:00:00+00:00,0.0,0.0,0.0,6.09,4.69
1990-11-22 20:00:00+00:00,0.0,0.0,0.0,5.6,4.48
1990-11-22 21:00:00+00:00,0.0,0.0,0.0,5.25,4.48
1990-11-22 22:00:00+00:00,0.0,0.0,0.0,5.04,4.41
1990-11-22 23:00:00+00:00,0.0,0.0,0.0,4.79,4.14
1990-11-23 00:00:00+00:00,0.0,0.0,0.0,4.55,4.21
1990-11-23 01:00:00+00:00,0.0,0.0,0.0,4.27,4.28
1990-11-23 02:00:00+00:00,0.0,0.0,0.0,4.0,4.07
1990-11-23 03:00:00+00:00,0.0,0.0,0.0,3.71,3.79
1990-11-23 04:00:00+00:00,0.0,0.0,0.0,3.4,3.52
1990-11-23 05:00:00+00:00,0.0,0.0,0.0,3.17,3.38
1990-11-23 06:00:00+00:00,0.0,0.0,0.0,3.04,3.31
1990-11-23 07:00:00+00:00,0.0,0.0,0.0,2.94,3.1
1990-11-23 08:00:00+00:00,32.0,135.18,23.0,2.81,3.03
1990-11-23 09:00:00+00:00,121.0,265.09,73.0,3.55,2.83
1990-11-23 10:00:00+00:00,186.0,268.06,115.0,5.04,2.83
1990-11-23 11:00:00+00:00,270.0,538.04,102.0,6.53,2.76
1990-11-23 12:00:00+00:00,256.0,406.27,126.0,7.5,2.69
1990-11-23 13:00:00+00:00,268.0,695.51,68.0,8.2,2.62
1990-11-23 14:00:00+00:00,184.0,566.36,61.0,8.39,2.48
1990-11-23 15:00:00+00:00,77.0,343.21,38.0,8.18,2.21
1990-11-23 16:00:00+00:00,0.0,0.0,0.0,7.18,2.62
1990-11-23 17:00:00+00:00,0.0,0.0,0.0,6.24,2.76
1990-11-23 18:00:00+00:00,0.0,0.0,0.0,5.7,2.83
1990-11-23 19:00:00+00:00,0.0,0.0,0.0,5.65,3.31
1990-11-23 20:00:00+00:00,0.0,0.0,0.0,5.7,3.24
1990-11-23 21:00:00+00:00,0.0,0.0,0.0,5.64,3.1
1990-11-23 22:00:00+00:00,0.0,0.0,0.0,5.54,2.9
1990-11-23 23:00:00+00:00,0.0,0.0,0.0,5.29,2.62
1990-11-24 00:00:00+00:00,0.0,0.0,0.0,5.3,2.41
1990-11-24 01:00:00+00:00,0.0,0.0,0.0,5.11,2.41
1990-11-24 02:00:00+00:00,0.0,0.0,0.0,5.05,2.34
1990-11-24 03:00:00+00:00,0.0,0.0,0.0,4.91,2.21
1990-11-24 04:00:00+00:00,0.0,0.0,0.0,4.78,2.07
1990-11-24 05:00:00+00:00,0.0,0.0,0.0,4.56,2.14
1990-11-24 06:00:00+00:00,0.0,0.0,0.0,4.43,2.07
1990-11-24 07:00:00+00:00,0.0,0.0,0.0,4.94,1.72
1990-11-24 08:00:00+00:00,17.0,15.91,16.0,4.93,1.38
1990-11-24 09:00:00+00:00,52.0,5.64,51.0,5.18,1.03
1990-11-24 10:00:00+00:00,109.0,22.97,103.0,6.14,1.17
1990-11-24 11:00:00+00:00,58.0,0.0,58.0,6.66,1.72
1990-11-24 12:00:00+00:00,103.0,3.16,102.0,6.7,1.72
1990-11-24 13:00:00+00:00,58.0,0.0,58.0,6.87,1.66
1990-11-24 14:00:00+00:00,37.0,0.0,37.0,6.86,1.72
1990-11-24 15:00:00+00:00,34.0,9.0,33.0,6.78,2.07
1990-11-24 16:00:00+00:00,0.0,0.0,0.0,6.62,1.52
1990-11-24 17:00:00+00:00,0.0,0.0,0.0,6.44,1.1
1990-11-24 18:00:00+00:00,0.0,0.0,0.0,6.23,1.1
1990-11-24 19:00:00+00:00,0.0,0.0,0.0,5.96,1.31
1990-11-24 20:00:00+00:00,0.0,0.0,0.0,5.86,1.72
1990-11-24 21:00:00+00:00,0.0,0.0,0.0,5.78,2.07
1990-11-24 22:00:00+00:00,0.0,0.0,0.0,5.53,2.34
1990-11-24 23:00:00+00:00,0.0,0.0,0.0,5.35,2.34
1990-11-25 00:00:00+00:00,0.0,0.0,0.0,5.41,2.41
1990-11-25 01:00:00+00:00,0.0,0.0,0.0,5.57,2.62
1990-11-25 02:00:00+00:00,0.0,0.0,0.0,5.71,2.9
1990-11-25 03:00:00+00:00,0.0,0.0,0.0,6.06,3.66
1990-11-25 04:00:00+00:00,0.0,0.0,0.0,5.93,4.41
1990-11-25 05:00:00+00:00,0.0,0.0,0.0,5.66,4.97
1990-11-25 06:00:00+00:00,0.0,0.0,0.0,5.01,5.03
1990-11-25 07:00:00+00:00,0.0,0.0,0.0,4.37,4.76
1990-11-25 08:00:00+00:00,27.0,118.17,20.0,3.64,4.76
1990-11-25 09:00:00+00:00,133.0,414.51,61.0,3.74,4.9
1990-11-25 10:00:00+00:00,222.0,547.33,81.0,4.46,4.76
1990-11-25 11:00:00+00:00,289.0,710.88,72.0,5.28,4.9
1990-11-25 12:00:00+00:00,298.0,717.97,73.0,5.96,4.97
1990-11-25 13:00:00+00:00,262.0,685.75,69.0,6.31,4.9
1990-11-25 14:00:00+00:00,181.0,571.81,60.0,6.37,4.9
1990-11-25 15:00:00+00:00,75.0,368.18,35.0,6.02,4.62
1990-11-25 16:00:00+00:00,0.0,0.0,0.0,5.15,4.07
1990-11-25 17:00:00+00:00,0.0,0.0,0.0,4.34,4.0
1990-11-25 18:00:00+00:00,0.0,0.0,0.0,3.93,3.72
1990-11-25 19:00:00+00:00,0.0,0.0,0.0,3.7,3.59
1990-11-25 20:00:00+00:00,0.0,0.0,0.0,3.15,3.38
1990-11-25 21:00:00+00:00,0.0,0.0,0.0,2.52,3.03
1990-11-25 22:00:00+00:00,0.0,0.0,0.0,2.09,2.9
1990-11-25 23:00:00+00:00,0.0,0.0,0.0,1.88,2.76
1990-11-26 00:00:00+00:00,0.0,0.0,0.0,1.93,2.97
1990-11-26 01:00:00+00:00,0.0,0.0,0.0,2.32,3.24
1990-11-26 02:00:00+00:00,0.0,0.0,0.0,2.95,3.52
1990-11-26 03:00:00+00:00,0.0,0.0,0.0,3.24,3.72
1990-11-26 04:00:00+00:00,0.0,0.0,0.0,4.05,4.21
1990-11-26 05:00:00+00:00,0.0,0.0,0.0,5.1,5.17
1990-11-26 06:00:00+00:00,0.0,0.0,0.0,5.75,5.79
1990-11-26 07:00:00+00:00,0.0,0.0,0.0,6.68,6.21
1990-11-26 08:00:00+00:00,15.0,17.96,14.0,6.72,6.28
1990-11-26 09:00:00+00:00,26.0,0.0,26.0,7.3,6.83
1990-11-26 10:00:00+00:00,197.0,385.64,99.0,8.03,6.97
1990-11-26 11:00:00+00:00,104.0,3.31,103.0,8.85,6.28
1990-11-26 12:00:00+00:00,290.0,686.57,77.0,9.34,7.66
1990-11-26 13:00:00+00:00,36.0,0.0,36.0,9.15,7.45
1990-11-26 14:00:00+00:00,96.0,47.85,86.0,8.68,7.79
1990-11-26 15:00:00+00:00,70.0,310.38,37.0,7.95,7.66
1990-11-26 16:00:00+00:00,0.0,0.0,0.0,7.09,7.31
1990-11-26 17:00:00+00:00,0.0,0.0,0.0,6.22,7.1
1990-11-26 18:00:00+00:00,0.0,0.0,0.0,5.48,7.1
1990-11-26 19:00:00+00:00,0.0,0.0,0.0,4.78,7.1
1990-11-26 20:00:00+00:00,0.0,0.0,0.0,4.03,7.03
1990-11-26 21:00:00+00:00,0.0,0.0,0.0,3.61,7.1
1990-11-26 22:00:00+00:00,0.0,0.0,0.0,3.56,7.59
1990-11-26 23:00:00+00:00,0.0,0.0,0.0,3.5,7.45
1990-11-27 00:00:00+00:00,0.0,0.0,0.0,3.52,7.52
1990-11-27 01:00:00+00:00,0.0,0.0,0.0,3.65,8.69
1990-11-27 02:00:00+00:00,0.0,0.0,0.0,3.18,9.79
1990-11-27 03:00:00+00:00,0.0,0.0,0.0,3.42,10.62
1990-11-27 04:00:00+00:00,0.0,0.0,0.0,3.67,10.9
1990-11-27 05:00:00+00:00,0.0,0.0,0.0,3.77,11.38
1990-11-27 06:00:00+00:00,0.0,0.0,0.0,3.55,11.93
1990-11-27 07:00:00+00:00,0.0,0.0,0.0,3.2,11.31
1990-11-27 08:00:00+00:00,3.0,0.0,3.0,2.86,10.97
1990-11-27 09:00:00+00:00,73.0,42.0,66.0,2.83,10.41
1990-11-27 10:00:00+00:00,122.0,55.84,108.0,3.0,9.59
1990-11-27 11:00:00+00:00,31.0,0.0,31.0,3.44,11.24
1990-11-27 12:00:00+00:00,129.0,19.53,123.0,3.84,11.52
1990-11-27 13:00:00+00:00,133.0,47.14,120.0,4.14,10.83
1990-11-27 14:00:00+00:00,74.0,9.69,72.0,4.24,10.14
1990-11-27 15:00:00+00:00,45.0,67.23,38.0,4.29,10.62
1990-11-27 16:00:00+00:00,0.0,0.0,0.0,3.76,10.21
1990-11-27 17:00:00+00:00,0.0,0.0,0.0,3.26,10.0
1990-11-27 18:00:00+00:00,0.0,0.0,0.0,2.82,9.72
1990-11-27 19:00:00+00:00,0.0,0.0,0.0,2.61,9.24
1990-11-27 20:00:00+00:00,0.0,0.0,0.0,2.3,8.97
1990-11-27 21:00:00+00:00,0.0,0.0,0.0,1.88,8.62
1990-11-27 22:00:00+00:00,0.0,0.0,0.0,1.51,8.34
1990-11-27 23:00:00+00:00,0.0,0.0,0.0,1.25,8.14
1990-11-28 00:00:00+00:00,0.0,0.0,0.0,1.05,7.86
1990-11-28 01:00:00+00:00,0.0,0.0,0.0,0.84,7.59
1990-11-28 02:00:00+00:00,0.0,0.0,0.0,0.65,7.38
1990-11-28 03:00:00+00:00,0.0,0.0,0.0,0.47,6.97
1990-11-28 04:00:00+00:00,0.0,0.0,0.0,0.27,6.69
1990-11-28 05:00:00+00:00,0.0,0.0,0.0,0.14,6.41
1990-11-28 06:00:00+00:00,0.0,0.0,0.0,0.02,6.07
1990-11-28 07:00:00+00:00,0.0,0.0,0.0,0.14,5.86
1990-11-28 08:00:00+00:00,18.0,61.49,15.0,0.06,5.52
1990-11-28 09:00:00+00:00,122.0,385.88,59.0,0.43,5.31
1990-11-28 10:00:00+00:00,215.0,557.77,77.0,1.26,5.03
1990-11-28 11:00:00+00:00,278.0,693.72,73.0,2.34,5.31
1990-11-28 12:00:00+00:00,294.0,739.48,69.0,3.25,5.38
1990-11-28 13:00:00+00:00,220.0,417.44,106.0,3.84,5.31
1990-11-28 14:00:00+00:00,103.0,73.49,88.0,4.06,4.76
1990-11-28 15:00:00+00:00,63.0,245.04,38.0,3.83,3.93
1990-11-28 16:00:00+00:00,0.0,0.0,0.0,3.13,3.45
1990-11-28 17:00:00+00:00,0.0,0.0,0.0,2.91,3.31
1990-11-28 18:00:00+00:00,0.0,0.0,0.0,2.99,2.83
1990-11-28 19:00:00+00:00,0.0,0.0,0.0,2.37,1.93
1990-11-28 20:00:00+00:00,0.0,0.0,0.0,1.94,2.83
1990-11-28 21:00:00+00:00,0.0,0.0,0.0,1.43,3.1
1990-11-28 22:00:00+00:00,0.0,0.0,0.0,0.85,2.97
1990-11-28 23:00:00+00:00,0.0,0.0,0.0,0.11,3.66
1990-11-29 00:00:00+00:00,0.0,0.0,0.0,-0.25,4.07
1990-11-29 01:00:00+00:00,0.0,0.0,0.0,-0.48,3.93
1990-11-29 02:00:00+00:00,0.0,0.0,0.0,-0.76,3.66
1990-11-29 03:00:00+00:00,0.0,0.0,0.0,-1.03,3.66
1990-11-29 04:00:00+00:00,0.0,0.0,0.0,-1.22,3.66
1990-11-29 05:00:00+00:00,0.0,0.0,0.0,-1.35,3.79
1990-11-29 06:00:00+00:00,0.0,0.0,0.0,-1.41,3.66
1990-11-29 07:00:00+00:00,0.0,0.0,0.0,-0.88,3.17
1990-11-29 08:00:00+00:00,4.0,0.0,4.0,-0.92,3.03
1990-11-29 09:00:00+00:00,88.0,131.29,67.0,-0.48,2.83
1990-11-29 10:00:00+00:00,156.0,188.37,110.0,0.46,3.17
1990-11-29 11:00:00+00:00,221.0,331.67,124.0,1.26,2.55
1990-11-29 12:00:00+00:00,260.0,534.1,99.0,2.15,2.28
1990-11-29 13:00:00+00:00,188.0,251.35,120.0,2.89,2.14
1990-11-29 14:00:00+00:00,115.0,128.81,89.0,3.36,2.48
1990-11-29 15:00:00+00:00,49.0,109.94,38.0,3.47,2.48
1990-11-29 16:00:00+00:00,0.0,0.0,0.0,3.49,2.55
1990-11-29 17:00:00+00:00,0.0,0.0,0.0,3.44,2.83
1990-11-29 18:00:00+00:00,0.0,0.0,0.0,3.59,3.17
1990-11-29 19:00:00+00:00,0.0,0.0,0.0,4.74,3.45
1990-11-29 20:00:00+00:00,0.0,0.0,0.0,5.7,4.0
1990-11-29 21:00:00+00:00,0.0,0.0,0.0,6.52,4.62
1990-11-29 22:00:00+00:00,0.0,0.0,0.0,6.83,4.83
1990-11-29 23:00:00+00:00,0.0,0.0,0.0,6.7,4.48
1990-11-30 00:00:00+00:00,0.0,0.0,0.0,6.48,4.69
1990-11-30 01:00:00+00:00,0.0,0.0,0.0,6.46,4.97
1990-11-30 02:00:00+00:00,0.0,0.0,0.0,6.65,5.1
1990-11-30 03:00:00+00:00,0.0,0.0,0.0,7.06,5.17
1990-11-30 04:00:00+00:00,0.0,0.0,0.0,7.42,5.24
1990-11-30 05:00:00+00:00,0.0,0.0,0.0,7.56,5.31
1990-11-30 06:00:00+00:00,0.0,0.0,0.0,7.89,5.17
1990-11-30 07:00:00+00:00,0.0,0.0,0.0,8.4,5.45
1990-11-30 08:00:00+00:00,5.0,0.0,5.0,8.79,5.24
1990-11-30 09:00:00+00:00,11.0,0.0,11.0,9.2,5.38
1990-11-30 10:00:00+00:00,21.0,0.0,21.0,9.73,5.38
1990-11-30 11:00:00+00:00,40.0,0.0,40.0,10.18,5.31
1990-11-30 12:00:00+00:00,121.0,20.09,115.0,10.49,5.52
1990-11-30 13:00:00+00:00,107.0,18.65,102.0,10.7,5.59
1990-11-30 14:00:00+00:00,47.0,0.0,47.0,10.84,5.66
1990-11-30 15:00:00+00:00,34.0,30.55,31.0,10.83,5.79
1990-11-30 16:00:00+00:00,0.0,0.0,0.0,10.15,7.25
1990-11-30 17:00:00+00:00,0.0,0.0,0.0,10.35,7.21
1990-11-30 18:00:00+00:00,0.0,0.0,0.0,10.54,7.17
1990-11-30 19:00:00+00:00,0.0,0.0,0.0,10.74,7.13
1990-11-30 20:00:00+00:00,0.0,0.0,0.0,10.93,7.09
1990-11-30 21:00:00+00:00,0.0,0.0,0.0,11.13,7.05
1990-11-30 22:00:00+00:00,0.0,0.0,0.0,11.33,7.01
1990-11-30 23:00:00+00:00,0.0,0.0,0.0,11.52,6.97
1990-12-01 00:00:00+00:00,0.0,0.0,0.0,11.72,6.93
1990-12-01 01:00:00+00:00,0.0,0.0,0.0,11.91,6.89
1990-12-01 02:00:00+00:00,0.0,0.0,0.0,12.11,6.85
1990-12-01 03:00:00+00:00,0.0,0.0,0.0,12.31,6.81
1990-12-01 04:00:00+00:00,0.0,0.0,0.0,12.5,6.77
1990-12-01 05:00:00+00:00,0.0,0.0,0.0,12.7,6.73
1990-12-01 06:00:00+00:00,0.0,0.0,0.0,12.89,6.69
1990-12-01 07:00:00+00:00,0.0,0.0,0.0,13.09,6.65
1990-12-01 08:00:00+00:00,5.0,0.0,5.0,12.15,6.0
1990-12-01 09:00:00+00:00,42.0,0.0,42.0,12.12,5.93
1990-12-01 10:00:00+00:00,104.0,37.8,95.0,12.24,6.14
1990-12-01 11:00:00+00:00,42.0,0.0,42.0,12.35,6.9
1990-12-01 12:00:00+00:00,189.0,185.73,134.0,12.71,7.93
1990-12-01 13:00:00+00:00,84.0,3.76,83.0,12.66,7.17
1990-12-01 14:00:00+00:00,76.0,20.24,72.0,12.56,6.9
1990-12-01 15:00:00+00:00,33.0,20.73,31.0,12.15,6.34
1990-12-01 16:00:00+00:00,0.0,0.0,0.0,11.71,5.93
1990-12-01 17:00:00+00:00,0.0,0.0,0.0,11.35,5.72
1990-12-01 18:00:00+00:00,0.0,0.0,0.0,11.16,5.79
1990-12-01 19:00:00+00:00,0.0,0.0,0.0,11.66,6.07
1990-12-01 20:00:00+00:00,0.0,0.0,0.0,11.58,6.14
1990-12-01 21:00:00+00:00,0.0,0.0,0.0,11.51,5.93
1990-12-01 22:00:00+00:00,0.0,0.0,0.0,11.28,5.66
1990-12-01 23:00:00+00:00,0.0,0.0,0.0,11.07,5.72
1990-12-02 00:00:00+00:00,0.0,0.0,0.0,11.13,6.14
1990-12-02 01:00:00+00:00,0.0,0.0,0.0,11.1,6.34
1990-12-02 02:00:00+00:00,0.0,0.0,0.0,11.09,6.34
1990-12-02 03:00:00+00:00,0.0,0.0,0.0,10.96,6.21
1990-12-02 04:00:00+00:00,0.0,0.0,0.0,10.94,6.21
1990-12-02 05:00:00+00:00,0.0,0.0,0.0,10.95,6.21
1990-12-02 06:00:00+00:00,0.0,0.0,0.0,11.09,6.21
1990-12-02 07:00:00+00:00,0.0,0.0,0.0,11.42,6.41
1990-12-02 08:00:00+00:00,4.0,0.0,4.0,11.51,6.55
1990-12-02 09:00:00+00:00,59.0,26.56,55.0,11.64,6.69
1990-12-02 10:00:00+00:00,70.0,0.0,70.0,11.92,6.76
1990-12-02 11:00:00+00:00,49.0,0.0,49.0,12.21,6.69
1990-12-02 12:00:00+00:00,122.0,20.43,116.0,12.44,6.62
1990-12-02 13:00:00+00:00,37.0,0.0,37.0,12.6,6.41
1990-12-02 14:00:00+00:00,99.0,81.73,83.0,12.65,6.34
1990-12-02 15:00:00+00:00,42.0,73.8,35.0,12.39,6.28
1990-12-02 16:00:00+00:00,0.0,0.0,0.0,12.28,6.21
1990-12-02 17:00:00+00:00,0.0,0.0,0.0,12.26,6.21
1990-12-02 18:00:00+00:00,0.0,0.0,0.0,12.37,6.21
1990-12-02 19:00:00+00:00,0.0,0.0,0.0,12.54,6.21
1990-12-02 20:00:00+00:00,0.0,0.0,0.0,12.76,6.28
1990-12-02 21:00:00+00:00,0.0,0.0,0.0,12.84,6.41
1990-12-02 22:00:00+00:00,0.0,0.0,0.0,12.83,6.62
1990-12-02 23:00:00+00:00,0.0,0.0,0.0,12.71,6.76
1990-12-03 00:00:00+00:00,0.0,0.0,0.0,12.56,6.69
1990-12-03 01:00:00+00:00,0.0,0.0,0.0,12.25,6.48
1990-12-03 02:00:00+00:00,0.0,0.0,0.0,12.03,6.48
1990-12-03 03:00:00+00:00,0.0,0.0,0.0,11.84,6.34
1990-12-03 04:00:00+00:00,0.0,0.0,0.0,11.67,6.07
1990-12-03 05:00:00+00:00,0.0,0.0,0.0,11.72,5.79
1990-12-03 06:00:00+00:00,0.0,0.0,0.0,11.7,5.79
1990-12-03 07:00:00+00:00,0.0,0.0,0.0,11.59,5.59
1990-12-03 08:00:00+00:00,4.0,0.0,4.0,11.42,5.66
1990-12-03 09:00:00+00:00,50.0,13.55,48.0,11.71,6.0
1990-12-03 10:00:00+00:00,104.0,43.04,94.0,11.84,6.34
1990-12-03 11:00:00+00:00,83.0,0.0,83.0,11.91,7.24
1990-12-03 12:00:00+00:00,185.0,181.96,132.0,11.95,6.69
1990-12-03 13:00:00+00:00,106.0,22.95,100.0,12.04,6.48
1990-12-03 14:00:00+00:00,73.0,20.62,69.0,11.87,6.62
1990-12-03 15:00:00+00:00,22.0,0.0,22.0,11.83,7.72
1990-12-03 16:00:00+00:00,0.0,0.0,0.0,11.98,8.21
1990-12-03 17:00:00+00:00,0.0,0.0,0.0,12.25,8.69
1990-12-03 18:00:00+00:00,0.0,0.0,0.0,12.27,9.17
1990-12-03 19:00:00+00:00,0.0,0.0,0.0,12.06,9.79
1990-12-03 20:00:00+00:00,0.0,0.0,0.0,12.02,9.86
1990-12-03 21:00:00+00:00,0.0,0.0,0.0,12.46,9.72
1990-12-03 22:00:00+00:00,0.0,0.0,0.0,12.96,10.0
1990-12-03 23:00:00+00:00,0.0,0.0,0.0,12.81,9.52
1990-12-04 00:00:00+00:00,0.0,0.0,0.0,11.11,7.93
1990-12-04 01:00:00+00:00,0.0,0.0,0.0,8.72,7.79
1990-12-04 02:00:00+00:00,0.0,0.0,0.0,7.58,6.48
1990-12-04 03:00:00+00:00,0.0,0.0,0.0,6.95,5.79
1990-12-04 04:00:00+00:00,0.0,0.0,0.0,6.59,5.31
1990-12-04 05:00:00+00:00,0.0,0.0,0.0,6.55,4.55
1990-12-04 06:00:00+00:00,0.0,0.0,0.0,6.72,4.07
1990-12-04 07:00:00+00:00,0.0,0.0,0.0,7.17,4.41
1990-12-04 08:00:00+00:00,8.0,0.0,8.0,7.52,4.55
1990-12-04 09:00:00+00:00,112.0,476.5,43.0,8.39,4.9
1990-12-04 10:00:00+00:00,201.0,609.64,61.0,9.67,5.66
1990-12-04 11:00:00+00:00,258.0,681.42,68.0,10.72,5.45
1990-12-04 12:00:00+00:00,181.0,166.08,133.0,11.41,6.41
1990-12-04 13:00:00+00:00,157.0,150.29,118.0,11.85,6.69
1990-12-04 14:00:00+00:00,103.0,109.21,82.0,11.9,6.69
1990-12-04 15:00:00+00:00,32.0,21.74,30.0,11.65,6.76
1990-12-04 16:00:00+00:00,0.0,0.0,0.0,11.23,6.55
1990-12-04 17:00:00+00:00,0.0,0.0,0.0,10.99,6.69
1990-12-04 18:00:00+00:00,0.0,0.0,0.0,10.94,7.1
1990-12-04 19:00:00+00:00,0.0,0.0,0.0,10.85,7.45
1990-12-04 20:00:00+00:00,0.0,0.0,0.0,10.92,8.0
1990-12-04 21:00:00+00:00,0.0,0.0,0.0,10.98,8.21
1990-12-04 22:00:00+00:00,0.0,0.0,0.0,11.16,8.34
1990-12-04 23:00:00+00:00,0.0,0.0,0.0,11.12,8.41
1990-12-05 00:00:00+00:00,0.0,0.0,0.0,11.01,8.41
1990-12-05 01:00:00+00:00,0.0,0.0,0.0,11.01,8.48
1990-12-05 02:00:00+00:00,0.0,0.0,0.0,11.18,8.62
1990-12-05 03:00:00+00:00,0.0,0.0,0.0,11.31,8.62
1990-12-05 04:00:00+00:00,0.0,0.0,0.0,11.36,8.76
1990-12-05 05:00:00+00:00,0.0,0.0,0.0,11.37,8.9
1990-12-05 06:00:00+00:00,0.0,0.0,0.0,11.32,8.97
1990-12-05 07:00:00+00:00,0.0,0.0,0.0,11.24,8.83
1990-12-05 08:00:00+00:00,3.0,0.0,3.0,10.98,8.97
1990-12-05 09:00:00+00:00,53.0,21.12,50.0,10.92,9.24
1990-12-05 10:00:00+00:00,66.0,0.0,66.0,11.05,9.52
1990-12-05 11:00:00+00:00,82.0,0.0,82.0,11.28,9.17
1990-12-05 12:00:00+00:00,92.0,3.49,91.0,11.52,9.72
1990-12-05 13:00:00+00:00,68.0,0.0,68.0,11.59,9.17
1990-12-05 14:00:00+00:00,57.0,5.24,56.0,11.73,9.52
1990-12-05 15:00:00+00:00,32.0,33.06,29.0,11.82,9.31
1990-12-05 16:00:00+00:00,0.0,0.0,0.0,11.82,8.97
1990-12-05 17:00:00+00:00,0.0,0.0,0.0,11.77,8.9
1990-12-05 18:00:00+00:00,0.0,0.0,0.0,11.78,8.97
1990-12-05 19:00:00+00:00,0.0,0.0,0.0,11.55,9.03
1990-12-05 20:00:00+00:00,0.0,0.0,0.0,11.3,8.97
1990-12-05 21:00:00+00:00,0.0,0.0,0.0,11.16,8.76
1990-12-05 22:00:00+00:00,0.0,0.0,0.0,11.18,8.76
1990-12-05 23:00:00+00:00,0.0,0.0,0.0,11.37,8.83
1990-12-06 00:00:00+00:00,0.0,0.0,0.0,11.45,9.1
1990-12-06 01:00:00+00:00,0.0,0.0,0.0,11.64,9.17
1990-12-06 02:00:00+00:00,0.0,0.0,0.0,11.85,8.9
1990-12-06 03:00:00+00:00,0.0,0.0,0.0,12.11,8.69
1990-12-06 04:00:00+00:00,0.0,0.0,0.0,12.5,8.69
1990-12-06 05:00:00+00:00,0.0,0.0,0.0,12.75,9.17
1990-12-06 06:00:00+00:00,0.0,0.0,0.0,13.02,9.66
1990-12-06 07:00:00+00:00,0.0,0.0,0.0,12.89,9.66
1990-12-06 08:00:00+00:00,1.0,0.0,1.0,12.67,9.1
1990-12-06 09:00:00+00:00,44.0,7.17,43.0,12.45,8.9
1990-12-06 10:00:00+00:00,23.0,0.0,23.0,12.5,8.55
1990-12-06 11:00:00+00:00,48.0,0.0,48.0,12.56,8.07
1990-12-06 12:00:00+00:00,72.0,0.0,72.0,12.65,7.66
1990-12-06 13:00:00+00:00,127.0,66.43,110.0,12.78,7.1
1990-12-06 14:00:00+00:00,80.0,36.97,73.0,12.97,6.41
1990-12-06 15:00:00+00:00,24.0,11.16,23.0,12.98,5.59
1990-12-06 16:00:00+00:00,0.0,0.0,0.0,12.78,4.83
1990-12-06 17:00:00+00:00,0.0,0.0,0.0,12.43,4.41
1990-12-06 18:00:00+00:00,0.0,0.0,0.0,12.2,4.21
1990-12-06 19:00:00+00:00,0.0,0.0,0.0,12.71,5.31
1990-12-06 20:00:00+00:00,0.0,0.0,0.0,12.76,5.31
1990-12-06 21:00:00+00:00,0.0,0.0,0.0,12.79,5.24
1990-12-06 22:00:00+00:00,0.0,0.0,0.0,12.77,5.17
1990-12-06 23:00:00+00:00,0.0,0.0,0.0,12.69,5.03
1990-12-07 00:00:00+00:00,0.0,0.0,0.0,12.61,4.76
1990-12-07 01:00:00+00:00,0.0,0.0,0.0,12.34,4.62
1990-12-07 02:00:00+00:00,0.0,0.0,0.0,12.17,4.76
1990-12-07 03:00:00+00:00,0.0,0.0,0.0,11.96,4.69
1990-12-07 04:00:00+00:00,0.0,0.0,0.0,11.79,4.62
1990-12-07 05:00:00+00:00,0.0,0.0,0.0,11.55,4.41
1990-12-07 06:00:00+00:00,0.0,0.0,0.0,11.65,4.41
1990-12-07 07:00:00+00:00,0.0,0.0,0.0,12.28,4.48
1990-12-07 08:00:00+00:00,0.0,0.0,0.0,12.44,4.48
1990-12-07 09:00:00+00:00,32.0,0.0,32.0,12.56,4.62
1990-12-07 10:00:00+00:00,58.0,0.0,58.0,12.6,4.55
1990-12-07 11:00:00+00:00,226.0,514.72,86.0,12.75,5.24
1990-12-07 12:00:00+00:00,257.0,671.48,67.0,12.81,4.69
1990-12-07 13:00:00+00:00,214.0,546.56,75.0,12.63,4.62
1990-12-07 14:00:00+00:00,120.0,228.69,77.0,12.49,4.9
1990-12-07 15:00:00+00:00,43.0,124.15,32.0,12.03,4.9
1990-12-07 16:00:00+00:00,0.0,0.0,0.0,11.46,5.03
1990-12-07 17:00:00+00:00,0.0,0.0,0.0,11.31,5.24
1990-12-07 18:00:00+00:00,0.0,0.0,0.0,11.45,5.66
1990-12-07 19:00:00+00:00,0.0,0.0,0.0,11.55,5.86
1990-12-07 20:00:00+00:00,0.0,0.0,0.0,11.47,6.07
1990-12-07 21:00:00+00:00,0.0,0.0,0.0,11.31,6.28
1990-12-07 22:00:00+00:00,0.0,0.0,0.0,11.32,6.55
1990-12-07 23:00:00+00:00,0.0,0.0,0.0,11.46,6.55
1990-12-08 00:00:00+00:00,0.0,0.0,0.0,11.52,6.62
1990-12-08 01:00:00+00:00,0.0,0.0,0.0,11.72,6.69
1990-12-08 02:00:00+00:00,0.0,0.0,0.0,11.73,6.9
1990-12-08 03:00:00+00:00,0.0,0.0,0.0,11.73,7.03
1990-12-08 04:00:00+00:00,0.0,0.0,0.0,12.01,7.24
1990-12-08 05:00:00+00:00,0.0,0.0,0.0,12.35,7.03
1990-12-08 06:00:00+00:00,0.0,0.0,0.0,12.52,6.21
1990-12-08 07:00:00+00:00,0.0,0.0,0.0,12.53,6.48
1990-12-08 08:00:00+00:00,0.0,0.0,0.0,12.41,6.21
1990-12-08 09:00:00+00:00,68.0,104.13,54.0,12.36,6.21
1990-12-08 10:00:00+00:00,108.0,68.21,93.0,12.28,6.55
1990-12-08 11:00:00+00:00,173.0,192.63,121.0,12.13,6.9
1990-12-08 12:00:00+00:00,166.0,135.14,128.0,12.01,6.97
1990-12-08 13:00:00+00:00,181.0,304.54,104.0,11.89,7.31
1990-12-08 14:00:00+00:00,148.0,492.37,56.0,11.53,8.0
1990-12-08 15:00:00+00:00,47.0,182.41,31.0,10.95,7.31
1990-12-08 16:00:00+00:00,0.0,0.0,0.0,10.19,6.9
1990-12-08 17:00:00+00:00,0.0,0.0,0.0,9.7,6.62
1990-12-08 18:00:00+00:00,0.0,0.0,0.0,9.36,6.41
1990-12-08 19:00:00+00:00,0.0,0.0,0.0,8.99,6.07
1990-12-08 20:00:00+00:00,0.0,0.0,0.0,8.56,5.52
1990-12-08 21:00:00+00:00,0.0,0.0,0.0,8.15,5.03
1990-12-08 22:00:00+00:00,0.0,0.0,0.0,7.74,4.55
1990-12-08 23:00:00+00:00,0.0,0.0,0.0,7.33,4.14
1990-12-09 00:00:00+00:00,0.0,0.0,0.0,7.0,4.0
1990-12-09 01:00:00+00:00,0.0,0.0,0.0,6.74,3.86
1990-12-09 02:00:00+00:00,0.0,0.0,0.0,6.45,3.59
1990-12-09 03:00:00+00:00,0.0,0.0,0.0,6.18,3.24
1990-12-09 04:00:00+00:00,0.0,0.0,0.0,5.9,2.97
1990-12-09 05:00:00+00:00,0.0,0.0,0.0,5.75,2.9
1990-12-09 06:00:00+00:00,0.0,0.0,0.0,5.8,3.1
1990-12-09 07:00:00+00:00,0.0,0.0,0.0,6.24,3.24
1990-12-09 08:00:00+00:00,0.0,0.0,0.0,6.59,3.24
1990-12-09 09:00:00+00:00,102.0,476.83,39.0,7.67,3.86
1990-12-09 10:00:00+00:00,182.0,523.56,68.0,9.26,4.62
1990-12-09 11:00:00+00:00,243.0,645.48,70.0,10.44,5.1
1990-12-09 12:00:00+00:00,234.0,482.96,99.0,11.14,5.24
1990-12-09 13:00:00+00:00,235.0,703.82,58.0,11.39,6.14
1990-12-09 14:00:00+00:00,91.0,69.97,78.0,11.29,6.97
1990-12-09 15:00:00+00:00,55.0,310.51,28.0,10.94,6.9
1990-12-09 16:00:00+00:00,0.0,0.0,0.0,10.76,6.97
1990-12-09 17:00:00+00:00,0.0,0.0,0.0,10.72,7.03
1990-12-09 18:00:00+00:00,0.0,0.0,0.0,10.81,7.17
1990-12-09 19:00:00+00:00,0.0,0.0,0.0,10.91,7.24
1990-12-09 20:00:00+00:00,0.0,0.0,0.0,10.94,7.31
1990-12-09 21:00:00+00:00,0.0,0.0,0.0,10.76,7.24
1990-12-09 22:00:00+00:00,0.0,0.0,0.0,10.69,7.38
1990-12-09 23:00:00+00:00,0.0,0.0,0.0,10.7,7.66
1990-12-10 00:00:00+00:00,0.0,0.0,0.0,10.67,7.72
1990-12-10 01:00:00+00:00,0.0,0.0,0.0,10.53,7.66
1990-12-10 02:00:00+00:00,0.0,0.0,0.0,10.68,7.66
1990-12-10 03:00:00+00:00,0.0,0.0,0.0,10.6,7.59
1990-12-10 04:00:00+00:00,0.0,0.0,0.0,10.58,7.66
1990-12-10 05:00:00+00:00,0.0,0.0,0.0,10.62,7.86
1990-12-10 06:00:00+00:00,0.0,0.0,0.0,10.65,7.72
1990-12-10 07:00:00+00:00,0.0,0.0,0.0,10.93,7.66
1990-12-10 08:00:00+00:00,0.0,0.0,0.0,10.85,7.66
1990-12-10 09:00:00+00:00,41.0,7.7,40.0,10.85,7.86
1990-12-10 10:00:00+00:00,16.0,0.0,16.0,11.13,8.21
1990-12-10 11:00:00+00:00,97.0,11.27,94.0,11.43,7.79
1990-12-10 12:00:00+00:00,141.0,68.35,122.0,11.59,7.66
1990-12-10 13:00:00+00:00,134.0,95.9,110.0,11.83,7.72
1990-12-10 14:00:00+00:00,62.0,10.82,60.0,11.71,7.72
1990-12-10 15:00:00+00:00,34.0,57.93,29.0,11.61,7.59
1990-12-10 16:00:00+00:00,0.0,0.0,0.0,11.64,7.72
1990-12-10 17:00:00+00:00,0.0,0.0,0.0,11.66,7.59
1990-12-10 18:00:00+00:00,0.0,0.0,0.0,11.29,6.28
1990-12-10 19:00:00+00:00,0.0,0.0,0.0,11.34,6.14
1990-12-10 20:00:00+00:00,0.0,0.0,0.0,11.12,5.03
1990-12-10 21:00:00+00:00,0.0,0.0,0.0,10.87,4.14
1990-12-10 22:00:00+00:00,0.0,0.0,0.0,10.73,4.21
1990-12-10 23:00:00+00:00,0.0,0.0,0.0,10.71,5.03
1990-12-11 00:00:00+00:00,0.0,0.0,0.0,10.65,5.31
1990-12-11 01:00:00+00:00,0.0,0.0,0.0,10.47,5.66
1990-12-11 02:00:00+00:00,0.0,0.0,0.0,9.88,5.59
1990-12-11 03:00:00+00:00,0.0,0.0,0.0,9.63,5.45
1990-12-11 04:00:00+00:00,0.0,0.0,0.0,9.33,5.31
1990-12-11 05:00:00+00:00,0.0,0.0,0.0,8.9,5.03
1990-12-11 06:00:00+00:00,0.0,0.0,0.0,8.78,4.69
1990-12-11 07:00:00+00:00,0.0,0.0,0.0,9.55,4.76
1990-12-11 08:00:00+00:00,0.0,0.0,0.0,9.68,5.03
1990-12-11 09:00:00+00:00,61.0,86.08,50.0,9.78,4.9
1990-12-11 10:00:00+00:00,108.0,79.53,91.0,10.07,4.9
1990-12-11 11:00:00+00:00,160.0,155.0,119.0,10.35,4.97
1990-12-11 12:00:00+00:00,144.0,75.93,123.0,10.48,4.83
1990-12-11 13:00:00+00:00,73.0,0.0,73.0,10.32,4.62
1990-12-11 14:00:00+00:00,54.0,5.43,53.0,10.13,4.83
1990-12-11 15:00:00+00:00,23.0,11.65,22.0,9.78,4.69
1990-12-11 16:00:00+00:00,0.0,0.0,0.0,9.27,4.48
1990-12-11 17:00:00+00:00,0.0,0.0,0.0,8.7,4.28
1990-12-11 18:00:00+00:00,0.0,0.0,0.0,7.97,4.07
1990-12-11 19:00:00+00:00,0.0,0.0,0.0,8.47,3.45
1990-12-11 20:00:00+00:00,0.0,0.0,0.0,7.94,3.24
1990-12-11 21:00:00+00:00,0.0,0.0,0.0,7.3,2.9
1990-12-11 22:00:00+00:00,0.0,0.0,0.0,6.88,2.62
1990-12-11 23:00:00+00:00,0.0,0.0,0.0,6.48,2.48
1990-12-12 00:00:00+00:00,0.0,0.0,0.0,6.17,2.28
1990-12-12 01:00:00+00:00,0.0,0.0,0.0,5.75,2.07
1990-12-12 02:00:00+00:00,0.0,0.0,0.0,5.43,1.72
1990-12-12 03:00:00+00:00,0.0,0.0,0.0,4.97,1.24
1990-12-12 04:00:00+00:00,0.0,0.0,0.0,5.72,0.48
1990-12-12 05:00:00+00:00,0.0,0.0,0.0,6.2,0.69
1990-12-12 06:00:00+00:00,0.0,0.0,0.0,5.47,1.86
1990-12-12 07:00:00+00:00,0.0,0.0,0.0,8.1,3.31
1990-12-12 08:00:00+00:00,0.0,0.0,0.0,9.28,4.21
1990-12-12 09:00:00+00:00,44.0,23.85,41.0,10.38,4.97
1990-12-12 10:00:00+00:00,65.0,4.72,64.0,11.14,6.83
1990-12-12 11:00:00+00:00,125.0,53.24,111.0,11.61,8.28
1990-12-12 12:00:00+00:00,113.0,21.79,107.0,11.65,9.38
1990-12-12 13:00:00+00:00,110.0,40.29,100.0,11.69,9.72
1990-12-12 14:00:00+00:00,42.0,0.0,42.0,11.54,9.52
1990-12-12 15:00:00+00:00,6.0,0.0,6.0,11.42,9.31
1990-12-12 16:00:00+00:00,0.0,0.0,0.0,11.31,9.31
1990-12-12 17:00:00+00:00,0.0,0.0,0.0,11.4,9.31
1990-12-12 18:00:00+00:00,0.0,0.0,0.0,11.42,9.1
1990-12-12 19:00:00+00:00,0.0,0.0,0.0,11.79,8.62
1990-12-12 20:00:00+00:00,0.0,0.0,0.0,11.77,8.41
1990-12-12 21:00:00+00:00,0.0,0.0,0.0,11.67,7.86
1990-12-12 22:00:00+00:00,0.0,0.0,0.0,11.63,7.31
1990-12-12 23:00:00+00:00,0.0,0.0,0.0,11.52,6.76
1990-12-13 00:00:00+00:00,0.0,0.0,0.0,11.42,6.07
1990-12-13 01:00:00+00:00,0.0,0.0,0.0,11.26,5.45
1990-12-13 02:00:00+00:00,0.0,0.0,0.0,10.98,4.97
1990-12-13 03:00:00+00:00,0.0,0.0,0.0,10.88,4.62
1990-12-13 04:00:00+00:00,0.0,0.0,0.0,10.51,4.14
1990-12-13 05:00:00+00:00,0.0,0.0,0.0,10.6,3.79
1990-12-13 06:00:00+00:00,0.0,0.0,0.0,10.44,3.38
1990-12-13 07:00:00+00:00,0.0,0.0,0.0,10.89,3.86
1990-12-13 08:00:00+00:00,0.0,0.0,0.0,10.95,3.59
1990-12-13 09:00:00+00:00,60.0,96.86,48.0,11.01,3.24
1990-12-13 10:00:00+00:00,89.0,33.29,82.0,11.42,3.03
1990-12-13 11:00:00+00:00,114.0,34.42,105.0,11.67,3.45
1990-12-13 12:00:00+00:00,48.0,0.0,48.0,11.82,3.38
1990-12-13 13:00:00+00:00,47.0,0.0,47.0,11.72,3.31
1990-12-13 14:00:00+00:00,35.0,0.0,35.0,11.68,3.31
1990-12-13 15:00:00+00:00,23.0,11.75,22.0,11.28,2.9
1990-12-13 16:00:00+00:00,0.0,0.0,0.0,10.62,2.62
1990-12-13 17:00:00+00:00,0.0,0.0,0.0,10.22,2.55
1990-12-13 18:00:00+00:00,0.0,0.0,0.0,9.75,2.62
1990-12-13 19:00:00+00:00,0.0,0.0,0.0,9.29,2.83
1990-12-13 20:00:00+00:00,0.0,0.0,0.0,9.18,3.24
1990-12-13 21:00:00+00:00,0.0,0.0,0.0,8.94,3.59
1990-12-13 22:00:00+00:00,0.0,0.0,0.0,8.42,3.59
1990-12-13 23:00:00+00:00,0.0,0.0,0.0,8.11,3.59
1990-12-14 00:00:00+00:00,0.0,0.0,0.0,8.31,3.59
1990-12-14 01:00:00+00:00,0.0,0.0,0.0,8.42,3.66
1990-12-14 02:00:00+00:00,0.0,0.0,0.0,8.57,3.66
1990-12-14 03:00:00+00:00,0.0,0.0,0.0,8.52,3.72
1990-12-14 04:00:00+00:00,0.0,0.0,0.0,8.45,3.72
1990-12-14 05:00:00+00:00,0.0,0.0,0.0,8.29,3.52
1990-12-14 06:00:00+00:00,0.0,0.0,0.0,8.27,3.31
1990-12-14 07:00:00+00:00,0.0,0.0,0.0,8.62,3.24
1990-12-14 08:00:00+00:00,0.0,0.0,0.0,8.56,3.45
1990-12-14 09:00:00+00:00,48.0,32.76,44.0,8.65,3.59
1990-12-14 10:00:00+00:00,116.0,119.8,91.0,9.05,3.72
1990-12-14 11:00:00+00:00,123.0,49.96,110.0,9.6,4.34
1990-12-14 12:00:00+00:00,138.0,65.9,120.0,9.88,4.83
1990-12-14 13:00:00+00:00,101.0,24.33,95.0,9.81,5.24
1990-12-14 14:00:00+00:00,23.0,0.0,23.0,9.58,4.48
1990-12-14 15:00:00+00:00,52.0,282.37,28.0,9.35,3.79
1990-12-14 16:00:00+00:00,0.0,0.0,0.0,8.86,3.79
1990-12-14 17:00:00+00:00,0.0,0.0,0.0,8.76,3.72
1990-12-14 18:00:00+00:00,0.0,0.0,0.0,9.07,3.93
1990-12-14 19:00:00+00:00,0.0,0.0,0.0,9.57,3.86
1990-12-14 20:00:00+00:00,0.0,0.0,0.0,9.76,3.79
1990-12-14 21:00:00+00:00,0.0,0.0,0.0,9.8,3.66
1990-12-14 22:00:00+00:00,0.0,0.0,0.0,10.0,3.52
1990-12-14 23:00:00+00:00,0.0,0.0,0.0,10.04,3.31
1990-12-15 00:00:00+00:00,0.0,0.0,0.0,9.9,3.24
1990-12-15 01:00:00+00:00,0.0,0.0,0.0,10.0,3.24
1990-12-15 02:00:00+00:00,0.0,0.0,0.0,10.24,3.03
1990-12-15 03:00:00+00:00,0.0,0.0,0.0,10.33,2.69
1990-12-15 04:00:00+00:00,0.0,0.0,0.0,10.01,2.48
1990-12-15 05:00:00+00:00,0.0,0.0,0.0,10.08,2.34
1990-12-15 06:00:00+00:00,0.0,0.0,0.0,9.92,2.41
1990-12-15 07:00:00+00:00,0.0,0.0,0.0,10.7,3.03
1990-12-15 08:00:00+00:00,0.0,0.0,0.0,10.82,3.17
1990-12-15 09:00:00+00:00,29.0,0.0,29.0,10.87,3.52
1990-12-15 10:00:00+00:00,25.0,0.0,25.0,10.91,4.0
1990-12-15 11:00:00+00:00,45.0,0.0,45.0,11.02,4.83
1990-12-15 12:00:00+00:00,44.0,0.0,44.0,11.09,4.83
1990-12-15 13:00:00+00:00,43.0,0.0,43.0,11.17,4.62
1990-12-15 14:00:00+00:00,45.0,0.0,45.0,11.27,4.28
1990-12-15 15:00:00+00:00,23.0,11.77,22.0,11.23,4.69
1990-12-15 16:00:00+00:00,0.0,0.0,0.0,11.15,5.52
1990-12-15 17:00:00+00:00,0.0,0.0,0.0,11.38,5.66
1990-12-15 18:00:00+00:00,0.0,0.0,0.0,12.17,5.17
1990-12-15 19:00:00+00:00,0.0,0.0,0.0,13.27,5.38
1990-12-15 20:00:00+00:00,0.0,0.0,0.0,13.3,5.86
1990-12-15 21:00:00+00:00,0.0,0.0,0.0,13.19,6.07
1990-12-15 22:00:00+00:00,0.0,0.0,0.0,12.95,6.55
1990-12-15 23:00:00+00:00,0.0,0.0,0.0,12.86,6.9
1990-12-16 00:00:00+00:00,0.0,0.0,0.0,12.99,7.31
1990-12-16 01:00:00+00:00,0.0,0.0,0.0,13.07,7.66
1990-12-16 02:00:00+00:00,0.0,0.0,0.0,13.09,7.66
1990-12-16 03:00:00+00:00,0.0,0.0,0.0,13.05,7.66
1990-12-16 04:00:00+00:00,0.0,0.0,0.0,12.94,7.45
1990-12-16 05:00:00+00:00,0.0,0.0,0.0,12.69,7.24
1990-12-16 06:00:00+00:00,0.0,0.0,0.0,12.55,7.17
1990-12-16 07:00:00+00:00,0.0,0.0,0.0,12.64,6.41
1990-12-16 08:00:00+00:00,0.0,0.0,0.0,12.62,6.28
1990-12-16 09:00:00+00:00,51.0,58.88,44.0,12.71,6.28
1990-12-16 10:00:00+00:00,69.0,9.71,67.0,12.88,6.41
1990-12-16 11:00:00+00:00,95.0,11.63,92.0,13.16,6.76
1990-12-16 12:00:00+00:00,66.0,0.0,66.0,13.31,6.97
1990-12-16 13:00:00+00:00,94.0,16.29,90.0,13.47,6.55
1990-12-16 14:00:00+00:00,74.0,32.97,68.0,13.55,5.72
1990-12-16 15:00:00+00:00,8.0,0.0,8.0,13.26,5.59
1990-12-16 16:00:00+00:00,0.0,0.0,0.0,12.9,5.31
1990-12-16 17:00:00+00:00,0.0,0.0,0.0,12.86,4.69
1990-12-16 18:00:00+00:00,0.0,0.0,0.0,12.94,4.0
1990-12-16 19:00:00+00:00,0.0,0.0,0.0,12.95,4.55
1990-12-16 20:00:00+00:00,0.0,0.0,0.0,13.11,5.1
1990-12-16 21:00:00+00:00,0.0,0.0,0.0,13.31,5.66
1990-12-16 22:00:00+00:00,0.0,0.0,0.0,13.41,5.93
1990-12-16 23:00:00+00:00,0.0,0.0,0.0,13.31,5.93
1990-12-17 00:00:00+00:00,0.0,0.0,0.0,12.8,5.79
1990-12-17 01:00:00+00:00,0.0,0.0,0.0,12.61,5.79
1990-12-17 02:00:00+00:00,0.0,0.0,0.0,12.48,5.72
1990-12-17 03:00:00+00:00,0.0,0.0,0.0,12.37,5.66
1990-12-17 04:00:00+00:00,0.0,0.0,0.0,12.34,5.59
1990-12-17 05:00:00+00:00,0.0,0.0,0.0,12.32,5.72
1990-12-17 06:00:00+00:00,0.0,0.0,0.0,12.33,5.79
1990-12-17 07:00:00+00:00,0.0,0.0,0.0,12.84,6.21
1990-12-17 08:00:00+00:00,0.0,0.0,0.0,12.85,6.55
1990-12-17 09:00:00+00:00,72.0,246.9,43.0,13.05,6.83
1990-12-17 10:00:00+00:00,129.0,205.21,87.0,13.49,6.97
1990-12-17 11:00:00+00:00,145.0,120.63,114.0,13.89,7.03
1990-12-17 12:00:00+00:00,115.0,29.54,107.0,14.17,7.31
1990-12-17 13:00:00+00:00,66.0,0.0,66.0,14.13,6.97
1990-12-17 14:00:00+00:00,48.0,0.0,48.0,13.8,6.69
1990-12-17 15:00:00+00:00,40.0,117.24,30.0,13.06,6.41
1990-12-17 16:00:00+00:00,0.0,0.0,0.0,12.46,5.86
1990-12-17 17:00:00+00:00,0.0,0.0,0.0,12.47,5.1
1990-12-17 18:00:00+00:00,0.0,0.0,0.0,12.54,4.83
1990-12-17 19:00:00+00:00,0.0,0.0,0.0,12.19,4.97
1990-12-17 20:00:00+00:00,0.0,0.0,0.0,11.88,4.97
1990-12-17 21:00:00+00:00,0.0,0.0,0.0,11.72,4.83
1990-12-17 22:00:00+00:00,0.0,0.0,0.0,11.67,4.83
1990-12-17 23:00:00+00:00,0.0,0.0,0.0,11.62,4.76
1990-12-18 00:00:00+00:00,0.0,0.0,0.0,11.69,4.55
1990-12-18 01:00:00+00:00,0.0,0.0,0.0,11.61,4.55
1990-12-18 02:00:00+00:00,0.0,0.0,0.0,11.58,4.76
1990-12-18 03:00:00+00:00,0.0,0.0,0.0,11.65,4.69
1990-12-18 04:00:00+00:00,0.0,0.0,0.0,11.59,4.48
1990-12-18 05:00:00+00:00,0.0,0.0,0.0,11.6,4.34
1990-12-18 06:00:00+00:00,0.0,0.0,0.0,11.61,4.07
1990-12-18 07:00:00+00:00,0.0,0.0,0.0,11.95,4.21
1990-12-18 08:00:00+00:00,0.0,0.0,0.0,11.89,4.34
1990-12-18 09:00:00+00:00,41.0,25.83,38.0,12.02,4.76
1990-12-18 10:00:00+00:00,90.0,44.21,81.0,12.22,5.1
1990-12-18 11:00:00+00:00,139.0,101.5,113.0,12.4,5.66
1990-12-18 12:00:00+00:00,110.0,22.2,104.0,12.19,6.0
1990-12-18 13:00:00+00:00,106.0,32.65,98.0,12.15,5.86
1990-12-18 14:00:00+00:00,43.0,0.0,43.0,11.98,5.45
1990-12-18 15:00:00+00:00,22.0,0.0,22.0,11.73,5.24
1990-12-18 16:00:00+00:00,0.0,0.0,0.0,11.51,5.1
1990-12-18 17:00:00+00:00,0.0,0.0,0.0,11.43,4.97
1990-12-18 18:00:00+00:00,0.0,0.0,0.0,11.43,4.97
1990-12-18 19:00:00+00:00,0.0,0.0,0.0,11.31,5.38
1990-12-18 20:00:00+00:00,0.0,0.0,0.0,11.62,5.72
1990-12-18 21:00:00+00:00,0.0,0.0,0.0,11.99,5.93
1990-12-18 22:00:00+00:00,0.0,0.0,0.0,12.2,6.21
1990-12-18 23:00:00+00:00,0.0,0.0,0.0,12.38,6.34
1990-12-19 00:00:00+00:00,0.0,0.0,0.0,12.59,6.41
1990-12-19 01:00:00+00:00,0.0,0.0,0.0,12.84,6.48
1990-12-19 02:00:00+00:00,0.0,0.0,0.0,13.12,6.69
1990-12-19 03:00:00+00:00,0.0,0.0,0.0,13.46,6.9
1990-12-19 04:00:00+00:00,0.0,0.0,0.0,13.67,7.1
1990-12-19 05:00:00+00:00,0.0,0.0,0.0,13.76,7.17
1990-12-19 06:00:00+00:00,0.0,0.0,0.0,13.77,6.97
1990-12-19 07:00:00+00:00,0.0,0.0,0.0,13.83,7.31
1990-12-19 08:00:00+00:00,0.0,0.0,0.0,13.68,7.45
1990-12-19 09:00:00+00:00,66.0,208.82,42.0,13.63,7.52
1990-12-19 10:00:00+00:00,132.0,241.84,83.0,13.66,7.59
1990-12-19 11:00:00+00:00,132.0,82.2,111.0,13.9,7.66
1990-12-19 12:00:00+00:00,157.0,137.09,120.0,14.01,6.21
1990-12-19 13:00:00+00:00,105.0,32.66,97.0,13.99,6.28
1990-12-19 14:00:00+00:00,89.0,82.31,74.0,13.87,7.17
1990-12-19 15:00:00+00:00,46.0,185.81,30.0,13.75,6.97
1990-12-19 16:00:00+00:00,0.0,0.0,0.0,13.52,6.76
1990-12-19 17:00:00+00:00,0.0,0.0,0.0,13.49,6.69
1990-12-19 18:00:00+00:00,0.0,0.0,0.0,13.56,6.48
1990-12-19 19:00:00+00:00,0.0,0.0,0.0,13.89,6.76
1990-12-19 20:00:00+00:00,0.0,0.0,0.0,13.47,6.76
1990-12-19 21:00:00+00:00,0.0,0.0,0.0,13.16,7.31
1990-12-19 22:00:00+00:00,0.0,0.0,0.0,13.18,7.79
1990-12-19 23:00:00+00:00,0.0,0.0,0.0,13.37,7.72
1990-12-20 00:00:00+00:00,0.0,0.0,0.0,13.89,8.21
1990-12-20 01:00:00+00:00,0.0,0.0,0.0,14.54,8.69
1990-12-20 02:00:00+00:00,0.0,0.0,0.0,14.39,8.76
1990-12-20 03:00:00+00:00,0.0,0.0,0.0,13.87,8.41
1990-12-20 04:00:00+00:00,0.0,0.0,0.0,13.38,8.48
1990-12-20 05:00:00+00:00,0.0,0.0,0.0,12.78,7.59
1990-12-20 06:00:00+00:00,0.0,0.0,0.0,12.34,6.83
1990-12-20 07:00:00+00:00,0.0,0.0,0.0,11.75,5.59
1990-12-20 08:00:00+00:00,0.0,0.0,0.0,11.62,5.66
1990-12-20 09:00:00+00:00,57.0,114.18,44.0,11.57,5.52
1990-12-20 10:00:00+00:00,148.0,361.8,75.0,11.82,5.93
1990-12-20 11:00:00+00:00,175.0,258.92,109.0,12.09,6.14
1990-12-20 12:00:00+00:00,187.0,263.32,116.0,12.15,6.9
1990-12-20 13:00:00+00:00,133.0,102.05,108.0,12.09,6.97
1990-12-20 14:00:00+00:00,50.0,0.0,50.0,11.34,7.66
1990-12-20 15:00:00+00:00,56.0,346.02,26.0,10.55,7.31
1990-12-20 16:00:00+00:00,0.0,0.0,0.0,10.12,6.9
1990-12-20 17:00:00+00:00,0.0,0.0,0.0,9.97,6.34
1990-12-20 18:00:00+00:00,0.0,0.0,0.0,9.82,6.07
1990-12-20 19:00:00+00:00,0.0,0.0,0.0,9.69,6.83
1990-12-20 20:00:00+00:00,0.0,0.0,0.0,9.61,6.55
1990-12-20 21:00:00+00:00,0.0,0.0,0.0,9.33,6.48
1990-12-20 22:00:00+00:00,0.0,0.0,0.0,9.11,6.62
1990-12-20 23:00:00+00:00,0.0,0.0,0.0,8.93,6.48
1990-12-21 00:00:00+00:00,0.0,0.0,0.0,8.86,6.21
1990-12-21 01:00:00+00:00,0.0,0.0,0.0,8.73,6.41
1990-12-21 02:00:00+00:00,0.0,0.0,0.0,8.46,6.34
1990-12-21 03:00:00+00:00,0.0,0.0,0.0,8.23,5.93
1990-12-21 04:00:00+00:00,0.0,0.0,0.0,8.3,5.86
1990-12-21 05:00:00+00:00,0.0,0.0,0.0,8.16,5.72
1990-12-21 06:00:00+00:00,0.0,0.0,0.0,8.24,5.79
1990-12-21 07:00:00+00:00,0.0,0.0,0.0,8.76,5.93
1990-12-21 08:00:00+00:00,0.0,0.0,0.0,8.87,6.14
1990-12-21 09:00:00+00:00,26.0,0.0,26.0,9.48,6.41
1990-12-21 10:00:00+00:00,145.0,333.25,78.0,10.5,7.66
1990-12-21 11:00:00+00:00,135.0,86.45,113.0,11.37,9.31
1990-12-21 12:00:00+00:00,48.0,0.0,48.0,11.65,10.62
1990-12-21 13:00:00+00:00,70.0,0.0,70.0,11.78,11.31
1990-12-21 14:00:00+00:00,22.0,0.0,22.0,12.27,11.03
1990-12-21 15:00:00+00:00,35.0,57.2,30.0,12.68,10.28
1990-12-21 16:00:00+00:00,0.0,0.0,0.0,12.94,8.21
1990-12-21 17:00:00+00:00,0.0,0.0,0.0,12.62,6.34
1990-12-21 18:00:00+00:00,0.0,0.0,0.0,11.56,5.1
1990-12-21 19:00:00+00:00,0.0,0.0,0.0,11.37,4.21
1990-12-21 20:00:00+00:00,0.0,0.0,0.0,11.11,4.14
1990-12-21 21:00:00+00:00,0.0,0.0,0.0,10.85,3.79
1990-12-21 22:00:00+00:00,0.0,0.0,0.0,10.9,3.93
1990-12-21 23:00:00+00:00,0.0,0.0,0.0,10.98,4.21
1990-12-22 00:00:00+00:00,0.0,0.0,0.0,11.56,5.31
1990-12-22 01:00:00+00:00,0.0,0.0,0.0,12.32,7.31
1990-12-22 02:00:00+00:00,0.0,0.0,0.0,12.9,8.76
1990-12-22 03:00:00+00:00,0.0,0.0,0.0,13.11,9.38
1990-12-22 04:00:00+00:00,0.0,0.0,0.0,13.26,9.86
1990-12-22 05:00:00+00:00,0.0,0.0,0.0,13.33,10.07
1990-12-22 06:00:00+00:00,0.0,0.0,0.0,13.35,10.28
1990-12-22 07:00:00+00:00,0.0,0.0,0.0,13.05,10.0
1990-12-22 08:00:00+00:00,0.0,0.0,0.0,13.14,10.14
1990-12-22 09:00:00+00:00,56.0,116.03,43.0,13.2,10.69
1990-12-22 10:00:00+00:00,94.0,59.86,82.0,13.17,10.76
1990-12-22 11:00:00+00:00,72.0,0.0,72.0,13.21,10.28
1990-12-22 12:00:00+00:00,100.0,11.13,97.0,13.35,9.79
1990-12-22 13:00:00+00:00,36.0,0.0,36.0,13.45,9.45
1990-12-22 14:00:00+00:00,98.0,119.81,76.0,13.35,9.66
1990-12-22 15:00:00+00:00,31.0,34.0,28.0,13.23,9.79
1990-12-22 16:00:00+00:00,0.0,0.0,0.0,13.2,9.79
1990-12-22 17:00:00+00:00,0.0,0.0,0.0,13.16,10.14
1990-12-22 18:00:00+00:00,0.0,0.0,0.0,13.15,10.62
1990-12-22 19:00:00+00:00,0.0,0.0,0.0,12.97,9.93
1990-12-22 20:00:00+00:00,0.0,0.0,0.0,12.79,8.69
1990-12-22 21:00:00+00:00,0.0,0.0,0.0,12.28,7.17
1990-12-22 22:00:00+00:00,0.0,0.0,0.0,11.27,6.0
1990-12-22 23:00:00+00:00,0.0,0.0,0.0,10.31,6.14
1990-12-23 00:00:00+00:00,0.0,0.0,0.0,10.13,7.31
1990-12-23 01:00:00+00:00,0.0,0.0,0.0,10.17,8.07
1990-12-23 02:00:00+00:00,0.0,0.0,0.0,10.05,7.45
1990-12-23 03:00:00+00:00,0.0,0.0,0.0,9.99,7.24
1990-12-23 04:00:00+00:00,0.0,0.0,0.0,9.76,7.24
1990-12-23 05:00:00+00:00,0.0,0.0,0.0,9.68,7.52
1990-12-23 06:00:00+00:00,0.0,0.0,0.0,9.36,7.38
1990-12-23 07:00:00+00:00,0.0,0.0,0.0,8.95,5.93
1990-12-23 08:00:00+00:00,0.0,0.0,0.0,8.58,5.03
1990-12-23 09:00:00+00:00,76.0,359.33,36.0,8.6,5.03
1990-12-23 10:00:00+00:00,167.0,555.04,56.0,9.37,5.45
1990-12-23 11:00:00+00:00,226.0,626.02,67.0,10.15,4.97
1990-12-23 12:00:00+00:00,243.0,645.3,69.0,10.63,5.79
1990-12-23 13:00:00+00:00,171.0,268.41,105.0,10.89,6.0
1990-12-23 14:00:00+00:00,117.0,222.41,76.0,10.87,5.72
1990-12-23 15:00:00+00:00,42.0,112.11,32.0,10.56,5.17
1990-12-23 16:00:00+00:00,0.0,0.0,0.0,10.18,4.97
1990-12-23 17:00:00+00:00,0.0,0.0,0.0,10.14,5.17
1990-12-23 18:00:00+00:00,0.0,0.0,0.0,10.23,5.38
1990-12-23 19:00:00+00:00,0.0,0.0,0.0,10.68,6.41
1990-12-23 20:00:00+00:00,0.0,0.0,0.0,10.68,6.83
1990-12-23 21:00:00+00:00,0.0,0.0,0.0,10.71,7.24
1990-12-23 22:00:00+00:00,0.0,0.0,0.0,10.63,7.86
1990-12-23 23:00:00+00:00,0.0,0.0,0.0,10.59,8.14
1990-12-24 00:00:00+00:00,0.0,0.0,0.0,10.58,8.62
1990-12-24 01:00:00+00:00,0.0,0.0,0.0,10.44,9.52
1990-12-24 02:00:00+00:00,0.0,0.0,0.0,10.25,9.86
1990-12-24 03:00:00+00:00,0.0,0.0,0.0,10.27,9.17
1990-12-24 04:00:00+00:00,0.0,0.0,0.0,10.6,9.66
1990-12-24 05:00:00+00:00,0.0,0.0,0.0,10.53,9.38
1990-12-24 06:00:00+00:00,0.0,0.0,0.0,10.66,8.97
1990-12-24 07:00:00+00:00,0.0,0.0,0.0,11.4,9.1
1990-12-24 08:00:00+00:00,0.0,0.0,0.0,11.26,9.24
1990-12-24 09:00:00+00:00,10.0,0.0,10.0,11.48,10.07
1990-12-24 10:00:00+00:00,38.0,0.0,38.0,11.06,11.59
1990-12-24 11:00:00+00:00,59.0,0.0,59.0,10.45,9.31
1990-12-24 12:00:00+00:00,58.0,0.0,58.0,9.83,7.31
1990-12-24 13:00:00+00:00,46.0,0.0,46.0,9.67,7.66
1990-12-24 14:00:00+00:00,152.0,540.01,52.0,9.34,7.52
1990-12-24 15:00:00+00:00,57.0,310.19,29.0,8.83,6.97
1990-12-24 16:00:00+00:00,0.0,0.0,0.0,8.19,6.41
1990-12-24 17:00:00+00:00,0.0,0.0,0.0,7.64,5.86
1990-12-24 18:00:00+00:00,0.0,0.0,0.0,7.33,5.72
1990-12-24 19:00:00+00:00,0.0,0.0,0.0,7.44,5.24
1990-12-24 20:00:00+00:00,0.0,0.0,0.0,7.31,5.31
1990-12-24 21:00:00+00:00,0.0,0.0,0.0,7.33,5.1
1990-12-24 22:00:00+00:00,0.0,0.0,0.0,7.14,4.69
1990-12-24 23:00:00+00:00,0.0,0.0,0.0,7.18,4.48
1990-12-25 00:00:00+00:00,0.0,0.0,0.0,7.28,4.21
1990-12-25 01:00:00+00:00,0.0,0.0,0.0,7.25,3.59
1990-12-25 02:00:00+00:00,0.0,0.0,0.0,7.03,2.9
1990-12-25 03:00:00+00:00,0.0,0.0,0.0,6.82,2.83
1990-12-25 04:00:00+00:00,0.0,0.0,0.0,7.06,2.97
1990-12-25 05:00:00+00:00,0.0,0.0,0.0,7.92,3.45
1990-12-25 06:00:00+00:00,0.0,0.0,0.0,8.31,3.45
1990-12-25 07:00:00+00:00,0.0,0.0,0.0,8.68,4.76
1990-12-25 08:00:00+00:00,0.0,0.0,0.0,8.75,5.1
1990-12-25 09:00:00+00:00,25.0,0.0,25.0,9.11,5.66
1990-12-25 10:00:00+00:00,55.0,0.0,55.0,9.78,6.55
1990-12-25 11:00:00+00:00,52.0,0.0,52.0,10.59,7.17
1990-12-25 12:00:00+00:00,74.0,0.0,74.0,12.42,8.97
1990-12-25 13:00:00+00:00,26.0,0.0,26.0,13.24,9.79
1990-12-25 14:00:00+00:00,71.0,21.49,67.0,13.29,9.52
1990-12-25 15:00:00+00:00,26.0,10.93,25.0,13.26,9.38
1990-12-25 16:00:00+00:00,0.0,0.0,0.0,13.21,9.17
1990-12-25 17:00:00+00:00,0.0,0.0,0.0,13.27,9.1
1990-12-25 18:00:00+00:00,0.0,0.0,0.0,13.4,9.31
1990-12-25 19:00:00+00:00,0.0,0.0,0.0,13.69,9.93
1990-12-25 20:00:00+00:00,0.0,0.0,0.0,13.72,9.59
1990-12-25 21:00:00+00:00,0.0,0.0,0.0,13.67,9.52
1990-12-25 22:00:00+00:00,0.0,0.0,0.0,13.69,9.66
1990-12-25 23:00:00+00:00,0.0,0.0,0.0,13.66,9.45
1990-12-26 00:00:00+00:00,0.0,0.0,0.0,13.65,9.31
1990-12-26 01:00:00+00:00,0.0,0.0,0.0,13.53,9.24
1990-12-26 02:00:00+00:00,0.0,0.0,0.0,13.49,8.97
1990-12-26 03:00:00+00:00,0.0,0.0,0.0,13.44,8.69
1990-12-26 04:00:00+00:00,0.0,0.0,0.0,13.41,8.62
1990-12-26 05:00:00+00:00,0.0,0.0,0.0,13.33,8.55
1990-12-26 06:00:00+00:00,0.0,0.0,0.0,13.29,8.48
1990-12-26 07:00:00+00:00,0.0,0.0,0.0,13.19,9.03
1990-12-26 08:00:00+00:00,0.0,0.0,0.0,13.09,9.03
1990-12-26 09:00:00+00:00,35.0,9.1,34.0,13.12,9.03
1990-12-26 10:00:00+00:00,87.0,45.15,78.0,13.19,9.1
1990-12-26 11:00:00+00:00,112.0,35.4,103.0,13.24,9.1
1990-12-26 12:00:00+00:00,42.0,0.0,42.0,13.28,8.76
1990-12-26 13:00:00+00:00,32.0,0.0,32.0,13.25,7.66
1990-12-26 14:00:00+00:00,29.0,0.0,29.0,13.08,8.9
1990-12-26 15:00:00+00:00,31.0,21.56,29.0,12.97,8.83
1990-12-26 16:00:00+00:00,0.0,0.0,0.0,12.79,8.83
1990-12-26 17:00:00+00:00,0.0,0.0,0.0,12.64,8.97
1990-12-26 18:00:00+00:00,0.0,0.0,0.0,12.64,9.1
1990-12-26 19:00:00+00:00,0.0,0.0,0.0,12.75,9.03
1990-12-26 20:00:00+00:00,0.0,0.0,0.0,12.74,9.31
1990-12-26 21:00:00+00:00,0.0,0.0,0.0,12.69,9.45
1990-12-26 22:00:00+00:00,0.0,0.0,0.0,12.72,9.52
1990-12-26 23:00:00+00:00,0.0,0.0,0.0,12.86,9.45
1990-12-27 00:00:00+00:00,0.0,0.0,0.0,12.97,9.45
1990-12-27 01:00:00+00:00,0.0,0.0,0.0,12.95,9.38
1990-12-27 02:00:00+00:00,0.0,0.0,0.0,13.0,9.31
1990-12-27 03:00:00+00:00,0.0,0.0,0.0,13.04,9.31
1990-12-27 04:00:00+00:00,0.0,0.0,0.0,13.05,9.24
1990-12-27 05:00:00+00:00,0.0,0.0,0.0,13.13,9.24
1990-12-27 06:00:00+00:00,0.0,0.0,0.0,13.14,8.9
1990-12-27 07:00:00+00:00,0.0,0.0,0.0,13.06,8.76
1990-12-27 08:00:00+00:00,0.0,0.0,0.0,13.07,8.48
1990-12-27 09:00:00+00:00,17.0,0.0,17.0,13.14,8.07
1990-12-27 10:00:00+00:00,97.0,75.23,82.0,13.22,7.72
1990-12-27 11:00:00+00:00,56.0,0.0,56.0,13.32,7.17
1990-12-27 12:00:00+00:00,83.0,3.68,82.0,13.43,6.83
1990-12-27 13:00:00+00:00,175.0,293.27,102.0,13.48,6.48
1990-12-27 14:00:00+00:00,43.0,0.0,43.0,13.46,6.0
1990-12-27 15:00:00+00:00,26.0,10.62,25.0,13.35,5.66
1990-12-27 16:00:00+00:00,0.0,0.0,0.0,13.09,4.97
1990-12-27 17:00:00+00:00,0.0,0.0,0.0,12.7,4.34
1990-12-27 18:00:00+00:00,0.0,0.0,0.0,12.27,3.79
1990-12-27 19:00:00+00:00,0.0,0.0,0.0,11.82,3.59
1990-12-27 20:00:00+00:00,0.0,0.0,0.0,11.55,3.79
1990-12-27 21:00:00+00:00,0.0,0.0,0.0,11.07,3.86
1990-12-27 22:00:00+00:00,0.0,0.0,0.0,10.65,4.07
1990-12-27 23:00:00+00:00,0.0,0.0,0.0,10.34,4.14
1990-12-28 00:00:00+00:00,0.0,0.0,0.0,10.09,4.28
1990-12-28 01:00:00+00:00,0.0,0.0,0.0,9.88,4.76
1990-12-28 02:00:00+00:00,0.0,0.0,0.0,9.82,5.38
1990-12-28 03:00:00+00:00,0.0,0.0,0.0,9.89,5.72
1990-12-28 04:00:00+00:00,0.0,0.0,0.0,10.02,5.79
1990-12-28 05:00:00+00:00,0.0,0.0,0.0,10.11,5.86
1990-12-28 06:00:00+00:00,0.0,0.0,0.0,10.29,6.0
1990-12-28 07:00:00+00:00,0.0,0.0,0.0,10.48,6.07
1990-12-28 08:00:00+00:00,0.0,0.0,0.0,10.34,5.93
1990-12-28 09:00:00+00:00,47.0,63.91,40.0,10.39,5.86
1990-12-28 10:00:00+00:00,155.0,436.0,68.0,10.92,6.07
1990-12-28 11:00:00+00:00,160.0,180.36,114.0,11.57,6.07
1990-12-28 12:00:00+00:00,161.0,135.91,124.0,11.82,6.07
1990-12-28 13:00:00+00:00,62.0,0.0,62.0,11.86,6.14
1990-12-28 14:00:00+00:00,78.0,31.62,72.0,11.79,6.97
1990-12-28 15:00:00+00:00,39.0,62.67,33.0,11.68,6.9
1990-12-28 16:00:00+00:00,0.0,0.0,0.0,11.65,6.76
1990-12-28 17:00:00+00:00,0.0,0.0,0.0,12.01,7.17
1990-12-28 18:00:00+00:00,0.0,0.0,0.0,12.38,7.66
1990-12-28 19:00:00+00:00,0.0,0.0,0.0,11.77,7.38
1990-12-28 20:00:00+00:00,0.0,0.0,0.0,11.67,7.72
1990-12-28 21:00:00+00:00,0.0,0.0,0.0,11.64,7.79
1990-12-28 22:00:00+00:00,0.0,0.0,0.0,11.58,7.59
1990-12-28 23:00:00+00:00,0.0,0.0,0.0,11.76,7.79
1990-12-29 00:00:00+00:00,0.0,0.0,0.0,11.67,8.07
1990-12-29 01:00:00+00:00,0.0,0.0,0.0,11.48,7.31
1990-12-29 02:00:00+00:00,0.0,0.0,0.0,11.27,6.62
1990-12-29 03:00:00+00:00,0.0,0.0,0.0,11.03,6.69
1990-12-29 04:00:00+00:00,0.0,0.0,0.0,10.7,6.48
1990-12-29 05:00:00+00:00,0.0,0.0,0.0,10.26,6.41
1990-12-29 06:00:00+00:00,0.0,0.0,0.0,9.76,5.93
1990-12-29 07:00:00+00:00,0.0,0.0,0.0,9.83,4.62
1990-12-29 08:00:00+00:00,0.0,0.0,0.0,9.49,4.14
1990-12-29 09:00:00+00:00,75.0,383.4,33.0,9.2,4.14
1990-12-29 10:00:00+00:00,140.0,305.25,79.0,9.63,4.48
1990-12-29 11:00:00+00:00,227.0,629.8,66.0,10.1,5.52
1990-12-29 12:00:00+00:00,225.0,486.91,92.0,10.51,5.72
1990-12-29 13:00:00+00:00,160.0,195.07,111.0,10.55,6.0
1990-12-29 14:00:00+00:00,121.0,219.62,79.0,10.6,5.24
1990-12-29 15:00:00+00:00,66.0,390.19,28.0,10.48,5.45
1990-12-29 16:00:00+00:00,0.0,0.0,0.0,10.17,5.1
1990-12-29 17:00:00+00:00,0.0,0.0,0.0,9.88,5.52
1990-12-29 18:00:00+00:00,0.0,0.0,0.0,10.02,5.72
1990-12-29 19:00:00+00:00,0.0,0.0,0.0,10.38,6.83
1990-12-29 20:00:00+00:00,0.0,0.0,0.0,10.53,7.66
1990-12-29 21:00:00+00:00,0.0,0.0,0.0,10.87,8.62
1990-12-29 22:00:00+00:00,0.0,0.0,0.0,10.99,9.17
1990-12-29 23:00:00+00:00,0.0,0.0,0.0,11.15,9.45
1990-12-30 00:00:00+00:00,0.0,0.0,0.0,11.29,10.0
1990-12-30 01:00:00+00:00,0.0,0.0,0.0,11.68,10.41
1990-12-30 02:00:00+00:00,0.0,0.0,0.0,12.02,10.34
1990-12-30 03:00:00+00:00,0.0,0.0,0.0,12.3,10.14
1990-12-30 04:00:00+00:00,0.0,0.0,0.0,12.44,10.28
1990-12-30 05:00:00+00:00,0.0,0.0,0.0,12.4,10.34
1990-12-30 06:00:00+00:00,0.0,0.0,0.0,12.27,10.41
1990-12-30 07:00:00+00:00,0.0,0.0,0.0,12.47,10.48
1990-12-30 08:00:00+00:00,0.0,0.0,0.0,12.38,10.69
1990-12-30 09:00:00+00:00,15.0,0.0,15.0,12.15,10.69
1990-12-30 10:00:00+00:00,74.0,14.98,71.0,12.03,10.83
1990-12-30 11:00:00+00:00,34.0,0.0,34.0,11.98,10.97
1990-12-30 12:00:00+00:00,77.0,0.0,77.0,12.09,11.1
1990-12-30 13:00:00+00:00,61.0,0.0,61.0,12.07,10.9
1990-12-30 14:00:00+00:00,32.0,0.0,32.0,12.11,10.55
1990-12-30 15:00:00+00:00,33.0,20.17,31.0,11.86,10.14
1990-12-30 16:00:00+00:00,0.0,0.0,0.0,11.46,9.79
1990-12-30 17:00:00+00:00,0.0,0.0,0.0,11.04,9.1
1990-12-30 18:00:00+00:00,0.0,0.0,0.0,10.92,7.31
1990-12-30 19:00:00+00:00,0.0,0.0,0.0,10.78,7.93
1990-12-30 20:00:00+00:00,0.0,0.0,0.0,10.87,7.17
1990-12-30 21:00:00+00:00,0.0,0.0,0.0,10.58,7.24
1990-12-30 22:00:00+00:00,0.0,0.0,0.0,10.22,6.69
1990-12-30 23:00:00+00:00,0.0,0.0,0.0,9.71,6.69
1990-12-31 00:00:00+00:00,0.0,0.0,0.0,9.16,7.1
1990-12-31 01:00:00+00:00,0.0,0.0,0.0,9.03,7.1
1990-12-31 02:00:00+00:00,0.0,0.0,0.0,8.8,8.41
1990-12-31 03:00:00+00:00,0.0,0.0,0.0,8.3,9.24
1990-12-31 04:00:00+00:00,0.0,0.0,0.0,8.09,9.38
1990-12-31 05:00:00+00:00,0.0,0.0,0.0,8.09,9.24
1990-12-31 06:00:00+00:00,0.0,0.0,0.0,7.96,9.17
1990-12-31 07:00:00+00:00,0.0,0.0,0.0,8.03,7.86
1990-12-31 08:00:00+00:00,0.0,0.0,0.0,8.12,6.9
1990-12-31 09:00:00+00:00,78.0,409.31,33.0,8.19,6.28
1990-12-31 10:00:00+00:00,173.0,597.61,53.0,8.91,6.21
1990-12-31 11:00:00+00:00,136.0,85.53,114.0,9.86,7.52
1990-12-31 12:00:00+00:00,240.0,570.18,83.0,10.52,8.48
1990-12-31 13:00:00+00:00,217.0,547.33,78.0,10.57,9.03
1990-12-31 14:00:00+00:00,110.0,128.53,85.0,10.37,9.93
1990-12-31 15:00:00+00:00,50.0,118.76,38.0,9.72,9.38
1990-12-31 16:00:00+00:00,0.0,0.0,0.0,7.13,6.22
1990-12-31 17:00:00+00:00,0.0,0.0,0.0,7.15,6.25
1990-12-31 18:00:00+00:00,0.0,0.0,0.0,7.17,6.28
1990-12-31 19:00:00+00:00,0.0,0.0,0.0,7.19,6.31
1990-12-31 20:00:00+00:00,0.0,0.0,0.0,7.21,6.34
1990-12-31 21:00:00+00:00,0.0,0.0,0.0,7.24,6.37
1990-12-31 22:00:00+00:00,0.0,0.0,0.0,7.26,6.4
1990-12-31 23:00:00+00:00,0.0,0.0,0.0,7.28,6.43
